{
"type": "FeatureCollection",
"name": "facilities",
"crs": { "type": "name", "properties": { "name": "urn:ogc:def:crs:OGC:1.3:CRS84" } },
"features": [
{ "type": "Feature", "properties": { "element": "node", "id": 240218764, "addr:city": "اسلام آباد", "addr:city:ar": "إسلام آباد", "addr:city:en": "Islamabad", "addr:city:ks": "اِسلام آبادٖ", "addr:city:pnb": "اسلام آباد", "addr:city:ps": "اسلام آباد", "addr:city:sd": "اسلام آباد", "addr:city:ur": "اسلام آباد", "addr:street": "Kohistan Road", "amenity": "hospital", "healthcare": "hospital", "name": "Ali Medical Centre", "name:en": "Ali Medical Centre", "denomination": null, "name:ar": null, "name:ur": null, "religion": null, "is_in": null, "created_by": null, "name:de": null, "name:es": null, "name:hi": null, "wikidata": null, "wikipedia": null, "emergency": null, "brand": null, "brand:wikidata": null, "brand:wikipedia": null, "building": null, "source": null, "dispensing": null, "addr:postcode": null, "service_times": null, "grades": null, "operator": null, "operator:type": null, "wikimedia_commons": null, "opening_hours": null, "website": null, "phone": null, "shelter_type": null, "description": null, "atm": null, "addr:street:ar": null, "addr:street:en": null, "addr:street:ur": null, "check_date": null, "addr:housenumber": null, "alt_name": null, "healthcare:speciality": null, "long_name": null, "long_name:ar": null, "long_name:ur": null, "name:ks": null, "name:ml": null, "name:pnb": null, "name:sd": null, "internet_access": null, "air_conditioning": null, "education": null, "area": null, "email": null, "name:pa": null, "generator:source": null, "level": null, "power": null, "name:ps": null, "not:name": null, "type": null }, "geometry": { "type": "Point", "coordinates": [ 73.0417644, 33.7104738 ] } },
{ "type": "Feature", "properties": { "element": "node", "id": 245441172, "addr:city": "اسلام آباد", "addr:city:ar": "إسلام آباد", "addr:city:en": null, "addr:city:ks": "اِسلام آبادٖ", "addr:city:pnb": "اسلام آباد", "addr:city:ps": "اسلام آباد", "addr:city:sd": "اسلام آباد", "addr:city:ur": "اسلام آباد", "addr:street": "اسٹریٹ 55", "amenity": "place_of_worship", "healthcare": null, "name": "ایف-8 چرچ", "name:en": "F-8 Church", "denomination": "catholic", "name:ar": "كنيسة إف-8", "name:ur": "ایف-8 چرچ", "religion": "christian", "is_in": null, "created_by": null, "name:de": null, "name:es": null, "name:hi": null, "wikidata": null, "wikipedia": null, "emergency": null, "brand": null, "brand:wikidata": null, "brand:wikipedia": null, "building": null, "source": null, "dispensing": null, "addr:postcode": null, "service_times": null, "grades": null, "operator": null, "operator:type": null, "wikimedia_commons": null, "opening_hours": null, "website": null, "phone": null, "shelter_type": null, "description": null, "atm": null, "addr:street:ar": null, "addr:street:en": null, "addr:street:ur": null, "check_date": null, "addr:housenumber": null, "alt_name": null, "healthcare:speciality": null, "long_name": null, "long_name:ar": null, "long_name:ur": null, "name:ks": null, "name:ml": null, "name:pnb": null, "name:sd": null, "internet_access": null, "air_conditioning": null, "education": null, "area": null, "email": null, "name:pa": null, "generator:source": null, "level": null, "power": null, "name:ps": null, "not:name": null, "type": null }, "geometry": { "type": "Point", "coordinates": [ 73.0452355, 33.7110561 ] } },
{ "type": "Feature", "properties": { "element": "node", "id": 246850955, "addr:city": "اسلام آباد", "addr:city:ar": "إسلام آباد", "addr:city:en": "Islamabad", "addr:city:ks": "اِسلام آبادٖ", "addr:city:pnb": "اسلام آباد", "addr:city:ps": "اسلام آباد", "addr:city:sd": "اسلام آباد", "addr:city:ur": "اسلام آباد", "addr:street": "Street 11", "amenity": "place_of_worship", "healthcare": null, "name": "Masjid Alfurqan", "name:en": null, "denomination": "sunni", "name:ar": null, "name:ur": null, "religion": "muslim", "is_in": null, "created_by": null, "name:de": null, "name:es": null, "name:hi": null, "wikidata": null, "wikipedia": null, "emergency": null, "brand": null, "brand:wikidata": null, "brand:wikipedia": null, "building": null, "source": null, "dispensing": null, "addr:postcode": null, "service_times": null, "grades": null, "operator": null, "operator:type": null, "wikimedia_commons": null, "opening_hours": null, "website": null, "phone": null, "shelter_type": null, "description": null, "atm": null, "addr:street:ar": null, "addr:street:en": null, "addr:street:ur": null, "check_date": null, "addr:housenumber": null, "alt_name": null, "healthcare:speciality": null, "long_name": null, "long_name:ar": null, "long_name:ur": null, "name:ks": null, "name:ml": null, "name:pnb": null, "name:sd": null, "internet_access": null, "air_conditioning": null, "education": null, "area": null, "email": null, "name:pa": null, "generator:source": null, "level": null, "power": null, "name:ps": null, "not:name": null, "type": null }, "geometry": { "type": "Point", "coordinates": [ 73.0480234, 33.7275661 ] } },
{ "type": "Feature", "properties": { "element": "node", "id": 247682428, "addr:city": null, "addr:city:ar": null, "addr:city:en": null, "addr:city:ks": null, "addr:city:pnb": null, "addr:city:ps": null, "addr:city:sd": null, "addr:city:ur": null, "addr:street": null, "amenity": "school", "healthcare": null, "name": "Islamabad Model College for Girls F-6/2", "name:en": null, "denomination": null, "name:ar": null, "name:ur": null, "religion": null, "is_in": "F-6/2, Islamabad", "created_by": null, "name:de": null, "name:es": null, "name:hi": null, "wikidata": null, "wikipedia": null, "emergency": null, "brand": null, "brand:wikidata": null, "brand:wikipedia": null, "building": null, "source": null, "dispensing": null, "addr:postcode": null, "service_times": null, "grades": null, "operator": null, "operator:type": null, "wikimedia_commons": null, "opening_hours": null, "website": null, "phone": null, "shelter_type": null, "description": null, "atm": null, "addr:street:ar": null, "addr:street:en": null, "addr:street:ur": null, "check_date": null, "addr:housenumber": null, "alt_name": null, "healthcare:speciality": null, "long_name": null, "long_name:ar": null, "long_name:ur": null, "name:ks": null, "name:ml": null, "name:pnb": null, "name:sd": null, "internet_access": null, "air_conditioning": null, "education": null, "area": null, "email": null, "name:pa": null, "generator:source": null, "level": null, "power": null, "name:ps": null, "not:name": null, "type": null }, "geometry": { "type": "Point", "coordinates": [ 73.0728704, 33.7302916 ] } },
{ "type": "Feature", "properties": { "element": "node", "id": 247876724, "addr:city": null, "addr:city:ar": null, "addr:city:en": null, "addr:city:ks": null, "addr:city:pnb": null, "addr:city:ps": null, "addr:city:sd": null, "addr:city:ur": null, "addr:street": null, "amenity": "place_of_worship", "healthcare": null, "name": null, "name:en": null, "denomination": "sunni", "name:ar": null, "name:ur": null, "religion": "muslim", "is_in": null, "created_by": "Potlatch 0.7b", "name:de": null, "name:es": null, "name:hi": null, "wikidata": null, "wikipedia": null, "emergency": null, "brand": null, "brand:wikidata": null, "brand:wikipedia": null, "building": null, "source": null, "dispensing": null, "addr:postcode": null, "service_times": null, "grades": null, "operator": null, "operator:type": null, "wikimedia_commons": null, "opening_hours": null, "website": null, "phone": null, "shelter_type": null, "description": null, "atm": null, "addr:street:ar": null, "addr:street:en": null, "addr:street:ur": null, "check_date": null, "addr:housenumber": null, "alt_name": null, "healthcare:speciality": null, "long_name": null, "long_name:ar": null, "long_name:ur": null, "name:ks": null, "name:ml": null, "name:pnb": null, "name:sd": null, "internet_access": null, "air_conditioning": null, "education": null, "area": null, "email": null, "name:pa": null, "generator:source": null, "level": null, "power": null, "name:ps": null, "not:name": null, "type": null }, "geometry": { "type": "Point", "coordinates": [ 73.0743635, 33.7241547 ] } },
{ "type": "Feature", "properties": { "element": "node", "id": 253018400, "addr:city": null, "addr:city:ar": null, "addr:city:en": null, "addr:city:ks": null, "addr:city:pnb": null, "addr:city:ps": null, "addr:city:sd": null, "addr:city:ur": null, "addr:street": null, "amenity": "hospital", "healthcare": "hospital", "name": "Poly Clinic Hospital", "name:en": null, "denomination": null, "name:ar": null, "name:ur": null, "religion": null, "is_in": "G-6, Islamabad", "created_by": null, "name:de": null, "name:es": null, "name:hi": null, "wikidata": null, "wikipedia": null, "emergency": null, "brand": null, "brand:wikidata": null, "brand:wikipedia": null, "building": null, "source": null, "dispensing": null, "addr:postcode": null, "service_times": null, "grades": null, "operator": null, "operator:type": null, "wikimedia_commons": null, "opening_hours": null, "website": null, "phone": null, "shelter_type": null, "description": null, "atm": null, "addr:street:ar": null, "addr:street:en": null, "addr:street:ur": null, "check_date": null, "addr:housenumber": null, "alt_name": null, "healthcare:speciality": null, "long_name": null, "long_name:ar": null, "long_name:ur": null, "name:ks": null, "name:ml": null, "name:pnb": null, "name:sd": null, "internet_access": null, "air_conditioning": null, "education": null, "area": null, "email": null, "name:pa": null, "generator:source": null, "level": null, "power": null, "name:ps": null, "not:name": null, "type": null }, "geometry": { "type": "Point", "coordinates": [ 73.0828053, 33.7211006 ] } },
{ "type": "Feature", "properties": { "element": "node", "id": 254665431, "addr:city": "اسلام آباد", "addr:city:ar": "إسلام آباد", "addr:city:en": "Islamabad", "addr:city:ks": "اِسلام آبادٖ", "addr:city:pnb": "اسلام آباد", "addr:city:ps": "اسلام آباد", "addr:city:sd": "اسلام آباد", "addr:city:ur": "اسلام آباد", "addr:street": "Bhitai Road", "amenity": "police", "healthcare": null, "name": "تھانہ کوہسار", "name:en": "Kohsar Police Station", "denomination": null, "name:ar": null, "name:ur": null, "religion": null, "is_in": null, "created_by": null, "name:de": null, "name:es": null, "name:hi": null, "wikidata": null, "wikipedia": null, "emergency": null, "brand": null, "brand:wikidata": null, "brand:wikipedia": null, "building": null, "source": null, "dispensing": null, "addr:postcode": null, "service_times": null, "grades": null, "operator": null, "operator:type": null, "wikimedia_commons": null, "opening_hours": null, "website": null, "phone": null, "shelter_type": null, "description": null, "atm": null, "addr:street:ar": null, "addr:street:en": null, "addr:street:ur": null, "check_date": null, "addr:housenumber": null, "alt_name": null, "healthcare:speciality": null, "long_name": null, "long_name:ar": null, "long_name:ur": null, "name:ks": null, "name:ml": null, "name:pnb": null, "name:sd": null, "internet_access": null, "air_conditioning": null, "education": null, "area": null, "email": null, "name:pa": null, "generator:source": null, "level": null, "power": null, "name:ps": null, "not:name": null, "type": null }, "geometry": { "type": "Point", "coordinates": [ 73.0603342, 33.7220678 ] } },
{ "type": "Feature", "properties": { "element": "node", "id": 255910264, "addr:city": null, "addr:city:ar": null, "addr:city:en": null, "addr:city:ks": null, "addr:city:pnb": null, "addr:city:ps": null, "addr:city:sd": null, "addr:city:ur": null, "addr:street": null, "amenity": "school", "healthcare": null, "name": null, "name:en": null, "denomination": null, "name:ar": null, "name:ur": null, "religion": null, "is_in": null, "created_by": "Potlatch 0.8a", "name:de": null, "name:es": null, "name:hi": null, "wikidata": null, "wikipedia": null, "emergency": null, "brand": null, "brand:wikidata": null, "brand:wikipedia": null, "building": null, "source": null, "dispensing": null, "addr:postcode": null, "service_times": null, "grades": null, "operator": null, "operator:type": null, "wikimedia_commons": null, "opening_hours": null, "website": null, "phone": null, "shelter_type": null, "description": null, "atm": null, "addr:street:ar": null, "addr:street:en": null, "addr:street:ur": null, "check_date": null, "addr:housenumber": null, "alt_name": null, "healthcare:speciality": null, "long_name": null, "long_name:ar": null, "long_name:ur": null, "name:ks": null, "name:ml": null, "name:pnb": null, "name:sd": null, "internet_access": null, "air_conditioning": null, "education": null, "area": null, "email": null, "name:pa": null, "generator:source": null, "level": null, "power": null, "name:ps": null, "not:name": null, "type": null }, "geometry": { "type": "Point", "coordinates": [ 73.0541945, 33.6963847 ] } },
{ "type": "Feature", "properties": { "element": "node", "id": 255913888, "addr:city": "اسلام آباد", "addr:city:ar": "إسلام آباد", "addr:city:en": "Islamabad", "addr:city:ks": "اِسلام آبادٖ", "addr:city:pnb": "اسلام آباد", "addr:city:ps": "اسلام آباد", "addr:city:sd": "اسلام آباد", "addr:city:ur": "اسلام آباد", "addr:street": "Service Road East G8", "amenity": "police", "healthcare": null, "name": "Rescue 15", "name:en": null, "denomination": null, "name:ar": null, "name:ur": null, "religion": null, "is_in": null, "created_by": null, "name:de": null, "name:es": null, "name:hi": null, "wikidata": null, "wikipedia": null, "emergency": null, "brand": null, "brand:wikidata": null, "brand:wikipedia": null, "building": null, "source": null, "dispensing": null, "addr:postcode": null, "service_times": null, "grades": null, "operator": null, "operator:type": null, "wikimedia_commons": null, "opening_hours": null, "website": null, "phone": null, "shelter_type": null, "description": null, "atm": null, "addr:street:ar": null, "addr:street:en": null, "addr:street:ur": null, "check_date": null, "addr:housenumber": null, "alt_name": null, "healthcare:speciality": null, "long_name": null, "long_name:ar": null, "long_name:ur": null, "name:ks": null, "name:ml": null, "name:pnb": null, "name:sd": null, "internet_access": null, "air_conditioning": null, "education": null, "area": null, "email": null, "name:pa": null, "generator:source": null, "level": null, "power": null, "name:ps": null, "not:name": null, "type": null }, "geometry": { "type": "Point", "coordinates": [ 73.0597372, 33.6994994 ] } },
{ "type": "Feature", "properties": { "element": "node", "id": 256052672, "addr:city": "اسلام آباد", "addr:city:ar": "إسلام آباد", "addr:city:en": "Islamabad", "addr:city:ks": "اِسلام آبادٖ", "addr:city:pnb": "اسلام آباد", "addr:city:ps": "اسلام آباد", "addr:city:sd": "اسلام آباد", "addr:city:ur": "اسلام آباد", "addr:street": "Street 33", "amenity": "place_of_worship", "healthcare": null, "name": "Jama Masjid-e-Murtaza", "name:en": null, "denomination": "sunni", "name:ar": null, "name:ur": null, "religion": "muslim", "is_in": null, "created_by": null, "name:de": null, "name:es": null, "name:hi": null, "wikidata": null, "wikipedia": null, "emergency": null, "brand": null, "brand:wikidata": null, "brand:wikipedia": null, "building": null, "source": null, "dispensing": null, "addr:postcode": null, "service_times": null, "grades": null, "operator": null, "operator:type": null, "wikimedia_commons": null, "opening_hours": null, "website": null, "phone": null, "shelter_type": null, "description": null, "atm": null, "addr:street:ar": null, "addr:street:en": null, "addr:street:ur": null, "check_date": null, "addr:housenumber": null, "alt_name": null, "healthcare:speciality": null, "long_name": null, "long_name:ar": null, "long_name:ur": null, "name:ks": null, "name:ml": null, "name:pnb": null, "name:sd": null, "internet_access": null, "air_conditioning": null, "education": null, "area": null, "email": null, "name:pa": null, "generator:source": null, "level": null, "power": null, "name:ps": null, "not:name": null, "type": null }, "geometry": { "type": "Point", "coordinates": [ 73.0681513, 33.699839 ] } },
{ "type": "Feature", "properties": { "element": "node", "id": 256218900, "addr:city": null, "addr:city:ar": null, "addr:city:en": null, "addr:city:ks": null, "addr:city:pnb": null, "addr:city:ps": null, "addr:city:sd": null, "addr:city:ur": null, "addr:street": null, "amenity": "place_of_worship", "healthcare": null, "name": null, "name:en": null, "denomination": "sunni", "name:ar": null, "name:ur": null, "religion": "muslim", "is_in": "F-6/3, Islamabad", "created_by": "Potlatch 0.8a", "name:de": null, "name:es": null, "name:hi": null, "wikidata": null, "wikipedia": null, "emergency": null, "brand": null, "brand:wikidata": null, "brand:wikipedia": null, "building": null, "source": null, "dispensing": null, "addr:postcode": null, "service_times": null, "grades": null, "operator": null, "operator:type": null, "wikimedia_commons": null, "opening_hours": null, "website": null, "phone": null, "shelter_type": null, "description": null, "atm": null, "addr:street:ar": null, "addr:street:en": null, "addr:street:ur": null, "check_date": null, "addr:housenumber": null, "alt_name": null, "healthcare:speciality": null, "long_name": null, "long_name:ar": null, "long_name:ur": null, "name:ks": null, "name:ml": null, "name:pnb": null, "name:sd": null, "internet_access": null, "air_conditioning": null, "education": null, "area": null, "email": null, "name:pa": null, "generator:source": null, "level": null, "power": null, "name:ps": null, "not:name": null, "type": null }, "geometry": { "type": "Point", "coordinates": [ 73.0744925, 33.7304298 ] } },
{ "type": "Feature", "properties": { "element": "node", "id": 256371663, "addr:city": null, "addr:city:ar": null, "addr:city:en": null, "addr:city:ks": null, "addr:city:pnb": null, "addr:city:ps": null, "addr:city:sd": null, "addr:city:ur": null, "addr:street": null, "amenity": "school", "healthcare": null, "name": "Beaconhouse Margalla Campus", "name:en": null, "denomination": null, "name:ar": null, "name:ur": null, "religion": null, "is_in": "H-8/4, Islamabad", "created_by": "Potlatch 0.8a", "name:de": null, "name:es": null, "name:hi": null, "wikidata": null, "wikipedia": null, "emergency": null, "brand": null, "brand:wikidata": null, "brand:wikipedia": null, "building": null, "source": null, "dispensing": null, "addr:postcode": null, "service_times": null, "grades": null, "operator": null, "operator:type": null, "wikimedia_commons": null, "opening_hours": null, "website": null, "phone": null, "shelter_type": null, "description": null, "atm": null, "addr:street:ar": null, "addr:street:en": null, "addr:street:ur": null, "check_date": null, "addr:housenumber": null, "alt_name": null, "healthcare:speciality": null, "long_name": null, "long_name:ar": null, "long_name:ur": null, "name:ks": null, "name:ml": null, "name:pnb": null, "name:sd": null, "internet_access": null, "air_conditioning": null, "education": null, "area": null, "email": null, "name:pa": null, "generator:source": null, "level": null, "power": null, "name:ps": null, "not:name": null, "type": null }, "geometry": { "type": "Point", "coordinates": [ 73.066608, 33.6823327 ] } },
{ "type": "Feature", "properties": { "element": "node", "id": 256825235, "addr:city": null, "addr:city:ar": null, "addr:city:en": null, "addr:city:ks": null, "addr:city:pnb": null, "addr:city:ps": null, "addr:city:sd": null, "addr:city:ur": null, "addr:street": null, "amenity": "school", "healthcare": null, "name": "Froebel's International School", "name:en": null, "denomination": null, "name:ar": null, "name:ur": null, "religion": null, "is_in": "F-7/2, Islamabad", "created_by": "Potlatch 0.8b", "name:de": null, "name:es": null, "name:hi": null, "wikidata": null, "wikipedia": null, "emergency": null, "brand": null, "brand:wikidata": null, "brand:wikipedia": null, "building": null, "source": null, "dispensing": null, "addr:postcode": null, "service_times": null, "grades": null, "operator": null, "operator:type": null, "wikimedia_commons": null, "opening_hours": null, "website": null, "phone": null, "shelter_type": null, "description": null, "atm": null, "addr:street:ar": null, "addr:street:en": null, "addr:street:ur": null, "check_date": null, "addr:housenumber": null, "alt_name": null, "healthcare:speciality": null, "long_name": null, "long_name:ar": null, "long_name:ur": null, "name:ks": null, "name:ml": null, "name:pnb": null, "name:sd": null, "internet_access": null, "air_conditioning": null, "education": null, "area": null, "email": null, "name:pa": null, "generator:source": null, "level": null, "power": null, "name:ps": null, "not:name": null, "type": null }, "geometry": { "type": "Point", "coordinates": [ 73.0531003, 33.722589 ] } },
{ "type": "Feature", "properties": { "element": "node", "id": 257414713, "addr:city": "اسلام آباد", "addr:city:ar": "إسلام آباد", "addr:city:en": "Islamabad", "addr:city:ks": "اِسلام آبادٖ", "addr:city:pnb": "اسلام آباد", "addr:city:ps": "اسلام آباد", "addr:city:sd": "اسلام آباد", "addr:city:ur": "اسلام آباد", "addr:street": "Luqman Hakeem Road", "amenity": "place_of_worship", "healthcare": null, "name": "St. Thomas's Church", "name:en": null, "denomination": null, "name:ar": null, "name:ur": null, "religion": "christian", "is_in": null, "created_by": null, "name:de": null, "name:es": null, "name:hi": null, "wikidata": null, "wikipedia": null, "emergency": null, "brand": null, "brand:wikidata": null, "brand:wikipedia": null, "building": null, "source": null, "dispensing": null, "addr:postcode": null, "service_times": null, "grades": null, "operator": null, "operator:type": null, "wikimedia_commons": null, "opening_hours": null, "website": null, "phone": null, "shelter_type": null, "description": null, "atm": null, "addr:street:ar": null, "addr:street:en": null, "addr:street:ur": null, "check_date": null, "addr:housenumber": null, "alt_name": null, "healthcare:speciality": null, "long_name": null, "long_name:ar": null, "long_name:ur": null, "name:ks": null, "name:ml": null, "name:pnb": null, "name:sd": null, "internet_access": null, "air_conditioning": null, "education": null, "area": null, "email": null, "name:pa": null, "generator:source": null, "level": null, "power": null, "name:ps": null, "not:name": null, "type": null }, "geometry": { "type": "Point", "coordinates": [ 73.0585149, 33.708942 ] } },
{ "type": "Feature", "properties": { "element": "node", "id": 257423588, "addr:city": "اسلام آباد", "addr:city:ar": "إسلام آباد", "addr:city:en": null, "addr:city:ks": "اِسلام آبادٖ", "addr:city:pnb": "اسلام آباد", "addr:city:ps": "اسلام آباد", "addr:city:sd": "اسلام آباد", "addr:city:ur": "اسلام آباد", "addr:street": "گلی 34", "amenity": "place_of_worship", "healthcare": null, "name": "مسجد الحیرہ", "name:en": "Masjid Al Hira", "denomination": "sunni", "name:ar": null, "name:ur": "مسجد الحیرہ", "religion": "muslim", "is_in": null, "created_by": null, "name:de": null, "name:es": null, "name:hi": null, "wikidata": null, "wikipedia": null, "emergency": null, "brand": null, "brand:wikidata": null, "brand:wikipedia": null, "building": null, "source": null, "dispensing": null, "addr:postcode": null, "service_times": null, "grades": null, "operator": null, "operator:type": null, "wikimedia_commons": null, "opening_hours": null, "website": null, "phone": null, "shelter_type": null, "description": null, "atm": null, "addr:street:ar": null, "addr:street:en": null, "addr:street:ur": null, "check_date": null, "addr:housenumber": null, "alt_name": null, "healthcare:speciality": null, "long_name": null, "long_name:ar": null, "long_name:ur": null, "name:ks": null, "name:ml": null, "name:pnb": null, "name:sd": null, "internet_access": null, "air_conditioning": null, "education": null, "area": null, "email": null, "name:pa": null, "generator:source": null, "level": null, "power": null, "name:ps": null, "not:name": null, "type": null }, "geometry": { "type": "Point", "coordinates": [ 73.0641759, 33.708768 ] } },
{ "type": "Feature", "properties": { "element": "node", "id": 258986553, "addr:city": null, "addr:city:ar": null, "addr:city:en": null, "addr:city:ks": null, "addr:city:pnb": null, "addr:city:ps": null, "addr:city:sd": null, "addr:city:ur": null, "addr:street": null, "amenity": "college", "healthcare": null, "name": "Islamabad Model College for Boys I-8/3", "name:en": null, "denomination": null, "name:ar": null, "name:ur": null, "religion": null, "is_in": "I-8/3, Islamabad", "created_by": "Potlatch 0.10b", "name:de": null, "name:es": null, "name:hi": null, "wikidata": null, "wikipedia": null, "emergency": null, "brand": null, "brand:wikidata": null, "brand:wikipedia": null, "building": null, "source": null, "dispensing": null, "addr:postcode": null, "service_times": null, "grades": null, "operator": null, "operator:type": null, "wikimedia_commons": null, "opening_hours": null, "website": null, "phone": null, "shelter_type": null, "description": null, "atm": null, "addr:street:ar": null, "addr:street:en": null, "addr:street:ur": null, "check_date": null, "addr:housenumber": null, "alt_name": null, "healthcare:speciality": null, "long_name": null, "long_name:ar": null, "long_name:ur": null, "name:ks": null, "name:ml": null, "name:pnb": null, "name:sd": null, "internet_access": null, "air_conditioning": null, "education": null, "area": null, "email": null, "name:pa": null, "generator:source": null, "level": null, "power": null, "name:ps": null, "not:name": null, "type": null }, "geometry": { "type": "Point", "coordinates": [ 73.0728914, 33.671486 ] } },
{ "type": "Feature", "properties": { "element": "node", "id": 271785889, "addr:city": null, "addr:city:ar": null, "addr:city:en": null, "addr:city:ks": null, "addr:city:pnb": null, "addr:city:ps": null, "addr:city:sd": null, "addr:city:ur": null, "addr:street": null, "amenity": "school", "healthcare": null, "name": "OPF Boys College", "name:en": null, "denomination": null, "name:ar": null, "name:ur": null, "religion": null, "is_in": null, "created_by": null, "name:de": null, "name:es": null, "name:hi": null, "wikidata": null, "wikipedia": null, "emergency": null, "brand": null, "brand:wikidata": null, "brand:wikipedia": null, "building": null, "source": null, "dispensing": null, "addr:postcode": null, "service_times": null, "grades": null, "operator": null, "operator:type": null, "wikimedia_commons": null, "opening_hours": null, "website": null, "phone": null, "shelter_type": null, "description": null, "atm": null, "addr:street:ar": null, "addr:street:en": null, "addr:street:ur": null, "check_date": null, "addr:housenumber": null, "alt_name": null, "healthcare:speciality": null, "long_name": null, "long_name:ar": null, "long_name:ur": null, "name:ks": null, "name:ml": null, "name:pnb": null, "name:sd": null, "internet_access": null, "air_conditioning": null, "education": null, "area": null, "email": null, "name:pa": null, "generator:source": null, "level": null, "power": null, "name:ps": null, "not:name": null, "type": null }, "geometry": { "type": "Point", "coordinates": [ 73.0703332, 33.6823018 ] } },
{ "type": "Feature", "properties": { "element": "node", "id": 271786131, "addr:city": null, "addr:city:ar": null, "addr:city:en": null, "addr:city:ks": null, "addr:city:pnb": null, "addr:city:ps": null, "addr:city:sd": null, "addr:city:ur": null, "addr:street": null, "amenity": "school", "healthcare": null, "name": "Islamabad Convent", "name:en": null, "denomination": null, "name:ar": null, "name:ur": null, "religion": null, "is_in": "H-8/4, Islamabad", "created_by": "Potlatch 0.9c", "name:de": null, "name:es": null, "name:hi": null, "wikidata": null, "wikipedia": null, "emergency": null, "brand": null, "brand:wikidata": null, "brand:wikipedia": null, "building": null, "source": null, "dispensing": null, "addr:postcode": null, "service_times": null, "grades": null, "operator": null, "operator:type": null, "wikimedia_commons": null, "opening_hours": null, "website": null, "phone": null, "shelter_type": null, "description": null, "atm": null, "addr:street:ar": null, "addr:street:en": null, "addr:street:ur": null, "check_date": null, "addr:housenumber": null, "alt_name": null, "healthcare:speciality": null, "long_name": null, "long_name:ar": null, "long_name:ur": null, "name:ks": null, "name:ml": null, "name:pnb": null, "name:sd": null, "internet_access": null, "air_conditioning": null, "education": null, "area": null, "email": null, "name:pa": null, "generator:source": null, "level": null, "power": null, "name:ps": null, "not:name": null, "type": null }, "geometry": { "type": "Point", "coordinates": [ 73.0712068, 33.6817039 ] } },
{ "type": "Feature", "properties": { "element": "node", "id": 271790194, "addr:city": "اسلام آباد", "addr:city:ar": "إسلام آباد", "addr:city:en": "Islamabad", "addr:city:ks": "اِسلام آبادٖ", "addr:city:pnb": "اسلام آباد", "addr:city:ps": "اسلام آباد", "addr:city:sd": "اسلام آباد", "addr:city:ur": "اسلام آباد", "addr:street": "Kaghan Road", "amenity": "police", "healthcare": null, "name": "Margalla Police Station", "name:en": null, "denomination": null, "name:ar": null, "name:ur": null, "religion": null, "is_in": null, "created_by": null, "name:de": null, "name:es": null, "name:hi": null, "wikidata": null, "wikipedia": null, "emergency": null, "brand": null, "brand:wikidata": null, "brand:wikipedia": null, "building": null, "source": null, "dispensing": null, "addr:postcode": null, "service_times": null, "grades": null, "operator": null, "operator:type": null, "wikimedia_commons": null, "opening_hours": null, "website": null, "phone": null, "shelter_type": null, "description": null, "atm": null, "addr:street:ar": null, "addr:street:en": null, "addr:street:ur": null, "check_date": null, "addr:housenumber": null, "alt_name": null, "healthcare:speciality": null, "long_name": null, "long_name:ar": null, "long_name:ur": null, "name:ks": null, "name:ml": null, "name:pnb": null, "name:sd": null, "internet_access": null, "air_conditioning": null, "education": null, "area": null, "email": null, "name:pa": null, "generator:source": null, "level": null, "power": null, "name:ps": null, "not:name": null, "type": null }, "geometry": { "type": "Point", "coordinates": [ 73.0403645, 33.7092748 ] } },
{ "type": "Feature", "properties": { "element": "node", "id": 275774076, "addr:city": "اسلام آباد", "addr:city:ar": "إسلام آباد", "addr:city:en": "Islamabad", "addr:city:ks": "اِسلام آبادٖ", "addr:city:pnb": "اسلام آباد", "addr:city:ps": "اسلام آباد", "addr:city:sd": "اسلام آباد", "addr:city:ur": "اسلام آباد", "addr:street": "Street 43", "amenity": "place_of_worship", "healthcare": null, "name": "Jamia Masjid Anwar-ul-khair", "name:en": null, "denomination": "sunni", "name:ar": null, "name:ur": null, "religion": "muslim", "is_in": null, "created_by": null, "name:de": null, "name:es": null, "name:hi": null, "wikidata": null, "wikipedia": null, "emergency": null, "brand": null, "brand:wikidata": null, "brand:wikipedia": null, "building": null, "source": null, "dispensing": null, "addr:postcode": null, "service_times": null, "grades": null, "operator": null, "operator:type": null, "wikimedia_commons": null, "opening_hours": null, "website": null, "phone": null, "shelter_type": null, "description": null, "atm": null, "addr:street:ar": null, "addr:street:en": null, "addr:street:ur": null, "check_date": null, "addr:housenumber": null, "alt_name": null, "healthcare:speciality": null, "long_name": null, "long_name:ar": null, "long_name:ur": null, "name:ks": null, "name:ml": null, "name:pnb": null, "name:sd": null, "internet_access": null, "air_conditioning": null, "education": null, "area": null, "email": null, "name:pa": null, "generator:source": null, "level": null, "power": null, "name:ps": null, "not:name": null, "type": null }, "geometry": { "type": "Point", "coordinates": [ 73.0226432, 33.6801249 ] } },
{ "type": "Feature", "properties": { "element": "node", "id": 279077692, "addr:city": "اسلام آباد", "addr:city:ar": "إسلام آباد", "addr:city:en": "Islamabad", "addr:city:ks": "اِسلام آبادٖ", "addr:city:pnb": "اسلام آباد", "addr:city:ps": "اسلام آباد", "addr:city:sd": "اسلام آباد", "addr:city:ur": "اسلام آباد", "addr:street": "Street 38", "amenity": "place_of_worship", "healthcare": null, "name": "Masjid F-7/1", "name:en": null, "denomination": null, "name:ar": null, "name:ur": null, "religion": "muslim", "is_in": null, "created_by": null, "name:de": "Moschee F-7/1", "name:es": "Mezquita F-7/1", "name:hi": null, "wikidata": null, "wikipedia": null, "emergency": null, "brand": null, "brand:wikidata": null, "brand:wikipedia": null, "building": null, "source": null, "dispensing": null, "addr:postcode": null, "service_times": null, "grades": null, "operator": null, "operator:type": null, "wikimedia_commons": null, "opening_hours": null, "website": null, "phone": null, "shelter_type": null, "description": null, "atm": null, "addr:street:ar": null, "addr:street:en": null, "addr:street:ur": null, "check_date": null, "addr:housenumber": null, "alt_name": null, "healthcare:speciality": null, "long_name": null, "long_name:ar": null, "long_name:ur": null, "name:ks": null, "name:ml": null, "name:pnb": null, "name:sd": null, "internet_access": null, "air_conditioning": null, "education": null, "area": null, "email": null, "name:pa": null, "generator:source": null, "level": null, "power": null, "name:ps": null, "not:name": null, "type": null }, "geometry": { "type": "Point", "coordinates": [ 73.0552218, 33.7159849 ] } },
{ "type": "Feature", "properties": { "element": "node", "id": 279077727, "addr:city": "اسلام آباد", "addr:city:ar": "إسلام آباد", "addr:city:en": "Islamabad", "addr:city:ks": "اِسلام آبادٖ", "addr:city:pnb": "اسلام آباد", "addr:city:ps": "اسلام آباد", "addr:city:sd": "اسلام آباد", "addr:city:ur": "اسلام آباد", "addr:street": "Street 61", "amenity": "place_of_worship", "healthcare": null, "name": null, "name:en": null, "denomination": "sunni", "name:ar": null, "name:ur": null, "religion": "muslim", "is_in": null, "created_by": null, "name:de": null, "name:es": null, "name:hi": null, "wikidata": null, "wikipedia": null, "emergency": null, "brand": null, "brand:wikidata": null, "brand:wikipedia": null, "building": null, "source": null, "dispensing": null, "addr:postcode": null, "service_times": null, "grades": null, "operator": null, "operator:type": null, "wikimedia_commons": null, "opening_hours": null, "website": null, "phone": null, "shelter_type": null, "description": null, "atm": null, "addr:street:ar": null, "addr:street:en": null, "addr:street:ur": null, "check_date": null, "addr:housenumber": null, "alt_name": null, "healthcare:speciality": null, "long_name": null, "long_name:ar": null, "long_name:ur": null, "name:ks": null, "name:ml": null, "name:pnb": null, "name:sd": null, "internet_access": null, "air_conditioning": null, "education": null, "area": null, "email": null, "name:pa": null, "generator:source": null, "level": null, "power": null, "name:ps": null, "not:name": null, "type": null }, "geometry": { "type": "Point", "coordinates": [ 73.0643672, 33.7219579 ] } },
{ "type": "Feature", "properties": { "element": "node", "id": 292830527, "addr:city": null, "addr:city:ar": null, "addr:city:en": null, "addr:city:ks": null, "addr:city:pnb": null, "addr:city:ps": null, "addr:city:sd": null, "addr:city:ur": null, "addr:street": null, "amenity": "place_of_worship", "healthcare": null, "name": null, "name:en": null, "denomination": "sunni", "name:ar": null, "name:ur": null, "religion": "muslim", "is_in": null, "created_by": "Potlatch 0.10b", "name:de": null, "name:es": null, "name:hi": null, "wikidata": null, "wikipedia": null, "emergency": null, "brand": null, "brand:wikidata": null, "brand:wikipedia": null, "building": null, "source": null, "dispensing": null, "addr:postcode": null, "service_times": null, "grades": null, "operator": null, "operator:type": null, "wikimedia_commons": null, "opening_hours": null, "website": null, "phone": null, "shelter_type": null, "description": null, "atm": null, "addr:street:ar": null, "addr:street:en": null, "addr:street:ur": null, "check_date": null, "addr:housenumber": null, "alt_name": null, "healthcare:speciality": null, "long_name": null, "long_name:ar": null, "long_name:ur": null, "name:ks": null, "name:ml": null, "name:pnb": null, "name:sd": null, "internet_access": null, "air_conditioning": null, "education": null, "area": null, "email": null, "name:pa": null, "generator:source": null, "level": null, "power": null, "name:ps": null, "not:name": null, "type": null }, "geometry": { "type": "Point", "coordinates": [ 73.0809757, 33.7270635 ] } },
{ "type": "Feature", "properties": { "element": "node", "id": 297647107, "addr:city": null, "addr:city:ar": null, "addr:city:en": null, "addr:city:ks": null, "addr:city:pnb": null, "addr:city:ps": null, "addr:city:sd": null, "addr:city:ur": null, "addr:street": null, "amenity": "college", "healthcare": null, "name": "WAPDA Training College", "name:en": null, "denomination": null, "name:ar": null, "name:ur": null, "religion": null, "is_in": "H-8/1, Islamabad", "created_by": "Potlatch 0.10b", "name:de": null, "name:es": null, "name:hi": null, "wikidata": null, "wikipedia": null, "emergency": null, "brand": null, "brand:wikidata": null, "brand:wikipedia": null, "building": null, "source": null, "dispensing": null, "addr:postcode": null, "service_times": null, "grades": null, "operator": null, "operator:type": null, "wikimedia_commons": null, "opening_hours": null, "website": null, "phone": null, "shelter_type": null, "description": null, "atm": null, "addr:street:ar": null, "addr:street:en": null, "addr:street:ur": null, "check_date": null, "addr:housenumber": null, "alt_name": null, "healthcare:speciality": null, "long_name": null, "long_name:ar": null, "long_name:ur": null, "name:ks": null, "name:ml": null, "name:pnb": null, "name:sd": null, "internet_access": null, "air_conditioning": null, "education": null, "area": null, "email": null, "name:pa": null, "generator:source": null, "level": null, "power": null, "name:ps": null, "not:name": null, "type": null }, "geometry": { "type": "Point", "coordinates": [ 73.0644628, 33.6801716 ] } },
{ "type": "Feature", "properties": { "element": "node", "id": 297647180, "addr:city": null, "addr:city:ar": null, "addr:city:en": null, "addr:city:ks": null, "addr:city:pnb": null, "addr:city:ps": null, "addr:city:sd": null, "addr:city:ur": null, "addr:street": null, "amenity": "college", "healthcare": null, "name": "Polytechnical Institute for Women", "name:en": null, "denomination": null, "name:ar": null, "name:ur": null, "religion": null, "is_in": "H-8/1, Islamabad", "created_by": "Potlatch 0.10b", "name:de": null, "name:es": null, "name:hi": null, "wikidata": null, "wikipedia": null, "emergency": null, "brand": null, "brand:wikidata": null, "brand:wikipedia": null, "building": null, "source": null, "dispensing": null, "addr:postcode": null, "service_times": null, "grades": null, "operator": null, "operator:type": null, "wikimedia_commons": null, "opening_hours": null, "website": null, "phone": null, "shelter_type": null, "description": null, "atm": null, "addr:street:ar": null, "addr:street:en": null, "addr:street:ur": null, "check_date": null, "addr:housenumber": null, "alt_name": null, "healthcare:speciality": null, "long_name": null, "long_name:ar": null, "long_name:ur": null, "name:ks": null, "name:ml": null, "name:pnb": null, "name:sd": null, "internet_access": null, "air_conditioning": null, "education": null, "area": null, "email": null, "name:pa": null, "generator:source": null, "level": null, "power": null, "name:ps": null, "not:name": null, "type": null }, "geometry": { "type": "Point", "coordinates": [ 73.0555879, 33.6761218 ] } },
{ "type": "Feature", "properties": { "element": "node", "id": 297647258, "addr:city": null, "addr:city:ar": null, "addr:city:en": null, "addr:city:ks": null, "addr:city:pnb": null, "addr:city:ps": null, "addr:city:sd": null, "addr:city:ur": null, "addr:street": null, "amenity": "university", "healthcare": null, "name": "علامہ اقبال اوپن یونیورسٹی", "name:en": "Allama Iqbal Open University", "denomination": null, "name:ar": "جامعة العلامة إقبال المفتوحة", "name:ur": "علامہ اقبال اوپن یونیورسٹی", "religion": null, "is_in": null, "created_by": null, "name:de": null, "name:es": null, "name:hi": "अल्लामा इक़बाल मुक्त विश्वविद्यालय", "wikidata": "Q3694529", "wikipedia": "ur:علامہ اقبال اوپن یونیورسٹی", "emergency": null, "brand": null, "brand:wikidata": null, "brand:wikipedia": null, "building": null, "source": null, "dispensing": null, "addr:postcode": null, "service_times": null, "grades": null, "operator": null, "operator:type": null, "wikimedia_commons": null, "opening_hours": null, "website": null, "phone": null, "shelter_type": null, "description": null, "atm": null, "addr:street:ar": null, "addr:street:en": null, "addr:street:ur": null, "check_date": null, "addr:housenumber": null, "alt_name": null, "healthcare:speciality": null, "long_name": null, "long_name:ar": null, "long_name:ur": null, "name:ks": null, "name:ml": null, "name:pnb": null, "name:sd": null, "internet_access": null, "air_conditioning": null, "education": null, "area": null, "email": null, "name:pa": null, "generator:source": null, "level": null, "power": null, "name:ps": null, "not:name": null, "type": null }, "geometry": { "type": "Point", "coordinates": [ 73.0555742, 33.6842062 ] } },
{ "type": "Feature", "properties": { "element": "node", "id": 297647905, "addr:city": "اسلام آباد", "addr:city:ar": "إسلام آباد", "addr:city:en": "Islamabad", "addr:city:ks": "اِسلام آبادٖ", "addr:city:pnb": "اسلام آباد", "addr:city:ps": "اسلام آباد", "addr:city:sd": "اسلام آباد", "addr:city:ur": "اسلام آباد", "addr:street": "Khayaban-e-Suhrwardy", "amenity": "fire_station", "healthcare": null, "name": "Islamabad Fire Department", "name:en": null, "denomination": null, "name:ar": null, "name:ur": null, "religion": null, "is_in": null, "created_by": null, "name:de": null, "name:es": null, "name:hi": null, "wikidata": null, "wikipedia": null, "emergency": null, "brand": null, "brand:wikidata": null, "brand:wikipedia": null, "building": null, "source": null, "dispensing": null, "addr:postcode": null, "service_times": null, "grades": null, "operator": null, "operator:type": null, "wikimedia_commons": null, "opening_hours": null, "website": null, "phone": null, "shelter_type": null, "description": null, "atm": null, "addr:street:ar": null, "addr:street:en": null, "addr:street:ur": null, "check_date": null, "addr:housenumber": null, "alt_name": null, "healthcare:speciality": null, "long_name": null, "long_name:ar": null, "long_name:ur": null, "name:ks": null, "name:ml": null, "name:pnb": null, "name:sd": null, "internet_access": null, "air_conditioning": null, "education": null, "area": null, "email": null, "name:pa": null, "generator:source": null, "level": null, "power": null, "name:ps": null, "not:name": null, "type": null }, "geometry": { "type": "Point", "coordinates": [ 73.0731389, 33.6995966 ] } },
{ "type": "Feature", "properties": { "element": "node", "id": 297648462, "addr:city": "اسلام آباد", "addr:city:ar": "إسلام آباد", "addr:city:en": "Islamabad", "addr:city:ks": "اِسلام آبادٖ", "addr:city:pnb": "اسلام آباد", "addr:city:ps": "اسلام آباد", "addr:city:sd": "اسلام آباد", "addr:city:ur": "اسلام آباد", "addr:street": "Service Road East G-7", "amenity": "hospital", "healthcare": null, "name": "Islamabad International َDental Hospital and College", "name:en": null, "denomination": null, "name:ar": null, "name:ur": "اسلام آباد انٹرنیشنل ڈینٹل ہسپتال اور کالج", "religion": null, "is_in": null, "created_by": null, "name:de": null, "name:es": null, "name:hi": null, "wikidata": null, "wikipedia": null, "emergency": null, "brand": null, "brand:wikidata": null, "brand:wikipedia": null, "building": null, "source": null, "dispensing": null, "addr:postcode": null, "service_times": null, "grades": null, "operator": null, "operator:type": null, "wikimedia_commons": null, "opening_hours": null, "website": null, "phone": null, "shelter_type": null, "description": null, "atm": null, "addr:street:ar": null, "addr:street:en": null, "addr:street:ur": null, "check_date": null, "addr:housenumber": null, "alt_name": null, "healthcare:speciality": null, "long_name": null, "long_name:ar": null, "long_name:ur": null, "name:ks": null, "name:ml": null, "name:pnb": null, "name:sd": null, "internet_access": null, "air_conditioning": null, "education": null, "area": null, "email": null, "name:pa": null, "generator:source": null, "level": null, "power": null, "name:ps": null, "not:name": null, "type": null }, "geometry": { "type": "Point", "coordinates": [ 73.0794388, 33.7054375 ] } },
{ "type": "Feature", "properties": { "element": "node", "id": 312719028, "addr:city": "اسلام آباد", "addr:city:ar": "إسلام آباد", "addr:city:en": "Islamabad", "addr:city:ks": "اِسلام آبادٖ", "addr:city:pnb": "اسلام آباد", "addr:city:ps": "اسلام آباد", "addr:city:sd": "اسلام آباد", "addr:city:ur": "اسلام آباد", "addr:street": "Rashid Minhas Boulevard", "amenity": "hospital", "healthcare": null, "name": "PAF Hospital", "name:en": null, "denomination": null, "name:ar": null, "name:ur": null, "religion": null, "is_in": null, "created_by": null, "name:de": null, "name:es": null, "name:hi": null, "wikidata": null, "wikipedia": null, "emergency": "yes", "brand": null, "brand:wikidata": null, "brand:wikipedia": null, "building": null, "source": null, "dispensing": null, "addr:postcode": null, "service_times": null, "grades": null, "operator": null, "operator:type": null, "wikimedia_commons": null, "opening_hours": null, "website": null, "phone": null, "shelter_type": null, "description": null, "atm": null, "addr:street:ar": null, "addr:street:en": null, "addr:street:ur": null, "check_date": null, "addr:housenumber": null, "alt_name": null, "healthcare:speciality": null, "long_name": null, "long_name:ar": null, "long_name:ur": null, "name:ks": null, "name:ml": null, "name:pnb": null, "name:sd": null, "internet_access": null, "air_conditioning": null, "education": null, "area": null, "email": null, "name:pa": null, "generator:source": null, "level": null, "power": null, "name:ps": null, "not:name": null, "type": null }, "geometry": { "type": "Point", "coordinates": [ 73.0170436, 33.7156183 ] } },
{ "type": "Feature", "properties": { "element": "node", "id": 313042379, "addr:city": null, "addr:city:ar": null, "addr:city:en": null, "addr:city:ks": null, "addr:city:pnb": null, "addr:city:ps": null, "addr:city:sd": null, "addr:city:ur": null, "addr:street": null, "amenity": "place_of_worship", "healthcare": null, "name": null, "name:en": null, "denomination": "sunni", "name:ar": null, "name:ur": null, "religion": "muslim", "is_in": null, "created_by": null, "name:de": null, "name:es": null, "name:hi": null, "wikidata": null, "wikipedia": null, "emergency": null, "brand": null, "brand:wikidata": null, "brand:wikipedia": null, "building": null, "source": null, "dispensing": null, "addr:postcode": null, "service_times": null, "grades": null, "operator": null, "operator:type": null, "wikimedia_commons": null, "opening_hours": null, "website": null, "phone": null, "shelter_type": null, "description": null, "atm": null, "addr:street:ar": null, "addr:street:en": null, "addr:street:ur": null, "check_date": null, "addr:housenumber": null, "alt_name": null, "healthcare:speciality": null, "long_name": null, "long_name:ar": null, "long_name:ur": null, "name:ks": null, "name:ml": null, "name:pnb": null, "name:sd": null, "internet_access": null, "air_conditioning": null, "education": null, "area": null, "email": null, "name:pa": null, "generator:source": null, "level": null, "power": null, "name:ps": null, "not:name": null, "type": null }, "geometry": { "type": "Point", "coordinates": [ 73.0297482, 33.6843294 ] } },
{ "type": "Feature", "properties": { "element": "node", "id": 313218652, "addr:city": "اسلام آباد", "addr:city:ar": "إسلام آباد", "addr:city:en": "Islamabad", "addr:city:ks": "اِسلام آبادٖ", "addr:city:pnb": "اسلام آباد", "addr:city:ps": "اسلام آباد", "addr:city:sd": "اسلام آباد", "addr:city:ur": "اسلام آباد", "addr:street": "Street 55", "amenity": "place_of_worship", "healthcare": null, "name": "Jamia Tul Murtaza", "name:en": null, "denomination": "shia", "name:ar": null, "name:ur": null, "religion": "muslim", "is_in": null, "created_by": null, "name:de": null, "name:es": null, "name:hi": null, "wikidata": null, "wikipedia": null, "emergency": null, "brand": null, "brand:wikidata": null, "brand:wikipedia": null, "building": null, "source": null, "dispensing": null, "addr:postcode": null, "service_times": null, "grades": null, "operator": null, "operator:type": null, "wikimedia_commons": null, "opening_hours": null, "website": null, "phone": null, "shelter_type": null, "description": null, "atm": null, "addr:street:ar": null, "addr:street:en": null, "addr:street:ur": null, "check_date": null, "addr:housenumber": null, "alt_name": null, "healthcare:speciality": null, "long_name": null, "long_name:ar": null, "long_name:ur": null, "name:ks": null, "name:ml": null, "name:pnb": null, "name:sd": null, "internet_access": null, "air_conditioning": null, "education": null, "area": null, "email": null, "name:pa": null, "generator:source": null, "level": null, "power": null, "name:ps": null, "not:name": null, "type": null }, "geometry": { "type": "Point", "coordinates": [ 73.036468, 33.6818535 ] } },
{ "type": "Feature", "properties": { "element": "node", "id": 313366981, "addr:city": null, "addr:city:ar": null, "addr:city:en": null, "addr:city:ks": null, "addr:city:pnb": null, "addr:city:ps": null, "addr:city:sd": null, "addr:city:ur": null, "addr:street": null, "amenity": "place_of_worship", "healthcare": null, "name": null, "name:en": null, "denomination": "sunni", "name:ar": null, "name:ur": null, "religion": "muslim", "is_in": null, "created_by": null, "name:de": null, "name:es": null, "name:hi": null, "wikidata": null, "wikipedia": null, "emergency": null, "brand": null, "brand:wikidata": null, "brand:wikipedia": null, "building": null, "source": null, "dispensing": null, "addr:postcode": null, "service_times": null, "grades": null, "operator": null, "operator:type": null, "wikimedia_commons": null, "opening_hours": null, "website": null, "phone": null, "shelter_type": null, "description": null, "atm": null, "addr:street:ar": null, "addr:street:en": null, "addr:street:ur": null, "check_date": null, "addr:housenumber": null, "alt_name": null, "healthcare:speciality": null, "long_name": null, "long_name:ar": null, "long_name:ur": null, "name:ks": null, "name:ml": null, "name:pnb": null, "name:sd": null, "internet_access": null, "air_conditioning": null, "education": null, "area": null, "email": null, "name:pa": null, "generator:source": null, "level": null, "power": null, "name:ps": null, "not:name": null, "type": null }, "geometry": { "type": "Point", "coordinates": [ 73.0311063, 33.6817838 ] } },
{ "type": "Feature", "properties": { "element": "node", "id": 660156180, "addr:city": null, "addr:city:ar": null, "addr:city:en": null, "addr:city:ks": null, "addr:city:pnb": null, "addr:city:ps": null, "addr:city:sd": null, "addr:city:ur": null, "addr:street": null, "amenity": "school", "healthcare": null, "name": null, "name:en": null, "denomination": null, "name:ar": null, "name:ur": null, "religion": null, "is_in": "F-6/2, Islamabad", "created_by": null, "name:de": null, "name:es": null, "name:hi": null, "wikidata": null, "wikipedia": null, "emergency": null, "brand": null, "brand:wikidata": null, "brand:wikipedia": null, "building": null, "source": null, "dispensing": null, "addr:postcode": null, "service_times": null, "grades": null, "operator": null, "operator:type": null, "wikimedia_commons": null, "opening_hours": null, "website": null, "phone": null, "shelter_type": null, "description": null, "atm": null, "addr:street:ar": null, "addr:street:en": null, "addr:street:ur": null, "check_date": null, "addr:housenumber": null, "alt_name": null, "healthcare:speciality": null, "long_name": null, "long_name:ar": null, "long_name:ur": null, "name:ks": null, "name:ml": null, "name:pnb": null, "name:sd": null, "internet_access": null, "air_conditioning": null, "education": null, "area": null, "email": null, "name:pa": null, "generator:source": null, "level": null, "power": null, "name:ps": null, "not:name": null, "type": null }, "geometry": { "type": "Point", "coordinates": [ 73.0655153, 33.7286702 ] } },
{ "type": "Feature", "properties": { "element": "node", "id": 660156672, "addr:city": null, "addr:city:ar": null, "addr:city:en": null, "addr:city:ks": null, "addr:city:pnb": null, "addr:city:ps": null, "addr:city:sd": null, "addr:city:ur": null, "addr:street": null, "amenity": "college", "healthcare": null, "name": "Islamabad College for Girls F-6/1", "name:en": null, "denomination": null, "name:ar": null, "name:ur": null, "religion": null, "is_in": "F-6/2, Islamabad", "created_by": null, "name:de": null, "name:es": null, "name:hi": null, "wikidata": null, "wikipedia": null, "emergency": null, "brand": null, "brand:wikidata": null, "brand:wikipedia": null, "building": null, "source": null, "dispensing": null, "addr:postcode": null, "service_times": null, "grades": null, "operator": null, "operator:type": null, "wikimedia_commons": null, "opening_hours": null, "website": null, "phone": null, "shelter_type": null, "description": null, "atm": null, "addr:street:ar": null, "addr:street:en": null, "addr:street:ur": null, "check_date": null, "addr:housenumber": null, "alt_name": null, "healthcare:speciality": null, "long_name": null, "long_name:ar": null, "long_name:ur": null, "name:ks": null, "name:ml": null, "name:pnb": null, "name:sd": null, "internet_access": null, "air_conditioning": null, "education": null, "area": null, "email": null, "name:pa": null, "generator:source": null, "level": null, "power": null, "name:ps": null, "not:name": null, "type": null }, "geometry": { "type": "Point", "coordinates": [ 73.0698508, 33.7299194 ] } },
{ "type": "Feature", "properties": { "element": "node", "id": 660956958, "addr:city": "اسلام آباد", "addr:city:ar": "إسلام آباد", "addr:city:en": "Islamabad", "addr:city:ks": "اِسلام آبادٖ", "addr:city:pnb": "اسلام آباد", "addr:city:ps": "اسلام آباد", "addr:city:sd": "اسلام آباد", "addr:city:ur": "اسلام آباد", "addr:street": "School Road", "amenity": "pharmacy", "healthcare": "pharmacy", "name": "Shaheen Pharmacy", "name:en": null, "denomination": null, "name:ar": null, "name:ur": null, "religion": null, "is_in": null, "created_by": null, "name:de": null, "name:es": null, "name:hi": null, "wikidata": null, "wikipedia": null, "emergency": null, "brand": null, "brand:wikidata": null, "brand:wikipedia": null, "building": null, "source": null, "dispensing": null, "addr:postcode": null, "service_times": null, "grades": null, "operator": null, "operator:type": null, "wikimedia_commons": null, "opening_hours": null, "website": null, "phone": null, "shelter_type": null, "description": null, "atm": null, "addr:street:ar": null, "addr:street:en": null, "addr:street:ur": null, "check_date": null, "addr:housenumber": null, "alt_name": null, "healthcare:speciality": null, "long_name": null, "long_name:ar": null, "long_name:ur": null, "name:ks": null, "name:ml": null, "name:pnb": null, "name:sd": null, "internet_access": null, "air_conditioning": null, "education": null, "area": null, "email": null, "name:pa": null, "generator:source": null, "level": null, "power": null, "name:ps": null, "not:name": null, "type": null }, "geometry": { "type": "Point", "coordinates": [ 73.0755121, 33.7297173 ] } },
{ "type": "Feature", "properties": { "element": "node", "id": 663128024, "addr:city": "اسلام آباد", "addr:city:ar": "إسلام آباد", "addr:city:en": "Islamabad", "addr:city:ks": "اِسلام آبادٖ", "addr:city:pnb": "اسلام آباد", "addr:city:ps": "اسلام آباد", "addr:city:sd": "اسلام آباد", "addr:city:ur": "اسلام آباد", "addr:street": "School Road", "amenity": "pharmacy", "healthcare": "pharmacy", "name": "Watsons", "name:en": null, "denomination": null, "name:ar": null, "name:ur": null, "religion": null, "is_in": null, "created_by": null, "name:de": null, "name:es": null, "name:hi": null, "wikidata": null, "wikipedia": null, "emergency": null, "brand": "Watsons", "brand:wikidata": "Q7974785", "brand:wikipedia": "en:Watsons", "building": null, "source": null, "dispensing": null, "addr:postcode": null, "service_times": null, "grades": null, "operator": null, "operator:type": null, "wikimedia_commons": null, "opening_hours": null, "website": null, "phone": null, "shelter_type": null, "description": null, "atm": null, "addr:street:ar": null, "addr:street:en": null, "addr:street:ur": null, "check_date": null, "addr:housenumber": null, "alt_name": null, "healthcare:speciality": null, "long_name": null, "long_name:ar": null, "long_name:ur": null, "name:ks": null, "name:ml": null, "name:pnb": null, "name:sd": null, "internet_access": null, "air_conditioning": null, "education": null, "area": null, "email": null, "name:pa": null, "generator:source": null, "level": null, "power": null, "name:ps": null, "not:name": null, "type": null }, "geometry": { "type": "Point", "coordinates": [ 73.0753504, 33.7296318 ] } },
{ "type": "Feature", "properties": { "element": "node", "id": 821646234, "addr:city": "اسلام آباد", "addr:city:ar": "إسلام آباد", "addr:city:en": "Islamabad", "addr:city:ks": "اِسلام آبادٖ", "addr:city:pnb": "اسلام آباد", "addr:city:ps": "اسلام آباد", "addr:city:sd": "اسلام آباد", "addr:city:ur": "اسلام آباد", "addr:street": "School Road", "amenity": "place_of_worship", "healthcare": null, "name": "Motamar Mosque", "name:en": null, "denomination": null, "name:ar": null, "name:ur": null, "religion": "muslim", "is_in": null, "created_by": null, "name:de": null, "name:es": null, "name:hi": null, "wikidata": null, "wikipedia": null, "emergency": null, "brand": null, "brand:wikidata": null, "brand:wikipedia": null, "building": null, "source": null, "dispensing": null, "addr:postcode": null, "service_times": null, "grades": null, "operator": null, "operator:type": null, "wikimedia_commons": null, "opening_hours": null, "website": null, "phone": null, "shelter_type": null, "description": null, "atm": null, "addr:street:ar": null, "addr:street:en": null, "addr:street:ur": null, "check_date": null, "addr:housenumber": null, "alt_name": null, "healthcare:speciality": null, "long_name": null, "long_name:ar": null, "long_name:ur": null, "name:ks": null, "name:ml": null, "name:pnb": null, "name:sd": null, "internet_access": null, "air_conditioning": null, "education": null, "area": null, "email": null, "name:pa": null, "generator:source": null, "level": null, "power": null, "name:ps": null, "not:name": null, "type": null }, "geometry": { "type": "Point", "coordinates": [ 73.0789184, 33.7309604 ] } },
{ "type": "Feature", "properties": { "element": "node", "id": 920248540, "addr:city": "اسلام آباد", "addr:city:ar": "إسلام آباد", "addr:city:en": "Islamabad", "addr:city:ks": "اِسلام آبادٖ", "addr:city:pnb": "اسلام آباد", "addr:city:ps": "اسلام آباد", "addr:city:sd": "اسلام آباد", "addr:city:ur": "اسلام آباد", "addr:street": "Younas Avenue", "amenity": "place_of_worship", "healthcare": null, "name": "PAF Mosque", "name:en": null, "denomination": null, "name:ar": null, "name:ur": null, "religion": "muslim", "is_in": null, "created_by": null, "name:de": null, "name:es": null, "name:hi": null, "wikidata": null, "wikipedia": null, "emergency": null, "brand": null, "brand:wikidata": null, "brand:wikipedia": null, "building": null, "source": null, "dispensing": null, "addr:postcode": null, "service_times": null, "grades": null, "operator": null, "operator:type": null, "wikimedia_commons": null, "opening_hours": null, "website": null, "phone": null, "shelter_type": null, "description": null, "atm": null, "addr:street:ar": null, "addr:street:en": null, "addr:street:ur": null, "check_date": null, "addr:housenumber": null, "alt_name": null, "healthcare:speciality": null, "long_name": null, "long_name:ar": null, "long_name:ur": null, "name:ks": null, "name:ml": null, "name:pnb": null, "name:sd": null, "internet_access": null, "air_conditioning": null, "education": null, "area": null, "email": null, "name:pa": null, "generator:source": null, "level": null, "power": null, "name:ps": null, "not:name": null, "type": null }, "geometry": { "type": "Point", "coordinates": [ 73.018439, 33.7159942 ] } },
{ "type": "Feature", "properties": { "element": "node", "id": 977841963, "addr:city": "اسلام آباد", "addr:city:ar": "إسلام آباد", "addr:city:en": "Islamabad", "addr:city:ks": "اِسلام آبادٖ", "addr:city:pnb": "اسلام آباد", "addr:city:ps": "اسلام آباد", "addr:city:sd": "اسلام آباد", "addr:city:ur": "اسلام آباد", "addr:street": "College Road", "amenity": "place_of_worship", "healthcare": null, "name": "Masjid Al Huda", "name:en": null, "denomination": null, "name:ar": null, "name:ur": null, "religion": "muslim", "is_in": null, "created_by": null, "name:de": null, "name:es": null, "name:hi": null, "wikidata": null, "wikipedia": null, "emergency": null, "brand": null, "brand:wikidata": null, "brand:wikipedia": null, "building": "mosque", "source": null, "dispensing": null, "addr:postcode": null, "service_times": null, "grades": null, "operator": null, "operator:type": null, "wikimedia_commons": null, "opening_hours": null, "website": null, "phone": null, "shelter_type": null, "description": null, "atm": null, "addr:street:ar": null, "addr:street:en": null, "addr:street:ur": null, "check_date": null, "addr:housenumber": null, "alt_name": null, "healthcare:speciality": null, "long_name": null, "long_name:ar": null, "long_name:ur": null, "name:ks": null, "name:ml": null, "name:pnb": null, "name:sd": null, "internet_access": null, "air_conditioning": null, "education": null, "area": null, "email": null, "name:pa": null, "generator:source": null, "level": null, "power": null, "name:ps": null, "not:name": null, "type": null }, "geometry": { "type": "Point", "coordinates": [ 73.0600461, 33.7228261 ] } },
{ "type": "Feature", "properties": { "element": "node", "id": 977857918, "addr:city": "اسلام آباد", "addr:city:ar": "إسلام آباد", "addr:city:en": "Islamabad", "addr:city:ks": "اِسلام آبادٖ", "addr:city:pnb": "اسلام آباد", "addr:city:ps": "اسلام آباد", "addr:city:sd": "اسلام آباد", "addr:city:ur": "اسلام آباد", "addr:street": "College Road", "amenity": "place_of_worship", "healthcare": null, "name": null, "name:en": null, "denomination": null, "name:ar": null, "name:ur": null, "religion": "muslim", "is_in": null, "created_by": null, "name:de": null, "name:es": null, "name:hi": null, "wikidata": null, "wikipedia": null, "emergency": null, "brand": null, "brand:wikidata": null, "brand:wikipedia": null, "building": null, "source": null, "dispensing": null, "addr:postcode": null, "service_times": null, "grades": null, "operator": null, "operator:type": null, "wikimedia_commons": null, "opening_hours": null, "website": null, "phone": null, "shelter_type": null, "description": null, "atm": null, "addr:street:ar": null, "addr:street:en": null, "addr:street:ur": null, "check_date": null, "addr:housenumber": null, "alt_name": null, "healthcare:speciality": null, "long_name": null, "long_name:ar": null, "long_name:ur": null, "name:ks": null, "name:ml": null, "name:pnb": null, "name:sd": null, "internet_access": null, "air_conditioning": null, "education": null, "area": null, "email": null, "name:pa": null, "generator:source": null, "level": null, "power": null, "name:ps": null, "not:name": null, "type": null }, "geometry": { "type": "Point", "coordinates": [ 73.054059, 33.7197978 ] } },
{ "type": "Feature", "properties": { "element": "node", "id": 1140767607, "addr:city": "اسلام آباد", "addr:city:ar": "إسلام آباد", "addr:city:en": "Islamabad", "addr:city:ks": "اِسلام آبادٖ", "addr:city:pnb": "اسلام آباد", "addr:city:ps": "اسلام آباد", "addr:city:sd": "اسلام آباد", "addr:city:ur": "اسلام آباد", "addr:street": "Shaheed-e-Millat Road", "amenity": "pharmacy", "healthcare": "pharmacy", "name": "Goodwill Pharmacy", "name:en": null, "denomination": null, "name:ar": null, "name:ur": null, "religion": null, "is_in": null, "created_by": null, "name:de": null, "name:es": null, "name:hi": null, "wikidata": null, "wikipedia": null, "emergency": null, "brand": null, "brand:wikidata": null, "brand:wikipedia": null, "building": null, "source": null, "dispensing": null, "addr:postcode": null, "service_times": null, "grades": null, "operator": null, "operator:type": null, "wikimedia_commons": null, "opening_hours": null, "website": null, "phone": null, "shelter_type": null, "description": null, "atm": null, "addr:street:ar": null, "addr:street:en": null, "addr:street:ur": null, "check_date": null, "addr:housenumber": null, "alt_name": null, "healthcare:speciality": null, "long_name": null, "long_name:ar": null, "long_name:ur": null, "name:ks": null, "name:ml": null, "name:pnb": null, "name:sd": null, "internet_access": null, "air_conditioning": null, "education": null, "area": null, "email": null, "name:pa": null, "generator:source": null, "level": null, "power": null, "name:ps": null, "not:name": null, "type": null }, "geometry": { "type": "Point", "coordinates": [ 73.0822723, 33.7225704 ] } },
{ "type": "Feature", "properties": { "element": "node", "id": 1230689399, "addr:city": null, "addr:city:ar": null, "addr:city:en": null, "addr:city:ks": null, "addr:city:pnb": null, "addr:city:ps": null, "addr:city:sd": null, "addr:city:ur": null, "addr:street": null, "amenity": "shelter", "healthcare": null, "name": null, "name:en": null, "denomination": null, "name:ar": null, "name:ur": null, "religion": null, "is_in": null, "created_by": null, "name:de": null, "name:es": null, "name:hi": null, "wikidata": null, "wikipedia": null, "emergency": null, "brand": null, "brand:wikidata": null, "brand:wikipedia": null, "building": null, "source": null, "dispensing": null, "addr:postcode": null, "service_times": null, "grades": null, "operator": null, "operator:type": null, "wikimedia_commons": null, "opening_hours": null, "website": null, "phone": null, "shelter_type": null, "description": null, "atm": null, "addr:street:ar": null, "addr:street:en": null, "addr:street:ur": null, "check_date": null, "addr:housenumber": null, "alt_name": null, "healthcare:speciality": null, "long_name": null, "long_name:ar": null, "long_name:ur": null, "name:ks": null, "name:ml": null, "name:pnb": null, "name:sd": null, "internet_access": null, "air_conditioning": null, "education": null, "area": null, "email": null, "name:pa": null, "generator:source": null, "level": null, "power": null, "name:ps": null, "not:name": null, "type": null }, "geometry": { "type": "Point", "coordinates": [ 73.0760292, 33.7294871 ] } },
{ "type": "Feature", "properties": { "element": "node", "id": 1336464153, "addr:city": null, "addr:city:ar": null, "addr:city:en": null, "addr:city:ks": null, "addr:city:pnb": null, "addr:city:ps": null, "addr:city:sd": null, "addr:city:ur": null, "addr:street": null, "amenity": "place_of_worship", "healthcare": null, "name": "Masjid-e-Qubah", "name:en": null, "denomination": null, "name:ar": null, "name:ur": null, "religion": "muslim", "is_in": null, "created_by": null, "name:de": null, "name:es": null, "name:hi": null, "wikidata": null, "wikipedia": null, "emergency": null, "brand": null, "brand:wikidata": null, "brand:wikipedia": null, "building": null, "source": "Yahoo + Local Knowledge", "dispensing": null, "addr:postcode": null, "service_times": null, "grades": null, "operator": null, "operator:type": null, "wikimedia_commons": null, "opening_hours": null, "website": null, "phone": null, "shelter_type": null, "description": null, "atm": null, "addr:street:ar": null, "addr:street:en": null, "addr:street:ur": null, "check_date": null, "addr:housenumber": null, "alt_name": null, "healthcare:speciality": null, "long_name": null, "long_name:ar": null, "long_name:ur": null, "name:ks": null, "name:ml": null, "name:pnb": null, "name:sd": null, "internet_access": null, "air_conditioning": null, "education": null, "area": null, "email": null, "name:pa": null, "generator:source": null, "level": null, "power": null, "name:ps": null, "not:name": null, "type": null }, "geometry": { "type": "Point", "coordinates": [ 73.0423234, 33.6868112 ] } },
{ "type": "Feature", "properties": { "element": "node", "id": 1336725436, "addr:city": null, "addr:city:ar": null, "addr:city:en": null, "addr:city:ks": null, "addr:city:pnb": null, "addr:city:ps": null, "addr:city:sd": null, "addr:city:ur": null, "addr:street": null, "amenity": "place_of_worship", "healthcare": null, "name": "Masjid Syedna Hasan", "name:en": null, "denomination": null, "name:ar": null, "name:ur": null, "religion": "muslim", "is_in": null, "created_by": null, "name:de": null, "name:es": null, "name:hi": null, "wikidata": null, "wikipedia": null, "emergency": null, "brand": null, "brand:wikidata": null, "brand:wikipedia": null, "building": null, "source": "Yahoo + Local Knowledge", "dispensing": null, "addr:postcode": null, "service_times": null, "grades": null, "operator": null, "operator:type": null, "wikimedia_commons": null, "opening_hours": null, "website": null, "phone": null, "shelter_type": null, "description": null, "atm": null, "addr:street:ar": null, "addr:street:en": null, "addr:street:ur": null, "check_date": null, "addr:housenumber": null, "alt_name": null, "healthcare:speciality": null, "long_name": null, "long_name:ar": null, "long_name:ur": null, "name:ks": null, "name:ml": null, "name:pnb": null, "name:sd": null, "internet_access": null, "air_conditioning": null, "education": null, "area": null, "email": null, "name:pa": null, "generator:source": null, "level": null, "power": null, "name:ps": null, "not:name": null, "type": null }, "geometry": { "type": "Point", "coordinates": [ 73.0387881, 33.6848433 ] } },
{ "type": "Feature", "properties": { "element": "node", "id": 1336764426, "addr:city": null, "addr:city:ar": null, "addr:city:en": null, "addr:city:ks": null, "addr:city:pnb": null, "addr:city:ps": null, "addr:city:sd": null, "addr:city:ur": null, "addr:street": null, "amenity": "school", "healthcare": null, "name": "F.G.School", "name:en": null, "denomination": null, "name:ar": null, "name:ur": null, "religion": null, "is_in": null, "created_by": null, "name:de": null, "name:es": null, "name:hi": null, "wikidata": null, "wikipedia": null, "emergency": null, "brand": null, "brand:wikidata": null, "brand:wikipedia": null, "building": null, "source": null, "dispensing": null, "addr:postcode": null, "service_times": null, "grades": null, "operator": null, "operator:type": null, "wikimedia_commons": null, "opening_hours": null, "website": null, "phone": null, "shelter_type": null, "description": null, "atm": null, "addr:street:ar": null, "addr:street:en": null, "addr:street:ur": null, "check_date": null, "addr:housenumber": null, "alt_name": null, "healthcare:speciality": null, "long_name": null, "long_name:ar": null, "long_name:ur": null, "name:ks": null, "name:ml": null, "name:pnb": null, "name:sd": null, "internet_access": null, "air_conditioning": null, "education": null, "area": null, "email": null, "name:pa": null, "generator:source": null, "level": null, "power": null, "name:ps": null, "not:name": null, "type": null }, "geometry": { "type": "Point", "coordinates": [ 73.0384453, 33.6843865 ] } },
{ "type": "Feature", "properties": { "element": "node", "id": 1340818209, "addr:city": null, "addr:city:ar": null, "addr:city:en": null, "addr:city:ks": null, "addr:city:pnb": null, "addr:city:ps": null, "addr:city:sd": null, "addr:city:ur": null, "addr:street": null, "amenity": "place_of_worship", "healthcare": null, "name": "Taqwa Masjid‎", "name:en": null, "denomination": null, "name:ar": null, "name:ur": null, "religion": "muslim", "is_in": null, "created_by": null, "name:de": null, "name:es": null, "name:hi": null, "wikidata": null, "wikipedia": null, "emergency": null, "brand": null, "brand:wikidata": null, "brand:wikipedia": null, "building": "mosque", "source": null, "dispensing": null, "addr:postcode": null, "service_times": null, "grades": null, "operator": null, "operator:type": null, "wikimedia_commons": null, "opening_hours": null, "website": null, "phone": null, "shelter_type": null, "description": null, "atm": null, "addr:street:ar": null, "addr:street:en": null, "addr:street:ur": null, "check_date": null, "addr:housenumber": null, "alt_name": null, "healthcare:speciality": null, "long_name": null, "long_name:ar": null, "long_name:ur": null, "name:ks": null, "name:ml": null, "name:pnb": null, "name:sd": null, "internet_access": null, "air_conditioning": null, "education": null, "area": null, "email": null, "name:pa": null, "generator:source": null, "level": null, "power": null, "name:ps": null, "not:name": null, "type": null }, "geometry": { "type": "Point", "coordinates": [ 73.0394691, 33.6889667 ] } },
{ "type": "Feature", "properties": { "element": "node", "id": 1341931423, "addr:city": "اسلام آباد", "addr:city:ar": "إسلام آباد", "addr:city:en": "Islamabad", "addr:city:ks": "اِسلام آبادٖ", "addr:city:pnb": "اسلام آباد", "addr:city:ps": "اسلام آباد", "addr:city:sd": "اسلام آباد", "addr:city:ur": "اسلام آباد", "addr:street": "Street 14", "amenity": "school", "healthcare": null, "name": "Federal Government Girls College No. 9 G-9/2", "name:en": null, "denomination": null, "name:ar": null, "name:ur": null, "religion": null, "is_in": null, "created_by": null, "name:de": null, "name:es": null, "name:hi": null, "wikidata": null, "wikipedia": null, "emergency": null, "brand": null, "brand:wikidata": null, "brand:wikipedia": null, "building": null, "source": "Yahoo + Local knowledge", "dispensing": null, "addr:postcode": null, "service_times": null, "grades": null, "operator": null, "operator:type": null, "wikimedia_commons": null, "opening_hours": null, "website": null, "phone": null, "shelter_type": null, "description": null, "atm": null, "addr:street:ar": null, "addr:street:en": null, "addr:street:ur": null, "check_date": null, "addr:housenumber": null, "alt_name": null, "healthcare:speciality": null, "long_name": null, "long_name:ar": null, "long_name:ur": null, "name:ks": null, "name:ml": null, "name:pnb": null, "name:sd": null, "internet_access": null, "air_conditioning": null, "education": null, "area": null, "email": null, "name:pa": null, "generator:source": null, "level": null, "power": null, "name:ps": null, "not:name": null, "type": null }, "geometry": { "type": "Point", "coordinates": [ 73.0264346, 33.6892572 ] } },
{ "type": "Feature", "properties": { "element": "node", "id": 1581372040, "addr:city": "اسلام آباد", "addr:city:ar": "إسلام آباد", "addr:city:en": "Islamabad", "addr:city:ks": "اِسلام آبادٖ", "addr:city:pnb": "اسلام آباد", "addr:city:ps": "اسلام آباد", "addr:city:sd": "اسلام آباد", "addr:city:ur": "اسلام آباد", "addr:street": "Street 56", "amenity": "place_of_worship", "healthcare": null, "name": "Jam-e-masjid Chishtia", "name:en": null, "denomination": null, "name:ar": null, "name:ur": null, "religion": "muslim", "is_in": null, "created_by": null, "name:de": null, "name:es": null, "name:hi": null, "wikidata": null, "wikipedia": null, "emergency": null, "brand": null, "brand:wikidata": null, "brand:wikipedia": null, "building": null, "source": null, "dispensing": null, "addr:postcode": null, "service_times": null, "grades": null, "operator": null, "operator:type": null, "wikimedia_commons": null, "opening_hours": null, "website": null, "phone": null, "shelter_type": null, "description": null, "atm": null, "addr:street:ar": null, "addr:street:en": null, "addr:street:ur": null, "check_date": null, "addr:housenumber": null, "alt_name": null, "healthcare:speciality": null, "long_name": null, "long_name:ar": null, "long_name:ur": null, "name:ks": null, "name:ml": null, "name:pnb": null, "name:sd": null, "internet_access": null, "air_conditioning": null, "education": null, "area": null, "email": null, "name:pa": null, "generator:source": null, "level": null, "power": null, "name:ps": null, "not:name": null, "type": null }, "geometry": { "type": "Point", "coordinates": [ 73.072613, 33.7131642 ] } },
{ "type": "Feature", "properties": { "element": "node", "id": 1707143902, "addr:city": null, "addr:city:ar": null, "addr:city:en": null, "addr:city:ks": null, "addr:city:pnb": null, "addr:city:ps": null, "addr:city:sd": null, "addr:city:ur": null, "addr:street": null, "amenity": "pharmacy", "healthcare": null, "name": "FGD- G7/1 Dispensary", "name:en": null, "denomination": null, "name:ar": null, "name:ur": null, "religion": null, "is_in": null, "created_by": null, "name:de": null, "name:es": null, "name:hi": null, "wikidata": null, "wikipedia": null, "emergency": null, "brand": null, "brand:wikidata": null, "brand:wikipedia": null, "building": null, "source": null, "dispensing": "yes", "addr:postcode": null, "service_times": null, "grades": null, "operator": null, "operator:type": null, "wikimedia_commons": null, "opening_hours": null, "website": null, "phone": null, "shelter_type": null, "description": null, "atm": null, "addr:street:ar": null, "addr:street:en": null, "addr:street:ur": null, "check_date": null, "addr:housenumber": null, "alt_name": null, "healthcare:speciality": null, "long_name": null, "long_name:ar": null, "long_name:ur": null, "name:ks": null, "name:ml": null, "name:pnb": null, "name:sd": null, "internet_access": null, "air_conditioning": null, "education": null, "area": null, "email": null, "name:pa": null, "generator:source": null, "level": null, "power": null, "name:ps": null, "not:name": null, "type": null }, "geometry": { "type": "Point", "coordinates": [ 73.0702433, 33.7001979 ] } },
{ "type": "Feature", "properties": { "element": "node", "id": 1707143912, "addr:city": null, "addr:city:ar": null, "addr:city:en": null, "addr:city:ks": null, "addr:city:pnb": null, "addr:city:ps": null, "addr:city:sd": null, "addr:city:ur": null, "addr:street": null, "amenity": "pharmacy", "healthcare": null, "name": "Federal Government Dispensary - G-7/1", "name:en": null, "denomination": null, "name:ar": null, "name:ur": null, "religion": null, "is_in": null, "created_by": null, "name:de": null, "name:es": null, "name:hi": null, "wikidata": null, "wikipedia": null, "emergency": null, "brand": null, "brand:wikidata": null, "brand:wikipedia": null, "building": null, "source": null, "dispensing": "yes", "addr:postcode": null, "service_times": null, "grades": null, "operator": null, "operator:type": null, "wikimedia_commons": null, "opening_hours": null, "website": null, "phone": null, "shelter_type": null, "description": null, "atm": null, "addr:street:ar": null, "addr:street:en": null, "addr:street:ur": null, "check_date": null, "addr:housenumber": null, "alt_name": null, "healthcare:speciality": null, "long_name": null, "long_name:ar": null, "long_name:ur": null, "name:ks": null, "name:ml": null, "name:pnb": null, "name:sd": null, "internet_access": null, "air_conditioning": null, "education": null, "area": null, "email": null, "name:pa": null, "generator:source": null, "level": null, "power": null, "name:ps": null, "not:name": null, "type": null }, "geometry": { "type": "Point", "coordinates": [ 73.0714557, 33.7004344 ] } },
{ "type": "Feature", "properties": { "element": "node", "id": 1707162940, "addr:city": "اسلام آباد", "addr:city:ar": null, "addr:city:en": null, "addr:city:ks": null, "addr:city:pnb": null, "addr:city:ps": null, "addr:city:sd": null, "addr:city:ur": null, "addr:street": "شاہ عبداللطیف روڈ", "amenity": "place_of_worship", "healthcare": null, "name": "Jammia Masjid Al-Murtaza", "name:en": null, "denomination": "sunni", "name:ar": null, "name:ur": null, "religion": "muslim", "is_in": null, "created_by": null, "name:de": null, "name:es": null, "name:hi": null, "wikidata": null, "wikipedia": null, "emergency": null, "brand": null, "brand:wikidata": null, "brand:wikipedia": null, "building": null, "source": null, "dispensing": null, "addr:postcode": "44000", "service_times": "Prayer times", "grades": null, "operator": null, "operator:type": null, "wikimedia_commons": null, "opening_hours": null, "website": null, "phone": null, "shelter_type": null, "description": null, "atm": null, "addr:street:ar": null, "addr:street:en": null, "addr:street:ur": null, "check_date": null, "addr:housenumber": null, "alt_name": null, "healthcare:speciality": null, "long_name": null, "long_name:ar": null, "long_name:ur": null, "name:ks": null, "name:ml": null, "name:pnb": null, "name:sd": null, "internet_access": null, "air_conditioning": null, "education": null, "area": null, "email": null, "name:pa": null, "generator:source": null, "level": null, "power": null, "name:ps": null, "not:name": null, "type": null }, "geometry": { "type": "Point", "coordinates": [ 73.0674215, 33.7028933 ] } },
{ "type": "Feature", "properties": { "element": "node", "id": 1707172945, "addr:city": null, "addr:city:ar": null, "addr:city:en": null, "addr:city:ks": null, "addr:city:pnb": null, "addr:city:ps": null, "addr:city:sd": null, "addr:city:ur": null, "addr:street": null, "amenity": "place_of_worship", "healthcare": null, "name": null, "name:en": null, "denomination": "sunni", "name:ar": null, "name:ur": null, "religion": "muslim", "is_in": null, "created_by": null, "name:de": null, "name:es": null, "name:hi": null, "wikidata": null, "wikipedia": null, "emergency": null, "brand": null, "brand:wikidata": null, "brand:wikipedia": null, "building": null, "source": null, "dispensing": null, "addr:postcode": null, "service_times": null, "grades": null, "operator": null, "operator:type": null, "wikimedia_commons": null, "opening_hours": null, "website": null, "phone": null, "shelter_type": null, "description": null, "atm": null, "addr:street:ar": null, "addr:street:en": null, "addr:street:ur": null, "check_date": null, "addr:housenumber": null, "alt_name": null, "healthcare:speciality": null, "long_name": null, "long_name:ar": null, "long_name:ur": null, "name:ks": null, "name:ml": null, "name:pnb": null, "name:sd": null, "internet_access": null, "air_conditioning": null, "education": null, "area": null, "email": null, "name:pa": null, "generator:source": null, "level": null, "power": null, "name:ps": null, "not:name": null, "type": null }, "geometry": { "type": "Point", "coordinates": [ 73.0736926, 33.707316 ] } },
{ "type": "Feature", "properties": { "element": "node", "id": 1707177004, "addr:city": null, "addr:city:ar": null, "addr:city:en": null, "addr:city:ks": null, "addr:city:pnb": null, "addr:city:ps": null, "addr:city:sd": null, "addr:city:ur": null, "addr:street": null, "amenity": "hospital", "healthcare": null, "name": "International Islamic Medical Centre", "name:en": null, "denomination": null, "name:ar": null, "name:ur": null, "religion": null, "is_in": null, "created_by": null, "name:de": null, "name:es": null, "name:hi": null, "wikidata": null, "wikipedia": null, "emergency": "yes", "brand": null, "brand:wikidata": null, "brand:wikipedia": null, "building": null, "source": null, "dispensing": null, "addr:postcode": null, "service_times": null, "grades": null, "operator": null, "operator:type": null, "wikimedia_commons": null, "opening_hours": null, "website": null, "phone": null, "shelter_type": null, "description": null, "atm": null, "addr:street:ar": null, "addr:street:en": null, "addr:street:ur": null, "check_date": null, "addr:housenumber": null, "alt_name": null, "healthcare:speciality": null, "long_name": null, "long_name:ar": null, "long_name:ur": null, "name:ks": null, "name:ml": null, "name:pnb": null, "name:sd": null, "internet_access": null, "air_conditioning": null, "education": null, "area": null, "email": null, "name:pa": null, "generator:source": null, "level": null, "power": null, "name:ps": null, "not:name": null, "type": null }, "geometry": { "type": "Point", "coordinates": [ 73.0780754, 33.7070214 ] } },
{ "type": "Feature", "properties": { "element": "node", "id": 1716116698, "addr:city": "اسلام آباد", "addr:city:ar": "إسلام آباد", "addr:city:en": "Islamabad", "addr:city:ks": "اِسلام آبادٖ", "addr:city:pnb": "اسلام آباد", "addr:city:ps": "اسلام آباد", "addr:city:sd": "اسلام آباد", "addr:city:ur": "اسلام آباد", "addr:street": "Shangrila Road", "amenity": "school", "healthcare": null, "name": "Shaheen School System", "name:en": null, "denomination": null, "name:ar": null, "name:ur": null, "religion": null, "is_in": null, "created_by": null, "name:de": null, "name:es": null, "name:hi": null, "wikidata": null, "wikipedia": null, "emergency": null, "brand": null, "brand:wikidata": null, "brand:wikipedia": null, "building": null, "source": null, "dispensing": null, "addr:postcode": null, "service_times": null, "grades": null, "operator": null, "operator:type": null, "wikimedia_commons": null, "opening_hours": null, "website": null, "phone": null, "shelter_type": null, "description": null, "atm": null, "addr:street:ar": null, "addr:street:en": null, "addr:street:ur": null, "check_date": null, "addr:housenumber": null, "alt_name": null, "healthcare:speciality": null, "long_name": null, "long_name:ar": null, "long_name:ur": null, "name:ks": null, "name:ml": null, "name:pnb": null, "name:sd": null, "internet_access": null, "air_conditioning": null, "education": null, "area": null, "email": null, "name:pa": null, "generator:source": null, "level": null, "power": null, "name:ps": null, "not:name": null, "type": null }, "geometry": { "type": "Point", "coordinates": [ 73.0138625, 33.7074414 ] } },
{ "type": "Feature", "properties": { "element": "node", "id": 1727464038, "addr:city": "اسلام آباد", "addr:city:ar": "إسلام آباد", "addr:city:en": "Islamabad", "addr:city:ks": "اِسلام آبادٖ", "addr:city:pnb": "اسلام آباد", "addr:city:ps": "اسلام آباد", "addr:city:sd": "اسلام آباد", "addr:city:ur": "اسلام آباد", "addr:street": "Park Road", "amenity": "place_of_worship", "healthcare": null, "name": "Mujaddiya Masjid", "name:en": null, "denomination": "sunni", "name:ar": null, "name:ur": null, "religion": "muslim", "is_in": null, "created_by": null, "name:de": null, "name:es": null, "name:hi": null, "wikidata": null, "wikipedia": null, "emergency": null, "brand": null, "brand:wikidata": null, "brand:wikipedia": null, "building": null, "source": null, "dispensing": null, "addr:postcode": null, "service_times": null, "grades": null, "operator": null, "operator:type": null, "wikimedia_commons": null, "opening_hours": null, "website": null, "phone": null, "shelter_type": null, "description": null, "atm": null, "addr:street:ar": null, "addr:street:en": null, "addr:street:ur": null, "check_date": null, "addr:housenumber": null, "alt_name": null, "healthcare:speciality": null, "long_name": null, "long_name:ar": null, "long_name:ur": null, "name:ks": null, "name:ml": null, "name:pnb": null, "name:sd": null, "internet_access": null, "air_conditioning": null, "education": null, "area": null, "email": null, "name:pa": null, "generator:source": null, "level": null, "power": null, "name:ps": null, "not:name": null, "type": null }, "geometry": { "type": "Point", "coordinates": [ 73.033076, 33.7115207 ] } },
{ "type": "Feature", "properties": { "element": "node", "id": 2147104935, "addr:city": "اسلام آباد", "addr:city:ar": "إسلام آباد", "addr:city:en": "Islamabad", "addr:city:ks": "اِسلام آبادٖ", "addr:city:pnb": "اسلام آباد", "addr:city:ps": "اسلام آباد", "addr:city:sd": "اسلام آباد", "addr:city:ur": "اسلام آباد", "addr:street": "Local path", "amenity": "hospital", "healthcare": "hospital", "name": "Bilquis Memorial Hospital", "name:en": null, "denomination": null, "name:ar": null, "name:ur": null, "religion": null, "is_in": null, "created_by": null, "name:de": null, "name:es": null, "name:hi": null, "wikidata": null, "wikipedia": null, "emergency": "yes", "brand": null, "brand:wikidata": null, "brand:wikipedia": null, "building": null, "source": "Survey", "dispensing": null, "addr:postcode": null, "service_times": null, "grades": null, "operator": null, "operator:type": null, "wikimedia_commons": null, "opening_hours": null, "website": null, "phone": null, "shelter_type": null, "description": null, "atm": null, "addr:street:ar": null, "addr:street:en": null, "addr:street:ur": null, "check_date": null, "addr:housenumber": null, "alt_name": null, "healthcare:speciality": null, "long_name": null, "long_name:ar": null, "long_name:ur": null, "name:ks": null, "name:ml": null, "name:pnb": null, "name:sd": null, "internet_access": null, "air_conditioning": null, "education": null, "area": null, "email": null, "name:pa": null, "generator:source": null, "level": null, "power": null, "name:ps": null, "not:name": null, "type": null }, "geometry": { "type": "Point", "coordinates": [ 73.030179, 33.6924791 ] } },
{ "type": "Feature", "properties": { "element": "node", "id": 2190837964, "addr:city": null, "addr:city:ar": null, "addr:city:en": null, "addr:city:ks": null, "addr:city:pnb": null, "addr:city:ps": null, "addr:city:sd": null, "addr:city:ur": null, "addr:street": "15", "amenity": "school", "healthcare": null, "name": "Islamabad Model School (IV) No.1 G-9/2", "name:en": null, "denomination": null, "name:ar": null, "name:ur": null, "religion": null, "is_in": null, "created_by": null, "name:de": null, "name:es": null, "name:hi": null, "wikidata": null, "wikipedia": null, "emergency": null, "brand": null, "brand:wikidata": null, "brand:wikipedia": null, "building": null, "source": "Local knowledge", "dispensing": null, "addr:postcode": "44000", "service_times": null, "grades": "4", "operator": "Federal Government", "operator:type": "government", "wikimedia_commons": null, "opening_hours": null, "website": null, "phone": null, "shelter_type": null, "description": null, "atm": null, "addr:street:ar": null, "addr:street:en": null, "addr:street:ur": null, "check_date": null, "addr:housenumber": null, "alt_name": null, "healthcare:speciality": null, "long_name": null, "long_name:ar": null, "long_name:ur": null, "name:ks": null, "name:ml": null, "name:pnb": null, "name:sd": null, "internet_access": null, "air_conditioning": null, "education": null, "area": null, "email": null, "name:pa": null, "generator:source": null, "level": null, "power": null, "name:ps": null, "not:name": null, "type": null }, "geometry": { "type": "Point", "coordinates": [ 73.0274962, 33.6909998 ] } },
{ "type": "Feature", "properties": { "element": "node", "id": 2191271152, "addr:city": null, "addr:city:ar": null, "addr:city:en": null, "addr:city:ks": null, "addr:city:pnb": null, "addr:city:ps": null, "addr:city:sd": null, "addr:city:ur": null, "addr:street": null, "amenity": "place_of_worship", "healthcare": null, "name": "Syed-na-Saddiq-Akbar", "name:en": null, "denomination": "sunni", "name:ar": null, "name:ur": null, "religion": "muslim", "is_in": null, "created_by": null, "name:de": null, "name:es": null, "name:hi": null, "wikidata": null, "wikipedia": null, "emergency": null, "brand": null, "brand:wikidata": null, "brand:wikipedia": null, "building": null, "source": "Local Knowledge", "dispensing": null, "addr:postcode": null, "service_times": null, "grades": null, "operator": null, "operator:type": null, "wikimedia_commons": null, "opening_hours": null, "website": null, "phone": null, "shelter_type": null, "description": null, "atm": null, "addr:street:ar": null, "addr:street:en": null, "addr:street:ur": null, "check_date": null, "addr:housenumber": null, "alt_name": null, "healthcare:speciality": null, "long_name": null, "long_name:ar": null, "long_name:ur": null, "name:ks": null, "name:ml": null, "name:pnb": null, "name:sd": null, "internet_access": null, "air_conditioning": null, "education": null, "area": null, "email": null, "name:pa": null, "generator:source": null, "level": null, "power": null, "name:ps": null, "not:name": null, "type": null }, "geometry": { "type": "Point", "coordinates": [ 73.0302501, 33.6918463 ] } },
{ "type": "Feature", "properties": { "element": "node", "id": 2191271157, "addr:city": null, "addr:city:ar": null, "addr:city:en": null, "addr:city:ks": null, "addr:city:pnb": null, "addr:city:ps": null, "addr:city:sd": null, "addr:city:ur": null, "addr:street": null, "amenity": "place_of_worship", "healthcare": null, "name": "Khulfa Rashideen", "name:en": null, "denomination": "sunni", "name:ar": null, "name:ur": null, "religion": "muslim", "is_in": null, "created_by": null, "name:de": null, "name:es": null, "name:hi": null, "wikidata": null, "wikipedia": null, "emergency": null, "brand": null, "brand:wikidata": null, "brand:wikipedia": null, "building": null, "source": "Local Knowledge", "dispensing": null, "addr:postcode": null, "service_times": null, "grades": null, "operator": null, "operator:type": null, "wikimedia_commons": null, "opening_hours": null, "website": null, "phone": null, "shelter_type": null, "description": null, "atm": null, "addr:street:ar": null, "addr:street:en": null, "addr:street:ur": null, "check_date": null, "addr:housenumber": null, "alt_name": null, "healthcare:speciality": null, "long_name": null, "long_name:ar": null, "long_name:ur": null, "name:ks": null, "name:ml": null, "name:pnb": null, "name:sd": null, "internet_access": null, "air_conditioning": null, "education": null, "area": null, "email": null, "name:pa": null, "generator:source": null, "level": null, "power": null, "name:ps": null, "not:name": null, "type": null }, "geometry": { "type": "Point", "coordinates": [ 73.0262107, 33.6905206 ] } },
{ "type": "Feature", "properties": { "element": "node", "id": 2191271162, "addr:city": null, "addr:city:ar": null, "addr:city:en": null, "addr:city:ks": null, "addr:city:pnb": null, "addr:city:ps": null, "addr:city:sd": null, "addr:city:ur": null, "addr:street": null, "amenity": "place_of_worship", "healthcare": null, "name": "Rehmat-ul-Alaimeen", "name:en": null, "denomination": "sunni", "name:ar": null, "name:ur": null, "religion": "muslim", "is_in": null, "created_by": null, "name:de": null, "name:es": null, "name:hi": null, "wikidata": null, "wikipedia": null, "emergency": null, "brand": null, "brand:wikidata": null, "brand:wikipedia": null, "building": null, "source": "Local Knowledge", "dispensing": null, "addr:postcode": null, "service_times": null, "grades": null, "operator": null, "operator:type": null, "wikimedia_commons": null, "opening_hours": null, "website": null, "phone": null, "shelter_type": null, "description": null, "atm": null, "addr:street:ar": null, "addr:street:en": null, "addr:street:ur": null, "check_date": null, "addr:housenumber": null, "alt_name": null, "healthcare:speciality": null, "long_name": null, "long_name:ar": null, "long_name:ur": null, "name:ks": null, "name:ml": null, "name:pnb": null, "name:sd": null, "internet_access": null, "air_conditioning": null, "education": null, "area": null, "email": null, "name:pa": null, "generator:source": null, "level": null, "power": null, "name:ps": null, "not:name": null, "type": null }, "geometry": { "type": "Point", "coordinates": [ 73.0310065, 33.6922301 ] } },
{ "type": "Feature", "properties": { "element": "node", "id": 2191271163, "addr:city": "اسلام آباد", "addr:city:ar": "إسلام آباد", "addr:city:en": "Islamabad", "addr:city:ks": "اِسلام آبادٖ", "addr:city:pnb": "اسلام آباد", "addr:city:ps": "اسلام آباد", "addr:city:sd": "اسلام آباد", "addr:city:ur": "اسلام آباد", "addr:street": "Ibn-e-Sina Road", "amenity": "place_of_worship", "healthcare": null, "name": "Syed-na-Ali", "name:en": null, "denomination": "sunni", "name:ar": null, "name:ur": null, "religion": "muslim", "is_in": null, "created_by": null, "name:de": null, "name:es": null, "name:hi": null, "wikidata": null, "wikipedia": null, "emergency": null, "brand": null, "brand:wikidata": null, "brand:wikipedia": null, "building": null, "source": "Local Knowledge", "dispensing": null, "addr:postcode": "44000", "service_times": null, "grades": null, "operator": null, "operator:type": null, "wikimedia_commons": null, "opening_hours": null, "website": null, "phone": null, "shelter_type": null, "description": null, "atm": null, "addr:street:ar": null, "addr:street:en": null, "addr:street:ur": null, "check_date": null, "addr:housenumber": null, "alt_name": null, "healthcare:speciality": null, "long_name": null, "long_name:ar": null, "long_name:ur": null, "name:ks": null, "name:ml": null, "name:pnb": null, "name:sd": null, "internet_access": null, "air_conditioning": null, "education": null, "area": null, "email": null, "name:pa": null, "generator:source": null, "level": null, "power": null, "name:ps": null, "not:name": null, "type": null }, "geometry": { "type": "Point", "coordinates": [ 73.0275801, 33.6924259 ] } },
{ "type": "Feature", "properties": { "element": "node", "id": 2351617878, "addr:city": "اسلام آباد", "addr:city:ar": "إسلام آباد", "addr:city:en": "Islamabad", "addr:city:ks": "اِسلام آبادٖ", "addr:city:pnb": "اسلام آباد", "addr:city:ps": "اسلام آباد", "addr:city:sd": "اسلام آباد", "addr:city:ur": "اسلام آباد", "addr:street": "Ismail Zabeeh Road", "amenity": "place_of_worship", "healthcare": null, "name": "Mosque F-8/3", "name:en": null, "denomination": null, "name:ar": null, "name:ur": null, "religion": "muslim", "is_in": null, "created_by": null, "name:de": null, "name:es": null, "name:hi": null, "wikidata": null, "wikipedia": null, "emergency": null, "brand": null, "brand:wikidata": null, "brand:wikipedia": null, "building": null, "source": null, "dispensing": null, "addr:postcode": null, "service_times": null, "grades": null, "operator": null, "operator:type": null, "wikimedia_commons": null, "opening_hours": null, "website": null, "phone": null, "shelter_type": null, "description": null, "atm": null, "addr:street:ar": null, "addr:street:en": null, "addr:street:ur": null, "check_date": null, "addr:housenumber": null, "alt_name": null, "healthcare:speciality": null, "long_name": null, "long_name:ar": null, "long_name:ur": null, "name:ks": null, "name:ml": null, "name:pnb": null, "name:sd": null, "internet_access": null, "air_conditioning": null, "education": null, "area": null, "email": null, "name:pa": null, "generator:source": null, "level": null, "power": null, "name:ps": null, "not:name": null, "type": null }, "geometry": { "type": "Point", "coordinates": [ 73.0479185, 33.7160687 ] } },
{ "type": "Feature", "properties": { "element": "node", "id": 2351617934, "addr:city": null, "addr:city:ar": null, "addr:city:en": null, "addr:city:ks": null, "addr:city:pnb": null, "addr:city:ps": null, "addr:city:sd": null, "addr:city:ur": null, "addr:street": null, "amenity": "place_of_worship", "healthcare": null, "name": null, "name:en": null, "denomination": null, "name:ar": null, "name:ur": null, "religion": "muslim", "is_in": null, "created_by": null, "name:de": null, "name:es": null, "name:hi": null, "wikidata": null, "wikipedia": null, "emergency": null, "brand": null, "brand:wikidata": null, "brand:wikipedia": null, "building": null, "source": null, "dispensing": null, "addr:postcode": null, "service_times": null, "grades": null, "operator": null, "operator:type": null, "wikimedia_commons": null, "opening_hours": null, "website": null, "phone": null, "shelter_type": null, "description": null, "atm": null, "addr:street:ar": null, "addr:street:en": null, "addr:street:ur": null, "check_date": null, "addr:housenumber": null, "alt_name": null, "healthcare:speciality": null, "long_name": null, "long_name:ar": null, "long_name:ur": null, "name:ks": null, "name:ml": null, "name:pnb": null, "name:sd": null, "internet_access": null, "air_conditioning": null, "education": null, "area": null, "email": null, "name:pa": null, "generator:source": null, "level": null, "power": null, "name:ps": null, "not:name": null, "type": null }, "geometry": { "type": "Point", "coordinates": [ 73.0808043, 33.7222464 ] } },
{ "type": "Feature", "properties": { "element": "node", "id": 2412750108, "addr:city": "اسلام آباد", "addr:city:ar": "إسلام آباد", "addr:city:en": "Islamabad", "addr:city:ks": "اِسلام آبادٖ", "addr:city:pnb": "اسلام آباد", "addr:city:ps": "اسلام آباد", "addr:city:sd": "اسلام آباد", "addr:city:ur": "اسلام آباد", "addr:street": "10th Avenue", "amenity": "place_of_worship", "healthcare": null, "name": "F-10 Markaz Masjid", "name:en": null, "denomination": null, "name:ar": null, "name:ur": null, "religion": "muslim", "is_in": null, "created_by": null, "name:de": null, "name:es": null, "name:hi": null, "wikidata": null, "wikipedia": null, "emergency": null, "brand": null, "brand:wikidata": null, "brand:wikipedia": null, "building": null, "source": null, "dispensing": null, "addr:postcode": null, "service_times": null, "grades": null, "operator": null, "operator:type": null, "wikimedia_commons": null, "opening_hours": null, "website": null, "phone": null, "shelter_type": null, "description": null, "atm": null, "addr:street:ar": null, "addr:street:en": null, "addr:street:ur": null, "check_date": null, "addr:housenumber": null, "alt_name": null, "healthcare:speciality": null, "long_name": null, "long_name:ar": null, "long_name:ur": null, "name:ks": null, "name:ml": null, "name:pnb": null, "name:sd": null, "internet_access": null, "air_conditioning": null, "education": null, "area": null, "email": null, "name:pa": null, "generator:source": null, "level": null, "power": null, "name:ps": null, "not:name": null, "type": null }, "geometry": { "type": "Point", "coordinates": [ 73.0122931, 33.6970988 ] } },
{ "type": "Feature", "properties": { "element": "node", "id": 2479765985, "addr:city": null, "addr:city:ar": null, "addr:city:en": null, "addr:city:ks": null, "addr:city:pnb": null, "addr:city:ps": null, "addr:city:sd": null, "addr:city:ur": null, "addr:street": null, "amenity": "school", "healthcare": null, "name": "Pak Turk School", "name:en": null, "denomination": null, "name:ar": null, "name:ur": null, "religion": null, "is_in": null, "created_by": null, "name:de": null, "name:es": null, "name:hi": null, "wikidata": null, "wikipedia": null, "emergency": null, "brand": null, "brand:wikidata": null, "brand:wikipedia": null, "building": null, "source": null, "dispensing": null, "addr:postcode": null, "service_times": null, "grades": null, "operator": null, "operator:type": null, "wikimedia_commons": null, "opening_hours": null, "website": null, "phone": null, "shelter_type": null, "description": null, "atm": null, "addr:street:ar": null, "addr:street:en": null, "addr:street:ur": null, "check_date": null, "addr:housenumber": null, "alt_name": null, "healthcare:speciality": null, "long_name": null, "long_name:ar": null, "long_name:ur": null, "name:ks": null, "name:ml": null, "name:pnb": null, "name:sd": null, "internet_access": null, "air_conditioning": null, "education": null, "area": null, "email": null, "name:pa": null, "generator:source": null, "level": null, "power": null, "name:ps": null, "not:name": null, "type": null }, "geometry": { "type": "Point", "coordinates": [ 73.0613636, 33.678048 ] } },
{ "type": "Feature", "properties": { "element": "node", "id": 2607449981, "addr:city": null, "addr:city:ar": null, "addr:city:en": null, "addr:city:ks": null, "addr:city:pnb": null, "addr:city:ps": null, "addr:city:sd": null, "addr:city:ur": null, "addr:street": null, "amenity": "college", "healthcare": null, "name": "Islamabad Post Graduate College for Men H-8", "name:en": null, "denomination": null, "name:ar": null, "name:ur": null, "religion": null, "is_in": null, "created_by": null, "name:de": null, "name:es": null, "name:hi": null, "wikidata": null, "wikipedia": null, "emergency": null, "brand": null, "brand:wikidata": null, "brand:wikipedia": null, "building": null, "source": null, "dispensing": null, "addr:postcode": null, "service_times": null, "grades": null, "operator": null, "operator:type": null, "wikimedia_commons": null, "opening_hours": null, "website": null, "phone": null, "shelter_type": null, "description": null, "atm": null, "addr:street:ar": null, "addr:street:en": null, "addr:street:ur": null, "check_date": null, "addr:housenumber": null, "alt_name": null, "healthcare:speciality": null, "long_name": null, "long_name:ar": null, "long_name:ur": null, "name:ks": null, "name:ml": null, "name:pnb": null, "name:sd": null, "internet_access": null, "air_conditioning": null, "education": null, "area": null, "email": null, "name:pa": null, "generator:source": null, "level": null, "power": null, "name:ps": null, "not:name": null, "type": null }, "geometry": { "type": "Point", "coordinates": [ 73.0592997, 33.6863654 ] } },
{ "type": "Feature", "properties": { "element": "node", "id": 3261293299, "addr:city": "اسلام آباد", "addr:city:ar": "إسلام آباد", "addr:city:en": "Islamabad", "addr:city:ks": "اِسلام آبادٖ", "addr:city:pnb": "اسلام آباد", "addr:city:ps": "اسلام آباد", "addr:city:sd": "اسلام آباد", "addr:city:ur": "اسلام آباد", "addr:street": "Gali 38", "amenity": "place_of_worship", "healthcare": null, "name": "Masjid Tooba", "name:en": null, "denomination": "sunni", "name:ar": null, "name:ur": null, "religion": "muslim", "is_in": null, "created_by": null, "name:de": null, "name:es": null, "name:hi": null, "wikidata": "Q2993402", "wikipedia": "en:Masjid-e-Tooba", "emergency": null, "brand": null, "brand:wikidata": null, "brand:wikipedia": null, "building": null, "source": null, "dispensing": null, "addr:postcode": null, "service_times": null, "grades": null, "operator": null, "operator:type": null, "wikimedia_commons": "Category:Masjid e Tooba, Karachi", "opening_hours": null, "website": null, "phone": null, "shelter_type": null, "description": null, "atm": null, "addr:street:ar": null, "addr:street:en": null, "addr:street:ur": null, "check_date": null, "addr:housenumber": null, "alt_name": null, "healthcare:speciality": null, "long_name": null, "long_name:ar": null, "long_name:ur": null, "name:ks": null, "name:ml": null, "name:pnb": null, "name:sd": null, "internet_access": null, "air_conditioning": null, "education": null, "area": null, "email": null, "name:pa": null, "generator:source": null, "level": null, "power": null, "name:ps": null, "not:name": null, "type": null }, "geometry": { "type": "Point", "coordinates": [ 73.0232385, 33.6756553 ] } },
{ "type": "Feature", "properties": { "element": "node", "id": 3517204229, "addr:city": "اسلام آباد", "addr:city:ar": "إسلام آباد", "addr:city:en": "Islamabad", "addr:city:ks": "اِسلام آبادٖ", "addr:city:pnb": "اسلام آباد", "addr:city:ps": "اسلام آباد", "addr:city:sd": "اسلام آباد", "addr:city:ur": "اسلام آباد", "addr:street": "Street 55", "amenity": "school", "healthcare": null, "name": "Islamabad Convent School", "name:en": null, "denomination": null, "name:ar": null, "name:ur": null, "religion": null, "is_in": null, "created_by": null, "name:de": null, "name:es": null, "name:hi": null, "wikidata": null, "wikipedia": null, "emergency": null, "brand": null, "brand:wikidata": null, "brand:wikipedia": null, "building": null, "source": null, "dispensing": null, "addr:postcode": null, "service_times": null, "grades": null, "operator": null, "operator:type": null, "wikimedia_commons": null, "opening_hours": null, "website": null, "phone": null, "shelter_type": null, "description": null, "atm": null, "addr:street:ar": null, "addr:street:en": null, "addr:street:ur": null, "check_date": null, "addr:housenumber": null, "alt_name": null, "healthcare:speciality": null, "long_name": null, "long_name:ar": null, "long_name:ur": null, "name:ks": null, "name:ml": null, "name:pnb": null, "name:sd": null, "internet_access": null, "air_conditioning": null, "education": null, "area": null, "email": null, "name:pa": null, "generator:source": null, "level": null, "power": null, "name:ps": null, "not:name": null, "type": null }, "geometry": { "type": "Point", "coordinates": [ 73.04575, 33.71053 ] } },
{ "type": "Feature", "properties": { "element": "node", "id": 3517204400, "addr:city": "اسلام آباد", "addr:city:ar": "إسلام آباد", "addr:city:en": "Islamabad", "addr:city:ks": "اِسلام آبادٖ", "addr:city:pnb": "اسلام آباد", "addr:city:ps": "اسلام آباد", "addr:city:sd": "اسلام آباد", "addr:city:ur": "اسلام آباد", "addr:street": "Street 92", "amenity": "place_of_worship", "healthcare": null, "name": "Masjid e Usman", "name:en": null, "denomination": "sunni", "name:ar": null, "name:ur": null, "religion": "muslim", "is_in": null, "created_by": null, "name:de": null, "name:es": null, "name:hi": null, "wikidata": null, "wikipedia": null, "emergency": null, "brand": null, "brand:wikidata": null, "brand:wikipedia": null, "building": null, "source": null, "dispensing": null, "addr:postcode": null, "service_times": null, "grades": null, "operator": null, "operator:type": null, "wikimedia_commons": null, "opening_hours": null, "website": null, "phone": null, "shelter_type": null, "description": null, "atm": null, "addr:street:ar": null, "addr:street:en": null, "addr:street:ur": null, "check_date": null, "addr:housenumber": null, "alt_name": null, "healthcare:speciality": null, "long_name": null, "long_name:ar": null, "long_name:ur": null, "name:ks": null, "name:ml": null, "name:pnb": null, "name:sd": null, "internet_access": null, "air_conditioning": null, "education": null, "area": null, "email": null, "name:pa": null, "generator:source": null, "level": null, "power": null, "name:ps": null, "not:name": null, "type": null }, "geometry": { "type": "Point", "coordinates": [ 73.0840634, 33.7170347 ] } },
{ "type": "Feature", "properties": { "element": "node", "id": 4139985189, "addr:city": null, "addr:city:ar": null, "addr:city:en": null, "addr:city:ks": null, "addr:city:pnb": null, "addr:city:ps": null, "addr:city:sd": null, "addr:city:ur": null, "addr:street": "Gali 116", "amenity": "place_of_worship", "healthcare": null, "name": "Naqshbandi Haqqani Zikar place", "name:en": null, "denomination": null, "name:ar": null, "name:ur": null, "religion": null, "is_in": null, "created_by": null, "name:de": null, "name:es": null, "name:hi": null, "wikidata": null, "wikipedia": null, "emergency": null, "brand": null, "brand:wikidata": null, "brand:wikipedia": null, "building": null, "source": null, "dispensing": null, "addr:postcode": null, "service_times": null, "grades": null, "operator": null, "operator:type": null, "wikimedia_commons": null, "opening_hours": "Th 20:00-22:00", "website": null, "phone": null, "shelter_type": null, "description": null, "atm": null, "addr:street:ar": null, "addr:street:en": null, "addr:street:ur": null, "check_date": null, "addr:housenumber": null, "alt_name": null, "healthcare:speciality": null, "long_name": null, "long_name:ar": null, "long_name:ur": null, "name:ks": null, "name:ml": null, "name:pnb": null, "name:sd": null, "internet_access": null, "air_conditioning": null, "education": null, "area": null, "email": null, "name:pa": null, "generator:source": null, "level": null, "power": null, "name:ps": null, "not:name": null, "type": null }, "geometry": { "type": "Point", "coordinates": [ 73.0327419, 33.6932826 ] } },
{ "type": "Feature", "properties": { "element": "node", "id": 4232413800, "addr:city": null, "addr:city:ar": null, "addr:city:en": null, "addr:city:ks": null, "addr:city:pnb": null, "addr:city:ps": null, "addr:city:sd": null, "addr:city:ur": null, "addr:street": null, "amenity": "community_centre", "healthcare": null, "name": "HEC UESTP", "name:en": null, "denomination": null, "name:ar": null, "name:ur": null, "religion": null, "is_in": null, "created_by": null, "name:de": null, "name:es": null, "name:hi": null, "wikidata": null, "wikipedia": null, "emergency": null, "brand": null, "brand:wikidata": null, "brand:wikipedia": null, "building": null, "source": null, "dispensing": null, "addr:postcode": null, "service_times": null, "grades": null, "operator": null, "operator:type": null, "wikimedia_commons": null, "opening_hours": null, "website": null, "phone": null, "shelter_type": null, "description": null, "atm": null, "addr:street:ar": null, "addr:street:en": null, "addr:street:ur": null, "check_date": null, "addr:housenumber": null, "alt_name": null, "healthcare:speciality": null, "long_name": null, "long_name:ar": null, "long_name:ur": null, "name:ks": null, "name:ml": null, "name:pnb": null, "name:sd": null, "internet_access": null, "air_conditioning": null, "education": null, "area": null, "email": null, "name:pa": null, "generator:source": null, "level": null, "power": null, "name:ps": null, "not:name": null, "type": null }, "geometry": { "type": "Point", "coordinates": [ 73.056961, 33.674047 ] } },
{ "type": "Feature", "properties": { "element": "node", "id": 4232624189, "addr:city": null, "addr:city:ar": null, "addr:city:en": null, "addr:city:ks": null, "addr:city:pnb": null, "addr:city:ps": null, "addr:city:sd": null, "addr:city:ur": null, "addr:street": null, "amenity": "community_centre", "healthcare": null, "name": "ICCC", "name:en": null, "denomination": null, "name:ar": null, "name:ur": null, "religion": null, "is_in": null, "created_by": null, "name:de": null, "name:es": null, "name:hi": null, "wikidata": null, "wikipedia": null, "emergency": null, "brand": null, "brand:wikidata": null, "brand:wikipedia": null, "building": null, "source": null, "dispensing": null, "addr:postcode": null, "service_times": null, "grades": null, "operator": null, "operator:type": null, "wikimedia_commons": null, "opening_hours": null, "website": null, "phone": null, "shelter_type": null, "description": null, "atm": null, "addr:street:ar": null, "addr:street:en": null, "addr:street:ur": null, "check_date": null, "addr:housenumber": null, "alt_name": null, "healthcare:speciality": null, "long_name": null, "long_name:ar": null, "long_name:ur": null, "name:ks": null, "name:ml": null, "name:pnb": null, "name:sd": null, "internet_access": null, "air_conditioning": null, "education": null, "area": null, "email": null, "name:pa": null, "generator:source": null, "level": null, "power": null, "name:ps": null, "not:name": null, "type": null }, "geometry": { "type": "Point", "coordinates": [ 73.057886, 33.6731089 ] } },
{ "type": "Feature", "properties": { "element": "node", "id": 4261349011, "addr:city": "اسلام آباد", "addr:city:ar": "إسلام آباد", "addr:city:en": "Islamabad", "addr:city:ks": "اِسلام آبادٖ", "addr:city:pnb": "اسلام آباد", "addr:city:ps": "اسلام آباد", "addr:city:sd": "اسلام آباد", "addr:city:ur": "اسلام آباد", "addr:street": "Street 54", "amenity": "clinic", "healthcare": "clinic", "name": "Dr Salma Kafeel Clinic", "name:en": null, "denomination": null, "name:ar": null, "name:ur": null, "religion": null, "is_in": null, "created_by": null, "name:de": null, "name:es": null, "name:hi": null, "wikidata": null, "wikipedia": null, "emergency": null, "brand": null, "brand:wikidata": null, "brand:wikipedia": null, "building": null, "source": null, "dispensing": null, "addr:postcode": null, "service_times": null, "grades": null, "operator": null, "operator:type": null, "wikimedia_commons": null, "opening_hours": null, "website": null, "phone": null, "shelter_type": null, "description": null, "atm": null, "addr:street:ar": null, "addr:street:en": null, "addr:street:ur": null, "check_date": null, "addr:housenumber": null, "alt_name": null, "healthcare:speciality": null, "long_name": null, "long_name:ar": null, "long_name:ur": null, "name:ks": null, "name:ml": null, "name:pnb": null, "name:sd": null, "internet_access": null, "air_conditioning": null, "education": null, "area": null, "email": null, "name:pa": null, "generator:source": null, "level": null, "power": null, "name:ps": null, "not:name": null, "type": null }, "geometry": { "type": "Point", "coordinates": [ 73.0649213, 33.7174231 ] } },
{ "type": "Feature", "properties": { "element": "node", "id": 4267768492, "addr:city": null, "addr:city:ar": null, "addr:city:en": null, "addr:city:ks": null, "addr:city:pnb": null, "addr:city:ps": null, "addr:city:sd": null, "addr:city:ur": null, "addr:street": null, "amenity": "school", "healthcare": null, "name": "HEC ISLAMABAD ", "name:en": null, "denomination": null, "name:ar": null, "name:ur": null, "religion": null, "is_in": null, "created_by": null, "name:de": null, "name:es": null, "name:hi": null, "wikidata": null, "wikipedia": null, "emergency": null, "brand": null, "brand:wikidata": null, "brand:wikipedia": null, "building": null, "source": null, "dispensing": null, "addr:postcode": null, "service_times": null, "grades": null, "operator": null, "operator:type": null, "wikimedia_commons": null, "opening_hours": null, "website": null, "phone": null, "shelter_type": null, "description": null, "atm": null, "addr:street:ar": null, "addr:street:en": null, "addr:street:ur": null, "check_date": null, "addr:housenumber": null, "alt_name": null, "healthcare:speciality": null, "long_name": null, "long_name:ar": null, "long_name:ur": null, "name:ks": null, "name:ml": null, "name:pnb": null, "name:sd": null, "internet_access": null, "air_conditioning": null, "education": null, "area": null, "email": null, "name:pa": null, "generator:source": null, "level": null, "power": null, "name:ps": null, "not:name": null, "type": null }, "geometry": { "type": "Point", "coordinates": [ 73.0576921, 33.6761627 ] } },
{ "type": "Feature", "properties": { "element": "node", "id": 4364814497, "addr:city": "اسلام آباد", "addr:city:ar": "إسلام آباد", "addr:city:en": "Islamabad", "addr:city:ks": "اِسلام آبادٖ", "addr:city:pnb": "اسلام آباد", "addr:city:ps": "اسلام آباد", "addr:city:sd": "اسلام آباد", "addr:city:ur": "اسلام آباد", "addr:street": "Service Road E8/E9", "amenity": "school", "healthcare": null, "name": "Air University Islamabad", "name:en": null, "denomination": null, "name:ar": null, "name:ur": null, "religion": null, "is_in": null, "created_by": null, "name:de": null, "name:es": null, "name:hi": null, "wikidata": null, "wikipedia": null, "emergency": null, "brand": null, "brand:wikidata": null, "brand:wikipedia": null, "building": null, "source": null, "dispensing": null, "addr:postcode": "44000", "service_times": null, "grades": null, "operator": null, "operator:type": null, "wikimedia_commons": null, "opening_hours": null, "website": "https://au.edu.pk/", "phone": null, "shelter_type": null, "description": null, "atm": null, "addr:street:ar": null, "addr:street:en": null, "addr:street:ur": null, "check_date": null, "addr:housenumber": null, "alt_name": null, "healthcare:speciality": null, "long_name": null, "long_name:ar": null, "long_name:ur": null, "name:ks": null, "name:ml": null, "name:pnb": null, "name:sd": null, "internet_access": null, "air_conditioning": null, "education": null, "area": null, "email": null, "name:pa": null, "generator:source": null, "level": null, "power": null, "name:ps": null, "not:name": null, "type": null }, "geometry": { "type": "Point", "coordinates": [ 73.025864, 33.713944 ] } },
{ "type": "Feature", "properties": { "element": "node", "id": 4406908789, "addr:city": "اسلام آباد", "addr:city:ar": "إسلام آباد", "addr:city:en": "Islamabad", "addr:city:ks": "اِسلام آبادٖ", "addr:city:pnb": "اسلام آباد", "addr:city:ps": "اسلام آباد", "addr:city:sd": "اسلام آباد", "addr:city:ur": "اسلام آباد", "addr:street": "Street 16", "amenity": "clinic", "healthcare": "clinic", "name": "Aziz Medical Center", "name:en": null, "denomination": null, "name:ar": null, "name:ur": null, "religion": null, "is_in": null, "created_by": null, "name:de": null, "name:es": null, "name:hi": null, "wikidata": null, "wikipedia": null, "emergency": null, "brand": null, "brand:wikidata": null, "brand:wikipedia": null, "building": null, "source": null, "dispensing": null, "addr:postcode": "4400", "service_times": null, "grades": null, "operator": null, "operator:type": null, "wikimedia_commons": null, "opening_hours": "Mo-Fr 09:30-16:30", "website": "http://amcpk.com", "phone": "+92512873191", "shelter_type": null, "description": null, "atm": null, "addr:street:ar": null, "addr:street:en": null, "addr:street:ur": null, "check_date": null, "addr:housenumber": null, "alt_name": null, "healthcare:speciality": null, "long_name": null, "long_name:ar": null, "long_name:ur": null, "name:ks": null, "name:ml": null, "name:pnb": null, "name:sd": null, "internet_access": null, "air_conditioning": null, "education": null, "area": null, "email": null, "name:pa": null, "generator:source": null, "level": null, "power": null, "name:ps": null, "not:name": null, "type": null }, "geometry": { "type": "Point", "coordinates": [ 73.0800905, 33.7308751 ] } },
{ "type": "Feature", "properties": { "element": "node", "id": 4407876708, "addr:city": null, "addr:city:ar": null, "addr:city:en": null, "addr:city:ks": null, "addr:city:pnb": null, "addr:city:ps": null, "addr:city:sd": null, "addr:city:ur": null, "addr:street": null, "amenity": "place_of_worship", "healthcare": null, "name": "Awami Trade Center plaza", "name:en": "Awami Trade Center plaza", "denomination": null, "name:ar": null, "name:ur": null, "religion": null, "is_in": null, "created_by": null, "name:de": null, "name:es": null, "name:hi": null, "wikidata": null, "wikipedia": null, "emergency": null, "brand": null, "brand:wikidata": null, "brand:wikipedia": null, "building": null, "source": null, "dispensing": null, "addr:postcode": "44100", "service_times": null, "grades": null, "operator": null, "operator:type": null, "wikimedia_commons": null, "opening_hours": null, "website": null, "phone": null, "shelter_type": null, "description": null, "atm": null, "addr:street:ar": null, "addr:street:en": null, "addr:street:ur": null, "check_date": null, "addr:housenumber": null, "alt_name": null, "healthcare:speciality": null, "long_name": null, "long_name:ar": null, "long_name:ur": null, "name:ks": null, "name:ml": null, "name:pnb": null, "name:sd": null, "internet_access": null, "air_conditioning": null, "education": null, "area": null, "email": null, "name:pa": null, "generator:source": null, "level": null, "power": null, "name:ps": null, "not:name": null, "type": null }, "geometry": { "type": "Point", "coordinates": [ 73.0311658, 33.6899009 ] } },
{ "type": "Feature", "properties": { "element": "node", "id": 4417497491, "addr:city": null, "addr:city:ar": null, "addr:city:en": null, "addr:city:ks": null, "addr:city:pnb": null, "addr:city:ps": null, "addr:city:sd": null, "addr:city:ur": null, "addr:street": "Street 4", "amenity": "school", "healthcare": null, "name": "college more", "name:en": "college more", "denomination": null, "name:ar": null, "name:ur": null, "religion": null, "is_in": null, "created_by": null, "name:de": null, "name:es": null, "name:hi": null, "wikidata": null, "wikipedia": null, "emergency": null, "brand": null, "brand:wikidata": null, "brand:wikipedia": null, "building": null, "source": null, "dispensing": null, "addr:postcode": null, "service_times": null, "grades": null, "operator": null, "operator:type": null, "wikimedia_commons": null, "opening_hours": null, "website": null, "phone": null, "shelter_type": null, "description": null, "atm": null, "addr:street:ar": null, "addr:street:en": null, "addr:street:ur": null, "check_date": null, "addr:housenumber": null, "alt_name": null, "healthcare:speciality": null, "long_name": null, "long_name:ar": null, "long_name:ur": null, "name:ks": null, "name:ml": null, "name:pnb": null, "name:sd": null, "internet_access": null, "air_conditioning": null, "education": null, "area": null, "email": null, "name:pa": null, "generator:source": null, "level": null, "power": null, "name:ps": null, "not:name": null, "type": null }, "geometry": { "type": "Point", "coordinates": [ 73.0185422, 33.6811068 ] } },
{ "type": "Feature", "properties": { "element": "node", "id": 4423818490, "addr:city": null, "addr:city:ar": null, "addr:city:en": null, "addr:city:ks": null, "addr:city:pnb": null, "addr:city:ps": null, "addr:city:sd": null, "addr:city:ur": null, "addr:street": "Street 17", "amenity": "school", "healthcare": null, "name": "prometric centre", "name:en": "prometric centre", "denomination": null, "name:ar": null, "name:ur": null, "religion": null, "is_in": null, "created_by": null, "name:de": null, "name:es": null, "name:hi": null, "wikidata": null, "wikipedia": null, "emergency": null, "brand": null, "brand:wikidata": null, "brand:wikipedia": null, "building": null, "source": null, "dispensing": null, "addr:postcode": null, "service_times": null, "grades": null, "operator": null, "operator:type": null, "wikimedia_commons": null, "opening_hours": "Mo-Fr 08:00-16:00", "website": null, "phone": null, "shelter_type": null, "description": null, "atm": null, "addr:street:ar": null, "addr:street:en": null, "addr:street:ur": null, "check_date": null, "addr:housenumber": null, "alt_name": null, "healthcare:speciality": null, "long_name": null, "long_name:ar": null, "long_name:ur": null, "name:ks": null, "name:ml": null, "name:pnb": null, "name:sd": null, "internet_access": null, "air_conditioning": null, "education": null, "area": null, "email": null, "name:pa": null, "generator:source": null, "level": null, "power": null, "name:ps": null, "not:name": null, "type": null }, "geometry": { "type": "Point", "coordinates": [ 73.0689063, 33.7338619 ] } },
{ "type": "Feature", "properties": { "element": "node", "id": 4515618489, "addr:city": null, "addr:city:ar": null, "addr:city:en": null, "addr:city:ks": null, "addr:city:pnb": null, "addr:city:ps": null, "addr:city:sd": null, "addr:city:ur": null, "addr:street": null, "amenity": "police", "healthcare": null, "name": "موٹروے ڈرائیونگ لائسنس", "name:en": "moterway driving licencing", "denomination": null, "name:ar": "رخصة قيادة على الطرق السريعة", "name:ur": "موٹروے ڈرائیونگ لائسنس", "religion": null, "is_in": null, "created_by": null, "name:de": null, "name:es": null, "name:hi": null, "wikidata": null, "wikipedia": null, "emergency": null, "brand": null, "brand:wikidata": null, "brand:wikipedia": null, "building": null, "source": null, "dispensing": null, "addr:postcode": null, "service_times": null, "grades": null, "operator": null, "operator:type": null, "wikimedia_commons": null, "opening_hours": null, "website": null, "phone": null, "shelter_type": null, "description": null, "atm": null, "addr:street:ar": null, "addr:street:en": null, "addr:street:ur": null, "check_date": null, "addr:housenumber": null, "alt_name": null, "healthcare:speciality": null, "long_name": null, "long_name:ar": null, "long_name:ur": null, "name:ks": null, "name:ml": null, "name:pnb": null, "name:sd": null, "internet_access": null, "air_conditioning": null, "education": null, "area": null, "email": null, "name:pa": null, "generator:source": null, "level": null, "power": null, "name:ps": null, "not:name": null, "type": null }, "geometry": { "type": "Point", "coordinates": [ 73.0596221, 33.6847342 ] } },
{ "type": "Feature", "properties": { "element": "node", "id": 4524887194, "addr:city": null, "addr:city:ar": null, "addr:city:en": null, "addr:city:ks": null, "addr:city:pnb": null, "addr:city:ps": null, "addr:city:sd": null, "addr:city:ur": null, "addr:street": null, "amenity": "school", "healthcare": null, "name": "Preston University Islamabad", "name:en": "Preston University Islamabad", "denomination": null, "name:ar": null, "name:ur": null, "religion": null, "is_in": null, "created_by": null, "name:de": null, "name:es": null, "name:hi": null, "wikidata": null, "wikipedia": null, "emergency": null, "brand": null, "brand:wikidata": null, "brand:wikipedia": null, "building": null, "source": null, "dispensing": null, "addr:postcode": null, "service_times": null, "grades": null, "operator": null, "operator:type": null, "wikimedia_commons": null, "opening_hours": null, "website": null, "phone": null, "shelter_type": null, "description": null, "atm": null, "addr:street:ar": null, "addr:street:en": null, "addr:street:ur": null, "check_date": null, "addr:housenumber": null, "alt_name": null, "healthcare:speciality": null, "long_name": null, "long_name:ar": null, "long_name:ur": null, "name:ks": null, "name:ml": null, "name:pnb": null, "name:sd": null, "internet_access": null, "air_conditioning": null, "education": null, "area": null, "email": null, "name:pa": null, "generator:source": null, "level": null, "power": null, "name:ps": null, "not:name": null, "type": null }, "geometry": { "type": "Point", "coordinates": [ 73.0643025, 33.6755159 ] } },
{ "type": "Feature", "properties": { "element": "node", "id": 4562011451, "addr:city": null, "addr:city:ar": null, "addr:city:en": null, "addr:city:ks": null, "addr:city:pnb": null, "addr:city:ps": null, "addr:city:sd": null, "addr:city:ur": null, "addr:street": null, "amenity": "pharmacy", "healthcare": "pharmacy", "name": null, "name:en": null, "denomination": null, "name:ar": null, "name:ur": null, "religion": null, "is_in": null, "created_by": null, "name:de": null, "name:es": null, "name:hi": null, "wikidata": null, "wikipedia": null, "emergency": null, "brand": null, "brand:wikidata": null, "brand:wikipedia": null, "building": null, "source": null, "dispensing": null, "addr:postcode": null, "service_times": null, "grades": null, "operator": null, "operator:type": null, "wikimedia_commons": null, "opening_hours": null, "website": null, "phone": null, "shelter_type": null, "description": null, "atm": null, "addr:street:ar": null, "addr:street:en": null, "addr:street:ur": null, "check_date": null, "addr:housenumber": null, "alt_name": null, "healthcare:speciality": null, "long_name": null, "long_name:ar": null, "long_name:ur": null, "name:ks": null, "name:ml": null, "name:pnb": null, "name:sd": null, "internet_access": null, "air_conditioning": null, "education": null, "area": null, "email": null, "name:pa": null, "generator:source": null, "level": null, "power": null, "name:ps": null, "not:name": null, "type": null }, "geometry": { "type": "Point", "coordinates": [ 73.0747389, 33.6721651 ] } },
{ "type": "Feature", "properties": { "element": "node", "id": 4571538593, "addr:city": "اسلام آباد", "addr:city:ar": "إسلام آباد", "addr:city:en": "Islamabad", "addr:city:ks": "اِسلام آبادٖ", "addr:city:pnb": "اسلام آباد", "addr:city:ps": "اسلام آباد", "addr:city:sd": "اسلام آباد", "addr:city:ur": "اسلام آباد", "addr:street": "Nazim ud Din Road", "amenity": "college", "healthcare": null, "name": "Chanab Group of colleges F8-4", "name:en": null, "denomination": null, "name:ar": null, "name:ur": null, "religion": null, "is_in": null, "created_by": null, "name:de": null, "name:es": null, "name:hi": null, "wikidata": null, "wikipedia": null, "emergency": null, "brand": null, "brand:wikidata": null, "brand:wikipedia": null, "building": null, "source": null, "dispensing": null, "addr:postcode": null, "service_times": null, "grades": null, "operator": null, "operator:type": null, "wikimedia_commons": null, "opening_hours": null, "website": null, "phone": null, "shelter_type": null, "description": null, "atm": null, "addr:street:ar": null, "addr:street:en": null, "addr:street:ur": null, "check_date": null, "addr:housenumber": null, "alt_name": null, "healthcare:speciality": null, "long_name": null, "long_name:ar": null, "long_name:ur": null, "name:ks": null, "name:ml": null, "name:pnb": null, "name:sd": null, "internet_access": null, "air_conditioning": null, "education": null, "area": null, "email": null, "name:pa": null, "generator:source": null, "level": null, "power": null, "name:ps": null, "not:name": null, "type": null }, "geometry": { "type": "Point", "coordinates": [ 73.0427452, 33.7050424 ] } },
{ "type": "Feature", "properties": { "element": "node", "id": 4603321402, "addr:city": null, "addr:city:ar": null, "addr:city:en": null, "addr:city:ks": null, "addr:city:pnb": null, "addr:city:ps": null, "addr:city:sd": null, "addr:city:ur": null, "addr:street": null, "amenity": "school", "healthcare": null, "name": "ripah international university", "name:en": "ripah international university", "denomination": null, "name:ar": null, "name:ur": null, "religion": null, "is_in": null, "created_by": null, "name:de": null, "name:es": null, "name:hi": null, "wikidata": null, "wikipedia": null, "emergency": null, "brand": null, "brand:wikidata": null, "brand:wikipedia": null, "building": null, "source": null, "dispensing": null, "addr:postcode": null, "service_times": null, "grades": null, "operator": null, "operator:type": null, "wikimedia_commons": null, "opening_hours": null, "website": null, "phone": null, "shelter_type": null, "description": null, "atm": null, "addr:street:ar": null, "addr:street:en": null, "addr:street:ur": null, "check_date": null, "addr:housenumber": null, "alt_name": null, "healthcare:speciality": null, "long_name": null, "long_name:ar": null, "long_name:ur": null, "name:ks": null, "name:ml": null, "name:pnb": null, "name:sd": null, "internet_access": null, "air_conditioning": null, "education": null, "area": null, "email": null, "name:pa": null, "generator:source": null, "level": null, "power": null, "name:ps": null, "not:name": null, "type": null }, "geometry": { "type": "Point", "coordinates": [ 73.0608089, 33.6829407 ] } },
{ "type": "Feature", "properties": { "element": "node", "id": 4603322697, "addr:city": null, "addr:city:ar": null, "addr:city:en": null, "addr:city:ks": null, "addr:city:pnb": null, "addr:city:ps": null, "addr:city:sd": null, "addr:city:ur": null, "addr:street": null, "amenity": "school", "healthcare": null, "name": "سینٹ گیبریل اسکول", "name:en": "Saint Gabriel school", "denomination": null, "name:ar": "مدرسة سينت جيبريل", "name:ur": "سینٹ گیبریل اسکول", "religion": null, "is_in": null, "created_by": null, "name:de": null, "name:es": null, "name:hi": null, "wikidata": null, "wikipedia": null, "emergency": null, "brand": null, "brand:wikidata": null, "brand:wikipedia": null, "building": null, "source": null, "dispensing": null, "addr:postcode": null, "service_times": null, "grades": null, "operator": null, "operator:type": null, "wikimedia_commons": null, "opening_hours": null, "website": null, "phone": null, "shelter_type": null, "description": null, "atm": null, "addr:street:ar": null, "addr:street:en": null, "addr:street:ur": null, "check_date": null, "addr:housenumber": null, "alt_name": null, "healthcare:speciality": null, "long_name": null, "long_name:ar": null, "long_name:ur": null, "name:ks": null, "name:ml": null, "name:pnb": null, "name:sd": null, "internet_access": null, "air_conditioning": null, "education": null, "area": null, "email": null, "name:pa": null, "generator:source": null, "level": null, "power": null, "name:ps": null, "not:name": null, "type": null }, "geometry": { "type": "Point", "coordinates": [ 73.0611584, 33.6823441 ] } },
{ "type": "Feature", "properties": { "element": "node", "id": 4666009115, "addr:city": null, "addr:city:ar": null, "addr:city:en": null, "addr:city:ks": null, "addr:city:pnb": null, "addr:city:ps": null, "addr:city:sd": null, "addr:city:ur": null, "addr:street": null, "amenity": "shelter", "healthcare": null, "name": null, "name:en": null, "denomination": null, "name:ar": null, "name:ur": null, "religion": null, "is_in": null, "created_by": null, "name:de": null, "name:es": null, "name:hi": null, "wikidata": null, "wikipedia": null, "emergency": null, "brand": null, "brand:wikidata": null, "brand:wikipedia": null, "building": null, "source": null, "dispensing": null, "addr:postcode": null, "service_times": null, "grades": null, "operator": null, "operator:type": null, "wikimedia_commons": null, "opening_hours": null, "website": null, "phone": null, "shelter_type": "gazebo", "description": null, "atm": null, "addr:street:ar": null, "addr:street:en": null, "addr:street:ur": null, "check_date": null, "addr:housenumber": null, "alt_name": null, "healthcare:speciality": null, "long_name": null, "long_name:ar": null, "long_name:ur": null, "name:ks": null, "name:ml": null, "name:pnb": null, "name:sd": null, "internet_access": null, "air_conditioning": null, "education": null, "area": null, "email": null, "name:pa": null, "generator:source": null, "level": null, "power": null, "name:ps": null, "not:name": null, "type": null }, "geometry": { "type": "Point", "coordinates": [ 73.0610493, 33.7237504 ] } },
{ "type": "Feature", "properties": { "element": "node", "id": 4666009116, "addr:city": null, "addr:city:ar": null, "addr:city:en": null, "addr:city:ks": null, "addr:city:pnb": null, "addr:city:ps": null, "addr:city:sd": null, "addr:city:ur": null, "addr:street": null, "amenity": "shelter", "healthcare": null, "name": null, "name:en": null, "denomination": null, "name:ar": null, "name:ur": null, "religion": null, "is_in": null, "created_by": null, "name:de": null, "name:es": null, "name:hi": null, "wikidata": null, "wikipedia": null, "emergency": null, "brand": null, "brand:wikidata": null, "brand:wikipedia": null, "building": null, "source": null, "dispensing": null, "addr:postcode": null, "service_times": null, "grades": null, "operator": null, "operator:type": null, "wikimedia_commons": null, "opening_hours": null, "website": null, "phone": null, "shelter_type": "gazebo", "description": null, "atm": null, "addr:street:ar": null, "addr:street:en": null, "addr:street:ur": null, "check_date": null, "addr:housenumber": null, "alt_name": null, "healthcare:speciality": null, "long_name": null, "long_name:ar": null, "long_name:ur": null, "name:ks": null, "name:ml": null, "name:pnb": null, "name:sd": null, "internet_access": null, "air_conditioning": null, "education": null, "area": null, "email": null, "name:pa": null, "generator:source": null, "level": null, "power": null, "name:ps": null, "not:name": null, "type": null }, "geometry": { "type": "Point", "coordinates": [ 73.0615078, 33.7225392 ] } },
{ "type": "Feature", "properties": { "element": "node", "id": 4704702192, "addr:city": "اسلام آباد", "addr:city:ar": "إسلام آباد", "addr:city:en": "Islamabad", "addr:city:ks": "اِسلام آبادٖ", "addr:city:pnb": "اسلام آباد", "addr:city:ps": "اسلام آباد", "addr:city:sd": "اسلام آباد", "addr:city:ur": "اسلام آباد", "addr:street": "Street 51", "amenity": "school", "healthcare": null, "name": "Darul ifta wal ihsan", "name:en": null, "denomination": null, "name:ar": null, "name:ur": null, "religion": null, "is_in": null, "created_by": null, "name:de": null, "name:es": null, "name:hi": null, "wikidata": null, "wikipedia": null, "emergency": null, "brand": null, "brand:wikidata": null, "brand:wikipedia": null, "building": null, "source": null, "dispensing": null, "addr:postcode": null, "service_times": null, "grades": null, "operator": null, "operator:type": null, "wikimedia_commons": null, "opening_hours": null, "website": null, "phone": null, "shelter_type": null, "description": null, "atm": null, "addr:street:ar": null, "addr:street:en": null, "addr:street:ur": null, "check_date": null, "addr:housenumber": null, "alt_name": null, "healthcare:speciality": null, "long_name": null, "long_name:ar": null, "long_name:ur": null, "name:ks": null, "name:ml": null, "name:pnb": null, "name:sd": null, "internet_access": null, "air_conditioning": null, "education": null, "area": null, "email": null, "name:pa": null, "generator:source": null, "level": null, "power": null, "name:ps": null, "not:name": null, "type": null }, "geometry": { "type": "Point", "coordinates": [ 73.0126555, 33.6916371 ] } },
{ "type": "Feature", "properties": { "element": "node", "id": 4732506421, "addr:city": null, "addr:city:ar": null, "addr:city:en": null, "addr:city:ks": null, "addr:city:pnb": null, "addr:city:ps": null, "addr:city:sd": null, "addr:city:ur": null, "addr:street": null, "amenity": "pharmacy", "healthcare": null, "name": "medhelp chemist", "name:en": "medhelp chemist", "denomination": null, "name:ar": null, "name:ur": null, "religion": null, "is_in": null, "created_by": null, "name:de": null, "name:es": null, "name:hi": null, "wikidata": null, "wikipedia": null, "emergency": null, "brand": null, "brand:wikidata": null, "brand:wikipedia": null, "building": null, "source": null, "dispensing": null, "addr:postcode": null, "service_times": null, "grades": null, "operator": null, "operator:type": null, "wikimedia_commons": null, "opening_hours": null, "website": null, "phone": null, "shelter_type": null, "description": null, "atm": null, "addr:street:ar": null, "addr:street:en": null, "addr:street:ur": null, "check_date": null, "addr:housenumber": null, "alt_name": null, "healthcare:speciality": null, "long_name": null, "long_name:ar": null, "long_name:ur": null, "name:ks": null, "name:ml": null, "name:pnb": null, "name:sd": null, "internet_access": null, "air_conditioning": null, "education": null, "area": null, "email": null, "name:pa": null, "generator:source": null, "level": null, "power": null, "name:ps": null, "not:name": null, "type": null }, "geometry": { "type": "Point", "coordinates": [ 73.0142582, 33.69503 ] } },
{ "type": "Feature", "properties": { "element": "node", "id": 4783119127, "addr:city": null, "addr:city:ar": null, "addr:city:en": null, "addr:city:ks": null, "addr:city:pnb": null, "addr:city:ps": null, "addr:city:sd": null, "addr:city:ur": null, "addr:street": null, "amenity": "pharmacy", "healthcare": "pharmacy", "name": "al muslim pharmacy", "name:en": "al muslim pharmacy", "denomination": null, "name:ar": null, "name:ur": null, "religion": null, "is_in": null, "created_by": null, "name:de": null, "name:es": null, "name:hi": null, "wikidata": null, "wikipedia": null, "emergency": null, "brand": null, "brand:wikidata": null, "brand:wikipedia": null, "building": null, "source": null, "dispensing": null, "addr:postcode": null, "service_times": null, "grades": null, "operator": null, "operator:type": null, "wikimedia_commons": null, "opening_hours": null, "website": null, "phone": null, "shelter_type": null, "description": null, "atm": null, "addr:street:ar": null, "addr:street:en": null, "addr:street:ur": null, "check_date": null, "addr:housenumber": null, "alt_name": null, "healthcare:speciality": null, "long_name": null, "long_name:ar": null, "long_name:ur": null, "name:ks": null, "name:ml": null, "name:pnb": null, "name:sd": null, "internet_access": null, "air_conditioning": null, "education": null, "area": null, "email": null, "name:pa": null, "generator:source": null, "level": null, "power": null, "name:ps": null, "not:name": null, "type": null }, "geometry": { "type": "Point", "coordinates": [ 73.0429764, 33.6850003 ] } },
{ "type": "Feature", "properties": { "element": "node", "id": 4790230621, "addr:city": null, "addr:city:ar": null, "addr:city:en": null, "addr:city:ks": null, "addr:city:pnb": null, "addr:city:ps": null, "addr:city:sd": null, "addr:city:ur": null, "addr:street": null, "amenity": "pharmacy", "healthcare": "pharmacy", "name": "khalid pharmacy", "name:en": "khalid pharmacy", "denomination": null, "name:ar": null, "name:ur": null, "religion": null, "is_in": null, "created_by": null, "name:de": null, "name:es": null, "name:hi": null, "wikidata": null, "wikipedia": null, "emergency": null, "brand": null, "brand:wikidata": null, "brand:wikipedia": null, "building": null, "source": null, "dispensing": null, "addr:postcode": null, "service_times": null, "grades": null, "operator": null, "operator:type": null, "wikimedia_commons": null, "opening_hours": null, "website": null, "phone": null, "shelter_type": null, "description": null, "atm": null, "addr:street:ar": null, "addr:street:en": null, "addr:street:ur": null, "check_date": null, "addr:housenumber": null, "alt_name": null, "healthcare:speciality": null, "long_name": null, "long_name:ar": null, "long_name:ur": null, "name:ks": null, "name:ml": null, "name:pnb": null, "name:sd": null, "internet_access": null, "air_conditioning": null, "education": null, "area": null, "email": null, "name:pa": null, "generator:source": null, "level": null, "power": null, "name:ps": null, "not:name": null, "type": null }, "geometry": { "type": "Point", "coordinates": [ 73.0428914, 33.6849474 ] } },
{ "type": "Feature", "properties": { "element": "node", "id": 4874973780, "addr:city": "اسلام آباد", "addr:city:ar": "إسلام آباد", "addr:city:en": "Islamabad", "addr:city:ks": "اِسلام آبادٖ", "addr:city:pnb": "اسلام آباد", "addr:city:ps": "اسلام آباد", "addr:city:sd": "اسلام آباد", "addr:city:ur": "اسلام آباد", "addr:street": "Street 92", "amenity": "pharmacy", "healthcare": "pharmacy", "name": "Truworth Drug store", "name:en": null, "denomination": null, "name:ar": null, "name:ur": null, "religion": null, "is_in": null, "created_by": null, "name:de": null, "name:es": null, "name:hi": null, "wikidata": null, "wikipedia": null, "emergency": null, "brand": null, "brand:wikidata": null, "brand:wikipedia": null, "building": null, "source": null, "dispensing": null, "addr:postcode": null, "service_times": null, "grades": null, "operator": null, "operator:type": null, "wikimedia_commons": null, "opening_hours": null, "website": null, "phone": null, "shelter_type": null, "description": "A big store for buying medicines and drugs.", "atm": null, "addr:street:ar": null, "addr:street:en": null, "addr:street:ur": null, "check_date": null, "addr:housenumber": null, "alt_name": null, "healthcare:speciality": null, "long_name": null, "long_name:ar": null, "long_name:ur": null, "name:ks": null, "name:ml": null, "name:pnb": null, "name:sd": null, "internet_access": null, "air_conditioning": null, "education": null, "area": null, "email": null, "name:pa": null, "generator:source": null, "level": null, "power": null, "name:ps": null, "not:name": null, "type": null }, "geometry": { "type": "Point", "coordinates": [ 73.0842635, 33.7166075 ] } },
{ "type": "Feature", "properties": { "element": "node", "id": 4887841026, "addr:city": "اسلام آباد", "addr:city:ar": "إسلام آباد", "addr:city:en": "Islamabad", "addr:city:ks": "اِسلام آبادٖ", "addr:city:pnb": "اسلام آباد", "addr:city:ps": "اسلام آباد", "addr:city:sd": "اسلام آباد", "addr:city:ur": "اسلام آباد", "addr:street": "Street 28", "amenity": "school", "healthcare": null, "name": "Islamabad Model College for Girls G-10/2", "name:en": null, "denomination": null, "name:ar": null, "name:ur": null, "religion": null, "is_in": null, "created_by": null, "name:de": null, "name:es": null, "name:hi": null, "wikidata": null, "wikipedia": null, "emergency": null, "brand": null, "brand:wikidata": null, "brand:wikipedia": null, "building": null, "source": null, "dispensing": null, "addr:postcode": null, "service_times": null, "grades": null, "operator": null, "operator:type": null, "wikimedia_commons": null, "opening_hours": null, "website": null, "phone": null, "shelter_type": null, "description": null, "atm": null, "addr:street:ar": null, "addr:street:en": null, "addr:street:ur": null, "check_date": null, "addr:housenumber": null, "alt_name": null, "healthcare:speciality": null, "long_name": null, "long_name:ar": null, "long_name:ur": null, "name:ks": null, "name:ml": null, "name:pnb": null, "name:sd": null, "internet_access": null, "air_conditioning": null, "education": null, "area": null, "email": null, "name:pa": null, "generator:source": null, "level": null, "power": null, "name:ps": null, "not:name": null, "type": null }, "geometry": { "type": "Point", "coordinates": [ 73.0123326, 33.6788398 ] } },
{ "type": "Feature", "properties": { "element": "node", "id": 4887841036, "addr:city": "اسلام آباد", "addr:city:ar": "إسلام آباد", "addr:city:en": "Islamabad", "addr:city:ks": "اِسلام آبادٖ", "addr:city:pnb": "اسلام آباد", "addr:city:ps": "اسلام آباد", "addr:city:sd": "اسلام آباد", "addr:city:ur": "اسلام آباد", "addr:street": "Street 6", "amenity": "pharmacy", "healthcare": null, "name": "FGD - G-10/3, Dispensary", "name:en": null, "denomination": null, "name:ar": null, "name:ur": null, "religion": null, "is_in": null, "created_by": null, "name:de": null, "name:es": null, "name:hi": null, "wikidata": null, "wikipedia": null, "emergency": null, "brand": null, "brand:wikidata": null, "brand:wikipedia": null, "building": null, "source": null, "dispensing": null, "addr:postcode": null, "service_times": null, "grades": null, "operator": null, "operator:type": null, "wikimedia_commons": null, "opening_hours": null, "website": null, "phone": null, "shelter_type": null, "description": null, "atm": null, "addr:street:ar": null, "addr:street:en": null, "addr:street:ur": null, "check_date": null, "addr:housenumber": null, "alt_name": null, "healthcare:speciality": null, "long_name": null, "long_name:ar": null, "long_name:ur": null, "name:ks": null, "name:ml": null, "name:pnb": null, "name:sd": null, "internet_access": null, "air_conditioning": null, "education": null, "area": null, "email": null, "name:pa": null, "generator:source": null, "level": null, "power": null, "name:ps": null, "not:name": null, "type": null }, "geometry": { "type": "Point", "coordinates": [ 73.0135267, 33.6836701 ] } },
{ "type": "Feature", "properties": { "element": "node", "id": 4887841042, "addr:city": "اسلام آباد", "addr:city:ar": "إسلام آباد", "addr:city:en": "Islamabad", "addr:city:ks": "اِسلام آبادٖ", "addr:city:pnb": "اسلام آباد", "addr:city:ps": "اسلام آباد", "addr:city:sd": "اسلام آباد", "addr:city:ur": "اسلام آباد", "addr:street": "Street 37", "amenity": "fire_station", "healthcare": null, "name": "Fire Brigade", "name:en": null, "denomination": null, "name:ar": null, "name:ur": null, "religion": null, "is_in": null, "created_by": null, "name:de": null, "name:es": null, "name:hi": null, "wikidata": null, "wikipedia": null, "emergency": null, "brand": null, "brand:wikidata": null, "brand:wikipedia": null, "building": null, "source": null, "dispensing": null, "addr:postcode": null, "service_times": null, "grades": null, "operator": null, "operator:type": null, "wikimedia_commons": null, "opening_hours": null, "website": null, "phone": null, "shelter_type": null, "description": null, "atm": null, "addr:street:ar": null, "addr:street:en": null, "addr:street:ur": null, "check_date": null, "addr:housenumber": null, "alt_name": null, "healthcare:speciality": null, "long_name": null, "long_name:ar": null, "long_name:ur": null, "name:ks": null, "name:ml": null, "name:pnb": null, "name:sd": null, "internet_access": null, "air_conditioning": null, "education": null, "area": null, "email": null, "name:pa": null, "generator:source": null, "level": null, "power": null, "name:ps": null, "not:name": null, "type": null }, "geometry": { "type": "Point", "coordinates": [ 73.0168171, 33.6729379 ] } },
{ "type": "Feature", "properties": { "element": "node", "id": 4887841051, "addr:city": "اسلام آباد", "addr:city:ar": "إسلام آباد", "addr:city:en": "Islamabad", "addr:city:ks": "اِسلام آبادٖ", "addr:city:pnb": "اسلام آباد", "addr:city:ps": "اسلام آباد", "addr:city:sd": "اسلام آباد", "addr:city:ur": "اسلام آباد", "addr:street": "Street 36", "amenity": "place_of_worship", "healthcare": null, "name": "Jammia Masjid Muhammadiya (Ahle Hadees)", "name:en": null, "denomination": null, "name:ar": null, "name:ur": null, "religion": "muslim", "is_in": null, "created_by": null, "name:de": null, "name:es": null, "name:hi": null, "wikidata": null, "wikipedia": null, "emergency": null, "brand": null, "brand:wikidata": null, "brand:wikipedia": null, "building": null, "source": null, "dispensing": null, "addr:postcode": null, "service_times": null, "grades": null, "operator": null, "operator:type": null, "wikimedia_commons": null, "opening_hours": null, "website": null, "phone": null, "shelter_type": null, "description": null, "atm": null, "addr:street:ar": null, "addr:street:en": null, "addr:street:ur": null, "check_date": null, "addr:housenumber": null, "alt_name": null, "healthcare:speciality": null, "long_name": null, "long_name:ar": null, "long_name:ur": null, "name:ks": null, "name:ml": null, "name:pnb": null, "name:sd": null, "internet_access": null, "air_conditioning": null, "education": null, "area": null, "email": null, "name:pa": null, "generator:source": null, "level": null, "power": null, "name:ps": null, "not:name": null, "type": null }, "geometry": { "type": "Point", "coordinates": [ 73.0177486, 33.6710524 ] } },
{ "type": "Feature", "properties": { "element": "node", "id": 4887841059, "addr:city": "اسلام آباد", "addr:city:ar": "إسلام آباد", "addr:city:en": "Islamabad", "addr:city:ks": "اِسلام آبادٖ", "addr:city:pnb": "اسلام آباد", "addr:city:ps": "اسلام آباد", "addr:city:sd": "اسلام آباد", "addr:city:ur": "اسلام آباد", "addr:street": "Street 40", "amenity": "university", "healthcare": null, "name": "Muslim Youth University Islamabad", "name:en": null, "denomination": null, "name:ar": null, "name:ur": null, "religion": null, "is_in": null, "created_by": null, "name:de": null, "name:es": null, "name:hi": null, "wikidata": null, "wikipedia": null, "emergency": null, "brand": null, "brand:wikidata": null, "brand:wikipedia": null, "building": null, "source": null, "dispensing": null, "addr:postcode": null, "service_times": null, "grades": null, "operator": null, "operator:type": null, "wikimedia_commons": null, "opening_hours": null, "website": null, "phone": null, "shelter_type": null, "description": null, "atm": null, "addr:street:ar": null, "addr:street:en": null, "addr:street:ur": null, "check_date": null, "addr:housenumber": null, "alt_name": null, "healthcare:speciality": null, "long_name": null, "long_name:ar": null, "long_name:ur": null, "name:ks": null, "name:ml": null, "name:pnb": null, "name:sd": null, "internet_access": null, "air_conditioning": null, "education": null, "area": null, "email": null, "name:pa": null, "generator:source": null, "level": null, "power": null, "name:ps": null, "not:name": null, "type": null }, "geometry": { "type": "Point", "coordinates": [ 73.0237449, 33.6746679 ] } },
{ "type": "Feature", "properties": { "element": "node", "id": 4889677804, "addr:city": "اسلام آباد", "addr:city:ar": "إسلام آباد", "addr:city:en": "Islamabad", "addr:city:ks": "اِسلام آبادٖ", "addr:city:pnb": "اسلام آباد", "addr:city:ps": "اسلام آباد", "addr:city:sd": "اسلام آباد", "addr:city:ur": "اسلام آباد", "addr:street": "Sawan Road", "amenity": "school", "healthcare": null, "name": "The City School G-10 Branch", "name:en": null, "denomination": null, "name:ar": null, "name:ur": null, "religion": null, "is_in": null, "created_by": null, "name:de": null, "name:es": null, "name:hi": null, "wikidata": null, "wikipedia": null, "emergency": null, "brand": null, "brand:wikidata": null, "brand:wikipedia": null, "building": null, "source": null, "dispensing": null, "addr:postcode": null, "service_times": null, "grades": null, "operator": null, "operator:type": null, "wikimedia_commons": null, "opening_hours": null, "website": null, "phone": null, "shelter_type": null, "description": null, "atm": null, "addr:street:ar": null, "addr:street:en": null, "addr:street:ur": null, "check_date": null, "addr:housenumber": null, "alt_name": null, "healthcare:speciality": null, "long_name": null, "long_name:ar": null, "long_name:ur": null, "name:ks": null, "name:ml": null, "name:pnb": null, "name:sd": null, "internet_access": null, "air_conditioning": null, "education": null, "area": null, "email": null, "name:pa": null, "generator:source": null, "level": null, "power": null, "name:ps": null, "not:name": null, "type": null }, "geometry": { "type": "Point", "coordinates": [ 73.0218675, 33.6829607 ] } },
{ "type": "Feature", "properties": { "element": "node", "id": 4889677805, "addr:city": "اسلام آباد", "addr:city:ar": "إسلام آباد", "addr:city:en": "Islamabad", "addr:city:ks": "اِسلام آبادٖ", "addr:city:pnb": "اسلام آباد", "addr:city:ps": "اسلام آباد", "addr:city:sd": "اسلام آباد", "addr:city:ur": "اسلام آباد", "addr:street": "Service Road East G-10", "amenity": "school", "healthcare": null, "name": "KIPS CSS", "name:en": null, "denomination": null, "name:ar": null, "name:ur": null, "religion": null, "is_in": null, "created_by": null, "name:de": null, "name:es": null, "name:hi": null, "wikidata": null, "wikipedia": null, "emergency": null, "brand": null, "brand:wikidata": null, "brand:wikipedia": null, "building": null, "source": null, "dispensing": null, "addr:postcode": null, "service_times": null, "grades": null, "operator": null, "operator:type": null, "wikimedia_commons": null, "opening_hours": null, "website": null, "phone": null, "shelter_type": null, "description": null, "atm": null, "addr:street:ar": null, "addr:street:en": null, "addr:street:ur": null, "check_date": null, "addr:housenumber": null, "alt_name": null, "healthcare:speciality": null, "long_name": null, "long_name:ar": null, "long_name:ur": null, "name:ks": null, "name:ml": null, "name:pnb": null, "name:sd": null, "internet_access": null, "air_conditioning": null, "education": null, "area": null, "email": null, "name:pa": null, "generator:source": null, "level": null, "power": null, "name:ps": null, "not:name": null, "type": null }, "geometry": { "type": "Point", "coordinates": [ 73.023787, 33.6821864 ] } },
{ "type": "Feature", "properties": { "element": "node", "id": 4889677807, "addr:city": "اسلام آباد", "addr:city:ar": "إسلام آباد", "addr:city:en": "Islamabad", "addr:city:ks": "اِسلام آبادٖ", "addr:city:pnb": "اسلام آباد", "addr:city:ps": "اسلام آباد", "addr:city:sd": "اسلام آباد", "addr:city:ur": "اسلام آباد", "addr:street": "Street 69", "amenity": "place_of_worship", "healthcare": null, "name": "Khan Market Masjid", "name:en": null, "denomination": null, "name:ar": null, "name:ur": null, "religion": "muslim", "is_in": null, "created_by": null, "name:de": null, "name:es": null, "name:hi": null, "wikidata": null, "wikipedia": null, "emergency": null, "brand": null, "brand:wikidata": null, "brand:wikipedia": null, "building": null, "source": null, "dispensing": null, "addr:postcode": null, "service_times": null, "grades": null, "operator": null, "operator:type": null, "wikimedia_commons": null, "opening_hours": null, "website": null, "phone": null, "shelter_type": null, "description": null, "atm": null, "addr:street:ar": null, "addr:street:en": null, "addr:street:ur": null, "check_date": null, "addr:housenumber": null, "alt_name": null, "healthcare:speciality": null, "long_name": null, "long_name:ar": null, "long_name:ur": null, "name:ks": null, "name:ml": null, "name:pnb": null, "name:sd": null, "internet_access": null, "air_conditioning": null, "education": null, "area": null, "email": null, "name:pa": null, "generator:source": null, "level": null, "power": null, "name:ps": null, "not:name": null, "type": null }, "geometry": { "type": "Point", "coordinates": [ 73.0209648, 33.6836888 ] } },
{ "type": "Feature", "properties": { "element": "node", "id": 4889677808, "addr:city": "اسلام آباد", "addr:city:ar": "إسلام آباد", "addr:city:en": "Islamabad", "addr:city:ks": "اِسلام آبادٖ", "addr:city:pnb": "اسلام آباد", "addr:city:ps": "اسلام آباد", "addr:city:sd": "اسلام آباد", "addr:city:ur": "اسلام آباد", "addr:street": "Service Road East G-10", "amenity": "hospital", "healthcare": "hospital", "name": "Al Ain International Specialist Eye Hospital", "name:en": null, "denomination": null, "name:ar": null, "name:ur": "العین انٹرنیشنل سپیشلسٹ آئی ہسپتال", "religion": null, "is_in": null, "created_by": null, "name:de": null, "name:es": null, "name:hi": null, "wikidata": null, "wikipedia": null, "emergency": null, "brand": null, "brand:wikidata": null, "brand:wikipedia": null, "building": null, "source": null, "dispensing": null, "addr:postcode": null, "service_times": null, "grades": null, "operator": null, "operator:type": null, "wikimedia_commons": null, "opening_hours": null, "website": null, "phone": "03005319353", "shelter_type": null, "description": null, "atm": null, "addr:street:ar": null, "addr:street:en": null, "addr:street:ur": null, "check_date": null, "addr:housenumber": null, "alt_name": null, "healthcare:speciality": null, "long_name": null, "long_name:ar": null, "long_name:ur": null, "name:ks": null, "name:ml": null, "name:pnb": null, "name:sd": null, "internet_access": null, "air_conditioning": null, "education": null, "area": null, "email": null, "name:pa": null, "generator:source": null, "level": null, "power": null, "name:ps": null, "not:name": null, "type": null }, "geometry": { "type": "Point", "coordinates": [ 73.0208068, 33.6863031 ] } },
{ "type": "Feature", "properties": { "element": "node", "id": 4889677810, "addr:city": "اسلام آباد", "addr:city:ar": "إسلام آباد", "addr:city:en": "Islamabad", "addr:city:ks": "اِسلام آبادٖ", "addr:city:pnb": "اسلام آباد", "addr:city:ps": "اسلام آباد", "addr:city:sd": "اسلام آباد", "addr:city:ur": "اسلام آباد", "addr:street": "Service Road West G-9", "amenity": "place_of_worship", "healthcare": null, "name": "Jamia Masjid Riyadh ul Jannah", "name:en": null, "denomination": null, "name:ar": null, "name:ur": null, "religion": "muslim", "is_in": null, "created_by": null, "name:de": null, "name:es": null, "name:hi": null, "wikidata": null, "wikipedia": null, "emergency": null, "brand": null, "brand:wikidata": null, "brand:wikipedia": null, "building": null, "source": null, "dispensing": null, "addr:postcode": null, "service_times": null, "grades": null, "operator": null, "operator:type": null, "wikimedia_commons": null, "opening_hours": null, "website": null, "phone": null, "shelter_type": null, "description": null, "atm": null, "addr:street:ar": null, "addr:street:en": null, "addr:street:ur": null, "check_date": null, "addr:housenumber": null, "alt_name": null, "healthcare:speciality": null, "long_name": null, "long_name:ar": null, "long_name:ur": null, "name:ks": null, "name:ml": null, "name:pnb": null, "name:sd": null, "internet_access": null, "air_conditioning": null, "education": null, "area": null, "email": null, "name:pa": null, "generator:source": null, "level": null, "power": null, "name:ps": null, "not:name": null, "type": null }, "geometry": { "type": "Point", "coordinates": [ 73.0292382, 33.6774513 ] } },
{ "type": "Feature", "properties": { "element": "node", "id": 4889677811, "addr:city": "اسلام آباد", "addr:city:ar": "إسلام آباد", "addr:city:en": "Islamabad", "addr:city:ks": "اِسلام آبادٖ", "addr:city:pnb": "اسلام آباد", "addr:city:ps": "اسلام آباد", "addr:city:sd": "اسلام آباد", "addr:city:ur": "اسلام آباد", "addr:street": "Service Road South G9", "amenity": "hospital", "healthcare": "hospital", "name": "K R L General Hospital", "name:en": null, "denomination": null, "name:ar": null, "name:ur": null, "religion": null, "is_in": null, "created_by": null, "name:de": null, "name:es": null, "name:hi": null, "wikidata": null, "wikipedia": null, "emergency": null, "brand": null, "brand:wikidata": null, "brand:wikipedia": null, "building": null, "source": null, "dispensing": null, "addr:postcode": null, "service_times": null, "grades": null, "operator": null, "operator:type": null, "wikimedia_commons": null, "opening_hours": "Mo-Sa 11:00-14:00", "website": null, "phone": "0519106270", "shelter_type": null, "description": null, "atm": null, "addr:street:ar": null, "addr:street:en": null, "addr:street:ur": null, "check_date": null, "addr:housenumber": null, "alt_name": null, "healthcare:speciality": null, "long_name": null, "long_name:ar": null, "long_name:ur": null, "name:ks": null, "name:ml": null, "name:pnb": null, "name:sd": null, "internet_access": null, "air_conditioning": null, "education": null, "area": null, "email": null, "name:pa": null, "generator:source": null, "level": null, "power": null, "name:ps": null, "not:name": null, "type": null }, "geometry": { "type": "Point", "coordinates": [ 73.0318287, 33.6776437 ] } },
{ "type": "Feature", "properties": { "element": "node", "id": 4889677924, "addr:city": "اسلام آباد", "addr:city:ar": "إسلام آباد", "addr:city:en": "Islamabad", "addr:city:ks": "اِسلام آبادٖ", "addr:city:pnb": "اسلام آباد", "addr:city:ps": "اسلام آباد", "addr:city:sd": "اسلام آباد", "addr:city:ur": "اسلام آباد", "addr:street": "Street 54", "amenity": "place_of_worship", "healthcare": null, "name": "Jamia Masjid Al-Furqan Ahle Hadith", "name:en": null, "denomination": null, "name:ar": null, "name:ur": null, "religion": "muslim", "is_in": null, "created_by": null, "name:de": null, "name:es": null, "name:hi": null, "wikidata": null, "wikipedia": null, "emergency": null, "brand": null, "brand:wikidata": null, "brand:wikipedia": null, "building": null, "source": null, "dispensing": null, "addr:postcode": null, "service_times": null, "grades": null, "operator": null, "operator:type": null, "wikimedia_commons": null, "opening_hours": null, "website": null, "phone": null, "shelter_type": null, "description": null, "atm": null, "addr:street:ar": null, "addr:street:en": null, "addr:street:ur": null, "check_date": null, "addr:housenumber": null, "alt_name": null, "healthcare:speciality": null, "long_name": null, "long_name:ar": null, "long_name:ur": null, "name:ks": null, "name:ml": null, "name:pnb": null, "name:sd": null, "internet_access": null, "air_conditioning": null, "education": null, "area": null, "email": null, "name:pa": null, "generator:source": null, "level": null, "power": null, "name:ps": null, "not:name": null, "type": null }, "geometry": { "type": "Point", "coordinates": [ 73.0393345, 33.6825414 ] } },
{ "type": "Feature", "properties": { "element": "node", "id": 4889681828, "addr:city": "اسلام آباد", "addr:city:ar": "إسلام آباد", "addr:city:en": "Islamabad", "addr:city:ks": "اِسلام آبادٖ", "addr:city:pnb": "اسلام آباد", "addr:city:ps": "اسلام آباد", "addr:city:sd": "اسلام آباد", "addr:city:ur": "اسلام آباد", "addr:street": "Street 55", "amenity": "pharmacy", "healthcare": "pharmacy", "name": null, "name:en": null, "denomination": null, "name:ar": null, "name:ur": null, "religion": null, "is_in": null, "created_by": null, "name:de": null, "name:es": null, "name:hi": null, "wikidata": null, "wikipedia": null, "emergency": null, "brand": null, "brand:wikidata": null, "brand:wikipedia": null, "building": null, "source": null, "dispensing": null, "addr:postcode": null, "service_times": null, "grades": null, "operator": null, "operator:type": null, "wikimedia_commons": null, "opening_hours": null, "website": null, "phone": null, "shelter_type": null, "description": null, "atm": null, "addr:street:ar": null, "addr:street:en": null, "addr:street:ur": null, "check_date": null, "addr:housenumber": null, "alt_name": null, "healthcare:speciality": null, "long_name": null, "long_name:ar": null, "long_name:ur": null, "name:ks": null, "name:ml": null, "name:pnb": null, "name:sd": null, "internet_access": null, "air_conditioning": null, "education": null, "area": null, "email": null, "name:pa": null, "generator:source": null, "level": null, "power": null, "name:ps": null, "not:name": null, "type": null }, "geometry": { "type": "Point", "coordinates": [ 73.041094, 33.6838516 ] } },
{ "type": "Feature", "properties": { "element": "node", "id": 4889681829, "addr:city": "اسلام آباد", "addr:city:ar": "إسلام آباد", "addr:city:en": "Islamabad", "addr:city:ks": "اِسلام آبادٖ", "addr:city:pnb": "اسلام آباد", "addr:city:ps": "اسلام آباد", "addr:city:sd": "اسلام آباد", "addr:city:ur": "اسلام آباد", "addr:street": "Street 59", "amenity": "pharmacy", "healthcare": "pharmacy", "name": "My Chemist", "name:en": null, "denomination": null, "name:ar": null, "name:ur": null, "religion": null, "is_in": null, "created_by": null, "name:de": null, "name:es": null, "name:hi": null, "wikidata": null, "wikipedia": null, "emergency": null, "brand": null, "brand:wikidata": null, "brand:wikipedia": null, "building": null, "source": null, "dispensing": null, "addr:postcode": null, "service_times": null, "grades": null, "operator": null, "operator:type": null, "wikimedia_commons": null, "opening_hours": null, "website": null, "phone": null, "shelter_type": null, "description": null, "atm": null, "addr:street:ar": null, "addr:street:en": null, "addr:street:ur": null, "check_date": null, "addr:housenumber": null, "alt_name": null, "healthcare:speciality": null, "long_name": null, "long_name:ar": null, "long_name:ur": null, "name:ks": null, "name:ml": null, "name:pnb": null, "name:sd": null, "internet_access": null, "air_conditioning": null, "education": null, "area": null, "email": null, "name:pa": null, "generator:source": null, "level": null, "power": null, "name:ps": null, "not:name": null, "type": null }, "geometry": { "type": "Point", "coordinates": [ 73.0417726, 33.6846171 ] } },
{ "type": "Feature", "properties": { "element": "node", "id": 4889712013, "addr:city": "اسلام آباد", "addr:city:ar": "إسلام آباد", "addr:city:en": "Islamabad", "addr:city:ks": "اِسلام آبادٖ", "addr:city:pnb": "اسلام آباد", "addr:city:ps": "اسلام آباد", "addr:city:sd": "اسلام آباد", "addr:city:ur": "اسلام آباد", "addr:street": "Street 54", "amenity": "place_of_worship", "healthcare": null, "name": "Makki Masjid", "name:en": null, "denomination": null, "name:ar": null, "name:ur": null, "religion": "muslim", "is_in": null, "created_by": null, "name:de": null, "name:es": null, "name:hi": null, "wikidata": null, "wikipedia": null, "emergency": null, "brand": null, "brand:wikidata": null, "brand:wikipedia": null, "building": null, "source": null, "dispensing": null, "addr:postcode": null, "service_times": null, "grades": null, "operator": null, "operator:type": null, "wikimedia_commons": null, "opening_hours": null, "website": null, "phone": null, "shelter_type": null, "description": null, "atm": null, "addr:street:ar": null, "addr:street:en": null, "addr:street:ur": null, "check_date": null, "addr:housenumber": null, "alt_name": null, "healthcare:speciality": null, "long_name": null, "long_name:ar": null, "long_name:ur": null, "name:ks": null, "name:ml": null, "name:pnb": null, "name:sd": null, "internet_access": null, "air_conditioning": null, "education": null, "area": null, "email": null, "name:pa": null, "generator:source": null, "level": null, "power": null, "name:ps": null, "not:name": null, "type": null }, "geometry": { "type": "Point", "coordinates": [ 73.0431333, 33.6846078 ] } },
{ "type": "Feature", "properties": { "element": "node", "id": 4889712223, "addr:city": "اسلام آباد", "addr:city:ar": "إسلام آباد", "addr:city:en": "Islamabad", "addr:city:ks": "اِسلام آبادٖ", "addr:city:pnb": "اسلام آباد", "addr:city:ps": "اسلام آباد", "addr:city:sd": "اسلام آباد", "addr:city:ur": "اسلام آباد", "addr:street": "Gali 90", "amenity": "police", "healthcare": null, "name": "Post Office", "name:en": null, "denomination": null, "name:ar": null, "name:ur": null, "religion": null, "is_in": null, "created_by": null, "name:de": null, "name:es": null, "name:hi": null, "wikidata": null, "wikipedia": null, "emergency": null, "brand": null, "brand:wikidata": null, "brand:wikipedia": null, "building": null, "source": null, "dispensing": null, "addr:postcode": null, "service_times": null, "grades": null, "operator": null, "operator:type": null, "wikimedia_commons": null, "opening_hours": null, "website": null, "phone": null, "shelter_type": null, "description": null, "atm": null, "addr:street:ar": null, "addr:street:en": null, "addr:street:ur": null, "check_date": null, "addr:housenumber": null, "alt_name": null, "healthcare:speciality": null, "long_name": null, "long_name:ar": null, "long_name:ur": null, "name:ks": null, "name:ml": null, "name:pnb": null, "name:sd": null, "internet_access": null, "air_conditioning": null, "education": null, "area": null, "email": null, "name:pa": null, "generator:source": null, "level": null, "power": null, "name:ps": null, "not:name": null, "type": null }, "geometry": { "type": "Point", "coordinates": [ 73.0384573, 33.6850989 ] } },
{ "type": "Feature", "properties": { "element": "node", "id": 4889712232, "addr:city": "اسلام آباد", "addr:city:ar": "إسلام آباد", "addr:city:en": "Islamabad", "addr:city:ks": "اِسلام آبادٖ", "addr:city:pnb": "اسلام آباد", "addr:city:ps": "اسلام آباد", "addr:city:sd": "اسلام آباد", "addr:city:ur": "اسلام آباد", "addr:street": "Street 27", "amenity": "school", "healthcare": null, "name": "Federal Government Junior Model School No # 2", "name:en": null, "denomination": null, "name:ar": null, "name:ur": null, "religion": null, "is_in": null, "created_by": null, "name:de": null, "name:es": null, "name:hi": null, "wikidata": null, "wikipedia": null, "emergency": null, "brand": null, "brand:wikidata": null, "brand:wikipedia": null, "building": null, "source": null, "dispensing": null, "addr:postcode": null, "service_times": null, "grades": null, "operator": null, "operator:type": null, "wikimedia_commons": null, "opening_hours": null, "website": null, "phone": null, "shelter_type": null, "description": null, "atm": null, "addr:street:ar": null, "addr:street:en": null, "addr:street:ur": null, "check_date": null, "addr:housenumber": null, "alt_name": null, "healthcare:speciality": null, "long_name": null, "long_name:ar": null, "long_name:ur": null, "name:ks": null, "name:ml": null, "name:pnb": null, "name:sd": null, "internet_access": null, "air_conditioning": null, "education": null, "area": null, "email": null, "name:pa": null, "generator:source": null, "level": null, "power": null, "name:ps": null, "not:name": null, "type": null }, "geometry": { "type": "Point", "coordinates": [ 73.03038, 33.6797279 ] } },
{ "type": "Feature", "properties": { "element": "node", "id": 4889743717, "addr:city": "اسلام آباد", "addr:city:ar": "إسلام آباد", "addr:city:en": "Islamabad", "addr:city:ks": "اِسلام آبادٖ", "addr:city:pnb": "اسلام آباد", "addr:city:ps": "اسلام آباد", "addr:city:sd": "اسلام آباد", "addr:city:ur": "اسلام آباد", "addr:street": "Mangla Road", "amenity": "school", "healthcare": null, "name": "Islamabad Grammar School", "name:en": null, "denomination": null, "name:ar": null, "name:ur": null, "religion": null, "is_in": null, "created_by": null, "name:de": null, "name:es": null, "name:hi": null, "wikidata": null, "wikipedia": null, "emergency": null, "brand": null, "brand:wikidata": null, "brand:wikipedia": null, "building": null, "source": null, "dispensing": null, "addr:postcode": null, "service_times": null, "grades": null, "operator": null, "operator:type": null, "wikimedia_commons": null, "opening_hours": null, "website": null, "phone": null, "shelter_type": null, "description": null, "atm": null, "addr:street:ar": null, "addr:street:en": null, "addr:street:ur": null, "check_date": null, "addr:housenumber": null, "alt_name": null, "healthcare:speciality": null, "long_name": null, "long_name:ar": null, "long_name:ur": null, "name:ks": null, "name:ml": null, "name:pnb": null, "name:sd": null, "internet_access": null, "air_conditioning": null, "education": null, "area": null, "email": null, "name:pa": null, "generator:source": null, "level": null, "power": null, "name:ps": null, "not:name": null, "type": null }, "geometry": { "type": "Point", "coordinates": [ 73.0312064, 33.6936657 ] } },
{ "type": "Feature", "properties": { "element": "node", "id": 4889743718, "addr:city": "اسلام آباد", "addr:city:ar": "إسلام آباد", "addr:city:en": "Islamabad", "addr:city:ks": "اِسلام آبادٖ", "addr:city:pnb": "اسلام آباد", "addr:city:ps": "اسلام آباد", "addr:city:sd": "اسلام آباد", "addr:city:ur": "اسلام آباد", "addr:street": "Ibn-e-Sina Road", "amenity": "college", "healthcare": null, "name": "Chenab College", "name:en": null, "denomination": null, "name:ar": null, "name:ur": null, "religion": null, "is_in": null, "created_by": null, "name:de": null, "name:es": null, "name:hi": null, "wikidata": null, "wikipedia": null, "emergency": null, "brand": null, "brand:wikidata": null, "brand:wikipedia": null, "building": null, "source": null, "dispensing": null, "addr:postcode": null, "service_times": null, "grades": null, "operator": null, "operator:type": null, "wikimedia_commons": null, "opening_hours": null, "website": null, "phone": null, "shelter_type": null, "description": null, "atm": null, "addr:street:ar": null, "addr:street:en": null, "addr:street:ur": null, "check_date": null, "addr:housenumber": null, "alt_name": null, "healthcare:speciality": null, "long_name": null, "long_name:ar": null, "long_name:ur": null, "name:ks": null, "name:ml": null, "name:pnb": null, "name:sd": null, "internet_access": null, "air_conditioning": null, "education": null, "area": null, "email": null, "name:pa": null, "generator:source": null, "level": null, "power": null, "name:ps": null, "not:name": null, "type": null }, "geometry": { "type": "Point", "coordinates": [ 73.0319292, 33.6952436 ] } },
{ "type": "Feature", "properties": { "element": "node", "id": 4889743719, "addr:city": "اسلام آباد", "addr:city:ar": "إسلام آباد", "addr:city:en": "Islamabad", "addr:city:ks": "اِسلام آبادٖ", "addr:city:pnb": "اسلام آباد", "addr:city:ps": "اسلام آباد", "addr:city:sd": "اسلام آباد", "addr:city:ur": "اسلام آباد", "addr:street": "Ibn-e-Sina Road", "amenity": "college", "healthcare": null, "name": "Chanab Group Of Colleges Islamabad G9/3 Campus", "name:en": null, "denomination": null, "name:ar": null, "name:ur": null, "religion": null, "is_in": null, "created_by": null, "name:de": null, "name:es": null, "name:hi": null, "wikidata": null, "wikipedia": null, "emergency": null, "brand": null, "brand:wikidata": null, "brand:wikipedia": null, "building": null, "source": null, "dispensing": null, "addr:postcode": null, "service_times": null, "grades": null, "operator": null, "operator:type": null, "wikimedia_commons": null, "opening_hours": null, "website": null, "phone": null, "shelter_type": null, "description": null, "atm": null, "addr:street:ar": null, "addr:street:en": null, "addr:street:ur": null, "check_date": null, "addr:housenumber": null, "alt_name": null, "healthcare:speciality": null, "long_name": null, "long_name:ar": null, "long_name:ur": null, "name:ks": null, "name:ml": null, "name:pnb": null, "name:sd": null, "internet_access": null, "air_conditioning": null, "education": null, "area": null, "email": null, "name:pa": null, "generator:source": null, "level": null, "power": null, "name:ps": null, "not:name": null, "type": null }, "geometry": { "type": "Point", "coordinates": [ 73.0333606, 33.6959818 ] } },
{ "type": "Feature", "properties": { "element": "node", "id": 4889744123, "addr:city": "اسلام آباد", "addr:city:ar": "إسلام آباد", "addr:city:en": "Islamabad", "addr:city:ks": "اِسلام آبادٖ", "addr:city:pnb": "اسلام آباد", "addr:city:ps": "اسلام آباد", "addr:city:sd": "اسلام آباد", "addr:city:ur": "اسلام آباد", "addr:street": "Neelum Road", "amenity": "place_of_worship", "healthcare": null, "name": "Jamia Naeemia Masjid", "name:en": null, "denomination": null, "name:ar": null, "name:ur": null, "religion": "muslim", "is_in": null, "created_by": null, "name:de": null, "name:es": null, "name:hi": null, "wikidata": null, "wikipedia": null, "emergency": null, "brand": null, "brand:wikidata": null, "brand:wikipedia": null, "building": null, "source": null, "dispensing": null, "addr:postcode": null, "service_times": null, "grades": null, "operator": null, "operator:type": null, "wikimedia_commons": null, "opening_hours": null, "website": null, "phone": null, "shelter_type": null, "description": null, "atm": null, "addr:street:ar": null, "addr:street:en": null, "addr:street:ur": null, "check_date": null, "addr:housenumber": null, "alt_name": null, "healthcare:speciality": null, "long_name": null, "long_name:ar": null, "long_name:ur": null, "name:ks": null, "name:ml": null, "name:pnb": null, "name:sd": null, "internet_access": null, "air_conditioning": null, "education": null, "area": null, "email": null, "name:pa": null, "generator:source": null, "level": null, "power": null, "name:ps": null, "not:name": null, "type": null }, "geometry": { "type": "Point", "coordinates": [ 73.0409322, 33.6914958 ] } },
{ "type": "Feature", "properties": { "element": "node", "id": 4889744126, "addr:city": "اسلام آباد", "addr:city:ar": "إسلام آباد", "addr:city:en": "Islamabad", "addr:city:ks": "اِسلام آبادٖ", "addr:city:pnb": "اسلام آباد", "addr:city:ps": "اسلام آباد", "addr:city:sd": "اسلام آباد", "addr:city:ur": "اسلام آباد", "addr:street": "Gali 109", "amenity": "clinic", "healthcare": "clinic", "name": "Dr. Taliya's Clinic", "name:en": null, "denomination": null, "name:ar": null, "name:ur": null, "religion": null, "is_in": null, "created_by": null, "name:de": null, "name:es": null, "name:hi": null, "wikidata": null, "wikipedia": null, "emergency": null, "brand": null, "brand:wikidata": null, "brand:wikipedia": null, "building": null, "source": null, "dispensing": null, "addr:postcode": null, "service_times": null, "grades": null, "operator": null, "operator:type": null, "wikimedia_commons": null, "opening_hours": null, "website": null, "phone": "0512260010", "shelter_type": null, "description": null, "atm": null, "addr:street:ar": null, "addr:street:en": null, "addr:street:ur": null, "check_date": null, "addr:housenumber": null, "alt_name": null, "healthcare:speciality": null, "long_name": null, "long_name:ar": null, "long_name:ur": null, "name:ks": null, "name:ml": null, "name:pnb": null, "name:sd": null, "internet_access": null, "air_conditioning": null, "education": null, "area": null, "email": null, "name:pa": null, "generator:source": null, "level": null, "power": null, "name:ps": null, "not:name": null, "type": null }, "geometry": { "type": "Point", "coordinates": [ 73.0400877, 33.689503 ] } },
{ "type": "Feature", "properties": { "element": "node", "id": 4898951697, "addr:city": "اسلام آباد", "addr:city:ar": "إسلام آباد", "addr:city:en": "Islamabad", "addr:city:ks": "اِسلام آبادٖ", "addr:city:pnb": "اسلام آباد", "addr:city:ps": "اسلام آباد", "addr:city:sd": "اسلام آباد", "addr:city:ur": "اسلام آباد", "addr:street": "Mangla Road", "amenity": "place_of_worship", "healthcare": null, "name": "Masjid AL Ehsan", "name:en": null, "denomination": null, "name:ar": null, "name:ur": null, "religion": "muslim", "is_in": null, "created_by": null, "name:de": null, "name:es": null, "name:hi": null, "wikidata": null, "wikipedia": null, "emergency": null, "brand": null, "brand:wikidata": null, "brand:wikipedia": null, "building": null, "source": null, "dispensing": null, "addr:postcode": null, "service_times": null, "grades": null, "operator": null, "operator:type": null, "wikimedia_commons": null, "opening_hours": null, "website": null, "phone": null, "shelter_type": null, "description": null, "atm": null, "addr:street:ar": null, "addr:street:en": null, "addr:street:ur": null, "check_date": null, "addr:housenumber": null, "alt_name": null, "healthcare:speciality": null, "long_name": null, "long_name:ar": null, "long_name:ur": null, "name:ks": null, "name:ml": null, "name:pnb": null, "name:sd": null, "internet_access": null, "air_conditioning": null, "education": null, "area": null, "email": null, "name:pa": null, "generator:source": null, "level": null, "power": null, "name:ps": null, "not:name": null, "type": null }, "geometry": { "type": "Point", "coordinates": [ 73.032491, 33.6892409 ] } },
{ "type": "Feature", "properties": { "element": "node", "id": 4899052823, "addr:city": "اسلام آباد", "addr:city:ar": "إسلام آباد", "addr:city:en": "Islamabad", "addr:city:ks": "اِسلام آبادٖ", "addr:city:pnb": "اسلام آباد", "addr:city:ps": "اسلام آباد", "addr:city:sd": "اسلام آباد", "addr:city:ur": "اسلام آباد", "addr:street": "Street 9", "amenity": "hospital", "healthcare": "hospital", "name": "National Institute for Handicapped", "name:en": null, "denomination": null, "name:ar": null, "name:ur": "نیشنل انسٹی ٹیوٹ فار ہینڈی کیپڈ", "religion": null, "is_in": null, "created_by": null, "name:de": null, "name:es": null, "name:hi": null, "wikidata": null, "wikipedia": null, "emergency": null, "brand": null, "brand:wikidata": null, "brand:wikipedia": null, "building": null, "source": null, "dispensing": null, "addr:postcode": null, "service_times": null, "grades": null, "operator": null, "operator:type": null, "wikimedia_commons": null, "opening_hours": null, "website": null, "phone": null, "shelter_type": null, "description": null, "atm": null, "addr:street:ar": null, "addr:street:en": null, "addr:street:ur": null, "check_date": null, "addr:housenumber": null, "alt_name": null, "healthcare:speciality": null, "long_name": null, "long_name:ar": null, "long_name:ur": null, "name:ks": null, "name:ml": null, "name:pnb": null, "name:sd": null, "internet_access": null, "air_conditioning": null, "education": null, "area": null, "email": null, "name:pa": null, "generator:source": null, "level": null, "power": null, "name:ps": null, "not:name": null, "type": null }, "geometry": { "type": "Point", "coordinates": [ 73.0412787, 33.6960409 ] } },
{ "type": "Feature", "properties": { "element": "node", "id": 4899052824, "addr:city": "اسلام آباد", "addr:city:ar": "إسلام آباد", "addr:city:en": "Islamabad", "addr:city:ks": "اِسلام آبادٖ", "addr:city:pnb": "اسلام آباد", "addr:city:ps": "اسلام آباد", "addr:city:sd": "اسلام آباد", "addr:city:ur": "اسلام آباد", "addr:street": "Street 9", "amenity": "hospital", "healthcare": "hospital", "name": "National Institute of Rehabilitation Medicine", "name:en": null, "denomination": null, "name:ar": null, "name:ur": "نیشنل انسٹی ٹیوٹ آف ری ہیبلیٹیشن میڈیسن", "religion": null, "is_in": null, "created_by": null, "name:de": null, "name:es": null, "name:hi": null, "wikidata": null, "wikipedia": null, "emergency": null, "brand": null, "brand:wikidata": null, "brand:wikipedia": null, "building": null, "source": null, "dispensing": null, "addr:postcode": null, "service_times": null, "grades": null, "operator": null, "operator:type": null, "wikimedia_commons": null, "opening_hours": null, "website": null, "phone": null, "shelter_type": null, "description": null, "atm": null, "addr:street:ar": null, "addr:street:en": null, "addr:street:ur": null, "check_date": null, "addr:housenumber": null, "alt_name": null, "healthcare:speciality": null, "long_name": null, "long_name:ar": null, "long_name:ur": null, "name:ks": null, "name:ml": null, "name:pnb": null, "name:sd": null, "internet_access": null, "air_conditioning": null, "education": null, "area": null, "email": null, "name:pa": null, "generator:source": null, "level": null, "power": null, "name:ps": null, "not:name": null, "type": null }, "geometry": { "type": "Point", "coordinates": [ 73.0419063, 33.6963265 ] } },
{ "type": "Feature", "properties": { "element": "node", "id": 4953011347, "addr:city": "اسلام آباد", "addr:city:ar": "إسلام آباد", "addr:city:en": "Islamabad", "addr:city:ks": "اِسلام آبادٖ", "addr:city:pnb": "اسلام آباد", "addr:city:ps": "اسلام آباد", "addr:city:sd": "اسلام آباد", "addr:city:ur": "اسلام آباد", "addr:street": "Street 49", "amenity": "college", "healthcare": null, "name": "Islamabad Model College for Girls G-6/1", "name:en": null, "denomination": null, "name:ar": null, "name:ur": null, "religion": null, "is_in": null, "created_by": null, "name:de": null, "name:es": null, "name:hi": null, "wikidata": null, "wikipedia": null, "emergency": null, "brand": null, "brand:wikidata": null, "brand:wikipedia": null, "building": null, "source": null, "dispensing": null, "addr:postcode": null, "service_times": null, "grades": null, "operator": null, "operator:type": null, "wikimedia_commons": null, "opening_hours": null, "website": null, "phone": null, "shelter_type": null, "description": null, "atm": null, "addr:street:ar": null, "addr:street:en": null, "addr:street:ur": null, "check_date": null, "addr:housenumber": null, "alt_name": null, "healthcare:speciality": null, "long_name": null, "long_name:ar": null, "long_name:ur": null, "name:ks": null, "name:ml": null, "name:pnb": null, "name:sd": null, "internet_access": null, "air_conditioning": null, "education": null, "area": null, "email": null, "name:pa": null, "generator:source": null, "level": null, "power": null, "name:ps": null, "not:name": null, "type": null }, "geometry": { "type": "Point", "coordinates": [ 73.0848529, 33.7106568 ] } },
{ "type": "Feature", "properties": { "element": "node", "id": 4953011348, "addr:city": "اسلام آباد", "addr:city:ar": "إسلام آباد", "addr:city:en": "Islamabad", "addr:city:ks": "اِسلام آبادٖ", "addr:city:pnb": "اسلام آباد", "addr:city:ps": "اسلام آباد", "addr:city:sd": "اسلام آباد", "addr:city:ur": "اسلام آباد", "addr:street": "Street 49", "amenity": "place_of_worship", "healthcare": null, "name": "Markaz Ahlehadith", "name:en": null, "denomination": null, "name:ar": null, "name:ur": null, "religion": "muslim", "is_in": null, "created_by": null, "name:de": null, "name:es": null, "name:hi": null, "wikidata": null, "wikipedia": null, "emergency": null, "brand": null, "brand:wikidata": null, "brand:wikipedia": null, "building": null, "source": null, "dispensing": null, "addr:postcode": null, "service_times": null, "grades": null, "operator": null, "operator:type": null, "wikimedia_commons": null, "opening_hours": null, "website": null, "phone": null, "shelter_type": null, "description": null, "atm": null, "addr:street:ar": null, "addr:street:en": null, "addr:street:ur": null, "check_date": null, "addr:housenumber": null, "alt_name": null, "healthcare:speciality": null, "long_name": null, "long_name:ar": null, "long_name:ur": null, "name:ks": null, "name:ml": null, "name:pnb": null, "name:sd": null, "internet_access": null, "air_conditioning": null, "education": null, "area": null, "email": null, "name:pa": null, "generator:source": null, "level": null, "power": null, "name:ps": null, "not:name": null, "type": null }, "geometry": { "type": "Point", "coordinates": [ 73.0835647, 33.7100547 ] } },
{ "type": "Feature", "properties": { "element": "node", "id": 4954380798, "addr:city": "اسلام آباد", "addr:city:ar": "إسلام آباد", "addr:city:en": "Islamabad", "addr:city:ks": "اِسلام آبادٖ", "addr:city:pnb": "اسلام آباد", "addr:city:ps": "اسلام آباد", "addr:city:sd": "اسلام آباد", "addr:city:ur": "اسلام آباد", "addr:street": "Jinnah Avenue", "amenity": "university", "healthcare": null, "name": "The University Of Lahore - Islamabad Old Campus", "name:en": null, "denomination": null, "name:ar": null, "name:ur": null, "religion": null, "is_in": null, "created_by": null, "name:de": null, "name:es": null, "name:hi": null, "wikidata": null, "wikipedia": null, "emergency": null, "brand": null, "brand:wikidata": null, "brand:wikipedia": null, "building": null, "source": null, "dispensing": null, "addr:postcode": null, "service_times": null, "grades": null, "operator": null, "operator:type": null, "wikimedia_commons": null, "opening_hours": null, "website": null, "phone": null, "shelter_type": null, "description": null, "atm": "no", "addr:street:ar": null, "addr:street:en": null, "addr:street:ur": null, "check_date": null, "addr:housenumber": null, "alt_name": null, "healthcare:speciality": null, "long_name": null, "long_name:ar": null, "long_name:ur": null, "name:ks": null, "name:ml": null, "name:pnb": null, "name:sd": null, "internet_access": null, "air_conditioning": null, "education": null, "area": null, "email": null, "name:pa": null, "generator:source": null, "level": null, "power": null, "name:ps": null, "not:name": null, "type": null }, "geometry": { "type": "Point", "coordinates": [ 73.0834103, 33.7238296 ] } },
{ "type": "Feature", "properties": { "element": "node", "id": 4954642830, "addr:city": "اسلام آباد", "addr:city:ar": "إسلام آباد", "addr:city:en": "Islamabad", "addr:city:ks": "اِسلام آبادٖ", "addr:city:pnb": "اسلام آباد", "addr:city:ps": "اسلام آباد", "addr:city:sd": "اسلام آباد", "addr:city:ur": "اسلام آباد", "addr:street": "AKM Fazul Haq Road", "amenity": "pharmacy", "healthcare": "pharmacy", "name": "Nayab Labs & Diagnostic Centre", "name:en": null, "denomination": null, "name:ar": null, "name:ur": null, "religion": null, "is_in": null, "created_by": null, "name:de": null, "name:es": null, "name:hi": null, "wikidata": null, "wikipedia": null, "emergency": null, "brand": null, "brand:wikidata": null, "brand:wikipedia": null, "building": null, "source": null, "dispensing": null, "addr:postcode": null, "service_times": null, "grades": null, "operator": null, "operator:type": null, "wikimedia_commons": null, "opening_hours": null, "website": null, "phone": null, "shelter_type": null, "description": null, "atm": null, "addr:street:ar": null, "addr:street:en": null, "addr:street:ur": null, "check_date": null, "addr:housenumber": null, "alt_name": null, "healthcare:speciality": null, "long_name": null, "long_name:ar": null, "long_name:ur": null, "name:ks": null, "name:ml": null, "name:pnb": null, "name:sd": null, "internet_access": null, "air_conditioning": null, "education": null, "area": null, "email": null, "name:pa": null, "generator:source": null, "level": null, "power": null, "name:ps": null, "not:name": null, "type": null }, "geometry": { "type": "Point", "coordinates": [ 73.0820408, 33.7224539 ] } },
{ "type": "Feature", "properties": { "element": "node", "id": 4954642831, "addr:city": "اسلام آباد", "addr:city:ar": "إسلام آباد", "addr:city:en": "Islamabad", "addr:city:ks": "اِسلام آبادٖ", "addr:city:pnb": "اسلام آباد", "addr:city:ps": "اسلام آباد", "addr:city:sd": "اسلام آباد", "addr:city:ur": "اسلام آباد", "addr:street": "AKM Fazul Haq Road", "amenity": "clinic", "healthcare": "clinic", "name": "Hadi Jor Clinic", "name:en": null, "denomination": null, "name:ar": null, "name:ur": null, "religion": null, "is_in": null, "created_by": null, "name:de": null, "name:es": null, "name:hi": null, "wikidata": null, "wikipedia": null, "emergency": null, "brand": null, "brand:wikidata": null, "brand:wikipedia": null, "building": null, "source": null, "dispensing": null, "addr:postcode": null, "service_times": null, "grades": null, "operator": null, "operator:type": null, "wikimedia_commons": null, "opening_hours": null, "website": null, "phone": null, "shelter_type": null, "description": null, "atm": null, "addr:street:ar": null, "addr:street:en": null, "addr:street:ur": null, "check_date": null, "addr:housenumber": null, "alt_name": null, "healthcare:speciality": null, "long_name": null, "long_name:ar": null, "long_name:ur": null, "name:ks": null, "name:ml": null, "name:pnb": null, "name:sd": null, "internet_access": null, "air_conditioning": null, "education": null, "area": null, "email": null, "name:pa": null, "generator:source": null, "level": null, "power": null, "name:ps": null, "not:name": null, "type": null }, "geometry": { "type": "Point", "coordinates": [ 73.0821087, 33.7224927 ] } },
{ "type": "Feature", "properties": { "element": "node", "id": 4954775564, "addr:city": "اسلام آباد", "addr:city:ar": "إسلام آباد", "addr:city:en": "Islamabad", "addr:city:ks": "اِسلام آبادٖ", "addr:city:pnb": "اسلام آباد", "addr:city:ps": "اسلام آباد", "addr:city:sd": "اسلام آباد", "addr:city:ur": "اسلام آباد", "addr:street": "Service Road West F-6", "amenity": "hospital", "healthcare": "hospital", "name": "Kulsum International Hospital", "name:en": null, "denomination": null, "name:ar": null, "name:ur": "کلثوم انٹرنیشنل ہسپتال", "religion": null, "is_in": null, "created_by": null, "name:de": null, "name:es": null, "name:hi": null, "wikidata": null, "wikipedia": null, "emergency": null, "brand": null, "brand:wikidata": null, "brand:wikipedia": null, "building": null, "source": null, "dispensing": null, "addr:postcode": null, "service_times": null, "grades": null, "operator": null, "operator:type": null, "wikimedia_commons": null, "opening_hours": null, "website": null, "phone": null, "shelter_type": null, "description": null, "atm": null, "addr:street:ar": null, "addr:street:en": null, "addr:street:ur": null, "check_date": null, "addr:housenumber": null, "alt_name": null, "healthcare:speciality": null, "long_name": null, "long_name:ar": null, "long_name:ur": null, "name:ks": null, "name:ml": null, "name:pnb": null, "name:sd": null, "internet_access": null, "air_conditioning": null, "education": null, "area": null, "email": null, "name:pa": null, "generator:source": null, "level": null, "power": null, "name:ps": null, "not:name": null, "type": null }, "geometry": { "type": "Point", "coordinates": [ 73.0727516, 33.7180912 ] } },
{ "type": "Feature", "properties": { "element": "node", "id": 4954797282, "addr:city": "اسلام آباد", "addr:city:ar": "إسلام آباد", "addr:city:en": "Islamabad", "addr:city:ks": "اِسلام آبادٖ", "addr:city:pnb": "اسلام آباد", "addr:city:ps": "اسلام آباد", "addr:city:sd": "اسلام آباد", "addr:city:ur": "اسلام آباد", "addr:street": "Street 29", "amenity": "college", "healthcare": null, "name": "IMCB, G-6/2, ISLAMABAD", "name:en": null, "denomination": null, "name:ar": null, "name:ur": null, "religion": null, "is_in": null, "created_by": null, "name:de": null, "name:es": null, "name:hi": null, "wikidata": null, "wikipedia": null, "emergency": null, "brand": null, "brand:wikidata": null, "brand:wikipedia": null, "building": null, "source": null, "dispensing": null, "addr:postcode": null, "service_times": null, "grades": null, "operator": null, "operator:type": null, "wikimedia_commons": null, "opening_hours": null, "website": null, "phone": null, "shelter_type": null, "description": null, "atm": null, "addr:street:ar": null, "addr:street:en": null, "addr:street:ur": null, "check_date": null, "addr:housenumber": null, "alt_name": null, "healthcare:speciality": null, "long_name": null, "long_name:ar": null, "long_name:ur": null, "name:ks": null, "name:ml": null, "name:pnb": null, "name:sd": null, "internet_access": null, "air_conditioning": null, "education": null, "area": null, "email": null, "name:pa": null, "generator:source": null, "level": null, "power": null, "name:ps": null, "not:name": null, "type": null }, "geometry": { "type": "Point", "coordinates": [ 73.0779193, 33.7161196 ] } },
{ "type": "Feature", "properties": { "element": "node", "id": 4954797283, "addr:city": "اسلام آباد", "addr:city:ar": "إسلام آباد", "addr:city:en": "Islamabad", "addr:city:ks": "اِسلام آبادٖ", "addr:city:pnb": "اسلام آباد", "addr:city:ps": "اسلام آباد", "addr:city:sd": "اسلام آباد", "addr:city:ur": "اسلام آباد", "addr:street": "Street 29", "amenity": "place_of_worship", "healthcare": null, "name": "Dar-ul-Islam Mosque", "name:en": null, "denomination": null, "name:ar": null, "name:ur": null, "religion": "muslim", "is_in": null, "created_by": null, "name:de": null, "name:es": null, "name:hi": null, "wikidata": null, "wikipedia": null, "emergency": null, "brand": null, "brand:wikidata": null, "brand:wikipedia": null, "building": null, "source": null, "dispensing": null, "addr:postcode": null, "service_times": null, "grades": null, "operator": null, "operator:type": null, "wikimedia_commons": null, "opening_hours": null, "website": null, "phone": null, "shelter_type": null, "description": null, "atm": null, "addr:street:ar": null, "addr:street:en": null, "addr:street:ur": null, "check_date": null, "addr:housenumber": null, "alt_name": null, "healthcare:speciality": null, "long_name": null, "long_name:ar": null, "long_name:ur": null, "name:ks": null, "name:ml": null, "name:pnb": null, "name:sd": null, "internet_access": null, "air_conditioning": null, "education": null, "area": null, "email": null, "name:pa": null, "generator:source": null, "level": null, "power": null, "name:ps": null, "not:name": null, "type": null }, "geometry": { "type": "Point", "coordinates": [ 73.0781274, 33.7157734 ] } },
{ "type": "Feature", "properties": { "element": "node", "id": 4954797284, "addr:city": "اسلام آباد", "addr:city:ar": "إسلام آباد", "addr:city:en": "Islamabad", "addr:city:ks": "اِسلام آبادٖ", "addr:city:pnb": "اسلام آباد", "addr:city:ps": "اسلام آباد", "addr:city:sd": "اسلام آباد", "addr:city:ur": "اسلام آباد", "addr:street": "Street 30", "amenity": "place_of_worship", "healthcare": null, "name": "Ibrahim Mosque", "name:en": null, "denomination": null, "name:ar": null, "name:ur": null, "religion": "muslim", "is_in": null, "created_by": null, "name:de": null, "name:es": null, "name:hi": null, "wikidata": null, "wikipedia": null, "emergency": null, "brand": null, "brand:wikidata": null, "brand:wikipedia": null, "building": null, "source": null, "dispensing": null, "addr:postcode": null, "service_times": null, "grades": null, "operator": null, "operator:type": null, "wikimedia_commons": null, "opening_hours": null, "website": null, "phone": null, "shelter_type": null, "description": null, "atm": null, "addr:street:ar": null, "addr:street:en": null, "addr:street:ur": null, "check_date": null, "addr:housenumber": null, "alt_name": null, "healthcare:speciality": null, "long_name": null, "long_name:ar": null, "long_name:ur": null, "name:ks": null, "name:ml": null, "name:pnb": null, "name:sd": null, "internet_access": null, "air_conditioning": null, "education": null, "area": null, "email": null, "name:pa": null, "generator:source": null, "level": null, "power": null, "name:ps": null, "not:name": null, "type": null }, "geometry": { "type": "Point", "coordinates": [ 73.0810391, 33.7150772 ] } },
{ "type": "Feature", "properties": { "element": "node", "id": 4954797287, "addr:city": "اسلام آباد", "addr:city:ar": "إسلام آباد", "addr:city:en": "Islamabad", "addr:city:ks": "اِسلام آبادٖ", "addr:city:pnb": "اسلام آباد", "addr:city:ps": "اسلام آباد", "addr:city:sd": "اسلام آباد", "addr:city:ur": "اسلام آباد", "addr:street": "Saddar Road", "amenity": "school", "healthcare": null, "name": "Federal Government Model Girls School", "name:en": null, "denomination": null, "name:ar": null, "name:ur": null, "religion": null, "is_in": null, "created_by": null, "name:de": null, "name:es": null, "name:hi": null, "wikidata": null, "wikipedia": null, "emergency": null, "brand": null, "brand:wikidata": null, "brand:wikipedia": null, "building": null, "source": null, "dispensing": null, "addr:postcode": null, "service_times": null, "grades": null, "operator": null, "operator:type": null, "wikimedia_commons": null, "opening_hours": null, "website": null, "phone": null, "shelter_type": null, "description": null, "atm": null, "addr:street:ar": null, "addr:street:en": null, "addr:street:ur": null, "check_date": null, "addr:housenumber": null, "alt_name": null, "healthcare:speciality": null, "long_name": null, "long_name:ar": null, "long_name:ur": null, "name:ks": null, "name:ml": null, "name:pnb": null, "name:sd": null, "internet_access": null, "air_conditioning": null, "education": null, "area": null, "email": null, "name:pa": null, "generator:source": null, "level": null, "power": null, "name:ps": null, "not:name": null, "type": null }, "geometry": { "type": "Point", "coordinates": [ 73.0823841, 33.7139447 ] } },
{ "type": "Feature", "properties": { "element": "node", "id": 4956837604, "addr:city": "اسلام آباد", "addr:city:ar": "إسلام آباد", "addr:city:en": "Islamabad", "addr:city:ks": "اِسلام آبادٖ", "addr:city:pnb": "اسلام آباد", "addr:city:ps": "اسلام آباد", "addr:city:sd": "اسلام آباد", "addr:city:ur": "اسلام آباد", "addr:street": "Street 48", "amenity": "community_centre", "healthcare": null, "name": "Islamabad Regalia Hotel", "name:en": null, "denomination": null, "name:ar": null, "name:ur": null, "religion": null, "is_in": null, "created_by": null, "name:de": null, "name:es": null, "name:hi": null, "wikidata": null, "wikipedia": null, "emergency": null, "brand": null, "brand:wikidata": null, "brand:wikipedia": null, "building": null, "source": null, "dispensing": null, "addr:postcode": null, "service_times": null, "grades": null, "operator": null, "operator:type": null, "wikimedia_commons": null, "opening_hours": null, "website": null, "phone": null, "shelter_type": null, "description": null, "atm": null, "addr:street:ar": null, "addr:street:en": null, "addr:street:ur": null, "check_date": null, "addr:housenumber": null, "alt_name": null, "healthcare:speciality": null, "long_name": null, "long_name:ar": null, "long_name:ur": null, "name:ks": null, "name:ml": null, "name:pnb": null, "name:sd": null, "internet_access": null, "air_conditioning": null, "education": null, "area": null, "email": null, "name:pa": null, "generator:source": null, "level": null, "power": null, "name:ps": null, "not:name": null, "type": null }, "geometry": { "type": "Point", "coordinates": [ 73.0832177, 33.7088098 ] } },
{ "type": "Feature", "properties": { "element": "node", "id": 4956837606, "addr:city": "اسلام آباد", "addr:city:ar": "إسلام آباد", "addr:city:en": "Islamabad", "addr:city:ks": "اِسلام آبادٖ", "addr:city:pnb": "اسلام آباد", "addr:city:ps": "اسلام آباد", "addr:city:sd": "اسلام آباد", "addr:city:ur": "اسلام آباد", "addr:street": "Street 40", "amenity": "place_of_worship", "healthcare": null, "name": "Masjid Ulaa", "name:en": null, "denomination": null, "name:ar": null, "name:ur": null, "religion": "muslim", "is_in": null, "created_by": null, "name:de": null, "name:es": null, "name:hi": null, "wikidata": null, "wikipedia": null, "emergency": null, "brand": null, "brand:wikidata": null, "brand:wikipedia": null, "building": null, "source": null, "dispensing": null, "addr:postcode": null, "service_times": null, "grades": null, "operator": null, "operator:type": null, "wikimedia_commons": null, "opening_hours": null, "website": null, "phone": null, "shelter_type": null, "description": null, "atm": null, "addr:street:ar": null, "addr:street:en": null, "addr:street:ur": null, "check_date": null, "addr:housenumber": null, "alt_name": null, "healthcare:speciality": null, "long_name": null, "long_name:ar": null, "long_name:ur": null, "name:ks": null, "name:ml": null, "name:pnb": null, "name:sd": null, "internet_access": null, "air_conditioning": null, "education": null, "area": null, "email": null, "name:pa": null, "generator:source": null, "level": null, "power": null, "name:ps": null, "not:name": null, "type": null }, "geometry": { "type": "Point", "coordinates": [ 73.0800643, 33.7104938 ] } },
{ "type": "Feature", "properties": { "element": "node", "id": 4956837607, "addr:city": "اسلام آباد", "addr:city:ar": "إسلام آباد", "addr:city:en": "Islamabad", "addr:city:ks": "اِسلام آبادٖ", "addr:city:pnb": "اسلام آباد", "addr:city:ps": "اسلام آباد", "addr:city:sd": "اسلام آباد", "addr:city:ur": "اسلام آباد", "addr:street": "Saddar Road", "amenity": "school", "healthcare": null, "name": "The Educators", "name:en": null, "denomination": null, "name:ar": null, "name:ur": null, "religion": null, "is_in": null, "created_by": null, "name:de": null, "name:es": null, "name:hi": null, "wikidata": null, "wikipedia": null, "emergency": null, "brand": null, "brand:wikidata": null, "brand:wikipedia": null, "building": null, "source": null, "dispensing": null, "addr:postcode": null, "service_times": null, "grades": null, "operator": null, "operator:type": null, "wikimedia_commons": null, "opening_hours": null, "website": null, "phone": null, "shelter_type": null, "description": null, "atm": null, "addr:street:ar": null, "addr:street:en": null, "addr:street:ur": null, "check_date": null, "addr:housenumber": null, "alt_name": null, "healthcare:speciality": null, "long_name": null, "long_name:ar": null, "long_name:ur": null, "name:ks": null, "name:ml": null, "name:pnb": null, "name:sd": null, "internet_access": null, "air_conditioning": null, "education": null, "area": null, "email": null, "name:pa": null, "generator:source": null, "level": null, "power": null, "name:ps": null, "not:name": null, "type": null }, "geometry": { "type": "Point", "coordinates": [ 73.0813704, 33.7130336 ] } },
{ "type": "Feature", "properties": { "element": "node", "id": 4956837610, "addr:city": "اسلام آباد", "addr:city:ar": "إسلام آباد", "addr:city:en": "Islamabad", "addr:city:ks": "اِسلام آبادٖ", "addr:city:pnb": "اسلام آباد", "addr:city:ps": "اسلام آباد", "addr:city:sd": "اسلام آباد", "addr:city:ur": "اسلام آباد", "addr:street": "Street 40", "amenity": "place_of_worship", "healthcare": null, "name": "Ghosia Meheria Mosque", "name:en": null, "denomination": null, "name:ar": null, "name:ur": null, "religion": "muslim", "is_in": null, "created_by": null, "name:de": null, "name:es": null, "name:hi": null, "wikidata": null, "wikipedia": null, "emergency": null, "brand": null, "brand:wikidata": null, "brand:wikipedia": null, "building": null, "source": null, "dispensing": null, "addr:postcode": null, "service_times": null, "grades": null, "operator": null, "operator:type": null, "wikimedia_commons": null, "opening_hours": null, "website": null, "phone": null, "shelter_type": null, "description": null, "atm": null, "addr:street:ar": null, "addr:street:en": null, "addr:street:ur": null, "check_date": null, "addr:housenumber": null, "alt_name": null, "healthcare:speciality": null, "long_name": null, "long_name:ar": null, "long_name:ur": null, "name:ks": null, "name:ml": null, "name:pnb": null, "name:sd": null, "internet_access": null, "air_conditioning": null, "education": null, "area": null, "email": null, "name:pa": null, "generator:source": null, "level": null, "power": null, "name:ps": null, "not:name": null, "type": null }, "geometry": { "type": "Point", "coordinates": [ 73.0840277, 33.712583 ] } },
{ "type": "Feature", "properties": { "element": "node", "id": 4956981545, "addr:city": "اسلام آباد", "addr:city:ar": "إسلام آباد", "addr:city:en": "Islamabad", "addr:city:ks": "اِسلام آبادٖ", "addr:city:pnb": "اسلام آباد", "addr:city:ps": "اسلام آباد", "addr:city:sd": "اسلام آباد", "addr:city:ur": "اسلام آباد", "addr:street": "Agha Khan Road", "amenity": "place_of_worship", "healthcare": null, "name": "Sonnet Guest House", "name:en": null, "denomination": null, "name:ar": null, "name:ur": null, "religion": "muslim", "is_in": null, "created_by": null, "name:de": null, "name:es": null, "name:hi": null, "wikidata": null, "wikipedia": null, "emergency": null, "brand": null, "brand:wikidata": null, "brand:wikipedia": null, "building": null, "source": null, "dispensing": null, "addr:postcode": null, "service_times": null, "grades": null, "operator": null, "operator:type": null, "wikimedia_commons": null, "opening_hours": null, "website": null, "phone": null, "shelter_type": null, "description": null, "atm": null, "addr:street:ar": null, "addr:street:en": null, "addr:street:ur": null, "check_date": null, "addr:housenumber": null, "alt_name": null, "healthcare:speciality": null, "long_name": null, "long_name:ar": null, "long_name:ur": null, "name:ks": null, "name:ml": null, "name:pnb": null, "name:sd": null, "internet_access": null, "air_conditioning": null, "education": null, "area": null, "email": null, "name:pa": null, "generator:source": null, "level": null, "power": null, "name:ps": null, "not:name": null, "type": null }, "geometry": { "type": "Point", "coordinates": [ 73.0809905, 33.7305913 ] } },
{ "type": "Feature", "properties": { "element": "node", "id": 4958492938, "addr:city": "اسلام آباد", "addr:city:ar": "إسلام آباد", "addr:city:en": "Islamabad", "addr:city:ks": "اِسلام آبادٖ", "addr:city:pnb": "اسلام آباد", "addr:city:ps": "اسلام آباد", "addr:city:sd": "اسلام آباد", "addr:city:ur": "اسلام آباد", "addr:street": "Service Road East G-10", "amenity": "school", "healthcare": null, "name": "Foundation Public School", "name:en": null, "denomination": null, "name:ar": null, "name:ur": null, "religion": null, "is_in": null, "created_by": null, "name:de": null, "name:es": null, "name:hi": null, "wikidata": null, "wikipedia": null, "emergency": null, "brand": null, "brand:wikidata": null, "brand:wikipedia": null, "building": null, "source": null, "dispensing": null, "addr:postcode": null, "service_times": null, "grades": null, "operator": null, "operator:type": null, "wikimedia_commons": null, "opening_hours": null, "website": null, "phone": null, "shelter_type": null, "description": null, "atm": null, "addr:street:ar": null, "addr:street:en": null, "addr:street:ur": null, "check_date": null, "addr:housenumber": null, "alt_name": null, "healthcare:speciality": null, "long_name": null, "long_name:ar": null, "long_name:ur": null, "name:ks": null, "name:ml": null, "name:pnb": null, "name:sd": null, "internet_access": null, "air_conditioning": null, "education": null, "area": null, "email": null, "name:pa": null, "generator:source": null, "level": null, "power": null, "name:ps": null, "not:name": null, "type": null }, "geometry": { "type": "Point", "coordinates": [ 73.0242847, 33.6815525 ] } },
{ "type": "Feature", "properties": { "element": "node", "id": 4958492939, "addr:city": "اسلام آباد", "addr:city:ar": "إسلام آباد", "addr:city:en": "Islamabad", "addr:city:ks": "اِسلام آبادٖ", "addr:city:pnb": "اسلام آباد", "addr:city:ps": "اسلام آباد", "addr:city:sd": "اسلام آباد", "addr:city:ur": "اسلام آباد", "addr:street": "Ibn-e-Sina Road", "amenity": "place_of_worship", "healthcare": null, "name": "Jamia Mosque", "name:en": null, "denomination": null, "name:ar": null, "name:ur": null, "religion": "muslim", "is_in": null, "created_by": null, "name:de": null, "name:es": null, "name:hi": null, "wikidata": null, "wikipedia": null, "emergency": null, "brand": null, "brand:wikidata": null, "brand:wikipedia": null, "building": null, "source": null, "dispensing": null, "addr:postcode": null, "service_times": null, "grades": null, "operator": null, "operator:type": null, "wikimedia_commons": null, "opening_hours": null, "website": null, "phone": null, "shelter_type": null, "description": null, "atm": null, "addr:street:ar": null, "addr:street:en": null, "addr:street:ur": null, "check_date": null, "addr:housenumber": null, "alt_name": null, "healthcare:speciality": null, "long_name": null, "long_name:ar": null, "long_name:ur": null, "name:ks": null, "name:ml": null, "name:pnb": null, "name:sd": null, "internet_access": null, "air_conditioning": null, "education": null, "area": null, "email": null, "name:pa": null, "generator:source": null, "level": null, "power": null, "name:ps": null, "not:name": null, "type": null }, "geometry": { "type": "Point", "coordinates": [ 73.0127143, 33.6856001 ] } },
{ "type": "Feature", "properties": { "element": "node", "id": 4958568019, "addr:city": "اسلام آباد", "addr:city:ar": "إسلام آباد", "addr:city:en": "Islamabad", "addr:city:ks": "اِسلام آبادٖ", "addr:city:pnb": "اسلام آباد", "addr:city:ps": "اسلام آباد", "addr:city:sd": "اسلام آباد", "addr:city:ur": "اسلام آباد", "addr:street": "Sawan Road", "amenity": "place_of_worship", "healthcare": null, "name": "Masjid Rizwan", "name:en": null, "denomination": null, "name:ar": null, "name:ur": null, "religion": "muslim", "is_in": null, "created_by": null, "name:de": null, "name:es": null, "name:hi": null, "wikidata": null, "wikipedia": null, "emergency": null, "brand": null, "brand:wikidata": null, "brand:wikipedia": null, "building": null, "source": null, "dispensing": null, "addr:postcode": null, "service_times": null, "grades": null, "operator": null, "operator:type": null, "wikimedia_commons": null, "opening_hours": null, "website": null, "phone": null, "shelter_type": null, "description": null, "atm": null, "addr:street:ar": null, "addr:street:en": null, "addr:street:ur": null, "check_date": null, "addr:housenumber": null, "alt_name": null, "healthcare:speciality": null, "long_name": null, "long_name:ar": null, "long_name:ur": null, "name:ks": null, "name:ml": null, "name:pnb": null, "name:sd": null, "internet_access": null, "air_conditioning": null, "education": null, "area": null, "email": null, "name:pa": null, "generator:source": null, "level": null, "power": null, "name:ps": null, "not:name": null, "type": null }, "geometry": { "type": "Point", "coordinates": [ 73.0146917, 33.6758643 ] } },
{ "type": "Feature", "properties": { "element": "node", "id": 4958569728, "addr:city": "اسلام آباد", "addr:city:ar": "إسلام آباد", "addr:city:en": "Islamabad", "addr:city:ks": "اِسلام آبادٖ", "addr:city:pnb": "اسلام آباد", "addr:city:ps": "اسلام آباد", "addr:city:sd": "اسلام آباد", "addr:city:ur": "اسلام آباد", "addr:street": "Sawan Road", "amenity": "hospital", "healthcare": null, "name": "Life Care international Hospital", "name:en": null, "denomination": null, "name:ar": null, "name:ur": null, "religion": null, "is_in": null, "created_by": null, "name:de": null, "name:es": null, "name:hi": null, "wikidata": null, "wikipedia": null, "emergency": null, "brand": null, "brand:wikidata": null, "brand:wikipedia": null, "building": null, "source": null, "dispensing": null, "addr:postcode": null, "service_times": null, "grades": null, "operator": null, "operator:type": null, "wikimedia_commons": null, "opening_hours": null, "website": null, "phone": null, "shelter_type": null, "description": null, "atm": null, "addr:street:ar": null, "addr:street:en": null, "addr:street:ur": null, "check_date": null, "addr:housenumber": null, "alt_name": null, "healthcare:speciality": null, "long_name": null, "long_name:ar": null, "long_name:ur": null, "name:ks": null, "name:ml": null, "name:pnb": null, "name:sd": null, "internet_access": null, "air_conditioning": null, "education": null, "area": null, "email": null, "name:pa": null, "generator:source": null, "level": null, "power": null, "name:ps": null, "not:name": null, "type": null }, "geometry": { "type": "Point", "coordinates": [ 73.0153103, 33.676802 ] } },
{ "type": "Feature", "properties": { "element": "node", "id": 4958569731, "addr:city": "اسلام آباد", "addr:city:ar": "إسلام آباد", "addr:city:en": "Islamabad", "addr:city:ks": "اِسلام آبادٖ", "addr:city:pnb": "اسلام آباد", "addr:city:ps": "اسلام آباد", "addr:city:sd": "اسلام آباد", "addr:city:ur": "اسلام آباد", "addr:street": "Sawan Road", "amenity": "place_of_worship", "healthcare": null, "name": "Babari Masjid", "name:en": null, "denomination": null, "name:ar": null, "name:ur": null, "religion": "muslim", "is_in": null, "created_by": null, "name:de": null, "name:es": null, "name:hi": null, "wikidata": null, "wikipedia": null, "emergency": null, "brand": null, "brand:wikidata": null, "brand:wikipedia": null, "building": null, "source": null, "dispensing": null, "addr:postcode": null, "service_times": null, "grades": null, "operator": null, "operator:type": null, "wikimedia_commons": null, "opening_hours": null, "website": null, "phone": null, "shelter_type": null, "description": null, "atm": null, "addr:street:ar": null, "addr:street:en": null, "addr:street:ur": null, "check_date": null, "addr:housenumber": null, "alt_name": null, "healthcare:speciality": null, "long_name": null, "long_name:ar": null, "long_name:ur": null, "name:ks": null, "name:ml": null, "name:pnb": null, "name:sd": null, "internet_access": null, "air_conditioning": null, "education": null, "area": null, "email": null, "name:pa": null, "generator:source": null, "level": null, "power": null, "name:ps": null, "not:name": null, "type": null }, "geometry": { "type": "Point", "coordinates": [ 73.0160841, 33.6775895 ] } },
{ "type": "Feature", "properties": { "element": "node", "id": 4958569741, "addr:city": "اسلام آباد", "addr:city:ar": "إسلام آباد", "addr:city:en": "Islamabad", "addr:city:ks": "اِسلام آبادٖ", "addr:city:pnb": "اسلام آباد", "addr:city:ps": "اسلام آباد", "addr:city:sd": "اسلام آباد", "addr:city:ur": "اسلام آباد", "addr:street": "3rd Road", "amenity": "place_of_worship", "healthcare": null, "name": "Masjid & Imambargah Imam Hassan A.S", "name:en": null, "denomination": null, "name:ar": null, "name:ur": null, "religion": "muslim", "is_in": null, "created_by": null, "name:de": null, "name:es": null, "name:hi": null, "wikidata": null, "wikipedia": null, "emergency": null, "brand": null, "brand:wikidata": null, "brand:wikipedia": null, "building": null, "source": null, "dispensing": null, "addr:postcode": null, "service_times": null, "grades": null, "operator": null, "operator:type": null, "wikimedia_commons": null, "opening_hours": null, "website": null, "phone": null, "shelter_type": null, "description": null, "atm": null, "addr:street:ar": null, "addr:street:en": null, "addr:street:ur": null, "check_date": null, "addr:housenumber": null, "alt_name": null, "healthcare:speciality": null, "long_name": null, "long_name:ar": null, "long_name:ur": null, "name:ks": null, "name:ml": null, "name:pnb": null, "name:sd": null, "internet_access": null, "air_conditioning": null, "education": null, "area": null, "email": null, "name:pa": null, "generator:source": null, "level": null, "power": null, "name:ps": null, "not:name": null, "type": null }, "geometry": { "type": "Point", "coordinates": [ 73.0181665, 33.6775833 ] } },
{ "type": "Feature", "properties": { "element": "node", "id": 4958569742, "addr:city": "اسلام آباد", "addr:city:ar": "إسلام آباد", "addr:city:en": "Islamabad", "addr:city:ks": "اِسلام آبادٖ", "addr:city:pnb": "اسلام آباد", "addr:city:ps": "اسلام آباد", "addr:city:sd": "اسلام آباد", "addr:city:ur": "اسلام آباد", "addr:street": "Sawan Road", "amenity": "place_of_worship", "healthcare": null, "name": "Masjid Rahmanya Ghausia", "name:en": null, "denomination": null, "name:ar": null, "name:ur": null, "religion": "muslim", "is_in": null, "created_by": null, "name:de": null, "name:es": null, "name:hi": null, "wikidata": null, "wikipedia": null, "emergency": null, "brand": null, "brand:wikidata": null, "brand:wikipedia": null, "building": null, "source": null, "dispensing": null, "addr:postcode": null, "service_times": null, "grades": null, "operator": null, "operator:type": null, "wikimedia_commons": null, "opening_hours": null, "website": null, "phone": null, "shelter_type": null, "description": null, "atm": null, "addr:street:ar": null, "addr:street:en": null, "addr:street:ur": null, "check_date": null, "addr:housenumber": null, "alt_name": null, "healthcare:speciality": null, "long_name": null, "long_name:ar": null, "long_name:ur": null, "name:ks": null, "name:ml": null, "name:pnb": null, "name:sd": null, "internet_access": null, "air_conditioning": null, "education": null, "area": null, "email": null, "name:pa": null, "generator:source": null, "level": null, "power": null, "name:ps": null, "not:name": null, "type": null }, "geometry": { "type": "Point", "coordinates": [ 73.0177461, 33.6806285 ] } },
{ "type": "Feature", "properties": { "element": "node", "id": 4958569743, "addr:city": "اسلام آباد", "addr:city:ar": "إسلام آباد", "addr:city:en": "Islamabad", "addr:city:ks": "اِسلام آبادٖ", "addr:city:pnb": "اسلام آباد", "addr:city:ps": "اسلام آباد", "addr:city:sd": "اسلام آباد", "addr:city:ur": "اسلام آباد", "addr:street": "Street 51", "amenity": "place_of_worship", "healthcare": null, "name": "Rasheedia Masjid G-10/3", "name:en": null, "denomination": null, "name:ar": null, "name:ur": null, "religion": "muslim", "is_in": null, "created_by": null, "name:de": null, "name:es": null, "name:hi": null, "wikidata": null, "wikipedia": null, "emergency": null, "brand": null, "brand:wikidata": null, "brand:wikipedia": null, "building": null, "source": null, "dispensing": null, "addr:postcode": null, "service_times": null, "grades": null, "operator": null, "operator:type": null, "wikimedia_commons": null, "opening_hours": null, "website": null, "phone": null, "shelter_type": null, "description": null, "atm": null, "addr:street:ar": null, "addr:street:en": null, "addr:street:ur": null, "check_date": null, "addr:housenumber": null, "alt_name": null, "healthcare:speciality": null, "long_name": null, "long_name:ar": null, "long_name:ur": null, "name:ks": null, "name:ml": null, "name:pnb": null, "name:sd": null, "internet_access": null, "air_conditioning": null, "education": null, "area": null, "email": null, "name:pa": null, "generator:source": null, "level": null, "power": null, "name:ps": null, "not:name": null, "type": null }, "geometry": { "type": "Point", "coordinates": [ 73.0165885, 33.6821535 ] } },
{ "type": "Feature", "properties": { "element": "node", "id": 4961746370, "addr:city": "اسلام آباد", "addr:city:ar": "إسلام آباد", "addr:city:en": "Islamabad", "addr:city:ks": "اِسلام آبادٖ", "addr:city:pnb": "اسلام آباد", "addr:city:ps": "اسلام آباد", "addr:city:sd": "اسلام آباد", "addr:city:ur": "اسلام آباد", "addr:street": "Street 54", "amenity": "college", "healthcare": null, "name": "NICON F-10 Campus", "name:en": null, "denomination": null, "name:ar": null, "name:ur": null, "religion": null, "is_in": null, "created_by": null, "name:de": null, "name:es": null, "name:hi": null, "wikidata": null, "wikipedia": null, "emergency": null, "brand": null, "brand:wikidata": null, "brand:wikipedia": null, "building": null, "source": null, "dispensing": null, "addr:postcode": null, "service_times": null, "grades": null, "operator": null, "operator:type": null, "wikimedia_commons": null, "opening_hours": null, "website": null, "phone": null, "shelter_type": null, "description": null, "atm": null, "addr:street:ar": null, "addr:street:en": null, "addr:street:ur": null, "check_date": null, "addr:housenumber": null, "alt_name": null, "healthcare:speciality": null, "long_name": null, "long_name:ar": null, "long_name:ur": null, "name:ks": null, "name:ml": null, "name:pnb": null, "name:sd": null, "internet_access": null, "air_conditioning": null, "education": null, "area": null, "email": null, "name:pa": null, "generator:source": null, "level": null, "power": null, "name:ps": null, "not:name": null, "type": null }, "geometry": { "type": "Point", "coordinates": [ 73.0116713, 33.6950794 ] } },
{ "type": "Feature", "properties": { "element": "node", "id": 4961746372, "addr:city": "اسلام آباد", "addr:city:ar": "إسلام آباد", "addr:city:en": "Islamabad", "addr:city:ks": "اِسلام آبادٖ", "addr:city:pnb": "اسلام آباد", "addr:city:ps": "اسلام آباد", "addr:city:sd": "اسلام آباد", "addr:city:ur": "اسلام آباد", "addr:street": "Sumbal Road", "amenity": "school", "healthcare": null, "name": "Soon Valley Associates", "name:en": null, "denomination": null, "name:ar": null, "name:ur": null, "religion": null, "is_in": null, "created_by": null, "name:de": null, "name:es": null, "name:hi": null, "wikidata": null, "wikipedia": null, "emergency": null, "brand": null, "brand:wikidata": null, "brand:wikipedia": null, "building": null, "source": null, "dispensing": null, "addr:postcode": null, "service_times": null, "grades": null, "operator": null, "operator:type": null, "wikimedia_commons": null, "opening_hours": null, "website": null, "phone": null, "shelter_type": null, "description": null, "atm": null, "addr:street:ar": null, "addr:street:en": null, "addr:street:ur": null, "check_date": null, "addr:housenumber": null, "alt_name": null, "healthcare:speciality": null, "long_name": null, "long_name:ar": null, "long_name:ur": null, "name:ks": null, "name:ml": null, "name:pnb": null, "name:sd": null, "internet_access": null, "air_conditioning": null, "education": null, "area": null, "email": null, "name:pa": null, "generator:source": null, "level": null, "power": null, "name:ps": null, "not:name": null, "type": null }, "geometry": { "type": "Point", "coordinates": [ 73.0139446, 33.6949016 ] } },
{ "type": "Feature", "properties": { "element": "node", "id": 4961746387, "addr:city": "اسلام آباد", "addr:city:ar": "إسلام آباد", "addr:city:en": "Islamabad", "addr:city:ks": "اِسلام آبادٖ", "addr:city:pnb": "اسلام آباد", "addr:city:ps": "اسلام آباد", "addr:city:sd": "اسلام آباد", "addr:city:ur": "اسلام آباد", "addr:street": "Street 57", "amenity": "place_of_worship", "healthcare": null, "name": "Masjid e Seyadina Bilal", "name:en": null, "denomination": null, "name:ar": null, "name:ur": null, "religion": "muslim", "is_in": null, "created_by": null, "name:de": null, "name:es": null, "name:hi": null, "wikidata": null, "wikipedia": null, "emergency": null, "brand": null, "brand:wikidata": null, "brand:wikipedia": null, "building": null, "source": null, "dispensing": null, "addr:postcode": null, "service_times": null, "grades": null, "operator": null, "operator:type": null, "wikimedia_commons": null, "opening_hours": null, "website": null, "phone": null, "shelter_type": null, "description": null, "atm": null, "addr:street:ar": null, "addr:street:en": null, "addr:street:ur": null, "check_date": null, "addr:housenumber": null, "alt_name": null, "healthcare:speciality": null, "long_name": null, "long_name:ar": null, "long_name:ur": null, "name:ks": null, "name:ml": null, "name:pnb": null, "name:sd": null, "internet_access": null, "air_conditioning": null, "education": null, "area": null, "email": null, "name:pa": null, "generator:source": null, "level": null, "power": null, "name:ps": null, "not:name": null, "type": null }, "geometry": { "type": "Point", "coordinates": [ 73.0142572, 33.6922265 ] } },
{ "type": "Feature", "properties": { "element": "node", "id": 4961842518, "addr:city": "اسلام آباد", "addr:city:ar": "إسلام آباد", "addr:city:en": "Islamabad", "addr:city:ks": "اِسلام آبادٖ", "addr:city:pnb": "اسلام آباد", "addr:city:ps": "اسلام آباد", "addr:city:sd": "اسلام آباد", "addr:city:ur": "اسلام آباد", "addr:street": "Street 41", "amenity": "school", "healthcare": null, "name": "Alnoor-International Islamabad", "name:en": null, "denomination": null, "name:ar": null, "name:ur": null, "religion": null, "is_in": null, "created_by": null, "name:de": null, "name:es": null, "name:hi": null, "wikidata": null, "wikipedia": null, "emergency": null, "brand": null, "brand:wikidata": null, "brand:wikipedia": null, "building": null, "source": null, "dispensing": null, "addr:postcode": null, "service_times": null, "grades": null, "operator": null, "operator:type": null, "wikimedia_commons": null, "opening_hours": null, "website": null, "phone": null, "shelter_type": null, "description": null, "atm": null, "addr:street:ar": null, "addr:street:en": null, "addr:street:ur": null, "check_date": null, "addr:housenumber": null, "alt_name": null, "healthcare:speciality": null, "long_name": null, "long_name:ar": null, "long_name:ur": null, "name:ks": null, "name:ml": null, "name:pnb": null, "name:sd": null, "internet_access": null, "air_conditioning": null, "education": null, "area": null, "email": null, "name:pa": null, "generator:source": null, "level": null, "power": null, "name:ps": null, "not:name": null, "type": null }, "geometry": { "type": "Point", "coordinates": [ 73.0147817, 33.6890605 ] } },
{ "type": "Feature", "properties": { "element": "node", "id": 4961842520, "addr:city": "اسلام آباد", "addr:city:ar": "إسلام آباد", "addr:city:en": "Islamabad", "addr:city:ks": "اِسلام آبادٖ", "addr:city:pnb": "اسلام آباد", "addr:city:ps": "اسلام آباد", "addr:city:sd": "اسلام آباد", "addr:city:ur": "اسلام آباد", "addr:street": "Nazim ud Din Road", "amenity": "school", "healthcare": null, "name": "School of Learning International", "name:en": null, "denomination": null, "name:ar": null, "name:ur": "اسکول آف لرننگ انٹرنیشنل", "religion": null, "is_in": null, "created_by": null, "name:de": null, "name:es": null, "name:hi": null, "wikidata": null, "wikipedia": null, "emergency": null, "brand": null, "brand:wikidata": null, "brand:wikipedia": null, "building": null, "source": null, "dispensing": null, "addr:postcode": null, "service_times": null, "grades": null, "operator": null, "operator:type": null, "wikimedia_commons": null, "opening_hours": null, "website": null, "phone": null, "shelter_type": null, "description": null, "atm": null, "addr:street:ar": null, "addr:street:en": null, "addr:street:ur": null, "check_date": null, "addr:housenumber": null, "alt_name": null, "healthcare:speciality": null, "long_name": null, "long_name:ar": null, "long_name:ur": null, "name:ks": null, "name:ml": null, "name:pnb": null, "name:sd": null, "internet_access": null, "air_conditioning": null, "education": null, "area": null, "email": null, "name:pa": null, "generator:source": null, "level": null, "power": null, "name:ps": null, "not:name": null, "type": null }, "geometry": { "type": "Point", "coordinates": [ 73.0142296, 33.6878414 ] } },
{ "type": "Feature", "properties": { "element": "node", "id": 4961843222, "addr:city": "اسلام آباد", "addr:city:ar": "إسلام آباد", "addr:city:en": "Islamabad", "addr:city:ks": "اِسلام آبادٖ", "addr:city:pnb": "اسلام آباد", "addr:city:ps": "اسلام آباد", "addr:city:sd": "اسلام آباد", "addr:city:ur": "اسلام آباد", "addr:street": "Nazim ud Din Road", "amenity": "school", "healthcare": null, "name": "Beaconhouse School System", "name:en": null, "denomination": null, "name:ar": null, "name:ur": null, "religion": null, "is_in": null, "created_by": null, "name:de": null, "name:es": null, "name:hi": null, "wikidata": null, "wikipedia": null, "emergency": null, "brand": null, "brand:wikidata": null, "brand:wikipedia": null, "building": null, "source": null, "dispensing": null, "addr:postcode": null, "service_times": null, "grades": null, "operator": null, "operator:type": null, "wikimedia_commons": null, "opening_hours": null, "website": null, "phone": null, "shelter_type": null, "description": null, "atm": null, "addr:street:ar": null, "addr:street:en": null, "addr:street:ur": null, "check_date": null, "addr:housenumber": null, "alt_name": null, "healthcare:speciality": null, "long_name": null, "long_name:ar": null, "long_name:ur": null, "name:ks": null, "name:ml": null, "name:pnb": null, "name:sd": null, "internet_access": null, "air_conditioning": null, "education": null, "area": null, "email": null, "name:pa": null, "generator:source": null, "level": null, "power": null, "name:ps": null, "not:name": null, "type": null }, "geometry": { "type": "Point", "coordinates": [ 73.0119721, 33.6866289 ] } },
{ "type": "Feature", "properties": { "element": "node", "id": 4961843224, "addr:city": "اسلام آباد", "addr:city:ar": "إسلام آباد", "addr:city:en": null, "addr:city:ks": "اِسلام آبادٖ", "addr:city:pnb": "اسلام آباد", "addr:city:ps": "اسلام آباد", "addr:city:sd": "اسلام آباد", "addr:city:ur": "اسلام آباد", "addr:street": "اسٹریٹ 43", "amenity": "place_of_worship", "healthcare": null, "name": "مسجد صغیر", "name:en": "Masdjid Saghir", "denomination": null, "name:ar": "مسجد صغير", "name:ur": "مسجد صغیر", "religion": "muslim", "is_in": null, "created_by": null, "name:de": null, "name:es": null, "name:hi": null, "wikidata": null, "wikipedia": null, "emergency": null, "brand": null, "brand:wikidata": null, "brand:wikipedia": null, "building": null, "source": null, "dispensing": null, "addr:postcode": null, "service_times": null, "grades": null, "operator": null, "operator:type": null, "wikimedia_commons": null, "opening_hours": null, "website": null, "phone": null, "shelter_type": null, "description": null, "atm": null, "addr:street:ar": "شارع 43", "addr:street:en": "Street 43", "addr:street:ur": "اسٹریٹ 43", "check_date": null, "addr:housenumber": null, "alt_name": null, "healthcare:speciality": null, "long_name": null, "long_name:ar": null, "long_name:ur": null, "name:ks": null, "name:ml": null, "name:pnb": null, "name:sd": null, "internet_access": null, "air_conditioning": null, "education": null, "area": null, "email": null, "name:pa": null, "generator:source": null, "level": null, "power": null, "name:ps": null, "not:name": null, "type": null }, "geometry": { "type": "Point", "coordinates": [ 73.0100329, 33.6877824 ] } },
{ "type": "Feature", "properties": { "element": "node", "id": 4963837771, "addr:city": "اسلام آباد", "addr:city:ar": "إسلام آباد", "addr:city:en": "Islamabad", "addr:city:ks": "اِسلام آبادٖ", "addr:city:pnb": "اسلام آباد", "addr:city:ps": "اسلام آباد", "addr:city:sd": "اسلام آباد", "addr:city:ur": "اسلام آباد", "addr:street": "Street 22", "amenity": "school", "healthcare": null, "name": "Islamabad School Of Law", "name:en": null, "denomination": null, "name:ar": null, "name:ur": null, "religion": null, "is_in": null, "created_by": null, "name:de": null, "name:es": null, "name:hi": null, "wikidata": null, "wikipedia": null, "emergency": null, "brand": null, "brand:wikidata": null, "brand:wikipedia": null, "building": null, "source": null, "dispensing": null, "addr:postcode": null, "service_times": null, "grades": null, "operator": null, "operator:type": null, "wikimedia_commons": null, "opening_hours": null, "website": null, "phone": null, "shelter_type": null, "description": null, "atm": null, "addr:street:ar": null, "addr:street:en": null, "addr:street:ur": null, "check_date": null, "addr:housenumber": null, "alt_name": null, "healthcare:speciality": null, "long_name": null, "long_name:ar": null, "long_name:ur": null, "name:ks": null, "name:ml": null, "name:pnb": null, "name:sd": null, "internet_access": null, "air_conditioning": null, "education": null, "area": null, "email": null, "name:pa": null, "generator:source": null, "level": null, "power": null, "name:ps": null, "not:name": null, "type": null }, "geometry": { "type": "Point", "coordinates": [ 73.0312601, 33.7141361 ] } },
{ "type": "Feature", "properties": { "element": "node", "id": 4963837782, "addr:city": "اسلام آباد", "addr:city:ar": "إسلام آباد", "addr:city:en": "Islamabad", "addr:city:ks": "اِسلام آبادٖ", "addr:city:pnb": "اسلام آباد", "addr:city:ps": "اسلام آباد", "addr:city:sd": "اسلام آباد", "addr:city:ur": "اسلام آباد", "addr:street": "Street 21", "amenity": "university", "healthcare": null, "name": "University College of Islamabad", "name:en": null, "denomination": null, "name:ar": null, "name:ur": null, "religion": null, "is_in": null, "created_by": null, "name:de": null, "name:es": null, "name:hi": null, "wikidata": null, "wikipedia": null, "emergency": null, "brand": null, "brand:wikidata": null, "brand:wikipedia": null, "building": null, "source": null, "dispensing": null, "addr:postcode": null, "service_times": null, "grades": null, "operator": null, "operator:type": null, "wikimedia_commons": null, "opening_hours": null, "website": null, "phone": null, "shelter_type": null, "description": null, "atm": null, "addr:street:ar": null, "addr:street:en": null, "addr:street:ur": null, "check_date": null, "addr:housenumber": null, "alt_name": null, "healthcare:speciality": null, "long_name": null, "long_name:ar": null, "long_name:ur": null, "name:ks": null, "name:ml": null, "name:pnb": null, "name:sd": null, "internet_access": null, "air_conditioning": null, "education": null, "area": null, "email": null, "name:pa": null, "generator:source": null, "level": null, "power": null, "name:ps": null, "not:name": null, "type": null }, "geometry": { "type": "Point", "coordinates": [ 73.0345902, 33.7128949 ] } },
{ "type": "Feature", "properties": { "element": "node", "id": 4963837783, "addr:city": "اسلام آباد", "addr:city:ar": "إسلام آباد", "addr:city:en": "Islamabad", "addr:city:ks": "اِسلام آبادٖ", "addr:city:pnb": "اسلام آباد", "addr:city:ps": "اسلام آباد", "addr:city:sd": "اسلام آباد", "addr:city:ur": "اسلام آباد", "addr:street": "Park Road", "amenity": "school", "healthcare": null, "name": "Hill House Boarding School", "name:en": null, "denomination": null, "name:ar": null, "name:ur": null, "religion": null, "is_in": null, "created_by": null, "name:de": null, "name:es": null, "name:hi": null, "wikidata": null, "wikipedia": null, "emergency": null, "brand": null, "brand:wikidata": null, "brand:wikipedia": null, "building": null, "source": null, "dispensing": null, "addr:postcode": null, "service_times": null, "grades": null, "operator": null, "operator:type": null, "wikimedia_commons": null, "opening_hours": null, "website": null, "phone": null, "shelter_type": null, "description": null, "atm": null, "addr:street:ar": null, "addr:street:en": null, "addr:street:ur": null, "check_date": null, "addr:housenumber": null, "alt_name": null, "healthcare:speciality": null, "long_name": null, "long_name:ar": null, "long_name:ur": null, "name:ks": null, "name:ml": null, "name:pnb": null, "name:sd": null, "internet_access": null, "air_conditioning": null, "education": null, "area": null, "email": null, "name:pa": null, "generator:source": null, "level": null, "power": null, "name:ps": null, "not:name": null, "type": null }, "geometry": { "type": "Point", "coordinates": [ 73.032919, 33.7111928 ] } },
{ "type": "Feature", "properties": { "element": "node", "id": 4963837788, "addr:city": "اسلام آباد", "addr:city:ar": "إسلام آباد", "addr:city:en": "Islamabad", "addr:city:ks": "اِسلام آبادٖ", "addr:city:pnb": "اسلام آباد", "addr:city:ps": "اسلام آباد", "addr:city:sd": "اسلام آباد", "addr:city:ur": "اسلام آباد", "addr:street": "Khayaban-e-Iqbal", "amenity": "school", "healthcare": null, "name": "Westminster School & College", "name:en": null, "denomination": null, "name:ar": null, "name:ur": null, "religion": null, "is_in": null, "created_by": null, "name:de": null, "name:es": null, "name:hi": null, "wikidata": null, "wikipedia": null, "emergency": null, "brand": null, "brand:wikidata": null, "brand:wikipedia": null, "building": null, "source": null, "dispensing": null, "addr:postcode": null, "service_times": null, "grades": null, "operator": null, "operator:type": null, "wikimedia_commons": null, "opening_hours": null, "website": null, "phone": null, "shelter_type": null, "description": null, "atm": null, "addr:street:ar": null, "addr:street:en": null, "addr:street:ur": null, "check_date": null, "addr:housenumber": null, "alt_name": null, "healthcare:speciality": null, "long_name": null, "long_name:ar": null, "long_name:ur": null, "name:ks": null, "name:ml": null, "name:pnb": null, "name:sd": null, "internet_access": null, "air_conditioning": null, "education": null, "area": null, "email": null, "name:pa": null, "generator:source": null, "level": null, "power": null, "name:ps": null, "not:name": null, "type": null }, "geometry": { "type": "Point", "coordinates": [ 73.0415087, 33.7207412 ] } },
{ "type": "Feature", "properties": { "element": "node", "id": 4963837792, "addr:city": "اسلام آباد", "addr:city:ar": "إسلام آباد", "addr:city:en": "Islamabad", "addr:city:ks": "اِسلام آبادٖ", "addr:city:pnb": "اسلام آباد", "addr:city:ps": "اسلام آباد", "addr:city:sd": "اسلام آباد", "addr:city:ur": "اسلام آباد", "addr:street": "Street 2", "amenity": "school", "healthcare": null, "name": "School Nova (Junior Branch)", "name:en": null, "denomination": null, "name:ar": null, "name:ur": null, "religion": null, "is_in": null, "created_by": null, "name:de": null, "name:es": null, "name:hi": null, "wikidata": null, "wikipedia": null, "emergency": null, "brand": null, "brand:wikidata": null, "brand:wikipedia": null, "building": null, "source": null, "dispensing": null, "addr:postcode": null, "service_times": null, "grades": null, "operator": null, "operator:type": null, "wikimedia_commons": null, "opening_hours": null, "website": null, "phone": null, "shelter_type": null, "description": null, "atm": null, "addr:street:ar": null, "addr:street:en": null, "addr:street:ur": null, "check_date": null, "addr:housenumber": null, "alt_name": null, "healthcare:speciality": null, "long_name": null, "long_name:ar": null, "long_name:ur": null, "name:ks": null, "name:ml": null, "name:pnb": null, "name:sd": null, "internet_access": null, "air_conditioning": null, "education": null, "area": null, "email": null, "name:pa": null, "generator:source": null, "level": null, "power": null, "name:ps": null, "not:name": null, "type": null }, "geometry": { "type": "Point", "coordinates": [ 73.0384198, 33.717716 ] } },
{ "type": "Feature", "properties": { "element": "node", "id": 4963837803, "addr:city": "اسلام آباد", "addr:city:ar": "إسلام آباد", "addr:city:en": "Islamabad", "addr:city:ks": "اِسلام آبادٖ", "addr:city:pnb": "اسلام آباد", "addr:city:ps": "اسلام آباد", "addr:city:sd": "اسلام آباد", "addr:city:ur": "اسلام آباد", "addr:street": "Street 1", "amenity": "place_of_worship", "healthcare": null, "name": "Jamia Masjid Abbasia", "name:en": null, "denomination": null, "name:ar": null, "name:ur": null, "religion": "muslim", "is_in": null, "created_by": null, "name:de": null, "name:es": null, "name:hi": null, "wikidata": null, "wikipedia": null, "emergency": null, "brand": null, "brand:wikidata": null, "brand:wikipedia": null, "building": null, "source": null, "dispensing": null, "addr:postcode": null, "service_times": null, "grades": null, "operator": null, "operator:type": null, "wikimedia_commons": null, "opening_hours": null, "website": null, "phone": null, "shelter_type": null, "description": null, "atm": null, "addr:street:ar": null, "addr:street:en": null, "addr:street:ur": null, "check_date": null, "addr:housenumber": null, "alt_name": null, "healthcare:speciality": null, "long_name": null, "long_name:ar": null, "long_name:ur": null, "name:ks": null, "name:ml": null, "name:pnb": null, "name:sd": null, "internet_access": null, "air_conditioning": null, "education": null, "area": null, "email": null, "name:pa": null, "generator:source": null, "level": null, "power": null, "name:ps": null, "not:name": null, "type": null }, "geometry": { "type": "Point", "coordinates": [ 73.042616, 33.7159733 ] } },
{ "type": "Feature", "properties": { "element": "node", "id": 4963837808, "addr:city": "اسلام آباد", "addr:city:ar": "إسلام آباد", "addr:city:en": "Islamabad", "addr:city:ks": "اِسلام آبادٖ", "addr:city:pnb": "اسلام آباد", "addr:city:ps": "اسلام آباد", "addr:city:sd": "اسلام آباد", "addr:city:ur": "اسلام آباد", "addr:street": "Kaghan Road", "amenity": "school", "healthcare": null, "name": "Hillsdale School Islamabad", "name:en": null, "denomination": null, "name:ar": null, "name:ur": null, "religion": null, "is_in": null, "created_by": null, "name:de": null, "name:es": null, "name:hi": null, "wikidata": null, "wikipedia": null, "emergency": null, "brand": null, "brand:wikidata": null, "brand:wikipedia": null, "building": null, "source": null, "dispensing": null, "addr:postcode": null, "service_times": null, "grades": null, "operator": null, "operator:type": null, "wikimedia_commons": null, "opening_hours": null, "website": null, "phone": null, "shelter_type": null, "description": null, "atm": null, "addr:street:ar": null, "addr:street:en": null, "addr:street:ur": null, "check_date": null, "addr:housenumber": null, "alt_name": null, "healthcare:speciality": null, "long_name": null, "long_name:ar": null, "long_name:ur": null, "name:ks": null, "name:ml": null, "name:pnb": null, "name:sd": null, "internet_access": null, "air_conditioning": null, "education": null, "area": null, "email": null, "name:pa": null, "generator:source": null, "level": null, "power": null, "name:ps": null, "not:name": null, "type": null }, "geometry": { "type": "Point", "coordinates": [ 73.0435638, 33.7108488 ] } },
{ "type": "Feature", "properties": { "element": "node", "id": 4963837809, "addr:city": "اسلام آباد", "addr:city:ar": "إسلام آباد", "addr:city:en": "Islamabad", "addr:city:ks": "اِسلام آبادٖ", "addr:city:pnb": "اسلام آباد", "addr:city:ps": "اسلام آباد", "addr:city:sd": "اسلام آباد", "addr:city:ur": "اسلام آباد", "addr:street": "Kaghan Road", "amenity": "school", "healthcare": null, "name": "Headstart School Boys Branch", "name:en": null, "denomination": null, "name:ar": null, "name:ur": null, "religion": null, "is_in": null, "created_by": null, "name:de": null, "name:es": null, "name:hi": null, "wikidata": null, "wikipedia": null, "emergency": null, "brand": null, "brand:wikidata": null, "brand:wikipedia": null, "building": null, "source": null, "dispensing": null, "addr:postcode": null, "service_times": null, "grades": null, "operator": null, "operator:type": null, "wikimedia_commons": null, "opening_hours": null, "website": null, "phone": null, "shelter_type": null, "description": null, "atm": null, "addr:street:ar": null, "addr:street:en": null, "addr:street:ur": null, "check_date": null, "addr:housenumber": null, "alt_name": null, "healthcare:speciality": null, "long_name": null, "long_name:ar": null, "long_name:ur": null, "name:ks": null, "name:ml": null, "name:pnb": null, "name:sd": null, "internet_access": null, "air_conditioning": null, "education": null, "area": null, "email": null, "name:pa": null, "generator:source": null, "level": null, "power": null, "name:ps": null, "not:name": null, "type": null }, "geometry": { "type": "Point", "coordinates": [ 73.0438598, 33.7106672 ] } },
{ "type": "Feature", "properties": { "element": "node", "id": 4963837811, "addr:city": "اسلام آباد", "addr:city:ar": "إسلام آباد", "addr:city:en": "Islamabad", "addr:city:ks": "اِسلام آبادٖ", "addr:city:pnb": "اسلام آباد", "addr:city:ps": "اسلام آباد", "addr:city:sd": "اسلام آباد", "addr:city:ur": "اسلام آباد", "addr:street": "Park Road", "amenity": "school", "healthcare": null, "name": "Alma International", "name:en": null, "denomination": null, "name:ar": null, "name:ur": null, "religion": null, "is_in": null, "created_by": null, "name:de": null, "name:es": null, "name:hi": null, "wikidata": null, "wikipedia": null, "emergency": null, "brand": null, "brand:wikidata": null, "brand:wikipedia": null, "building": null, "source": null, "dispensing": null, "addr:postcode": null, "service_times": null, "grades": null, "operator": null, "operator:type": null, "wikimedia_commons": null, "opening_hours": null, "website": null, "phone": null, "shelter_type": null, "description": null, "atm": null, "addr:street:ar": null, "addr:street:en": null, "addr:street:ur": null, "check_date": null, "addr:housenumber": null, "alt_name": null, "healthcare:speciality": null, "long_name": null, "long_name:ar": null, "long_name:ur": null, "name:ks": null, "name:ml": null, "name:pnb": null, "name:sd": null, "internet_access": null, "air_conditioning": null, "education": null, "area": null, "email": null, "name:pa": null, "generator:source": null, "level": null, "power": null, "name:ps": null, "not:name": null, "type": null }, "geometry": { "type": "Point", "coordinates": [ 73.0338436, 33.71129 ] } },
{ "type": "Feature", "properties": { "element": "node", "id": 4963837814, "addr:city": "اسلام آباد", "addr:city:ar": "إسلام آباد", "addr:city:en": "Islamabad", "addr:city:ks": "اِسلام آبادٖ", "addr:city:pnb": "اسلام آباد", "addr:city:ps": "اسلام آباد", "addr:city:sd": "اسلام آباد", "addr:city:ur": "اسلام آباد", "addr:street": "Agha Shahi (9th) Avenue", "amenity": "police", "healthcare": null, "name": "Traffic Police Office", "name:en": null, "denomination": null, "name:ar": null, "name:ur": null, "religion": null, "is_in": null, "created_by": null, "name:de": null, "name:es": null, "name:hi": null, "wikidata": null, "wikipedia": null, "emergency": null, "brand": null, "brand:wikidata": null, "brand:wikipedia": null, "building": null, "source": null, "dispensing": null, "addr:postcode": null, "service_times": null, "grades": null, "operator": null, "operator:type": null, "wikimedia_commons": null, "opening_hours": null, "website": null, "phone": null, "shelter_type": null, "description": null, "atm": null, "addr:street:ar": null, "addr:street:en": null, "addr:street:ur": null, "check_date": null, "addr:housenumber": null, "alt_name": null, "healthcare:speciality": null, "long_name": null, "long_name:ar": null, "long_name:ur": null, "name:ks": null, "name:ml": null, "name:pnb": null, "name:sd": null, "internet_access": null, "air_conditioning": null, "education": null, "area": null, "email": null, "name:pa": null, "generator:source": null, "level": null, "power": null, "name:ps": null, "not:name": null, "type": null }, "geometry": { "type": "Point", "coordinates": [ 73.0321113, 33.7063075 ] } },
{ "type": "Feature", "properties": { "element": "node", "id": 4963837819, "addr:city": "اسلام آباد", "addr:city:ar": "إسلام آباد", "addr:city:en": "Islamabad", "addr:city:ks": "اِسلام آبادٖ", "addr:city:pnb": "اسلام آباد", "addr:city:ps": "اسلام آباد", "addr:city:sd": "اسلام آباد", "addr:city:ur": "اسلام آباد", "addr:street": "Street 33", "amenity": "school", "healthcare": null, "name": "Alhamd School Of Islam & Modern Sciences", "name:en": null, "denomination": null, "name:ar": null, "name:ur": null, "religion": null, "is_in": null, "created_by": null, "name:de": null, "name:es": null, "name:hi": null, "wikidata": null, "wikipedia": null, "emergency": null, "brand": null, "brand:wikidata": null, "brand:wikipedia": null, "building": null, "source": null, "dispensing": null, "addr:postcode": null, "service_times": null, "grades": null, "operator": null, "operator:type": null, "wikimedia_commons": null, "opening_hours": null, "website": null, "phone": null, "shelter_type": null, "description": null, "atm": null, "addr:street:ar": null, "addr:street:en": null, "addr:street:ur": null, "check_date": null, "addr:housenumber": null, "alt_name": null, "healthcare:speciality": null, "long_name": null, "long_name:ar": null, "long_name:ur": null, "name:ks": null, "name:ml": null, "name:pnb": null, "name:sd": null, "internet_access": null, "air_conditioning": null, "education": null, "area": null, "email": null, "name:pa": null, "generator:source": null, "level": null, "power": null, "name:ps": null, "not:name": null, "type": null }, "geometry": { "type": "Point", "coordinates": [ 73.03657, 33.7054441 ] } },
{ "type": "Feature", "properties": { "element": "node", "id": 4963838222, "addr:city": "اسلام آباد", "addr:city:ar": "إسلام آباد", "addr:city:en": "Islamabad", "addr:city:ks": "اِسلام آبادٖ", "addr:city:pnb": "اسلام آباد", "addr:city:ps": "اسلام آباد", "addr:city:sd": "اسلام آباد", "addr:city:ur": "اسلام آباد", "addr:street": "Street 33", "amenity": "school", "healthcare": null, "name": "Super Nova Academy", "name:en": null, "denomination": null, "name:ar": null, "name:ur": null, "religion": null, "is_in": null, "created_by": null, "name:de": null, "name:es": null, "name:hi": null, "wikidata": null, "wikipedia": null, "emergency": null, "brand": null, "brand:wikidata": null, "brand:wikipedia": null, "building": null, "source": null, "dispensing": null, "addr:postcode": null, "service_times": null, "grades": null, "operator": null, "operator:type": null, "wikimedia_commons": null, "opening_hours": null, "website": null, "phone": null, "shelter_type": null, "description": null, "atm": null, "addr:street:ar": null, "addr:street:en": null, "addr:street:ur": null, "check_date": null, "addr:housenumber": null, "alt_name": null, "healthcare:speciality": null, "long_name": null, "long_name:ar": null, "long_name:ur": null, "name:ks": null, "name:ml": null, "name:pnb": null, "name:sd": null, "internet_access": null, "air_conditioning": null, "education": null, "area": null, "email": null, "name:pa": null, "generator:source": null, "level": null, "power": null, "name:ps": null, "not:name": null, "type": null }, "geometry": { "type": "Point", "coordinates": [ 73.0367506, 33.7055182 ] } },
{ "type": "Feature", "properties": { "element": "node", "id": 4963838223, "addr:city": "اسلام آباد", "addr:city:ar": "إسلام آباد", "addr:city:en": "Islamabad", "addr:city:ks": "اِسلام آبادٖ", "addr:city:pnb": "اسلام آباد", "addr:city:ps": "اسلام آباد", "addr:city:sd": "اسلام آباد", "addr:city:ur": "اسلام آباد", "addr:street": "Street 34", "amenity": "school", "healthcare": null, "name": "Tree House Kindergarden", "name:en": null, "denomination": null, "name:ar": null, "name:ur": null, "religion": null, "is_in": null, "created_by": null, "name:de": null, "name:es": null, "name:hi": null, "wikidata": null, "wikipedia": null, "emergency": null, "brand": null, "brand:wikidata": null, "brand:wikipedia": null, "building": null, "source": null, "dispensing": null, "addr:postcode": null, "service_times": null, "grades": null, "operator": null, "operator:type": null, "wikimedia_commons": null, "opening_hours": null, "website": null, "phone": null, "shelter_type": null, "description": null, "atm": null, "addr:street:ar": null, "addr:street:en": null, "addr:street:ur": null, "check_date": null, "addr:housenumber": null, "alt_name": null, "healthcare:speciality": null, "long_name": null, "long_name:ar": null, "long_name:ur": null, "name:ks": null, "name:ml": null, "name:pnb": null, "name:sd": null, "internet_access": null, "air_conditioning": null, "education": null, "area": null, "email": null, "name:pa": null, "generator:source": null, "level": null, "power": null, "name:ps": null, "not:name": null, "type": null }, "geometry": { "type": "Point", "coordinates": [ 73.0356122, 33.7039395 ] } },
{ "type": "Feature", "properties": { "element": "node", "id": 4963838225, "addr:city": "اسلام آباد", "addr:city:ar": "إسلام آباد", "addr:city:en": "Islamabad", "addr:city:ks": "اِسلام آبادٖ", "addr:city:pnb": "اسلام آباد", "addr:city:ps": "اسلام آباد", "addr:city:sd": "اسلام آباد", "addr:city:ur": "اسلام آباد", "addr:street": "Nazim ud Din Road", "amenity": "college", "healthcare": null, "name": "COTHM Islamabad", "name:en": null, "denomination": null, "name:ar": null, "name:ur": null, "religion": null, "is_in": null, "created_by": null, "name:de": null, "name:es": null, "name:hi": null, "wikidata": null, "wikipedia": null, "emergency": null, "brand": null, "brand:wikidata": null, "brand:wikipedia": null, "building": null, "source": null, "dispensing": null, "addr:postcode": null, "service_times": null, "grades": null, "operator": null, "operator:type": null, "wikimedia_commons": null, "opening_hours": null, "website": null, "phone": null, "shelter_type": null, "description": null, "atm": null, "addr:street:ar": null, "addr:street:en": null, "addr:street:ur": null, "check_date": null, "addr:housenumber": null, "alt_name": null, "healthcare:speciality": null, "long_name": null, "long_name:ar": null, "long_name:ur": null, "name:ks": null, "name:ml": null, "name:pnb": null, "name:sd": null, "internet_access": null, "air_conditioning": null, "education": null, "area": null, "email": null, "name:pa": null, "generator:source": null, "level": null, "power": null, "name:ps": null, "not:name": null, "type": null }, "geometry": { "type": "Point", "coordinates": [ 73.0396095, 33.7033676 ] } },
{ "type": "Feature", "properties": { "element": "node", "id": 4963838226, "addr:city": "اسلام آباد", "addr:city:ar": "إسلام آباد", "addr:city:en": "Islamabad", "addr:city:ks": "اِسلام آبادٖ", "addr:city:pnb": "اسلام آباد", "addr:city:ps": "اسلام آباد", "addr:city:sd": "اسلام آباد", "addr:city:ur": "اسلام آباد", "addr:street": "Street 48", "amenity": "school", "healthcare": null, "name": "Roots International Schools", "name:en": null, "denomination": null, "name:ar": null, "name:ur": null, "religion": null, "is_in": null, "created_by": null, "name:de": null, "name:es": null, "name:hi": null, "wikidata": null, "wikipedia": null, "emergency": null, "brand": null, "brand:wikidata": null, "brand:wikipedia": null, "building": null, "source": null, "dispensing": null, "addr:postcode": null, "service_times": null, "grades": null, "operator": null, "operator:type": null, "wikimedia_commons": null, "opening_hours": null, "website": null, "phone": null, "shelter_type": null, "description": null, "atm": null, "addr:street:ar": null, "addr:street:en": null, "addr:street:ur": null, "check_date": null, "addr:housenumber": null, "alt_name": null, "healthcare:speciality": null, "long_name": null, "long_name:ar": null, "long_name:ur": null, "name:ks": null, "name:ml": null, "name:pnb": null, "name:sd": null, "internet_access": null, "air_conditioning": null, "education": null, "area": null, "email": null, "name:pa": null, "generator:source": null, "level": null, "power": null, "name:ps": null, "not:name": null, "type": null }, "geometry": { "type": "Point", "coordinates": [ 73.0414484, 33.7068272 ] } },
{ "type": "Feature", "properties": { "element": "node", "id": 4963936784, "addr:city": "اسلام آباد", "addr:city:ar": "إسلام آباد", "addr:city:en": "Islamabad", "addr:city:ks": "اِسلام آبادٖ", "addr:city:pnb": "اسلام آباد", "addr:city:ps": "اسلام آباد", "addr:city:sd": "اسلام آباد", "addr:city:ur": "اسلام آباد", "addr:street": "Park Road", "amenity": "hospital", "healthcare": null, "name": "OGDCL Medical Centre", "name:en": null, "denomination": null, "name:ar": null, "name:ur": null, "religion": null, "is_in": null, "created_by": null, "name:de": null, "name:es": null, "name:hi": null, "wikidata": null, "wikipedia": null, "emergency": null, "brand": null, "brand:wikidata": null, "brand:wikipedia": null, "building": null, "source": null, "dispensing": null, "addr:postcode": null, "service_times": null, "grades": null, "operator": null, "operator:type": null, "wikimedia_commons": null, "opening_hours": null, "website": null, "phone": null, "shelter_type": null, "description": null, "atm": null, "addr:street:ar": null, "addr:street:en": null, "addr:street:ur": null, "check_date": null, "addr:housenumber": null, "alt_name": null, "healthcare:speciality": null, "long_name": null, "long_name:ar": null, "long_name:ur": null, "name:ks": null, "name:ml": null, "name:pnb": null, "name:sd": null, "internet_access": null, "air_conditioning": null, "education": null, "area": null, "email": null, "name:pa": null, "generator:source": null, "level": null, "power": null, "name:ps": null, "not:name": null, "type": null }, "geometry": { "type": "Point", "coordinates": [ 73.0375979, 33.7129575 ] } },
{ "type": "Feature", "properties": { "element": "node", "id": 4963936787, "addr:city": "اسلام آباد", "addr:city:ar": "إسلام آباد", "addr:city:en": "Islamabad", "addr:city:ks": "اِسلام آبادٖ", "addr:city:pnb": "اسلام آباد", "addr:city:ps": "اسلام آباد", "addr:city:sd": "اسلام آباد", "addr:city:ur": "اسلام آباد", "addr:street": "Johar Road", "amenity": "college", "healthcare": null, "name": "NICON F-8 Campus", "name:en": null, "denomination": null, "name:ar": null, "name:ur": null, "religion": null, "is_in": null, "created_by": null, "name:de": null, "name:es": null, "name:hi": null, "wikidata": null, "wikipedia": null, "emergency": null, "brand": null, "brand:wikidata": null, "brand:wikipedia": null, "building": null, "source": null, "dispensing": null, "addr:postcode": null, "service_times": null, "grades": null, "operator": null, "operator:type": null, "wikimedia_commons": null, "opening_hours": null, "website": null, "phone": null, "shelter_type": null, "description": null, "atm": null, "addr:street:ar": null, "addr:street:en": null, "addr:street:ur": null, "check_date": null, "addr:housenumber": null, "alt_name": null, "healthcare:speciality": null, "long_name": null, "long_name:ar": null, "long_name:ur": null, "name:ks": null, "name:ml": null, "name:pnb": null, "name:sd": null, "internet_access": null, "air_conditioning": null, "education": null, "area": null, "email": null, "name:pa": null, "generator:source": null, "level": null, "power": null, "name:ps": null, "not:name": null, "type": null }, "geometry": { "type": "Point", "coordinates": [ 73.0371071, 33.71247 ] } },
{ "type": "Feature", "properties": { "element": "node", "id": 4963936798, "addr:city": "اسلام آباد", "addr:city:ar": "إسلام آباد", "addr:city:en": "Islamabad", "addr:city:ks": "اِسلام آبادٖ", "addr:city:pnb": "اسلام آباد", "addr:city:ps": "اسلام آباد", "addr:city:sd": "اسلام آباد", "addr:city:ur": "اسلام آباد", "addr:street": "Johar Road", "amenity": "place_of_worship", "healthcare": null, "name": "Masjid e Rahmania", "name:en": null, "denomination": null, "name:ar": null, "name:ur": null, "religion": "muslim", "is_in": null, "created_by": null, "name:de": null, "name:es": null, "name:hi": null, "wikidata": null, "wikipedia": null, "emergency": null, "brand": null, "brand:wikidata": null, "brand:wikipedia": null, "building": null, "source": null, "dispensing": null, "addr:postcode": null, "service_times": null, "grades": null, "operator": null, "operator:type": null, "wikimedia_commons": null, "opening_hours": null, "website": null, "phone": null, "shelter_type": null, "description": null, "atm": null, "addr:street:ar": null, "addr:street:en": null, "addr:street:ur": null, "check_date": null, "addr:housenumber": null, "alt_name": null, "healthcare:speciality": null, "long_name": null, "long_name:ar": null, "long_name:ur": null, "name:ks": null, "name:ml": null, "name:pnb": null, "name:sd": null, "internet_access": null, "air_conditioning": null, "education": null, "area": null, "email": null, "name:pa": null, "generator:source": null, "level": null, "power": null, "name:ps": null, "not:name": null, "type": null }, "geometry": { "type": "Point", "coordinates": [ 73.0378867, 33.7107157 ] } },
{ "type": "Feature", "properties": { "element": "node", "id": 4963936805, "addr:city": "اسلام آباد", "addr:city:ar": "إسلام آباد", "addr:city:en": "Islamabad", "addr:city:ks": "اِسلام آبادٖ", "addr:city:pnb": "اسلام آباد", "addr:city:ps": "اسلام آباد", "addr:city:sd": "اسلام آباد", "addr:city:ur": "اسلام آباد", "addr:street": "Johar Road", "amenity": "school", "healthcare": null, "name": "Skans School of Accountancy", "name:en": null, "denomination": null, "name:ar": null, "name:ur": null, "religion": null, "is_in": null, "created_by": null, "name:de": null, "name:es": null, "name:hi": null, "wikidata": null, "wikipedia": null, "emergency": null, "brand": null, "brand:wikidata": null, "brand:wikipedia": null, "building": null, "source": null, "dispensing": null, "addr:postcode": null, "service_times": null, "grades": null, "operator": null, "operator:type": null, "wikimedia_commons": null, "opening_hours": null, "website": null, "phone": null, "shelter_type": null, "description": null, "atm": null, "addr:street:ar": null, "addr:street:en": null, "addr:street:ur": null, "check_date": null, "addr:housenumber": null, "alt_name": null, "healthcare:speciality": null, "long_name": null, "long_name:ar": null, "long_name:ur": null, "name:ks": null, "name:ml": null, "name:pnb": null, "name:sd": null, "internet_access": null, "air_conditioning": null, "education": null, "area": null, "email": null, "name:pa": null, "generator:source": null, "level": null, "power": null, "name:ps": null, "not:name": null, "type": null }, "geometry": { "type": "Point", "coordinates": [ 73.0400441, 33.7104202 ] } },
{ "type": "Feature", "properties": { "element": "node", "id": 4963936807, "addr:city": "اسلام آباد", "addr:city:ar": "إسلام آباد", "addr:city:en": "Islamabad", "addr:city:ks": "اِسلام آبادٖ", "addr:city:pnb": "اسلام آباد", "addr:city:ps": "اسلام آباد", "addr:city:sd": "اسلام آباد", "addr:city:ur": "اسلام آباد", "addr:street": "Johar Road", "amenity": "university", "healthcare": null, "name": "Comwave Institute", "name:en": null, "denomination": null, "name:ar": null, "name:ur": null, "religion": null, "is_in": null, "created_by": null, "name:de": null, "name:es": null, "name:hi": null, "wikidata": null, "wikipedia": null, "emergency": null, "brand": null, "brand:wikidata": null, "brand:wikipedia": null, "building": null, "source": null, "dispensing": null, "addr:postcode": null, "service_times": null, "grades": null, "operator": null, "operator:type": null, "wikimedia_commons": null, "opening_hours": null, "website": "https://www.comwave.edu.pk/", "phone": "+92 05122872567", "shelter_type": null, "description": null, "atm": null, "addr:street:ar": null, "addr:street:en": null, "addr:street:ur": null, "check_date": null, "addr:housenumber": null, "alt_name": null, "healthcare:speciality": null, "long_name": null, "long_name:ar": null, "long_name:ur": null, "name:ks": null, "name:ml": null, "name:pnb": null, "name:sd": null, "internet_access": null, "air_conditioning": null, "education": null, "area": null, "email": null, "name:pa": null, "generator:source": null, "level": null, "power": null, "name:ps": null, "not:name": null, "type": null }, "geometry": { "type": "Point", "coordinates": [ 73.0383734, 33.7109944 ] } },
{ "type": "Feature", "properties": { "element": "node", "id": 4963936816, "addr:city": "اسلام آباد", "addr:city:ar": "إسلام آباد", "addr:city:en": "Islamabad", "addr:city:ks": "اِسلام آبادٖ", "addr:city:pnb": "اسلام آباد", "addr:city:ps": "اسلام آباد", "addr:city:sd": "اسلام آباد", "addr:city:ur": "اسلام آباد", "addr:street": "Kohistan Road", "amenity": "college", "healthcare": null, "name": "Institute of Business Leadership", "name:en": null, "denomination": null, "name:ar": null, "name:ur": null, "religion": null, "is_in": null, "created_by": null, "name:de": null, "name:es": null, "name:hi": null, "wikidata": null, "wikipedia": null, "emergency": null, "brand": null, "brand:wikidata": null, "brand:wikipedia": null, "building": null, "source": null, "dispensing": null, "addr:postcode": null, "service_times": null, "grades": null, "operator": null, "operator:type": null, "wikimedia_commons": null, "opening_hours": null, "website": null, "phone": null, "shelter_type": null, "description": null, "atm": null, "addr:street:ar": null, "addr:street:en": null, "addr:street:ur": null, "check_date": null, "addr:housenumber": null, "alt_name": null, "healthcare:speciality": null, "long_name": null, "long_name:ar": null, "long_name:ur": null, "name:ks": null, "name:ml": null, "name:pnb": null, "name:sd": null, "internet_access": null, "air_conditioning": null, "education": null, "area": null, "email": null, "name:pa": null, "generator:source": null, "level": null, "power": null, "name:ps": null, "not:name": null, "type": null }, "geometry": { "type": "Point", "coordinates": [ 73.0408607, 33.7130927 ] } },
{ "type": "Feature", "properties": { "element": "node", "id": 4963936817, "addr:city": "اسلام آباد", "addr:city:ar": "إسلام آباد", "addr:city:en": "Islamabad", "addr:city:ks": "اِسلام آبادٖ", "addr:city:pnb": "اسلام آباد", "addr:city:ps": "اسلام آباد", "addr:city:sd": "اسلام آباد", "addr:city:ur": "اسلام آباد", "addr:street": "Nazim ud Din Road", "amenity": "school", "healthcare": null, "name": "Roots High School", "name:en": null, "denomination": null, "name:ar": null, "name:ur": null, "religion": null, "is_in": null, "created_by": null, "name:de": null, "name:es": null, "name:hi": null, "wikidata": null, "wikipedia": null, "emergency": null, "brand": null, "brand:wikidata": null, "brand:wikipedia": null, "building": null, "source": null, "dispensing": null, "addr:postcode": null, "service_times": null, "grades": null, "operator": null, "operator:type": null, "wikimedia_commons": null, "opening_hours": null, "website": null, "phone": null, "shelter_type": null, "description": null, "atm": null, "addr:street:ar": null, "addr:street:en": null, "addr:street:ur": null, "check_date": null, "addr:housenumber": null, "alt_name": null, "healthcare:speciality": null, "long_name": null, "long_name:ar": null, "long_name:ur": null, "name:ks": null, "name:ml": null, "name:pnb": null, "name:sd": null, "internet_access": null, "air_conditioning": null, "education": null, "area": null, "email": null, "name:pa": null, "generator:source": null, "level": null, "power": null, "name:ps": null, "not:name": null, "type": null }, "geometry": { "type": "Point", "coordinates": [ 73.0433227, 33.7053633 ] } },
{ "type": "Feature", "properties": { "element": "node", "id": 4963977779, "addr:city": "اسلام آباد", "addr:city:ar": "إسلام آباد", "addr:city:en": "Islamabad", "addr:city:ks": "اِسلام آبادٖ", "addr:city:pnb": "اسلام آباد", "addr:city:ps": "اسلام آباد", "addr:city:sd": "اسلام آباد", "addr:city:ur": "اسلام آباد", "addr:street": "Nazim ud Din Road", "amenity": "school", "healthcare": null, "name": "A S A S International School", "name:en": null, "denomination": null, "name:ar": null, "name:ur": null, "religion": null, "is_in": null, "created_by": null, "name:de": null, "name:es": null, "name:hi": null, "wikidata": null, "wikipedia": null, "emergency": null, "brand": null, "brand:wikidata": null, "brand:wikipedia": null, "building": null, "source": null, "dispensing": null, "addr:postcode": null, "service_times": null, "grades": null, "operator": null, "operator:type": null, "wikimedia_commons": null, "opening_hours": null, "website": null, "phone": null, "shelter_type": null, "description": null, "atm": null, "addr:street:ar": null, "addr:street:en": null, "addr:street:ur": null, "check_date": null, "addr:housenumber": null, "alt_name": null, "healthcare:speciality": null, "long_name": null, "long_name:ar": null, "long_name:ur": null, "name:ks": null, "name:ml": null, "name:pnb": null, "name:sd": null, "internet_access": null, "air_conditioning": null, "education": null, "area": null, "email": null, "name:pa": null, "generator:source": null, "level": null, "power": null, "name:ps": null, "not:name": null, "type": null }, "geometry": { "type": "Point", "coordinates": [ 73.0439008, 33.7056604 ] } },
{ "type": "Feature", "properties": { "element": "node", "id": 4963977780, "addr:city": "اسلام آباد", "addr:city:ar": "إسلام آباد", "addr:city:en": "Islamabad", "addr:city:ks": "اِسلام آبادٖ", "addr:city:pnb": "اسلام آباد", "addr:city:ps": "اسلام آباد", "addr:city:sd": "اسلام آباد", "addr:city:ur": "اسلام آباد", "addr:street": "Street 49", "amenity": "school", "healthcare": null, "name": "Aims Education System F-8", "name:en": null, "denomination": null, "name:ar": null, "name:ur": null, "religion": null, "is_in": null, "created_by": null, "name:de": null, "name:es": null, "name:hi": null, "wikidata": null, "wikipedia": null, "emergency": null, "brand": null, "brand:wikidata": null, "brand:wikipedia": null, "building": null, "source": null, "dispensing": null, "addr:postcode": null, "service_times": null, "grades": null, "operator": null, "operator:type": null, "wikimedia_commons": null, "opening_hours": null, "website": null, "phone": null, "shelter_type": null, "description": null, "atm": null, "addr:street:ar": null, "addr:street:en": null, "addr:street:ur": null, "check_date": null, "addr:housenumber": null, "alt_name": null, "healthcare:speciality": null, "long_name": null, "long_name:ar": null, "long_name:ur": null, "name:ks": null, "name:ml": null, "name:pnb": null, "name:sd": null, "internet_access": null, "air_conditioning": null, "education": null, "area": null, "email": null, "name:pa": null, "generator:source": null, "level": null, "power": null, "name:ps": null, "not:name": null, "type": null }, "geometry": { "type": "Point", "coordinates": [ 73.0432228, 33.7065037 ] } },
{ "type": "Feature", "properties": { "element": "node", "id": 4963977781, "addr:city": "اسلام آباد", "addr:city:ar": "إسلام آباد", "addr:city:en": "Islamabad", "addr:city:ks": "اِسلام آبادٖ", "addr:city:pnb": "اسلام آباد", "addr:city:ps": "اسلام آباد", "addr:city:sd": "اسلام آباد", "addr:city:ur": "اسلام آباد", "addr:street": "Nazim ud Din Road", "amenity": "school", "healthcare": null, "name": "SLS Montessori School", "name:en": null, "denomination": null, "name:ar": null, "name:ur": null, "religion": null, "is_in": null, "created_by": null, "name:de": null, "name:es": null, "name:hi": null, "wikidata": null, "wikipedia": null, "emergency": null, "brand": null, "brand:wikidata": null, "brand:wikipedia": null, "building": null, "source": null, "dispensing": null, "addr:postcode": null, "service_times": null, "grades": null, "operator": null, "operator:type": null, "wikimedia_commons": null, "opening_hours": null, "website": null, "phone": null, "shelter_type": null, "description": null, "atm": null, "addr:street:ar": null, "addr:street:en": null, "addr:street:ur": null, "check_date": null, "addr:housenumber": null, "alt_name": null, "healthcare:speciality": null, "long_name": null, "long_name:ar": null, "long_name:ur": null, "name:ks": null, "name:ml": null, "name:pnb": null, "name:sd": null, "internet_access": null, "air_conditioning": null, "education": null, "area": null, "email": null, "name:pa": null, "generator:source": null, "level": null, "power": null, "name:ps": null, "not:name": null, "type": null }, "geometry": { "type": "Point", "coordinates": [ 73.0444448, 33.7059432 ] } },
{ "type": "Feature", "properties": { "element": "node", "id": 4963977785, "addr:city": "اسلام آباد", "addr:city:ar": "إسلام آباد", "addr:city:en": "Islamabad", "addr:city:ks": "اِسلام آبادٖ", "addr:city:pnb": "اسلام آباد", "addr:city:ps": "اسلام آباد", "addr:city:sd": "اسلام آباد", "addr:city:ur": "اسلام آباد", "addr:street": "Street 63", "amenity": "hospital", "healthcare": null, "name": "Chohan Eye Hospital", "name:en": null, "denomination": null, "name:ar": null, "name:ur": null, "religion": null, "is_in": null, "created_by": null, "name:de": null, "name:es": null, "name:hi": null, "wikidata": null, "wikipedia": null, "emergency": null, "brand": null, "brand:wikidata": null, "brand:wikipedia": null, "building": null, "source": null, "dispensing": null, "addr:postcode": null, "service_times": null, "grades": null, "operator": null, "operator:type": null, "wikimedia_commons": null, "opening_hours": null, "website": null, "phone": null, "shelter_type": null, "description": null, "atm": null, "addr:street:ar": null, "addr:street:en": null, "addr:street:ur": null, "check_date": null, "addr:housenumber": null, "alt_name": null, "healthcare:speciality": null, "long_name": null, "long_name:ar": null, "long_name:ur": null, "name:ks": null, "name:ml": null, "name:pnb": null, "name:sd": null, "internet_access": null, "air_conditioning": null, "education": null, "area": null, "email": null, "name:pa": null, "generator:source": null, "level": null, "power": null, "name:ps": null, "not:name": null, "type": null }, "geometry": { "type": "Point", "coordinates": [ 73.0503778, 33.7090707 ] } },
{ "type": "Feature", "properties": { "element": "node", "id": 4963977787, "addr:city": "اسلام آباد", "addr:city:ar": "إسلام آباد", "addr:city:en": "Islamabad", "addr:city:ks": "اِسلام آبادٖ", "addr:city:pnb": "اسلام آباد", "addr:city:ps": "اسلام آباد", "addr:city:sd": "اسلام آباد", "addr:city:ur": "اسلام آباد", "addr:street": "Nazim ud Din Road", "amenity": "school", "healthcare": null, "name": "Al-Huda International School", "name:en": null, "denomination": null, "name:ar": null, "name:ur": null, "religion": null, "is_in": null, "created_by": null, "name:de": null, "name:es": null, "name:hi": null, "wikidata": null, "wikipedia": null, "emergency": null, "brand": null, "brand:wikidata": null, "brand:wikipedia": null, "building": null, "source": null, "dispensing": null, "addr:postcode": null, "service_times": null, "grades": null, "operator": null, "operator:type": null, "wikimedia_commons": null, "opening_hours": null, "website": null, "phone": null, "shelter_type": null, "description": null, "atm": null, "addr:street:ar": null, "addr:street:en": null, "addr:street:ur": null, "check_date": null, "addr:housenumber": null, "alt_name": null, "healthcare:speciality": null, "long_name": null, "long_name:ar": null, "long_name:ur": null, "name:ks": null, "name:ml": null, "name:pnb": null, "name:sd": null, "internet_access": null, "air_conditioning": null, "education": null, "area": null, "email": null, "name:pa": null, "generator:source": null, "level": null, "power": null, "name:ps": null, "not:name": null, "type": null }, "geometry": { "type": "Point", "coordinates": [ 73.0467995, 33.7072021 ] } },
{ "type": "Feature", "properties": { "element": "node", "id": 4963977788, "addr:city": "اسلام آباد", "addr:city:ar": "إسلام آباد", "addr:city:en": "Islamabad", "addr:city:ks": "اِسلام آبادٖ", "addr:city:pnb": "اسلام آباد", "addr:city:ps": "اسلام آباد", "addr:city:sd": "اسلام آباد", "addr:city:ur": "اسلام آباد", "addr:street": "Nazim ud Din Road", "amenity": "place_of_worship", "healthcare": null, "name": "Jamia Masjid Rahmatulil Alameen", "name:en": null, "denomination": null, "name:ar": null, "name:ur": null, "religion": "muslim", "is_in": null, "created_by": null, "name:de": null, "name:es": null, "name:hi": null, "wikidata": null, "wikipedia": null, "emergency": null, "brand": null, "brand:wikidata": null, "brand:wikipedia": null, "building": "mosque", "source": null, "dispensing": null, "addr:postcode": null, "service_times": null, "grades": null, "operator": null, "operator:type": null, "wikimedia_commons": null, "opening_hours": null, "website": null, "phone": null, "shelter_type": null, "description": null, "atm": null, "addr:street:ar": null, "addr:street:en": null, "addr:street:ur": null, "check_date": null, "addr:housenumber": null, "alt_name": null, "healthcare:speciality": null, "long_name": null, "long_name:ar": null, "long_name:ur": null, "name:ks": null, "name:ml": null, "name:pnb": null, "name:sd": null, "internet_access": null, "air_conditioning": null, "education": null, "area": null, "email": null, "name:pa": null, "generator:source": null, "level": null, "power": null, "name:ps": null, "not:name": null, "type": null }, "geometry": { "type": "Point", "coordinates": [ 73.0461113, 33.7070594 ] } },
{ "type": "Feature", "properties": { "element": "node", "id": 4964054204, "addr:city": "اسلام آباد", "addr:city:ar": "إسلام آباد", "addr:city:en": "Islamabad", "addr:city:ks": "اِسلام آبادٖ", "addr:city:pnb": "اسلام آباد", "addr:city:ps": "اسلام آباد", "addr:city:sd": "اسلام آباد", "addr:city:ur": "اسلام آباد", "addr:street": "Street 12", "amenity": "place_of_worship", "healthcare": null, "name": "Naval Mosque", "name:en": null, "denomination": null, "name:ar": null, "name:ur": null, "religion": "muslim", "is_in": null, "created_by": null, "name:de": null, "name:es": null, "name:hi": null, "wikidata": null, "wikipedia": null, "emergency": null, "brand": null, "brand:wikidata": null, "brand:wikipedia": null, "building": null, "source": null, "dispensing": null, "addr:postcode": null, "service_times": null, "grades": null, "operator": null, "operator:type": null, "wikimedia_commons": null, "opening_hours": null, "website": null, "phone": null, "shelter_type": null, "description": null, "atm": null, "addr:street:ar": null, "addr:street:en": null, "addr:street:ur": null, "check_date": null, "addr:housenumber": null, "alt_name": null, "healthcare:speciality": null, "long_name": null, "long_name:ar": null, "long_name:ur": null, "name:ks": null, "name:ml": null, "name:pnb": null, "name:sd": null, "internet_access": null, "air_conditioning": null, "education": null, "area": null, "email": null, "name:pa": null, "generator:source": null, "level": null, "power": null, "name:ps": null, "not:name": null, "type": null }, "geometry": { "type": "Point", "coordinates": [ 73.0359474, 33.7235238 ] } },
{ "type": "Feature", "properties": { "element": "node", "id": 4964168702, "addr:city": "اسلام آباد", "addr:city:ar": "إسلام آباد", "addr:city:en": "Islamabad", "addr:city:ks": "اِسلام آبادٖ", "addr:city:pnb": "اسلام آباد", "addr:city:ps": "اسلام آباد", "addr:city:sd": "اسلام آباد", "addr:city:ur": "اسلام آباد", "addr:street": "Lalak Jan Road", "amenity": "hospital", "healthcare": null, "name": "PNS Hafeez - Naval Hospital", "name:en": null, "denomination": null, "name:ar": null, "name:ur": null, "religion": null, "is_in": null, "created_by": null, "name:de": null, "name:es": null, "name:hi": null, "wikidata": null, "wikipedia": null, "emergency": null, "brand": null, "brand:wikidata": null, "brand:wikipedia": null, "building": null, "source": null, "dispensing": null, "addr:postcode": null, "service_times": null, "grades": null, "operator": null, "operator:type": null, "wikimedia_commons": null, "opening_hours": null, "website": null, "phone": null, "shelter_type": null, "description": null, "atm": null, "addr:street:ar": null, "addr:street:en": null, "addr:street:ur": null, "check_date": null, "addr:housenumber": null, "alt_name": null, "healthcare:speciality": null, "long_name": null, "long_name:ar": null, "long_name:ur": null, "name:ks": null, "name:ml": null, "name:pnb": null, "name:sd": null, "internet_access": null, "air_conditioning": null, "education": null, "area": null, "email": null, "name:pa": null, "generator:source": null, "level": null, "power": null, "name:ps": null, "not:name": null, "type": null }, "geometry": { "type": "Point", "coordinates": [ 73.0343455, 33.7198918 ] } },
{ "type": "Feature", "properties": { "element": "node", "id": 4964226920, "addr:city": "اسلام آباد", "addr:city:ar": "إسلام آباد", "addr:city:en": "Islamabad", "addr:city:ks": "اِسلام آبادٖ", "addr:city:pnb": "اسلام آباد", "addr:city:ps": "اسلام آباد", "addr:city:sd": "اسلام آباد", "addr:city:ur": "اسلام آباد", "addr:street": "Jinnah Avenue", "amenity": "hospital", "healthcare": null, "name": "MEDICSi", "name:en": null, "denomination": null, "name:ar": null, "name:ur": null, "religion": null, "is_in": null, "created_by": null, "name:de": null, "name:es": null, "name:hi": null, "wikidata": null, "wikipedia": null, "emergency": null, "brand": null, "brand:wikidata": null, "brand:wikipedia": null, "building": null, "source": null, "dispensing": null, "addr:postcode": null, "service_times": null, "grades": null, "operator": null, "operator:type": null, "wikimedia_commons": null, "opening_hours": null, "website": null, "phone": null, "shelter_type": null, "description": null, "atm": null, "addr:street:ar": null, "addr:street:en": null, "addr:street:ur": null, "check_date": null, "addr:housenumber": null, "alt_name": null, "healthcare:speciality": null, "long_name": null, "long_name:ar": null, "long_name:ur": null, "name:ks": null, "name:ml": null, "name:pnb": null, "name:sd": null, "internet_access": null, "air_conditioning": null, "education": null, "area": null, "email": null, "name:pa": null, "generator:source": null, "level": null, "power": null, "name:ps": null, "not:name": null, "type": null }, "geometry": { "type": "Point", "coordinates": [ 73.0635591, 33.7144555 ] } },
{ "type": "Feature", "properties": { "element": "node", "id": 4964228621, "addr:city": "اسلام آباد", "addr:city:ar": "إسلام آباد", "addr:city:en": "Islamabad", "addr:city:ks": "اِسلام آبادٖ", "addr:city:pnb": "اسلام آباد", "addr:city:ps": "اسلام آباد", "addr:city:sd": "اسلام آباد", "addr:city:ur": "اسلام آباد", "addr:street": "Nazim ud Din Road", "amenity": "college", "healthcare": null, "name": "Roots College International", "name:en": null, "denomination": null, "name:ar": null, "name:ur": null, "religion": null, "is_in": null, "created_by": null, "name:de": null, "name:es": null, "name:hi": null, "wikidata": null, "wikipedia": null, "emergency": null, "brand": null, "brand:wikidata": null, "brand:wikipedia": null, "building": null, "source": null, "dispensing": null, "addr:postcode": null, "service_times": null, "grades": null, "operator": null, "operator:type": null, "wikimedia_commons": null, "opening_hours": null, "website": null, "phone": null, "shelter_type": null, "description": null, "atm": null, "addr:street:ar": null, "addr:street:en": null, "addr:street:ur": null, "check_date": null, "addr:housenumber": null, "alt_name": null, "healthcare:speciality": null, "long_name": null, "long_name:ar": null, "long_name:ur": null, "name:ks": null, "name:ml": null, "name:pnb": null, "name:sd": null, "internet_access": null, "air_conditioning": null, "education": null, "area": null, "email": null, "name:pa": null, "generator:source": null, "level": null, "power": null, "name:ps": null, "not:name": null, "type": null }, "geometry": { "type": "Point", "coordinates": [ 73.0617552, 33.7151682 ] } },
{ "type": "Feature", "properties": { "element": "node", "id": 4964228641, "addr:city": "اسلام آباد", "addr:city:ar": "إسلام آباد", "addr:city:en": "Islamabad", "addr:city:ks": "اِسلام آبادٖ", "addr:city:pnb": "اسلام آباد", "addr:city:ps": "اسلام آباد", "addr:city:sd": "اسلام آباد", "addr:city:ur": "اسلام آباد", "addr:street": "Bhitai Road", "amenity": "school", "healthcare": null, "name": "Islamabad Model School For Girls", "name:en": null, "denomination": null, "name:ar": null, "name:ur": null, "religion": null, "is_in": null, "created_by": null, "name:de": null, "name:es": null, "name:hi": null, "wikidata": null, "wikipedia": null, "emergency": null, "brand": null, "brand:wikidata": null, "brand:wikipedia": null, "building": null, "source": null, "dispensing": null, "addr:postcode": null, "service_times": null, "grades": null, "operator": null, "operator:type": null, "wikimedia_commons": null, "opening_hours": null, "website": null, "phone": null, "shelter_type": null, "description": null, "atm": null, "addr:street:ar": null, "addr:street:en": null, "addr:street:ur": null, "check_date": null, "addr:housenumber": null, "alt_name": null, "healthcare:speciality": null, "long_name": null, "long_name:ar": null, "long_name:ur": null, "name:ks": null, "name:ml": null, "name:pnb": null, "name:sd": null, "internet_access": null, "air_conditioning": null, "education": null, "area": null, "email": null, "name:pa": null, "generator:source": null, "level": null, "power": null, "name:ps": null, "not:name": null, "type": null }, "geometry": { "type": "Point", "coordinates": [ 73.0499371, 33.7164303 ] } },
{ "type": "Feature", "properties": { "element": "node", "id": 4965273725, "addr:city": "اسلام آباد", "addr:city:ar": "إسلام آباد", "addr:city:en": "Islamabad", "addr:city:ks": "اِسلام آبادٖ", "addr:city:pnb": "اسلام آباد", "addr:city:ps": "اسلام آباد", "addr:city:sd": "اسلام آباد", "addr:city:ur": "اسلام آباد", "addr:street": "Bhitai Road", "amenity": "school", "healthcare": null, "name": "Supernova school", "name:en": null, "denomination": null, "name:ar": null, "name:ur": null, "religion": null, "is_in": null, "created_by": null, "name:de": null, "name:es": null, "name:hi": null, "wikidata": null, "wikipedia": null, "emergency": null, "brand": null, "brand:wikidata": null, "brand:wikipedia": null, "building": null, "source": null, "dispensing": null, "addr:postcode": null, "service_times": null, "grades": null, "operator": null, "operator:type": null, "wikimedia_commons": null, "opening_hours": null, "website": null, "phone": null, "shelter_type": null, "description": null, "atm": null, "addr:street:ar": null, "addr:street:en": null, "addr:street:ur": null, "check_date": null, "addr:housenumber": null, "alt_name": null, "healthcare:speciality": null, "long_name": null, "long_name:ar": null, "long_name:ur": null, "name:ks": null, "name:ml": null, "name:pnb": null, "name:sd": null, "internet_access": null, "air_conditioning": null, "education": null, "area": null, "email": null, "name:pa": null, "generator:source": null, "level": null, "power": null, "name:ps": null, "not:name": null, "type": null }, "geometry": { "type": "Point", "coordinates": [ 73.0510603, 33.7164393 ] } },
{ "type": "Feature", "properties": { "element": "node", "id": 4965273743, "addr:city": "اسلام آباد", "addr:city:ar": "إسلام آباد", "addr:city:en": "Islamabad", "addr:city:ks": "اِسلام آبادٖ", "addr:city:pnb": "اسلام آباد", "addr:city:ps": "اسلام آباد", "addr:city:sd": "اسلام آباد", "addr:city:ur": "اسلام آباد", "addr:street": "Nazim ud Din Road", "amenity": "school", "healthcare": null, "name": "Beaconhouse School System", "name:en": null, "denomination": null, "name:ar": null, "name:ur": null, "religion": null, "is_in": null, "created_by": null, "name:de": null, "name:es": null, "name:hi": null, "wikidata": null, "wikipedia": null, "emergency": null, "brand": null, "brand:wikidata": null, "brand:wikipedia": null, "building": null, "source": null, "dispensing": null, "addr:postcode": null, "service_times": null, "grades": null, "operator": null, "operator:type": null, "wikimedia_commons": null, "opening_hours": null, "website": null, "phone": null, "shelter_type": null, "description": null, "atm": null, "addr:street:ar": null, "addr:street:en": null, "addr:street:ur": null, "check_date": null, "addr:housenumber": null, "alt_name": null, "healthcare:speciality": null, "long_name": null, "long_name:ar": null, "long_name:ur": null, "name:ks": null, "name:ml": null, "name:pnb": null, "name:sd": null, "internet_access": null, "air_conditioning": null, "education": null, "area": null, "email": null, "name:pa": null, "generator:source": null, "level": null, "power": null, "name:ps": null, "not:name": null, "type": null }, "geometry": { "type": "Point", "coordinates": [ 73.0595701, 33.7138842 ] } },
{ "type": "Feature", "properties": { "element": "node", "id": 4965273745, "addr:city": "اسلام آباد", "addr:city:ar": "إسلام آباد", "addr:city:en": "Islamabad", "addr:city:ks": "اِسلام آبادٖ", "addr:city:pnb": "اسلام آباد", "addr:city:ps": "اسلام آباد", "addr:city:sd": "اسلام آباد", "addr:city:ur": "اسلام آباد", "addr:street": "Marvi Road", "amenity": "university", "healthcare": null, "name": "Jamia Ahlilbait", "name:en": null, "denomination": null, "name:ar": null, "name:ur": null, "religion": null, "is_in": null, "created_by": null, "name:de": null, "name:es": null, "name:hi": null, "wikidata": null, "wikipedia": null, "emergency": null, "brand": null, "brand:wikidata": null, "brand:wikipedia": null, "building": null, "source": null, "dispensing": null, "addr:postcode": null, "service_times": null, "grades": null, "operator": null, "operator:type": null, "wikimedia_commons": null, "opening_hours": null, "website": null, "phone": null, "shelter_type": null, "description": null, "atm": null, "addr:street:ar": null, "addr:street:en": null, "addr:street:ur": null, "check_date": null, "addr:housenumber": null, "alt_name": null, "healthcare:speciality": null, "long_name": null, "long_name:ar": null, "long_name:ur": null, "name:ks": null, "name:ml": null, "name:pnb": null, "name:sd": null, "internet_access": null, "air_conditioning": null, "education": null, "area": null, "email": null, "name:pa": null, "generator:source": null, "level": null, "power": null, "name:ps": null, "not:name": null, "type": null }, "geometry": { "type": "Point", "coordinates": [ 73.0619886, 33.7157461 ] } },
{ "type": "Feature", "properties": { "element": "node", "id": 4965273752, "addr:city": "اسلام آباد", "addr:city:ar": "إسلام آباد", "addr:city:en": "Islamabad", "addr:city:ks": "اِسلام آبادٖ", "addr:city:pnb": "اسلام آباد", "addr:city:ps": "اسلام آباد", "addr:city:sd": "اسلام آباد", "addr:city:ur": "اسلام آباد", "addr:street": "Street 60", "amenity": "place_of_worship", "healthcare": null, "name": "Lal Masjid", "name:en": null, "denomination": null, "name:ar": null, "name:ur": null, "religion": "muslim", "is_in": null, "created_by": null, "name:de": null, "name:es": null, "name:hi": null, "wikidata": null, "wikipedia": null, "emergency": null, "brand": null, "brand:wikidata": null, "brand:wikipedia": null, "building": null, "source": null, "dispensing": null, "addr:postcode": null, "service_times": null, "grades": null, "operator": null, "operator:type": null, "wikimedia_commons": null, "opening_hours": null, "website": null, "phone": null, "shelter_type": null, "description": null, "atm": null, "addr:street:ar": null, "addr:street:en": null, "addr:street:ur": null, "check_date": null, "addr:housenumber": null, "alt_name": null, "healthcare:speciality": null, "long_name": null, "long_name:ar": null, "long_name:ur": null, "name:ks": null, "name:ml": null, "name:pnb": null, "name:sd": null, "internet_access": null, "air_conditioning": null, "education": null, "area": null, "email": null, "name:pa": null, "generator:source": null, "level": null, "power": null, "name:ps": null, "not:name": null, "type": null }, "geometry": { "type": "Point", "coordinates": [ 73.068335, 33.7199097 ] } },
{ "type": "Feature", "properties": { "element": "node", "id": 4965273761, "addr:city": "اسلام آباد", "addr:city:ar": "إسلام آباد", "addr:city:en": "Islamabad", "addr:city:ks": "اِسلام آبادٖ", "addr:city:pnb": "اسلام آباد", "addr:city:ps": "اسلام آباد", "addr:city:sd": "اسلام آباد", "addr:city:ur": "اسلام آباد", "addr:street": "College Road", "amenity": "college", "healthcare": null, "name": "Federal Government Margalla College for Women", "name:en": null, "denomination": null, "name:ar": null, "name:ur": null, "religion": null, "is_in": null, "created_by": null, "name:de": null, "name:es": null, "name:hi": null, "wikidata": null, "wikipedia": null, "emergency": null, "brand": null, "brand:wikidata": null, "brand:wikipedia": null, "building": null, "source": null, "dispensing": null, "addr:postcode": null, "service_times": null, "grades": null, "operator": "Federal Government", "operator:type": null, "wikimedia_commons": null, "opening_hours": null, "website": null, "phone": null, "shelter_type": null, "description": null, "atm": null, "addr:street:ar": null, "addr:street:en": null, "addr:street:ur": null, "check_date": null, "addr:housenumber": null, "alt_name": null, "healthcare:speciality": null, "long_name": null, "long_name:ar": null, "long_name:ur": null, "name:ks": null, "name:ml": null, "name:pnb": null, "name:sd": null, "internet_access": null, "air_conditioning": null, "education": null, "area": null, "email": null, "name:pa": null, "generator:source": null, "level": null, "power": null, "name:ps": null, "not:name": null, "type": null }, "geometry": { "type": "Point", "coordinates": [ 73.063619, 33.7241309 ] } },
{ "type": "Feature", "properties": { "element": "node", "id": 4965273763, "addr:city": "اسلام آباد", "addr:city:ar": "إسلام آباد", "addr:city:en": "Islamabad", "addr:city:ks": "اِسلام آبادٖ", "addr:city:pnb": "اسلام آباد", "addr:city:ps": "اسلام آباد", "addr:city:sd": "اسلام آباد", "addr:city:ur": "اسلام آباد", "addr:street": "Younas Avenue", "amenity": "college", "healthcare": null, "name": "Fazaia Intermediate College", "name:en": null, "denomination": null, "name:ar": null, "name:ur": null, "religion": null, "is_in": null, "created_by": null, "name:de": null, "name:es": null, "name:hi": null, "wikidata": "Q5439140", "wikipedia": "en:Fazaia Intermediate College, Islamabad", "emergency": null, "brand": null, "brand:wikidata": null, "brand:wikipedia": null, "building": null, "source": null, "dispensing": null, "addr:postcode": null, "service_times": null, "grades": null, "operator": null, "operator:type": null, "wikimedia_commons": null, "opening_hours": null, "website": null, "phone": null, "shelter_type": null, "description": null, "atm": null, "addr:street:ar": null, "addr:street:en": null, "addr:street:ur": null, "check_date": null, "addr:housenumber": null, "alt_name": null, "healthcare:speciality": null, "long_name": null, "long_name:ar": null, "long_name:ur": null, "name:ks": null, "name:ml": null, "name:pnb": null, "name:sd": null, "internet_access": null, "air_conditioning": null, "education": null, "area": null, "email": null, "name:pa": null, "generator:source": null, "level": null, "power": null, "name:ps": null, "not:name": null, "type": null }, "geometry": { "type": "Point", "coordinates": [ 73.0205269, 33.7147152 ] } },
{ "type": "Feature", "properties": { "element": "node", "id": 4965289176, "addr:city": "اسلام آباد", "addr:city:ar": "إسلام آباد", "addr:city:en": "Islamabad", "addr:city:ks": "اِسلام آبادٖ", "addr:city:pnb": "اسلام آباد", "addr:city:ps": "اسلام آباد", "addr:city:sd": "اسلام آباد", "addr:city:ur": "اسلام آباد", "addr:street": "Iqbal Road", "amenity": "place_of_worship", "healthcare": null, "name": null, "name:en": null, "denomination": null, "name:ar": null, "name:ur": null, "religion": "muslim", "is_in": null, "created_by": null, "name:de": null, "name:es": null, "name:hi": null, "wikidata": null, "wikipedia": null, "emergency": null, "brand": null, "brand:wikidata": null, "brand:wikipedia": null, "building": null, "source": null, "dispensing": null, "addr:postcode": null, "service_times": null, "grades": null, "operator": null, "operator:type": null, "wikimedia_commons": null, "opening_hours": null, "website": null, "phone": null, "shelter_type": null, "description": null, "atm": null, "addr:street:ar": null, "addr:street:en": null, "addr:street:ur": null, "check_date": null, "addr:housenumber": null, "alt_name": null, "healthcare:speciality": null, "long_name": null, "long_name:ar": null, "long_name:ur": null, "name:ks": null, "name:ml": null, "name:pnb": null, "name:sd": null, "internet_access": null, "air_conditioning": null, "education": null, "area": null, "email": null, "name:pa": null, "generator:source": null, "level": null, "power": null, "name:ps": null, "not:name": null, "type": null }, "geometry": { "type": "Point", "coordinates": [ 73.0146258, 33.7115994 ] } },
{ "type": "Feature", "properties": { "element": "node", "id": 4966256871, "addr:city": "اسلام آباد", "addr:city:ar": "إسلام آباد", "addr:city:en": "Islamabad", "addr:city:ks": "اِسلام آبادٖ", "addr:city:pnb": "اسلام آباد", "addr:city:ps": "اسلام آباد", "addr:city:sd": "اسلام آباد", "addr:city:ur": "اسلام آباد", "addr:street": "Faisal Avenue", "amenity": "pharmacy", "healthcare": null, "name": "D.Watson Chemist", "name:en": null, "denomination": null, "name:ar": null, "name:ur": null, "religion": null, "is_in": null, "created_by": null, "name:de": null, "name:es": null, "name:hi": null, "wikidata": null, "wikipedia": null, "emergency": null, "brand": null, "brand:wikidata": null, "brand:wikipedia": null, "building": null, "source": null, "dispensing": null, "addr:postcode": null, "service_times": null, "grades": null, "operator": null, "operator:type": null, "wikimedia_commons": null, "opening_hours": null, "website": null, "phone": null, "shelter_type": null, "description": null, "atm": null, "addr:street:ar": null, "addr:street:en": null, "addr:street:ur": null, "check_date": null, "addr:housenumber": null, "alt_name": null, "healthcare:speciality": null, "long_name": null, "long_name:ar": null, "long_name:ur": null, "name:ks": null, "name:ml": null, "name:pnb": null, "name:sd": null, "internet_access": null, "air_conditioning": null, "education": null, "area": null, "email": null, "name:pa": null, "generator:source": null, "level": null, "power": null, "name:ps": null, "not:name": null, "type": null }, "geometry": { "type": "Point", "coordinates": [ 73.0555289, 33.7088753 ] } },
{ "type": "Feature", "properties": { "element": "node", "id": 4966256875, "addr:city": "اسلام آباد", "addr:city:ar": "إسلام آباد", "addr:city:en": "Islamabad", "addr:city:ks": "اِسلام آبادٖ", "addr:city:pnb": "اسلام آباد", "addr:city:ps": "اسلام آباد", "addr:city:sd": "اسلام آباد", "addr:city:ur": "اسلام آباد", "addr:street": "AKM Fazul Haq Road", "amenity": "pharmacy", "healthcare": null, "name": "Citi Lab", "name:en": null, "denomination": null, "name:ar": null, "name:ur": null, "religion": null, "is_in": null, "created_by": null, "name:de": null, "name:es": null, "name:hi": null, "wikidata": null, "wikipedia": null, "emergency": null, "brand": null, "brand:wikidata": null, "brand:wikipedia": null, "building": null, "source": null, "dispensing": null, "addr:postcode": null, "service_times": null, "grades": null, "operator": null, "operator:type": null, "wikimedia_commons": null, "opening_hours": null, "website": null, "phone": null, "shelter_type": null, "description": null, "atm": null, "addr:street:ar": null, "addr:street:en": null, "addr:street:ur": null, "check_date": null, "addr:housenumber": null, "alt_name": null, "healthcare:speciality": null, "long_name": null, "long_name:ar": null, "long_name:ur": null, "name:ks": null, "name:ml": null, "name:pnb": null, "name:sd": null, "internet_access": null, "air_conditioning": null, "education": null, "area": null, "email": null, "name:pa": null, "generator:source": null, "level": null, "power": null, "name:ps": null, "not:name": null, "type": null }, "geometry": { "type": "Point", "coordinates": [ 73.0567891, 33.7092472 ] } },
{ "type": "Feature", "properties": { "element": "node", "id": 4966256877, "addr:city": "اسلام آباد", "addr:city:ar": "إسلام آباد", "addr:city:en": "Islamabad", "addr:city:ks": "اِسلام آبادٖ", "addr:city:pnb": "اسلام آباد", "addr:city:ps": "اسلام آباد", "addr:city:sd": "اسلام آباد", "addr:city:ur": "اسلام آباد", "addr:street": "AKM Fazul Haq Road", "amenity": "pharmacy", "healthcare": null, "name": "Shaukat Khanum Laboratory Collection Centre", "name:en": null, "denomination": null, "name:ar": null, "name:ur": null, "religion": null, "is_in": null, "created_by": null, "name:de": null, "name:es": null, "name:hi": null, "wikidata": null, "wikipedia": null, "emergency": null, "brand": null, "brand:wikidata": null, "brand:wikipedia": null, "building": null, "source": null, "dispensing": null, "addr:postcode": null, "service_times": null, "grades": null, "operator": null, "operator:type": null, "wikimedia_commons": null, "opening_hours": null, "website": null, "phone": null, "shelter_type": null, "description": null, "atm": null, "addr:street:ar": null, "addr:street:en": null, "addr:street:ur": null, "check_date": null, "addr:housenumber": null, "alt_name": null, "healthcare:speciality": null, "long_name": null, "long_name:ar": null, "long_name:ur": null, "name:ks": null, "name:ml": null, "name:pnb": null, "name:sd": null, "internet_access": null, "air_conditioning": null, "education": null, "area": null, "email": null, "name:pa": null, "generator:source": null, "level": null, "power": null, "name:ps": null, "not:name": null, "type": null }, "geometry": { "type": "Point", "coordinates": [ 73.0579085, 33.7098416 ] } },
{ "type": "Feature", "properties": { "element": "node", "id": 4966256881, "addr:city": "اسلام آباد", "addr:city:ar": "إسلام آباد", "addr:city:en": "Islamabad", "addr:city:ks": "اِسلام آبادٖ", "addr:city:pnb": "اسلام آباد", "addr:city:ps": "اسلام آباد", "addr:city:sd": "اسلام آباد", "addr:city:ur": "اسلام آباد", "addr:street": "AKM Fazul Haq Road", "amenity": "hospital", "healthcare": null, "name": "Beewell Hospital", "name:en": null, "denomination": null, "name:ar": null, "name:ur": null, "religion": null, "is_in": null, "created_by": null, "name:de": null, "name:es": null, "name:hi": null, "wikidata": null, "wikipedia": null, "emergency": null, "brand": null, "brand:wikidata": null, "brand:wikipedia": null, "building": null, "source": null, "dispensing": null, "addr:postcode": null, "service_times": null, "grades": null, "operator": null, "operator:type": null, "wikimedia_commons": null, "opening_hours": null, "website": null, "phone": null, "shelter_type": null, "description": null, "atm": null, "addr:street:ar": null, "addr:street:en": null, "addr:street:ur": null, "check_date": null, "addr:housenumber": null, "alt_name": null, "healthcare:speciality": null, "long_name": null, "long_name:ar": null, "long_name:ur": null, "name:ks": null, "name:ml": null, "name:pnb": null, "name:sd": null, "internet_access": null, "air_conditioning": null, "education": null, "area": null, "email": null, "name:pa": null, "generator:source": null, "level": null, "power": null, "name:ps": null, "not:name": null, "type": null }, "geometry": { "type": "Point", "coordinates": [ 73.0582647, 33.7100275 ] } },
{ "type": "Feature", "properties": { "element": "node", "id": 4966256893, "addr:city": "اسلام آباد", "addr:city:ar": "إسلام آباد", "addr:city:en": "Islamabad", "addr:city:ks": "اِسلام آبادٖ", "addr:city:pnb": "اسلام آباد", "addr:city:ps": "اسلام آباد", "addr:city:sd": "اسلام آباد", "addr:city:ur": "اسلام آباد", "addr:street": "Jinnah Avenue", "amenity": "college", "healthcare": null, "name": "Indus Group of Colleges", "name:en": null, "denomination": null, "name:ar": null, "name:ur": null, "religion": null, "is_in": null, "created_by": null, "name:de": null, "name:es": null, "name:hi": null, "wikidata": null, "wikipedia": null, "emergency": null, "brand": null, "brand:wikidata": null, "brand:wikipedia": null, "building": null, "source": null, "dispensing": null, "addr:postcode": null, "service_times": null, "grades": null, "operator": null, "operator:type": null, "wikimedia_commons": null, "opening_hours": null, "website": null, "phone": null, "shelter_type": null, "description": null, "atm": null, "addr:street:ar": null, "addr:street:en": null, "addr:street:ur": null, "check_date": null, "addr:housenumber": null, "alt_name": null, "healthcare:speciality": null, "long_name": null, "long_name:ar": null, "long_name:ur": null, "name:ks": null, "name:ml": null, "name:pnb": null, "name:sd": null, "internet_access": null, "air_conditioning": null, "education": null, "area": null, "email": null, "name:pa": null, "generator:source": null, "level": null, "power": null, "name:ps": null, "not:name": null, "type": null }, "geometry": { "type": "Point", "coordinates": [ 73.0653267, 33.7142609 ] } },
{ "type": "Feature", "properties": { "element": "node", "id": 4966290312, "addr:city": "اسلام آباد", "addr:city:ar": "إسلام آباد", "addr:city:en": "Islamabad", "addr:city:ks": "اِسلام آبادٖ", "addr:city:pnb": "اسلام آباد", "addr:city:ps": "اسلام آباد", "addr:city:sd": "اسلام آباد", "addr:city:ur": "اسلام آباد", "addr:street": "Street 52", "amenity": "place_of_worship", "healthcare": null, "name": "Jamia Masjid Taqwiat-ul-Islam", "name:en": null, "denomination": null, "name:ar": null, "name:ur": null, "religion": "muslim", "is_in": null, "created_by": null, "name:de": null, "name:es": null, "name:hi": null, "wikidata": null, "wikipedia": null, "emergency": null, "brand": null, "brand:wikidata": null, "brand:wikipedia": null, "building": null, "source": null, "dispensing": null, "addr:postcode": null, "service_times": null, "grades": null, "operator": null, "operator:type": null, "wikimedia_commons": null, "opening_hours": null, "website": null, "phone": null, "shelter_type": null, "description": null, "atm": null, "addr:street:ar": null, "addr:street:en": null, "addr:street:ur": null, "check_date": null, "addr:housenumber": null, "alt_name": null, "healthcare:speciality": null, "long_name": null, "long_name:ar": null, "long_name:ur": null, "name:ks": null, "name:ml": null, "name:pnb": null, "name:sd": null, "internet_access": null, "air_conditioning": null, "education": null, "area": null, "email": null, "name:pa": null, "generator:source": null, "level": null, "power": null, "name:ps": null, "not:name": null, "type": null }, "geometry": { "type": "Point", "coordinates": [ 73.0675359, 33.7108866 ] } },
{ "type": "Feature", "properties": { "element": "node", "id": 4966290313, "addr:city": "اسلام آباد", "addr:city:ar": "إسلام آباد", "addr:city:en": "Islamabad", "addr:city:ks": "اِسلام آبادٖ", "addr:city:pnb": "اسلام آباد", "addr:city:ps": "اسلام آباد", "addr:city:sd": "اسلام آباد", "addr:city:ur": "اسلام آباد", "addr:street": "Street 52", "amenity": "place_of_worship", "healthcare": null, "name": "Jam-e-Masjid Al-Habib", "name:en": null, "denomination": null, "name:ar": null, "name:ur": null, "religion": "muslim", "is_in": null, "created_by": null, "name:de": null, "name:es": null, "name:hi": null, "wikidata": null, "wikipedia": null, "emergency": null, "brand": null, "brand:wikidata": null, "brand:wikipedia": null, "building": null, "source": null, "dispensing": null, "addr:postcode": null, "service_times": null, "grades": null, "operator": null, "operator:type": null, "wikimedia_commons": null, "opening_hours": null, "website": null, "phone": null, "shelter_type": null, "description": null, "atm": null, "addr:street:ar": null, "addr:street:en": null, "addr:street:ur": null, "check_date": null, "addr:housenumber": null, "alt_name": null, "healthcare:speciality": null, "long_name": null, "long_name:ar": null, "long_name:ur": null, "name:ks": null, "name:ml": null, "name:pnb": null, "name:sd": null, "internet_access": null, "air_conditioning": null, "education": null, "area": null, "email": null, "name:pa": null, "generator:source": null, "level": null, "power": null, "name:ps": null, "not:name": null, "type": null }, "geometry": { "type": "Point", "coordinates": [ 73.0702165, 33.7111019 ] } },
{ "type": "Feature", "properties": { "element": "node", "id": 4966290314, "addr:city": "اسلام آباد", "addr:city:ar": "إسلام آباد", "addr:city:en": "Islamabad", "addr:city:ks": "اِسلام آبادٖ", "addr:city:pnb": "اسلام آباد", "addr:city:ps": "اسلام آباد", "addr:city:sd": "اسلام آباد", "addr:city:ur": "اسلام آباد", "addr:street": "Street 55", "amenity": "pharmacy", "healthcare": null, "name": "Federal Government Dispensar", "name:en": null, "denomination": null, "name:ar": null, "name:ur": null, "religion": null, "is_in": null, "created_by": null, "name:de": null, "name:es": null, "name:hi": null, "wikidata": null, "wikipedia": null, "emergency": null, "brand": null, "brand:wikidata": null, "brand:wikipedia": null, "building": null, "source": null, "dispensing": null, "addr:postcode": null, "service_times": null, "grades": null, "operator": null, "operator:type": null, "wikimedia_commons": null, "opening_hours": null, "website": null, "phone": null, "shelter_type": null, "description": null, "atm": null, "addr:street:ar": null, "addr:street:en": null, "addr:street:ur": null, "check_date": null, "addr:housenumber": null, "alt_name": null, "healthcare:speciality": null, "long_name": null, "long_name:ar": null, "long_name:ur": null, "name:ks": null, "name:ml": null, "name:pnb": null, "name:sd": null, "internet_access": null, "air_conditioning": null, "education": null, "area": null, "email": null, "name:pa": null, "generator:source": null, "level": null, "power": null, "name:ps": null, "not:name": null, "type": null }, "geometry": { "type": "Point", "coordinates": [ 73.0704198, 33.7117683 ] } },
{ "type": "Feature", "properties": { "element": "node", "id": 4966290316, "addr:city": "اسلام آباد", "addr:city:ar": "إسلام آباد", "addr:city:en": "Islamabad", "addr:city:ks": "اِسلام آبادٖ", "addr:city:pnb": "اسلام آباد", "addr:city:ps": "اسلام آباد", "addr:city:sd": "اسلام آباد", "addr:city:ur": "اسلام آباد", "addr:street": "Street 11", "amenity": "college", "healthcare": null, "name": "Islamabad Model College for Boys G-7/2", "name:en": null, "denomination": null, "name:ar": null, "name:ur": null, "religion": null, "is_in": null, "created_by": null, "name:de": null, "name:es": null, "name:hi": null, "wikidata": null, "wikipedia": null, "emergency": null, "brand": null, "brand:wikidata": null, "brand:wikipedia": null, "building": null, "source": null, "dispensing": null, "addr:postcode": null, "service_times": null, "grades": null, "operator": null, "operator:type": null, "wikimedia_commons": null, "opening_hours": null, "website": null, "phone": null, "shelter_type": null, "description": null, "atm": null, "addr:street:ar": null, "addr:street:en": null, "addr:street:ur": null, "check_date": null, "addr:housenumber": null, "alt_name": null, "healthcare:speciality": null, "long_name": null, "long_name:ar": null, "long_name:ur": null, "name:ks": null, "name:ml": null, "name:pnb": null, "name:sd": null, "internet_access": null, "air_conditioning": null, "education": null, "area": null, "email": null, "name:pa": null, "generator:source": null, "level": null, "power": null, "name:ps": null, "not:name": null, "type": null }, "geometry": { "type": "Point", "coordinates": [ 73.0596307, 33.7080659 ] } },
{ "type": "Feature", "properties": { "element": "node", "id": 4966290318, "addr:city": "اسلام آباد", "addr:city:ar": "إسلام آباد", "addr:city:en": "Islamabad", "addr:city:ks": "اِسلام آبادٖ", "addr:city:pnb": "اسلام آباد", "addr:city:ps": "اسلام آباد", "addr:city:sd": "اسلام آباد", "addr:city:ur": "اسلام آباد", "addr:street": "Service Road East G-7", "amenity": "place_of_worship", "healthcare": null, "name": "Qadria Masjid", "name:en": null, "denomination": null, "name:ar": null, "name:ur": null, "religion": "muslim", "is_in": null, "created_by": null, "name:de": null, "name:es": null, "name:hi": null, "wikidata": null, "wikipedia": null, "emergency": null, "brand": null, "brand:wikidata": null, "brand:wikipedia": null, "building": null, "source": null, "dispensing": null, "addr:postcode": null, "service_times": null, "grades": null, "operator": null, "operator:type": null, "wikimedia_commons": null, "opening_hours": null, "website": null, "phone": null, "shelter_type": null, "description": null, "atm": null, "addr:street:ar": null, "addr:street:en": null, "addr:street:ur": null, "check_date": null, "addr:housenumber": null, "alt_name": null, "healthcare:speciality": null, "long_name": null, "long_name:ar": null, "long_name:ur": null, "name:ks": null, "name:ml": null, "name:pnb": null, "name:sd": null, "internet_access": null, "air_conditioning": null, "education": null, "area": null, "email": null, "name:pa": null, "generator:source": null, "level": null, "power": null, "name:ps": null, "not:name": null, "type": null }, "geometry": { "type": "Point", "coordinates": [ 73.0743531, 33.7107137 ] } },
{ "type": "Feature", "properties": { "element": "node", "id": 4966290319, "addr:city": "اسلام آباد", "addr:city:ar": "إسلام آباد", "addr:city:en": "Islamabad", "addr:city:ks": "اِسلام آبادٖ", "addr:city:pnb": "اسلام آباد", "addr:city:ps": "اسلام آباد", "addr:city:sd": "اسلام آباد", "addr:city:ur": "اسلام آباد", "addr:street": "Street 30", "amenity": "place_of_worship", "healthcare": null, "name": "Umer Mosque", "name:en": null, "denomination": null, "name:ar": null, "name:ur": null, "religion": "muslim", "is_in": null, "created_by": null, "name:de": null, "name:es": null, "name:hi": null, "wikidata": null, "wikipedia": null, "emergency": null, "brand": null, "brand:wikidata": null, "brand:wikipedia": null, "building": null, "source": null, "dispensing": null, "addr:postcode": null, "service_times": null, "grades": null, "operator": null, "operator:type": null, "wikimedia_commons": null, "opening_hours": null, "website": null, "phone": null, "shelter_type": null, "description": null, "atm": null, "addr:street:ar": null, "addr:street:en": null, "addr:street:ur": null, "check_date": null, "addr:housenumber": null, "alt_name": null, "healthcare:speciality": null, "long_name": null, "long_name:ar": null, "long_name:ur": null, "name:ks": null, "name:ml": null, "name:pnb": null, "name:sd": null, "internet_access": null, "air_conditioning": null, "education": null, "area": null, "email": null, "name:pa": null, "generator:source": null, "level": null, "power": null, "name:ps": null, "not:name": null, "type": null }, "geometry": { "type": "Point", "coordinates": [ 73.0767232, 33.712497 ] } },
{ "type": "Feature", "properties": { "element": "node", "id": 4966360747, "addr:city": "اسلام آباد", "addr:city:ar": "إسلام آباد", "addr:city:en": "Islamabad", "addr:city:ks": "اِسلام آبادٖ", "addr:city:pnb": "اسلام آباد", "addr:city:ps": "اسلام آباد", "addr:city:sd": "اسلام آباد", "addr:city:ur": "اسلام آباد", "addr:street": "Sultan Bahu Road", "amenity": "school", "healthcare": null, "name": "Dar e Arqam School", "name:en": null, "denomination": null, "name:ar": null, "name:ur": null, "religion": null, "is_in": null, "created_by": null, "name:de": null, "name:es": null, "name:hi": null, "wikidata": null, "wikipedia": null, "emergency": null, "brand": null, "brand:wikidata": null, "brand:wikipedia": null, "building": null, "source": null, "dispensing": null, "addr:postcode": null, "service_times": null, "grades": null, "operator": null, "operator:type": null, "wikimedia_commons": null, "opening_hours": null, "website": null, "phone": null, "shelter_type": null, "description": null, "atm": null, "addr:street:ar": null, "addr:street:en": null, "addr:street:ur": null, "check_date": null, "addr:housenumber": null, "alt_name": null, "healthcare:speciality": null, "long_name": null, "long_name:ar": null, "long_name:ur": null, "name:ks": null, "name:ml": null, "name:pnb": null, "name:sd": null, "internet_access": null, "air_conditioning": null, "education": null, "area": null, "email": null, "name:pa": null, "generator:source": null, "level": null, "power": null, "name:ps": null, "not:name": null, "type": null }, "geometry": { "type": "Point", "coordinates": [ 73.0671433, 33.7063759 ] } },
{ "type": "Feature", "properties": { "element": "node", "id": 4966360761, "addr:city": "اسلام آباد", "addr:city:ar": "إسلام آباد", "addr:city:en": "Islamabad", "addr:city:ks": "اِسلام آبادٖ", "addr:city:pnb": "اسلام آباد", "addr:city:ps": "اسلام آباد", "addr:city:sd": "اسلام آباد", "addr:city:ur": "اسلام آباد", "addr:street": "Sachal Sarmast Road (G7)", "amenity": "pharmacy", "healthcare": null, "name": "Minahil Pharmacy", "name:en": null, "denomination": null, "name:ar": null, "name:ur": null, "religion": null, "is_in": null, "created_by": null, "name:de": null, "name:es": null, "name:hi": null, "wikidata": null, "wikipedia": null, "emergency": null, "brand": null, "brand:wikidata": null, "brand:wikipedia": null, "building": null, "source": null, "dispensing": null, "addr:postcode": null, "service_times": null, "grades": null, "operator": null, "operator:type": null, "wikimedia_commons": null, "opening_hours": null, "website": null, "phone": null, "shelter_type": null, "description": null, "atm": null, "addr:street:ar": null, "addr:street:en": null, "addr:street:ur": null, "check_date": null, "addr:housenumber": null, "alt_name": null, "healthcare:speciality": null, "long_name": null, "long_name:ar": null, "long_name:ur": null, "name:ks": null, "name:ml": null, "name:pnb": null, "name:sd": null, "internet_access": null, "air_conditioning": null, "education": null, "area": null, "email": null, "name:pa": null, "generator:source": null, "level": null, "power": null, "name:ps": null, "not:name": null, "type": null }, "geometry": { "type": "Point", "coordinates": [ 73.0681151, 33.7054526 ] } },
{ "type": "Feature", "properties": { "element": "node", "id": 4966360765, "addr:city": "اسلام آباد", "addr:city:ar": "إسلام آباد", "addr:city:en": "Islamabad", "addr:city:ks": "اِسلام آبادٖ", "addr:city:pnb": "اسلام آباد", "addr:city:ps": "اسلام آباد", "addr:city:sd": "اسلام آباد", "addr:city:ur": "اسلام آباد", "addr:street": "Street 42", "amenity": "school", "healthcare": null, "name": "Islamabad Model College For Boys G-7/4", "name:en": null, "denomination": null, "name:ar": null, "name:ur": null, "religion": null, "is_in": null, "created_by": null, "name:de": null, "name:es": null, "name:hi": null, "wikidata": null, "wikipedia": null, "emergency": null, "brand": null, "brand:wikidata": null, "brand:wikipedia": null, "building": null, "source": null, "dispensing": null, "addr:postcode": null, "service_times": null, "grades": null, "operator": null, "operator:type": null, "wikimedia_commons": null, "opening_hours": null, "website": null, "phone": null, "shelter_type": null, "description": null, "atm": null, "addr:street:ar": null, "addr:street:en": null, "addr:street:ur": null, "check_date": null, "addr:housenumber": null, "alt_name": null, "healthcare:speciality": null, "long_name": null, "long_name:ar": null, "long_name:ur": null, "name:ks": null, "name:ml": null, "name:pnb": null, "name:sd": null, "internet_access": null, "air_conditioning": null, "education": null, "area": null, "email": null, "name:pa": null, "generator:source": null, "level": null, "power": null, "name:ps": null, "not:name": null, "type": null }, "geometry": { "type": "Point", "coordinates": [ 73.0733378, 33.7040084 ] } },
{ "type": "Feature", "properties": { "element": "node", "id": 4967673472, "addr:city": "اسلام آباد", "addr:city:ar": "إسلام آباد", "addr:city:en": "Islamabad", "addr:city:ks": "اِسلام آبادٖ", "addr:city:pnb": "اسلام آباد", "addr:city:ps": "اسلام آباد", "addr:city:sd": "اسلام آباد", "addr:city:ur": "اسلام آباد", "addr:street": "Jhelum Road", "amenity": "place_of_worship", "healthcare": null, "name": "Jaamia Masjid Al-Rasheed", "name:en": null, "denomination": null, "name:ar": null, "name:ur": null, "religion": "muslim", "is_in": null, "created_by": null, "name:de": null, "name:es": null, "name:hi": null, "wikidata": null, "wikipedia": null, "emergency": null, "brand": null, "brand:wikidata": null, "brand:wikipedia": null, "building": null, "source": null, "dispensing": null, "addr:postcode": null, "service_times": null, "grades": null, "operator": null, "operator:type": null, "wikimedia_commons": null, "opening_hours": null, "website": null, "phone": null, "shelter_type": null, "description": null, "atm": null, "addr:street:ar": null, "addr:street:en": null, "addr:street:ur": null, "check_date": null, "addr:housenumber": null, "alt_name": null, "healthcare:speciality": null, "long_name": null, "long_name:ar": null, "long_name:ur": null, "name:ks": null, "name:ml": null, "name:pnb": null, "name:sd": null, "internet_access": null, "air_conditioning": null, "education": null, "area": null, "email": null, "name:pa": null, "generator:source": null, "level": null, "power": null, "name:ps": null, "not:name": null, "type": null }, "geometry": { "type": "Point", "coordinates": [ 73.0522566, 33.6946255 ] } },
{ "type": "Feature", "properties": { "element": "node", "id": 4967673474, "addr:city": "اسلام آباد", "addr:city:ar": "إسلام آباد", "addr:city:en": "Islamabad", "addr:city:ks": "اِسلام آبادٖ", "addr:city:pnb": "اسلام آباد", "addr:city:ps": "اسلام آباد", "addr:city:sd": "اسلام آباد", "addr:city:ur": "اسلام آباد", "addr:street": "Gali 82", "amenity": "school", "healthcare": null, "name": "The Educators National Campus G-8", "name:en": null, "denomination": null, "name:ar": null, "name:ur": null, "religion": null, "is_in": null, "created_by": null, "name:de": null, "name:es": null, "name:hi": null, "wikidata": null, "wikipedia": null, "emergency": null, "brand": null, "brand:wikidata": null, "brand:wikipedia": null, "building": null, "source": null, "dispensing": null, "addr:postcode": null, "service_times": null, "grades": null, "operator": null, "operator:type": null, "wikimedia_commons": null, "opening_hours": null, "website": null, "phone": null, "shelter_type": null, "description": null, "atm": null, "addr:street:ar": null, "addr:street:en": null, "addr:street:ur": null, "check_date": null, "addr:housenumber": null, "alt_name": null, "healthcare:speciality": null, "long_name": null, "long_name:ar": null, "long_name:ur": null, "name:ks": null, "name:ml": null, "name:pnb": null, "name:sd": null, "internet_access": null, "air_conditioning": null, "education": null, "area": null, "email": null, "name:pa": null, "generator:source": null, "level": null, "power": null, "name:ps": null, "not:name": null, "type": null }, "geometry": { "type": "Point", "coordinates": [ 73.051436, 33.6935109 ] } },
{ "type": "Feature", "properties": { "element": "node", "id": 4967673496, "addr:city": "اسلام آباد", "addr:city:ar": "إسلام آباد", "addr:city:en": "Islamabad", "addr:city:ks": "اِسلام آبادٖ", "addr:city:pnb": "اسلام آباد", "addr:city:ps": "اسلام آباد", "addr:city:sd": "اسلام آباد", "addr:city:ur": "اسلام آباد", "addr:street": "Gali 5", "amenity": "place_of_worship", "healthcare": null, "name": "Jamia Masjid Noor e Hanfia", "name:en": null, "denomination": null, "name:ar": null, "name:ur": null, "religion": "muslim", "is_in": null, "created_by": null, "name:de": null, "name:es": null, "name:hi": null, "wikidata": null, "wikipedia": null, "emergency": null, "brand": null, "brand:wikidata": null, "brand:wikipedia": null, "building": null, "source": null, "dispensing": null, "addr:postcode": null, "service_times": null, "grades": null, "operator": null, "operator:type": null, "wikimedia_commons": null, "opening_hours": null, "website": null, "phone": null, "shelter_type": null, "description": null, "atm": null, "addr:street:ar": null, "addr:street:en": null, "addr:street:ur": null, "check_date": null, "addr:housenumber": null, "alt_name": null, "healthcare:speciality": null, "long_name": null, "long_name:ar": null, "long_name:ur": null, "name:ks": null, "name:ml": null, "name:pnb": null, "name:sd": null, "internet_access": null, "air_conditioning": null, "education": null, "area": null, "email": null, "name:pa": null, "generator:source": null, "level": null, "power": null, "name:ps": null, "not:name": null, "type": null }, "geometry": { "type": "Point", "coordinates": [ 73.0469438, 33.6956757 ] } },
{ "type": "Feature", "properties": { "element": "node", "id": 4967673499, "addr:city": "اسلام آباد", "addr:city:ar": "إسلام آباد", "addr:city:en": "Islamabad", "addr:city:ks": "اِسلام آبادٖ", "addr:city:pnb": "اسلام آباد", "addr:city:ps": "اسلام آباد", "addr:city:sd": "اسلام آباد", "addr:city:ur": "اسلام آباد", "addr:street": "Ravi Road", "amenity": "pharmacy", "healthcare": null, "name": "Shaheen Chemist", "name:en": null, "denomination": null, "name:ar": null, "name:ur": null, "religion": null, "is_in": null, "created_by": null, "name:de": null, "name:es": null, "name:hi": null, "wikidata": null, "wikipedia": null, "emergency": null, "brand": null, "brand:wikidata": null, "brand:wikipedia": null, "building": null, "source": null, "dispensing": null, "addr:postcode": null, "service_times": null, "grades": null, "operator": null, "operator:type": null, "wikimedia_commons": null, "opening_hours": null, "website": null, "phone": null, "shelter_type": null, "description": null, "atm": null, "addr:street:ar": null, "addr:street:en": null, "addr:street:ur": null, "check_date": null, "addr:housenumber": null, "alt_name": null, "healthcare:speciality": null, "long_name": null, "long_name:ar": null, "long_name:ur": null, "name:ks": null, "name:ml": null, "name:pnb": null, "name:sd": null, "internet_access": null, "air_conditioning": null, "education": null, "area": null, "email": null, "name:pa": null, "generator:source": null, "level": null, "power": null, "name:ps": null, "not:name": null, "type": null }, "geometry": { "type": "Point", "coordinates": [ 73.0487727, 33.6992541 ] } },
{ "type": "Feature", "properties": { "element": "node", "id": 4967673500, "addr:city": "اسلام آباد", "addr:city:ar": "إسلام آباد", "addr:city:en": "Islamabad", "addr:city:ks": "اِسلام آبادٖ", "addr:city:pnb": "اسلام آباد", "addr:city:ps": "اسلام آباد", "addr:city:sd": "اسلام آباد", "addr:city:ur": "اسلام آباد", "addr:street": "Ravi Road", "amenity": "pharmacy", "healthcare": null, "name": "Waheed Chemist And Optics", "name:en": null, "denomination": null, "name:ar": null, "name:ur": null, "religion": null, "is_in": null, "created_by": null, "name:de": null, "name:es": null, "name:hi": null, "wikidata": null, "wikipedia": null, "emergency": null, "brand": null, "brand:wikidata": null, "brand:wikipedia": null, "building": null, "source": null, "dispensing": null, "addr:postcode": null, "service_times": null, "grades": null, "operator": null, "operator:type": null, "wikimedia_commons": null, "opening_hours": null, "website": null, "phone": null, "shelter_type": null, "description": null, "atm": null, "addr:street:ar": null, "addr:street:en": null, "addr:street:ur": null, "check_date": null, "addr:housenumber": null, "alt_name": null, "healthcare:speciality": null, "long_name": null, "long_name:ar": null, "long_name:ur": null, "name:ks": null, "name:ml": null, "name:pnb": null, "name:sd": null, "internet_access": null, "air_conditioning": null, "education": null, "area": null, "email": null, "name:pa": null, "generator:source": null, "level": null, "power": null, "name:ps": null, "not:name": null, "type": null }, "geometry": { "type": "Point", "coordinates": [ 73.0485887, 33.6991657 ] } },
{ "type": "Feature", "properties": { "element": "node", "id": 4967673503, "addr:city": "اسلام آباد", "addr:city:ar": "إسلام آباد", "addr:city:en": "Islamabad", "addr:city:ks": "اِسلام آبادٖ", "addr:city:pnb": "اسلام آباد", "addr:city:ps": "اسلام آباد", "addr:city:sd": "اسلام آباد", "addr:city:ur": "اسلام آباد", "addr:street": "Hanna Road", "amenity": "place_of_worship", "healthcare": null, "name": "Jamia Masjid PIMS", "name:en": null, "denomination": null, "name:ar": null, "name:ur": null, "religion": "muslim", "is_in": null, "created_by": null, "name:de": null, "name:es": null, "name:hi": null, "wikidata": null, "wikipedia": null, "emergency": null, "brand": null, "brand:wikidata": null, "brand:wikipedia": null, "building": null, "source": null, "dispensing": null, "addr:postcode": null, "service_times": null, "grades": null, "operator": null, "operator:type": null, "wikimedia_commons": null, "opening_hours": null, "website": null, "phone": null, "shelter_type": null, "description": null, "atm": null, "addr:street:ar": null, "addr:street:en": null, "addr:street:ur": null, "check_date": null, "addr:housenumber": null, "alt_name": null, "healthcare:speciality": null, "long_name": null, "long_name:ar": null, "long_name:ur": null, "name:ks": null, "name:ml": null, "name:pnb": null, "name:sd": null, "internet_access": null, "air_conditioning": null, "education": null, "area": null, "email": null, "name:pa": null, "generator:source": null, "level": null, "power": null, "name:ps": null, "not:name": null, "type": null }, "geometry": { "type": "Point", "coordinates": [ 73.0518836, 33.7003521 ] } },
{ "type": "Feature", "properties": { "element": "node", "id": 4967695194, "addr:city": "اسلام آباد", "addr:city:ar": "إسلام آباد", "addr:city:en": "Islamabad", "addr:city:ks": "اِسلام آبادٖ", "addr:city:pnb": "اسلام آباد", "addr:city:ps": "اسلام آباد", "addr:city:sd": "اسلام آباد", "addr:city:ur": "اسلام آباد", "addr:street": "Street 12", "amenity": "place_of_worship", "healthcare": null, "name": "Arshi Masjid", "name:en": null, "denomination": null, "name:ar": null, "name:ur": null, "religion": "muslim", "is_in": null, "created_by": null, "name:de": null, "name:es": null, "name:hi": null, "wikidata": null, "wikipedia": null, "emergency": null, "brand": null, "brand:wikidata": null, "brand:wikipedia": null, "building": null, "source": null, "dispensing": null, "addr:postcode": null, "service_times": null, "grades": null, "operator": null, "operator:type": null, "wikimedia_commons": null, "opening_hours": null, "website": null, "phone": null, "shelter_type": null, "description": null, "atm": null, "addr:street:ar": null, "addr:street:en": null, "addr:street:ur": null, "check_date": null, "addr:housenumber": null, "alt_name": null, "healthcare:speciality": null, "long_name": null, "long_name:ar": null, "long_name:ur": null, "name:ks": null, "name:ml": null, "name:pnb": null, "name:sd": null, "internet_access": null, "air_conditioning": null, "education": null, "area": null, "email": null, "name:pa": null, "generator:source": null, "level": null, "power": null, "name:ps": null, "not:name": null, "type": null }, "geometry": { "type": "Point", "coordinates": [ 73.0489724, 33.6877063 ] } },
{ "type": "Feature", "properties": { "element": "node", "id": 4967695198, "addr:city": "اسلام آباد", "addr:city:ar": "إسلام آباد", "addr:city:en": "Islamabad", "addr:city:ks": "اِسلام آبادٖ", "addr:city:pnb": "اسلام آباد", "addr:city:ps": "اسلام آباد", "addr:city:sd": "اسلام آباد", "addr:city:ur": "اسلام آباد", "addr:street": "Aiwan-e-Sanat-o-Tijarat", "amenity": "university", "healthcare": null, "name": "Management Development Institute", "name:en": null, "denomination": null, "name:ar": null, "name:ur": null, "religion": null, "is_in": null, "created_by": null, "name:de": null, "name:es": null, "name:hi": null, "wikidata": null, "wikipedia": null, "emergency": null, "brand": null, "brand:wikidata": null, "brand:wikipedia": null, "building": null, "source": null, "dispensing": null, "addr:postcode": null, "service_times": null, "grades": null, "operator": null, "operator:type": null, "wikimedia_commons": null, "opening_hours": null, "website": null, "phone": null, "shelter_type": null, "description": null, "atm": null, "addr:street:ar": null, "addr:street:en": null, "addr:street:ur": null, "check_date": null, "addr:housenumber": null, "alt_name": null, "healthcare:speciality": null, "long_name": null, "long_name:ar": null, "long_name:ur": null, "name:ks": null, "name:ml": null, "name:pnb": null, "name:sd": null, "internet_access": null, "air_conditioning": null, "education": null, "area": null, "email": null, "name:pa": null, "generator:source": null, "level": null, "power": null, "name:ps": null, "not:name": null, "type": null }, "geometry": { "type": "Point", "coordinates": [ 73.0508549, 33.6875678 ] } },
{ "type": "Feature", "properties": { "element": "node", "id": 4967695206, "addr:city": "اسلام آباد", "addr:city:ar": "إسلام آباد", "addr:city:en": "Islamabad", "addr:city:ks": "اِسلام آبادٖ", "addr:city:pnb": "اسلام آباد", "addr:city:ps": "اسلام آباد", "addr:city:sd": "اسلام آباد", "addr:city:ur": "اسلام آباد", "addr:street": "Street 21", "amenity": "place_of_worship", "healthcare": null, "name": "G-8/1 Mosque", "name:en": null, "denomination": null, "name:ar": null, "name:ur": null, "religion": "muslim", "is_in": null, "created_by": null, "name:de": null, "name:es": null, "name:hi": null, "wikidata": null, "wikipedia": null, "emergency": null, "brand": null, "brand:wikidata": null, "brand:wikipedia": null, "building": null, "source": null, "dispensing": null, "addr:postcode": null, "service_times": null, "grades": null, "operator": null, "operator:type": null, "wikimedia_commons": null, "opening_hours": null, "website": null, "phone": null, "shelter_type": null, "description": null, "atm": null, "addr:street:ar": null, "addr:street:en": null, "addr:street:ur": null, "check_date": null, "addr:housenumber": null, "alt_name": null, "healthcare:speciality": null, "long_name": null, "long_name:ar": null, "long_name:ur": null, "name:ks": null, "name:ml": null, "name:pnb": null, "name:sd": null, "internet_access": null, "air_conditioning": null, "education": null, "area": null, "email": null, "name:pa": null, "generator:source": null, "level": null, "power": null, "name:ps": null, "not:name": null, "type": null }, "geometry": { "type": "Point", "coordinates": [ 73.0530286, 33.6903748 ] } },
{ "type": "Feature", "properties": { "element": "node", "id": 4967739859, "addr:city": "اسلام آباد", "addr:city:ar": "إسلام آباد", "addr:city:en": "Islamabad", "addr:city:ks": "اِسلام آبادٖ", "addr:city:pnb": "اسلام آباد", "addr:city:ps": "اسلام آباد", "addr:city:sd": "اسلام آباد", "addr:city:ur": "اسلام آباد", "addr:street": "Street 22", "amenity": "college", "healthcare": null, "name": "Postal Staff College", "name:en": null, "denomination": null, "name:ar": null, "name:ur": null, "religion": null, "is_in": null, "created_by": null, "name:de": null, "name:es": null, "name:hi": null, "wikidata": null, "wikipedia": null, "emergency": null, "brand": null, "brand:wikidata": null, "brand:wikipedia": null, "building": null, "source": null, "dispensing": null, "addr:postcode": null, "service_times": null, "grades": null, "operator": null, "operator:type": null, "wikimedia_commons": null, "opening_hours": null, "website": null, "phone": null, "shelter_type": null, "description": null, "atm": null, "addr:street:ar": null, "addr:street:en": null, "addr:street:ur": null, "check_date": null, "addr:housenumber": null, "alt_name": null, "healthcare:speciality": null, "long_name": null, "long_name:ar": null, "long_name:ur": null, "name:ks": null, "name:ml": null, "name:pnb": null, "name:sd": null, "internet_access": null, "air_conditioning": null, "education": null, "area": null, "email": null, "name:pa": null, "generator:source": null, "level": null, "power": null, "name:ps": null, "not:name": null, "type": null }, "geometry": { "type": "Point", "coordinates": [ 73.0562748, 33.6910923 ] } },
{ "type": "Feature", "properties": { "element": "node", "id": 4967739862, "addr:city": "اسلام آباد", "addr:city:ar": "إسلام آباد", "addr:city:en": "Islamabad", "addr:city:ks": "اِسلام آبادٖ", "addr:city:pnb": "اسلام آباد", "addr:city:ps": "اسلام آباد", "addr:city:sd": "اسلام آباد", "addr:city:ur": "اسلام آباد", "addr:street": "Street 23", "amenity": "pharmacy", "healthcare": null, "name": "Postal Dispensary", "name:en": null, "denomination": null, "name:ar": null, "name:ur": null, "religion": null, "is_in": null, "created_by": null, "name:de": null, "name:es": null, "name:hi": null, "wikidata": null, "wikipedia": null, "emergency": null, "brand": null, "brand:wikidata": null, "brand:wikipedia": null, "building": null, "source": null, "dispensing": null, "addr:postcode": null, "service_times": null, "grades": null, "operator": null, "operator:type": null, "wikimedia_commons": null, "opening_hours": null, "website": null, "phone": null, "shelter_type": null, "description": null, "atm": null, "addr:street:ar": null, "addr:street:en": null, "addr:street:ur": null, "check_date": null, "addr:housenumber": null, "alt_name": null, "healthcare:speciality": null, "long_name": null, "long_name:ar": null, "long_name:ur": null, "name:ks": null, "name:ml": null, "name:pnb": null, "name:sd": null, "internet_access": null, "air_conditioning": null, "education": null, "area": null, "email": null, "name:pa": null, "generator:source": null, "level": null, "power": null, "name:ps": null, "not:name": null, "type": null }, "geometry": { "type": "Point", "coordinates": [ 73.0570095, 33.6930909 ] } },
{ "type": "Feature", "properties": { "element": "node", "id": 4967739865, "addr:city": "اسلام آباد", "addr:city:ar": "إسلام آباد", "addr:city:en": "Islamabad", "addr:city:ks": "اِسلام آبادٖ", "addr:city:pnb": "اسلام آباد", "addr:city:ps": "اسلام آباد", "addr:city:sd": "اسلام آباد", "addr:city:ur": "اسلام آباد", "addr:street": "Street 31", "amenity": "place_of_worship", "healthcare": null, "name": "Masjid Imam Bukhari", "name:en": null, "denomination": null, "name:ar": null, "name:ur": null, "religion": "muslim", "is_in": null, "created_by": null, "name:de": null, "name:es": null, "name:hi": null, "wikidata": null, "wikipedia": null, "emergency": null, "brand": null, "brand:wikidata": null, "brand:wikipedia": null, "building": null, "source": null, "dispensing": null, "addr:postcode": null, "service_times": null, "grades": null, "operator": null, "operator:type": null, "wikimedia_commons": null, "opening_hours": null, "website": null, "phone": null, "shelter_type": null, "description": null, "atm": null, "addr:street:ar": null, "addr:street:en": null, "addr:street:ur": null, "check_date": null, "addr:housenumber": null, "alt_name": null, "healthcare:speciality": null, "long_name": null, "long_name:ar": null, "long_name:ur": null, "name:ks": null, "name:ml": null, "name:pnb": null, "name:sd": null, "internet_access": null, "air_conditioning": null, "education": null, "area": null, "email": null, "name:pa": null, "generator:source": null, "level": null, "power": null, "name:ps": null, "not:name": null, "type": null }, "geometry": { "type": "Point", "coordinates": [ 73.0580303, 33.6983707 ] } },
{ "type": "Feature", "properties": { "element": "node", "id": 4967739866, "addr:city": "اسلام آباد", "addr:city:ar": "إسلام آباد", "addr:city:en": "Islamabad", "addr:city:ks": "اِسلام آبادٖ", "addr:city:pnb": "اسلام آباد", "addr:city:ps": "اسلام آباد", "addr:city:sd": "اسلام آباد", "addr:city:ur": "اسلام آباد", "addr:street": "اسٹریٹ 30", "amenity": "place_of_worship", "healthcare": null, "name": "Masjid Alfateh", "name:en": null, "denomination": null, "name:ar": "مسجد الفتح", "name:ur": null, "religion": "muslim", "is_in": null, "created_by": null, "name:de": null, "name:es": null, "name:hi": null, "wikidata": null, "wikipedia": null, "emergency": null, "brand": null, "brand:wikidata": null, "brand:wikipedia": null, "building": null, "source": null, "dispensing": null, "addr:postcode": null, "service_times": null, "grades": null, "operator": null, "operator:type": null, "wikimedia_commons": null, "opening_hours": null, "website": null, "phone": null, "shelter_type": null, "description": null, "atm": null, "addr:street:ar": null, "addr:street:en": null, "addr:street:ur": null, "check_date": null, "addr:housenumber": null, "alt_name": null, "healthcare:speciality": null, "long_name": null, "long_name:ar": null, "long_name:ur": null, "name:ks": null, "name:ml": null, "name:pnb": null, "name:sd": null, "internet_access": null, "air_conditioning": null, "education": null, "area": null, "email": null, "name:pa": null, "generator:source": null, "level": null, "power": null, "name:ps": null, "not:name": null, "type": null }, "geometry": { "type": "Point", "coordinates": [ 73.0600476, 33.697508 ] } },
{ "type": "Feature", "properties": { "element": "node", "id": 5091739723, "addr:city": null, "addr:city:ar": null, "addr:city:en": null, "addr:city:ks": null, "addr:city:pnb": null, "addr:city:ps": null, "addr:city:sd": null, "addr:city:ur": null, "addr:street": null, "amenity": "hospital", "healthcare": "hospital", "name": "Amanat Eye hospital", "name:en": "Amanat Eye hospital", "denomination": null, "name:ar": null, "name:ur": "امانت آئی ہسپتال", "religion": null, "is_in": null, "created_by": null, "name:de": null, "name:es": null, "name:hi": null, "wikidata": null, "wikipedia": null, "emergency": null, "brand": null, "brand:wikidata": null, "brand:wikipedia": null, "building": null, "source": null, "dispensing": null, "addr:postcode": null, "service_times": null, "grades": null, "operator": null, "operator:type": null, "wikimedia_commons": null, "opening_hours": null, "website": null, "phone": null, "shelter_type": null, "description": null, "atm": null, "addr:street:ar": null, "addr:street:en": null, "addr:street:ur": null, "check_date": null, "addr:housenumber": null, "alt_name": null, "healthcare:speciality": null, "long_name": null, "long_name:ar": null, "long_name:ur": null, "name:ks": null, "name:ml": null, "name:pnb": null, "name:sd": null, "internet_access": null, "air_conditioning": null, "education": null, "area": null, "email": null, "name:pa": null, "generator:source": null, "level": null, "power": null, "name:ps": null, "not:name": null, "type": null }, "geometry": { "type": "Point", "coordinates": [ 73.063908, 33.7221706 ] } },
{ "type": "Feature", "properties": { "element": "node", "id": 5155913531, "addr:city": null, "addr:city:ar": null, "addr:city:en": null, "addr:city:ks": null, "addr:city:pnb": null, "addr:city:ps": null, "addr:city:sd": null, "addr:city:ur": null, "addr:street": null, "amenity": "community_centre", "healthcare": null, "name": "al sadiq", "name:en": null, "denomination": null, "name:ar": null, "name:ur": null, "religion": null, "is_in": null, "created_by": null, "name:de": null, "name:es": null, "name:hi": null, "wikidata": null, "wikipedia": null, "emergency": null, "brand": null, "brand:wikidata": null, "brand:wikipedia": null, "building": null, "source": null, "dispensing": null, "addr:postcode": null, "service_times": null, "grades": null, "operator": null, "operator:type": null, "wikimedia_commons": null, "opening_hours": null, "website": null, "phone": null, "shelter_type": null, "description": null, "atm": null, "addr:street:ar": null, "addr:street:en": null, "addr:street:ur": null, "check_date": null, "addr:housenumber": null, "alt_name": null, "healthcare:speciality": null, "long_name": null, "long_name:ar": null, "long_name:ur": null, "name:ks": null, "name:ml": null, "name:pnb": null, "name:sd": null, "internet_access": null, "air_conditioning": null, "education": null, "area": null, "email": null, "name:pa": null, "generator:source": null, "level": null, "power": null, "name:ps": null, "not:name": null, "type": null }, "geometry": { "type": "Point", "coordinates": [ 73.0244374, 33.6894709 ] } },
{ "type": "Feature", "properties": { "element": "node", "id": 5183626221, "addr:city": null, "addr:city:ar": null, "addr:city:en": null, "addr:city:ks": null, "addr:city:pnb": null, "addr:city:ps": null, "addr:city:sd": null, "addr:city:ur": null, "addr:street": "AKM Fazul Haq Road", "amenity": "clinic", "healthcare": null, "name": "Agha Khan Laboratory Blue Area", "name:en": null, "denomination": null, "name:ar": null, "name:ur": null, "religion": null, "is_in": null, "created_by": null, "name:de": null, "name:es": null, "name:hi": null, "wikidata": null, "wikipedia": null, "emergency": null, "brand": null, "brand:wikidata": null, "brand:wikipedia": null, "building": null, "source": null, "dispensing": null, "addr:postcode": null, "service_times": null, "grades": null, "operator": null, "operator:type": null, "wikimedia_commons": null, "opening_hours": "24/7", "website": null, "phone": null, "shelter_type": null, "description": null, "atm": null, "addr:street:ar": null, "addr:street:en": null, "addr:street:ur": null, "check_date": "2024-10-17", "addr:housenumber": null, "alt_name": null, "healthcare:speciality": null, "long_name": null, "long_name:ar": null, "long_name:ur": null, "name:ks": null, "name:ml": null, "name:pnb": null, "name:sd": null, "internet_access": null, "air_conditioning": null, "education": null, "area": null, "email": null, "name:pa": null, "generator:source": null, "level": null, "power": null, "name:ps": null, "not:name": null, "type": null }, "geometry": { "type": "Point", "coordinates": [ 73.062044, 33.7117407 ] } },
{ "type": "Feature", "properties": { "element": "node", "id": 5284838223, "addr:city": null, "addr:city:ar": null, "addr:city:en": null, "addr:city:ks": null, "addr:city:pnb": null, "addr:city:ps": null, "addr:city:sd": null, "addr:city:ur": null, "addr:street": null, "amenity": "doctors", "healthcare": null, "name": "Capital Diagnostic Center", "name:en": null, "denomination": null, "name:ar": null, "name:ur": null, "religion": null, "is_in": null, "created_by": null, "name:de": null, "name:es": null, "name:hi": null, "wikidata": null, "wikipedia": null, "emergency": null, "brand": null, "brand:wikidata": null, "brand:wikipedia": null, "building": null, "source": null, "dispensing": null, "addr:postcode": null, "service_times": null, "grades": null, "operator": null, "operator:type": null, "wikimedia_commons": null, "opening_hours": null, "website": null, "phone": null, "shelter_type": null, "description": null, "atm": null, "addr:street:ar": null, "addr:street:en": null, "addr:street:ur": null, "check_date": null, "addr:housenumber": null, "alt_name": null, "healthcare:speciality": null, "long_name": null, "long_name:ar": null, "long_name:ur": null, "name:ks": null, "name:ml": null, "name:pnb": null, "name:sd": null, "internet_access": null, "air_conditioning": null, "education": null, "area": null, "email": null, "name:pa": null, "generator:source": null, "level": null, "power": null, "name:ps": null, "not:name": null, "type": null }, "geometry": { "type": "Point", "coordinates": [ 73.0515555, 33.6950023 ] } },
{ "type": "Feature", "properties": { "element": "node", "id": 5370010884, "addr:city": null, "addr:city:ar": null, "addr:city:en": null, "addr:city:ks": null, "addr:city:pnb": null, "addr:city:ps": null, "addr:city:sd": null, "addr:city:ur": null, "addr:street": null, "amenity": "school", "healthcare": null, "name": "Fatima School", "name:en": null, "denomination": null, "name:ar": null, "name:ur": null, "religion": null, "is_in": null, "created_by": null, "name:de": null, "name:es": null, "name:hi": null, "wikidata": null, "wikipedia": null, "emergency": null, "brand": null, "brand:wikidata": null, "brand:wikipedia": null, "building": null, "source": null, "dispensing": null, "addr:postcode": null, "service_times": null, "grades": null, "operator": null, "operator:type": null, "wikimedia_commons": null, "opening_hours": null, "website": null, "phone": null, "shelter_type": null, "description": null, "atm": null, "addr:street:ar": null, "addr:street:en": null, "addr:street:ur": null, "check_date": null, "addr:housenumber": null, "alt_name": null, "healthcare:speciality": null, "long_name": null, "long_name:ar": null, "long_name:ur": null, "name:ks": null, "name:ml": null, "name:pnb": null, "name:sd": null, "internet_access": null, "air_conditioning": null, "education": null, "area": null, "email": null, "name:pa": null, "generator:source": null, "level": null, "power": null, "name:ps": null, "not:name": null, "type": null }, "geometry": { "type": "Point", "coordinates": [ 73.0454426, 33.7097558 ] } },
{ "type": "Feature", "properties": { "element": "node", "id": 5878310185, "addr:city": null, "addr:city:ar": null, "addr:city:en": null, "addr:city:ks": null, "addr:city:pnb": null, "addr:city:ps": null, "addr:city:sd": null, "addr:city:ur": null, "addr:street": null, "amenity": "college", "healthcare": null, "name": "Szabist", "name:en": null, "denomination": null, "name:ar": null, "name:ur": null, "religion": null, "is_in": null, "created_by": null, "name:de": null, "name:es": null, "name:hi": null, "wikidata": null, "wikipedia": null, "emergency": null, "brand": null, "brand:wikidata": null, "brand:wikipedia": null, "building": null, "source": null, "dispensing": null, "addr:postcode": null, "service_times": null, "grades": null, "operator": null, "operator:type": null, "wikimedia_commons": null, "opening_hours": null, "website": null, "phone": null, "shelter_type": null, "description": null, "atm": null, "addr:street:ar": null, "addr:street:en": null, "addr:street:ur": null, "check_date": null, "addr:housenumber": null, "alt_name": null, "healthcare:speciality": null, "long_name": null, "long_name:ar": null, "long_name:ur": null, "name:ks": null, "name:ml": null, "name:pnb": null, "name:sd": null, "internet_access": null, "air_conditioning": null, "education": null, "area": null, "email": null, "name:pa": null, "generator:source": null, "level": null, "power": null, "name:ps": null, "not:name": null, "type": null }, "geometry": { "type": "Point", "coordinates": [ 73.0680572, 33.6772648 ] } },
{ "type": "Feature", "properties": { "element": "node", "id": 6178448886, "addr:city": null, "addr:city:ar": null, "addr:city:en": null, "addr:city:ks": null, "addr:city:pnb": null, "addr:city:ps": null, "addr:city:sd": null, "addr:city:ur": null, "addr:street": null, "amenity": "pharmacy", "healthcare": null, "name": "Shaheen Chemist", "name:en": null, "denomination": null, "name:ar": null, "name:ur": null, "religion": null, "is_in": null, "created_by": null, "name:de": null, "name:es": null, "name:hi": null, "wikidata": null, "wikipedia": null, "emergency": null, "brand": null, "brand:wikidata": null, "brand:wikipedia": null, "building": null, "source": null, "dispensing": null, "addr:postcode": null, "service_times": null, "grades": null, "operator": null, "operator:type": null, "wikimedia_commons": null, "opening_hours": null, "website": null, "phone": null, "shelter_type": null, "description": null, "atm": null, "addr:street:ar": null, "addr:street:en": null, "addr:street:ur": null, "check_date": null, "addr:housenumber": null, "alt_name": null, "healthcare:speciality": null, "long_name": null, "long_name:ar": null, "long_name:ur": null, "name:ks": null, "name:ml": null, "name:pnb": null, "name:sd": null, "internet_access": null, "air_conditioning": null, "education": null, "area": null, "email": null, "name:pa": null, "generator:source": null, "level": null, "power": null, "name:ps": null, "not:name": null, "type": null }, "geometry": { "type": "Point", "coordinates": [ 73.0554701, 33.7089655 ] } },
{ "type": "Feature", "properties": { "element": "node", "id": 6178526685, "addr:city": null, "addr:city:ar": null, "addr:city:en": null, "addr:city:ks": null, "addr:city:pnb": null, "addr:city:ps": null, "addr:city:sd": null, "addr:city:ur": null, "addr:street": null, "amenity": "hospital", "healthcare": "hospital", "name": "Abid Hospital", "name:en": null, "denomination": null, "name:ar": null, "name:ur": "عابد ہسپتال", "religion": null, "is_in": null, "created_by": null, "name:de": null, "name:es": null, "name:hi": null, "wikidata": null, "wikipedia": null, "emergency": null, "brand": null, "brand:wikidata": null, "brand:wikipedia": null, "building": null, "source": null, "dispensing": null, "addr:postcode": null, "service_times": null, "grades": null, "operator": null, "operator:type": null, "wikimedia_commons": null, "opening_hours": null, "website": null, "phone": null, "shelter_type": null, "description": null, "atm": null, "addr:street:ar": null, "addr:street:en": null, "addr:street:ur": null, "check_date": null, "addr:housenumber": null, "alt_name": null, "healthcare:speciality": null, "long_name": null, "long_name:ar": null, "long_name:ur": null, "name:ks": null, "name:ml": null, "name:pnb": null, "name:sd": null, "internet_access": null, "air_conditioning": null, "education": null, "area": null, "email": null, "name:pa": null, "generator:source": null, "level": null, "power": null, "name:ps": null, "not:name": null, "type": null }, "geometry": { "type": "Point", "coordinates": [ 73.0755159, 33.7191069 ] } },
{ "type": "Feature", "properties": { "element": "node", "id": 6195866685, "addr:city": null, "addr:city:ar": null, "addr:city:en": null, "addr:city:ks": null, "addr:city:pnb": null, "addr:city:ps": null, "addr:city:sd": null, "addr:city:ur": null, "addr:street": null, "amenity": "college", "healthcare": null, "name": "Virtual University of Pakistan Islamabad", "name:en": null, "denomination": null, "name:ar": null, "name:ur": null, "religion": null, "is_in": null, "created_by": null, "name:de": null, "name:es": null, "name:hi": null, "wikidata": null, "wikipedia": null, "emergency": null, "brand": null, "brand:wikidata": null, "brand:wikipedia": null, "building": null, "source": null, "dispensing": null, "addr:postcode": null, "service_times": null, "grades": null, "operator": null, "operator:type": null, "wikimedia_commons": null, "opening_hours": null, "website": null, "phone": null, "shelter_type": null, "description": null, "atm": null, "addr:street:ar": null, "addr:street:en": null, "addr:street:ur": null, "check_date": null, "addr:housenumber": null, "alt_name": null, "healthcare:speciality": null, "long_name": null, "long_name:ar": null, "long_name:ur": null, "name:ks": null, "name:ml": null, "name:pnb": null, "name:sd": null, "internet_access": null, "air_conditioning": null, "education": null, "area": null, "email": null, "name:pa": null, "generator:source": null, "level": null, "power": null, "name:ps": null, "not:name": null, "type": null }, "geometry": { "type": "Point", "coordinates": [ 73.0164601, 33.6768738 ] } },
{ "type": "Feature", "properties": { "element": "node", "id": 6199004686, "addr:city": null, "addr:city:ar": null, "addr:city:en": null, "addr:city:ks": null, "addr:city:pnb": null, "addr:city:ps": null, "addr:city:sd": null, "addr:city:ur": null, "addr:street": null, "amenity": "hospital", "healthcare": "hospital", "name": "Ali Hospital", "name:en": null, "denomination": null, "name:ar": null, "name:ur": null, "religion": null, "is_in": null, "created_by": null, "name:de": null, "name:es": null, "name:hi": null, "wikidata": null, "wikipedia": null, "emergency": null, "brand": null, "brand:wikidata": null, "brand:wikipedia": null, "building": null, "source": null, "dispensing": null, "addr:postcode": null, "service_times": null, "grades": null, "operator": null, "operator:type": null, "wikimedia_commons": null, "opening_hours": null, "website": null, "phone": "0514444435", "shelter_type": null, "description": null, "atm": null, "addr:street:ar": null, "addr:street:en": null, "addr:street:ur": null, "check_date": null, "addr:housenumber": null, "alt_name": null, "healthcare:speciality": null, "long_name": null, "long_name:ar": null, "long_name:ur": null, "name:ks": null, "name:ml": null, "name:pnb": null, "name:sd": null, "internet_access": null, "air_conditioning": null, "education": null, "area": null, "email": null, "name:pa": null, "generator:source": null, "level": null, "power": null, "name:ps": null, "not:name": null, "type": null }, "geometry": { "type": "Point", "coordinates": [ 73.0333924, 33.6794571 ] } },
{ "type": "Feature", "properties": { "element": "node", "id": 6201982085, "addr:city": null, "addr:city:ar": null, "addr:city:en": null, "addr:city:ks": null, "addr:city:pnb": null, "addr:city:ps": null, "addr:city:sd": null, "addr:city:ur": null, "addr:street": null, "amenity": "college", "healthcare": null, "name": "College of Physicians (FCPS)", "name:en": null, "denomination": null, "name:ar": null, "name:ur": null, "religion": null, "is_in": null, "created_by": null, "name:de": null, "name:es": null, "name:hi": null, "wikidata": null, "wikipedia": null, "emergency": null, "brand": null, "brand:wikidata": null, "brand:wikipedia": null, "building": null, "source": null, "dispensing": null, "addr:postcode": null, "service_times": null, "grades": null, "operator": null, "operator:type": null, "wikimedia_commons": null, "opening_hours": null, "website": null, "phone": null, "shelter_type": null, "description": null, "atm": null, "addr:street:ar": null, "addr:street:en": null, "addr:street:ur": null, "check_date": null, "addr:housenumber": null, "alt_name": null, "healthcare:speciality": null, "long_name": null, "long_name:ar": null, "long_name:ur": null, "name:ks": null, "name:ml": null, "name:pnb": null, "name:sd": null, "internet_access": null, "air_conditioning": null, "education": null, "area": null, "email": null, "name:pa": null, "generator:source": null, "level": null, "power": null, "name:ps": null, "not:name": null, "type": null }, "geometry": { "type": "Point", "coordinates": [ 73.0481026, 33.700456 ] } },
{ "type": "Feature", "properties": { "element": "node", "id": 6201982485, "addr:city": null, "addr:city:ar": null, "addr:city:en": null, "addr:city:ks": null, "addr:city:pnb": null, "addr:city:ps": null, "addr:city:sd": null, "addr:city:ur": null, "addr:street": null, "amenity": "college", "healthcare": null, "name": "Federal Medical and Dental College", "name:en": null, "denomination": null, "name:ar": null, "name:ur": null, "religion": null, "is_in": null, "created_by": null, "name:de": null, "name:es": null, "name:hi": null, "wikidata": null, "wikipedia": null, "emergency": null, "brand": null, "brand:wikidata": null, "brand:wikipedia": null, "building": null, "source": null, "dispensing": null, "addr:postcode": null, "service_times": null, "grades": null, "operator": null, "operator:type": null, "wikimedia_commons": null, "opening_hours": null, "website": null, "phone": null, "shelter_type": null, "description": null, "atm": null, "addr:street:ar": null, "addr:street:en": null, "addr:street:ur": null, "check_date": null, "addr:housenumber": null, "alt_name": null, "healthcare:speciality": null, "long_name": null, "long_name:ar": null, "long_name:ur": null, "name:ks": null, "name:ml": null, "name:pnb": null, "name:sd": null, "internet_access": null, "air_conditioning": null, "education": null, "area": null, "email": null, "name:pa": null, "generator:source": null, "level": null, "power": null, "name:ps": null, "not:name": null, "type": null }, "geometry": { "type": "Point", "coordinates": [ 73.0565749, 33.6996274 ] } },
{ "type": "Feature", "properties": { "element": "node", "id": 6203554988, "addr:city": null, "addr:city:ar": null, "addr:city:en": null, "addr:city:ks": null, "addr:city:pnb": null, "addr:city:ps": null, "addr:city:sd": null, "addr:city:ur": null, "addr:street": null, "amenity": "school", "healthcare": null, "name": "Usman Sadiq Shaheed School for Boys", "name:en": null, "denomination": null, "name:ar": null, "name:ur": null, "religion": null, "is_in": null, "created_by": null, "name:de": null, "name:es": null, "name:hi": null, "wikidata": null, "wikipedia": null, "emergency": null, "brand": null, "brand:wikidata": null, "brand:wikipedia": null, "building": null, "source": null, "dispensing": null, "addr:postcode": null, "service_times": null, "grades": null, "operator": null, "operator:type": null, "wikimedia_commons": null, "opening_hours": null, "website": null, "phone": null, "shelter_type": null, "description": null, "atm": null, "addr:street:ar": null, "addr:street:en": null, "addr:street:ur": null, "check_date": null, "addr:housenumber": null, "alt_name": null, "healthcare:speciality": null, "long_name": null, "long_name:ar": null, "long_name:ur": null, "name:ks": null, "name:ml": null, "name:pnb": null, "name:sd": null, "internet_access": null, "air_conditioning": null, "education": null, "area": null, "email": null, "name:pa": null, "generator:source": null, "level": null, "power": null, "name:ps": null, "not:name": null, "type": null }, "geometry": { "type": "Point", "coordinates": [ 73.0567626, 33.6970556 ] } },
{ "type": "Feature", "properties": { "element": "node", "id": 6203554990, "addr:city": null, "addr:city:ar": null, "addr:city:en": null, "addr:city:ks": null, "addr:city:pnb": null, "addr:city:ps": null, "addr:city:sd": null, "addr:city:ur": null, "addr:street": null, "amenity": "community_centre", "healthcare": null, "name": "G-9 Community Center", "name:en": null, "denomination": null, "name:ar": null, "name:ur": null, "religion": null, "is_in": null, "created_by": null, "name:de": null, "name:es": null, "name:hi": null, "wikidata": null, "wikipedia": null, "emergency": null, "brand": null, "brand:wikidata": null, "brand:wikipedia": null, "building": null, "source": null, "dispensing": null, "addr:postcode": null, "service_times": null, "grades": null, "operator": null, "operator:type": null, "wikimedia_commons": null, "opening_hours": null, "website": null, "phone": null, "shelter_type": null, "description": null, "atm": null, "addr:street:ar": null, "addr:street:en": null, "addr:street:ur": null, "check_date": null, "addr:housenumber": null, "alt_name": null, "healthcare:speciality": null, "long_name": null, "long_name:ar": null, "long_name:ur": null, "name:ks": null, "name:ml": null, "name:pnb": null, "name:sd": null, "internet_access": null, "air_conditioning": null, "education": null, "area": null, "email": null, "name:pa": null, "generator:source": null, "level": null, "power": null, "name:ps": null, "not:name": null, "type": null }, "geometry": { "type": "Point", "coordinates": [ 73.0239253, 33.690731 ] } },
{ "type": "Feature", "properties": { "element": "node", "id": 6203579985, "addr:city": null, "addr:city:ar": null, "addr:city:en": null, "addr:city:ks": null, "addr:city:pnb": null, "addr:city:ps": null, "addr:city:sd": null, "addr:city:ur": null, "addr:street": null, "amenity": "place_of_worship", "healthcare": null, "name": "Masjid-al-Haq (PHA)", "name:en": null, "denomination": null, "name:ar": null, "name:ur": null, "religion": null, "is_in": null, "created_by": null, "name:de": null, "name:es": null, "name:hi": null, "wikidata": null, "wikipedia": null, "emergency": null, "brand": null, "brand:wikidata": null, "brand:wikipedia": null, "building": null, "source": null, "dispensing": null, "addr:postcode": null, "service_times": null, "grades": null, "operator": null, "operator:type": null, "wikimedia_commons": null, "opening_hours": null, "website": null, "phone": null, "shelter_type": null, "description": null, "atm": null, "addr:street:ar": null, "addr:street:en": null, "addr:street:ur": null, "check_date": null, "addr:housenumber": null, "alt_name": null, "healthcare:speciality": null, "long_name": null, "long_name:ar": null, "long_name:ur": null, "name:ks": null, "name:ml": null, "name:pnb": null, "name:sd": null, "internet_access": null, "air_conditioning": null, "education": null, "area": null, "email": null, "name:pa": null, "generator:source": null, "level": null, "power": null, "name:ps": null, "not:name": null, "type": null }, "geometry": { "type": "Point", "coordinates": [ 73.057194, 33.7005098 ] } },
{ "type": "Feature", "properties": { "element": "node", "id": 6204110290, "addr:city": null, "addr:city:ar": null, "addr:city:en": null, "addr:city:ks": null, "addr:city:pnb": null, "addr:city:ps": null, "addr:city:sd": null, "addr:city:ur": null, "addr:street": null, "amenity": "college", "healthcare": null, "name": "Scienta Vision College", "name:en": null, "denomination": null, "name:ar": null, "name:ur": null, "religion": null, "is_in": null, "created_by": null, "name:de": null, "name:es": null, "name:hi": null, "wikidata": null, "wikipedia": null, "emergency": null, "brand": null, "brand:wikidata": null, "brand:wikipedia": null, "building": null, "source": null, "dispensing": null, "addr:postcode": null, "service_times": null, "grades": null, "operator": null, "operator:type": null, "wikimedia_commons": null, "opening_hours": null, "website": null, "phone": null, "shelter_type": null, "description": null, "atm": null, "addr:street:ar": null, "addr:street:en": null, "addr:street:ur": null, "check_date": null, "addr:housenumber": null, "alt_name": null, "healthcare:speciality": null, "long_name": null, "long_name:ar": null, "long_name:ur": null, "name:ks": null, "name:ml": null, "name:pnb": null, "name:sd": null, "internet_access": null, "air_conditioning": null, "education": null, "area": null, "email": null, "name:pa": null, "generator:source": null, "level": null, "power": null, "name:ps": null, "not:name": null, "type": null }, "geometry": { "type": "Point", "coordinates": [ 73.0210517, 33.673228 ] } },
{ "type": "Feature", "properties": { "element": "node", "id": 6204119485, "addr:city": null, "addr:city:ar": null, "addr:city:en": null, "addr:city:ks": null, "addr:city:pnb": null, "addr:city:ps": null, "addr:city:sd": null, "addr:city:ur": null, "addr:street": null, "amenity": "place_of_worship", "healthcare": null, "name": "Tauheed Masjid", "name:en": null, "denomination": null, "name:ar": null, "name:ur": null, "religion": null, "is_in": null, "created_by": null, "name:de": null, "name:es": null, "name:hi": null, "wikidata": null, "wikipedia": null, "emergency": null, "brand": null, "brand:wikidata": null, "brand:wikipedia": null, "building": null, "source": null, "dispensing": null, "addr:postcode": null, "service_times": null, "grades": null, "operator": null, "operator:type": null, "wikimedia_commons": null, "opening_hours": null, "website": null, "phone": null, "shelter_type": null, "description": null, "atm": null, "addr:street:ar": null, "addr:street:en": null, "addr:street:ur": null, "check_date": null, "addr:housenumber": null, "alt_name": null, "healthcare:speciality": null, "long_name": null, "long_name:ar": null, "long_name:ur": null, "name:ks": null, "name:ml": null, "name:pnb": null, "name:sd": null, "internet_access": null, "air_conditioning": null, "education": null, "area": null, "email": null, "name:pa": null, "generator:source": null, "level": null, "power": null, "name:ps": null, "not:name": null, "type": null }, "geometry": { "type": "Point", "coordinates": [ 73.0259501, 33.6770221 ] } },
{ "type": "Feature", "properties": { "element": "node", "id": 6208198786, "addr:city": null, "addr:city:ar": null, "addr:city:en": null, "addr:city:ks": null, "addr:city:pnb": null, "addr:city:ps": null, "addr:city:sd": null, "addr:city:ur": null, "addr:street": null, "amenity": "pharmacy", "healthcare": null, "name": "Healer’s Pharmacy", "name:en": null, "denomination": null, "name:ar": null, "name:ur": null, "religion": null, "is_in": null, "created_by": null, "name:de": null, "name:es": null, "name:hi": null, "wikidata": null, "wikipedia": null, "emergency": null, "brand": null, "brand:wikidata": null, "brand:wikipedia": null, "building": null, "source": null, "dispensing": null, "addr:postcode": null, "service_times": null, "grades": null, "operator": null, "operator:type": null, "wikimedia_commons": null, "opening_hours": null, "website": null, "phone": null, "shelter_type": null, "description": null, "atm": null, "addr:street:ar": null, "addr:street:en": null, "addr:street:ur": null, "check_date": null, "addr:housenumber": null, "alt_name": null, "healthcare:speciality": null, "long_name": null, "long_name:ar": null, "long_name:ur": null, "name:ks": null, "name:ml": null, "name:pnb": null, "name:sd": null, "internet_access": null, "air_conditioning": null, "education": null, "area": null, "email": null, "name:pa": null, "generator:source": null, "level": null, "power": null, "name:ps": null, "not:name": null, "type": null }, "geometry": { "type": "Point", "coordinates": [ 73.013833, 33.6754692 ] } },
{ "type": "Feature", "properties": { "element": "node", "id": 6208198790, "addr:city": null, "addr:city:ar": null, "addr:city:en": null, "addr:city:ks": null, "addr:city:pnb": null, "addr:city:ps": null, "addr:city:sd": null, "addr:city:ur": null, "addr:street": null, "amenity": "college", "healthcare": null, "name": "5 Star Institute Islamabad", "name:en": null, "denomination": null, "name:ar": null, "name:ur": null, "religion": null, "is_in": null, "created_by": null, "name:de": null, "name:es": null, "name:hi": null, "wikidata": null, "wikipedia": null, "emergency": null, "brand": null, "brand:wikidata": null, "brand:wikipedia": null, "building": null, "source": null, "dispensing": null, "addr:postcode": null, "service_times": null, "grades": null, "operator": null, "operator:type": null, "wikimedia_commons": null, "opening_hours": null, "website": null, "phone": null, "shelter_type": null, "description": null, "atm": null, "addr:street:ar": null, "addr:street:en": null, "addr:street:ur": null, "check_date": null, "addr:housenumber": null, "alt_name": null, "healthcare:speciality": null, "long_name": null, "long_name:ar": null, "long_name:ur": null, "name:ks": null, "name:ml": null, "name:pnb": null, "name:sd": null, "internet_access": null, "air_conditioning": null, "education": null, "area": null, "email": null, "name:pa": null, "generator:source": null, "level": null, "power": null, "name:ps": null, "not:name": null, "type": null }, "geometry": { "type": "Point", "coordinates": [ 73.0151656, 33.6754118 ] } },
{ "type": "Feature", "properties": { "element": "node", "id": 6208198793, "addr:city": null, "addr:city:ar": null, "addr:city:en": null, "addr:city:ks": null, "addr:city:pnb": null, "addr:city:ps": null, "addr:city:sd": null, "addr:city:ur": null, "addr:street": null, "amenity": "place_of_worship", "healthcare": null, "name": "Masjid Siddique Akbar", "name:en": null, "denomination": null, "name:ar": null, "name:ur": null, "religion": null, "is_in": null, "created_by": null, "name:de": null, "name:es": null, "name:hi": null, "wikidata": null, "wikipedia": null, "emergency": null, "brand": null, "brand:wikidata": null, "brand:wikipedia": null, "building": null, "source": null, "dispensing": null, "addr:postcode": null, "service_times": null, "grades": null, "operator": null, "operator:type": null, "wikimedia_commons": null, "opening_hours": null, "website": null, "phone": null, "shelter_type": null, "description": null, "atm": null, "addr:street:ar": null, "addr:street:en": null, "addr:street:ur": null, "check_date": null, "addr:housenumber": null, "alt_name": null, "healthcare:speciality": null, "long_name": null, "long_name:ar": null, "long_name:ur": null, "name:ks": null, "name:ml": null, "name:pnb": null, "name:sd": null, "internet_access": null, "air_conditioning": null, "education": null, "area": null, "email": null, "name:pa": null, "generator:source": null, "level": null, "power": null, "name:ps": null, "not:name": null, "type": null }, "geometry": { "type": "Point", "coordinates": [ 73.0189292, 33.6732142 ] } },
{ "type": "Feature", "properties": { "element": "node", "id": 6208198886, "addr:city": null, "addr:city:ar": null, "addr:city:en": null, "addr:city:ks": null, "addr:city:pnb": null, "addr:city:ps": null, "addr:city:sd": null, "addr:city:ur": null, "addr:street": null, "amenity": "college", "healthcare": null, "name": "Virtual University", "name:en": null, "denomination": null, "name:ar": null, "name:ur": null, "religion": null, "is_in": null, "created_by": null, "name:de": null, "name:es": null, "name:hi": null, "wikidata": null, "wikipedia": null, "emergency": null, "brand": null, "brand:wikidata": null, "brand:wikipedia": null, "building": null, "source": null, "dispensing": null, "addr:postcode": null, "service_times": null, "grades": null, "operator": null, "operator:type": null, "wikimedia_commons": null, "opening_hours": null, "website": null, "phone": null, "shelter_type": null, "description": null, "atm": null, "addr:street:ar": null, "addr:street:en": null, "addr:street:ur": null, "check_date": null, "addr:housenumber": null, "alt_name": null, "healthcare:speciality": null, "long_name": null, "long_name:ar": null, "long_name:ur": null, "name:ks": null, "name:ml": null, "name:pnb": null, "name:sd": null, "internet_access": null, "air_conditioning": null, "education": null, "area": null, "email": null, "name:pa": null, "generator:source": null, "level": null, "power": null, "name:ps": null, "not:name": null, "type": null }, "geometry": { "type": "Point", "coordinates": [ 73.0141708, 33.6760901 ] } },
{ "type": "Feature", "properties": { "element": "node", "id": 6208198887, "addr:city": null, "addr:city:ar": null, "addr:city:en": null, "addr:city:ks": null, "addr:city:pnb": null, "addr:city:ps": null, "addr:city:sd": null, "addr:city:ur": null, "addr:street": null, "amenity": "pharmacy", "healthcare": "pharmacy", "name": "TM Pharmacy", "name:en": null, "denomination": null, "name:ar": null, "name:ur": null, "religion": null, "is_in": null, "created_by": null, "name:de": null, "name:es": null, "name:hi": null, "wikidata": null, "wikipedia": null, "emergency": null, "brand": null, "brand:wikidata": null, "brand:wikipedia": null, "building": null, "source": null, "dispensing": null, "addr:postcode": null, "service_times": null, "grades": null, "operator": null, "operator:type": null, "wikimedia_commons": null, "opening_hours": null, "website": null, "phone": null, "shelter_type": null, "description": null, "atm": null, "addr:street:ar": null, "addr:street:en": null, "addr:street:ur": null, "check_date": null, "addr:housenumber": null, "alt_name": null, "healthcare:speciality": null, "long_name": null, "long_name:ar": null, "long_name:ur": null, "name:ks": null, "name:ml": null, "name:pnb": null, "name:sd": null, "internet_access": null, "air_conditioning": null, "education": null, "area": null, "email": null, "name:pa": null, "generator:source": null, "level": null, "power": null, "name:ps": null, "not:name": null, "type": null }, "geometry": { "type": "Point", "coordinates": [ 73.0144411, 33.6760172 ] } },
{ "type": "Feature", "properties": { "element": "node", "id": 6208198888, "addr:city": null, "addr:city:ar": null, "addr:city:en": null, "addr:city:ks": null, "addr:city:pnb": null, "addr:city:ps": null, "addr:city:sd": null, "addr:city:ur": null, "addr:street": null, "amenity": "pharmacy", "healthcare": null, "name": "Medicin Square", "name:en": null, "denomination": null, "name:ar": null, "name:ur": null, "religion": null, "is_in": null, "created_by": null, "name:de": null, "name:es": null, "name:hi": null, "wikidata": null, "wikipedia": null, "emergency": null, "brand": null, "brand:wikidata": null, "brand:wikipedia": null, "building": null, "source": null, "dispensing": null, "addr:postcode": null, "service_times": null, "grades": null, "operator": null, "operator:type": null, "wikimedia_commons": null, "opening_hours": null, "website": null, "phone": null, "shelter_type": null, "description": null, "atm": null, "addr:street:ar": null, "addr:street:en": null, "addr:street:ur": null, "check_date": null, "addr:housenumber": null, "alt_name": null, "healthcare:speciality": null, "long_name": null, "long_name:ar": null, "long_name:ur": null, "name:ks": null, "name:ml": null, "name:pnb": null, "name:sd": null, "internet_access": null, "air_conditioning": null, "education": null, "area": null, "email": null, "name:pa": null, "generator:source": null, "level": null, "power": null, "name:ps": null, "not:name": null, "type": null }, "geometry": { "type": "Point", "coordinates": [ 73.01392, 33.6757188 ] } },
{ "type": "Feature", "properties": { "element": "node", "id": 6208206588, "addr:city": "اسلام آباد", "addr:city:ar": null, "addr:city:en": null, "addr:city:ks": null, "addr:city:pnb": null, "addr:city:ps": null, "addr:city:sd": null, "addr:city:ur": null, "addr:street": null, "amenity": "hospital", "healthcare": "hospital", "name": "Latif Health Centre", "name:en": "Latif Health Centre", "denomination": null, "name:ar": null, "name:ur": null, "religion": null, "is_in": null, "created_by": null, "name:de": null, "name:es": null, "name:hi": null, "wikidata": null, "wikipedia": null, "emergency": null, "brand": null, "brand:wikidata": null, "brand:wikipedia": null, "building": null, "source": null, "dispensing": null, "addr:postcode": null, "service_times": null, "grades": null, "operator": null, "operator:type": null, "wikimedia_commons": null, "opening_hours": null, "website": null, "phone": null, "shelter_type": null, "description": null, "atm": null, "addr:street:ar": null, "addr:street:en": null, "addr:street:ur": null, "check_date": null, "addr:housenumber": null, "alt_name": null, "healthcare:speciality": null, "long_name": null, "long_name:ar": null, "long_name:ur": null, "name:ks": null, "name:ml": null, "name:pnb": null, "name:sd": null, "internet_access": null, "air_conditioning": null, "education": null, "area": null, "email": null, "name:pa": null, "generator:source": null, "level": null, "power": null, "name:ps": null, "not:name": null, "type": null }, "geometry": { "type": "Point", "coordinates": [ 73.0156937, 33.6764623 ] } },
{ "type": "Feature", "properties": { "element": "node", "id": 6208726886, "addr:city": null, "addr:city:ar": null, "addr:city:en": null, "addr:city:ks": null, "addr:city:pnb": null, "addr:city:ps": null, "addr:city:sd": null, "addr:city:ur": null, "addr:street": null, "amenity": "doctors", "healthcare": "doctor", "name": "Dr. Seema Ansari", "name:en": null, "denomination": null, "name:ar": null, "name:ur": null, "religion": null, "is_in": null, "created_by": null, "name:de": null, "name:es": null, "name:hi": null, "wikidata": null, "wikipedia": null, "emergency": null, "brand": null, "brand:wikidata": null, "brand:wikipedia": null, "building": null, "source": null, "dispensing": null, "addr:postcode": null, "service_times": null, "grades": null, "operator": null, "operator:type": null, "wikimedia_commons": null, "opening_hours": null, "website": null, "phone": null, "shelter_type": null, "description": null, "atm": null, "addr:street:ar": null, "addr:street:en": null, "addr:street:ur": null, "check_date": null, "addr:housenumber": null, "alt_name": null, "healthcare:speciality": null, "long_name": null, "long_name:ar": null, "long_name:ur": null, "name:ks": null, "name:ml": null, "name:pnb": null, "name:sd": null, "internet_access": null, "air_conditioning": null, "education": null, "area": null, "email": null, "name:pa": null, "generator:source": null, "level": null, "power": null, "name:ps": null, "not:name": null, "type": null }, "geometry": { "type": "Point", "coordinates": [ 73.0154374, 33.6754658 ] } },
{ "type": "Feature", "properties": { "element": "node", "id": 6265094288, "addr:city": "اسلام آباد", "addr:city:ar": null, "addr:city:en": null, "addr:city:ks": null, "addr:city:pnb": null, "addr:city:ps": null, "addr:city:sd": null, "addr:city:ur": null, "addr:street": "حنا روڈ", "amenity": "hospital", "healthcare": "hospital", "name": "نوری ہسپتال اسلام آباد", "name:en": "Noori Hospital Islamabad", "denomination": null, "name:ar": null, "name:ur": "نوری ہسپتال اسلام آباد", "religion": null, "is_in": null, "created_by": null, "name:de": null, "name:es": null, "name:hi": null, "wikidata": null, "wikipedia": null, "emergency": null, "brand": null, "brand:wikidata": null, "brand:wikipedia": null, "building": null, "source": null, "dispensing": null, "addr:postcode": null, "service_times": null, "grades": null, "operator": null, "operator:type": null, "wikimedia_commons": null, "opening_hours": null, "website": null, "phone": null, "shelter_type": null, "description": null, "atm": null, "addr:street:ar": null, "addr:street:en": null, "addr:street:ur": null, "check_date": null, "addr:housenumber": null, "alt_name": null, "healthcare:speciality": null, "long_name": null, "long_name:ar": null, "long_name:ur": null, "name:ks": null, "name:ml": null, "name:pnb": null, "name:sd": null, "internet_access": null, "air_conditioning": null, "education": null, "area": null, "email": null, "name:pa": null, "generator:source": null, "level": null, "power": null, "name:ps": null, "not:name": null, "type": null }, "geometry": { "type": "Point", "coordinates": [ 73.052962, 33.6990693 ] } },
{ "type": "Feature", "properties": { "element": "node", "id": 6521223343, "addr:city": "اسلام آباد", "addr:city:ar": "إسلام آباد", "addr:city:en": "Islamabad", "addr:city:ks": "اِسلام آبادٖ", "addr:city:pnb": "اسلام آباد", "addr:city:ps": "اسلام آباد", "addr:city:sd": "اسلام آباد", "addr:city:ur": "اسلام آباد", "addr:street": "Street 22", "amenity": "hospital", "healthcare": "hospital", "name": "Surgical Centre Islamabad", "name:en": null, "denomination": null, "name:ar": null, "name:ur": null, "religion": null, "is_in": null, "created_by": null, "name:de": null, "name:es": null, "name:hi": null, "wikidata": null, "wikipedia": null, "emergency": "no", "brand": null, "brand:wikidata": null, "brand:wikipedia": null, "building": null, "source": null, "dispensing": null, "addr:postcode": "44220", "service_times": null, "grades": null, "operator": null, "operator:type": null, "wikimedia_commons": null, "opening_hours": null, "website": null, "phone": null, "shelter_type": null, "description": null, "atm": null, "addr:street:ar": null, "addr:street:en": null, "addr:street:ur": null, "check_date": null, "addr:housenumber": "Block 1", "alt_name": "Surgical Centre", "healthcare:speciality": "general;gynaecology;orthopaedics;dermatology;surgery;clinic", "long_name": null, "long_name:ar": null, "long_name:ur": null, "name:ks": null, "name:ml": null, "name:pnb": null, "name:sd": null, "internet_access": null, "air_conditioning": null, "education": null, "area": null, "email": null, "name:pa": null, "generator:source": null, "level": null, "power": null, "name:ps": null, "not:name": null, "type": null }, "geometry": { "type": "Point", "coordinates": [ 73.0333152, 33.7149444 ] } },
{ "type": "Feature", "properties": { "element": "node", "id": 7129416885, "addr:city": null, "addr:city:ar": null, "addr:city:en": null, "addr:city:ks": null, "addr:city:pnb": null, "addr:city:ps": null, "addr:city:sd": null, "addr:city:ur": null, "addr:street": "Street 64", "amenity": "school", "healthcare": null, "name": "ISLAMABAD MODEL SCHOOL FOR GIRL (VI-X)", "name:en": null, "denomination": null, "name:ar": null, "name:ur": null, "religion": null, "is_in": null, "created_by": null, "name:de": null, "name:es": null, "name:hi": null, "wikidata": null, "wikipedia": null, "emergency": null, "brand": null, "brand:wikidata": null, "brand:wikipedia": null, "building": null, "source": null, "dispensing": null, "addr:postcode": null, "service_times": null, "grades": null, "operator": null, "operator:type": null, "wikimedia_commons": null, "opening_hours": null, "website": null, "phone": null, "shelter_type": null, "description": null, "atm": null, "addr:street:ar": null, "addr:street:en": null, "addr:street:ur": null, "check_date": null, "addr:housenumber": "G-9/4", "alt_name": null, "healthcare:speciality": null, "long_name": null, "long_name:ar": null, "long_name:ur": null, "name:ks": null, "name:ml": null, "name:pnb": null, "name:sd": null, "internet_access": null, "air_conditioning": null, "education": null, "area": null, "email": null, "name:pa": null, "generator:source": null, "level": null, "power": null, "name:ps": null, "not:name": null, "type": null }, "geometry": { "type": "Point", "coordinates": [ 73.0403893, 33.6880505 ] } },
{ "type": "Feature", "properties": { "element": "node", "id": 7285174680, "addr:city": null, "addr:city:ar": null, "addr:city:en": null, "addr:city:ks": null, "addr:city:pnb": null, "addr:city:ps": null, "addr:city:sd": null, "addr:city:ur": null, "addr:street": null, "amenity": "place_of_worship", "healthcare": null, "name": "Masjid Abdur Rehman Bin Auf", "name:en": null, "denomination": null, "name:ar": null, "name:ur": null, "religion": "muslim", "is_in": null, "created_by": null, "name:de": null, "name:es": null, "name:hi": null, "wikidata": null, "wikipedia": null, "emergency": null, "brand": null, "brand:wikidata": null, "brand:wikipedia": null, "building": null, "source": null, "dispensing": null, "addr:postcode": null, "service_times": null, "grades": null, "operator": null, "operator:type": null, "wikimedia_commons": null, "opening_hours": null, "website": null, "phone": null, "shelter_type": null, "description": null, "atm": null, "addr:street:ar": null, "addr:street:en": null, "addr:street:ur": null, "check_date": null, "addr:housenumber": null, "alt_name": null, "healthcare:speciality": null, "long_name": null, "long_name:ar": null, "long_name:ur": null, "name:ks": null, "name:ml": null, "name:pnb": null, "name:sd": null, "internet_access": null, "air_conditioning": null, "education": null, "area": null, "email": null, "name:pa": null, "generator:source": null, "level": null, "power": null, "name:ps": null, "not:name": null, "type": null }, "geometry": { "type": "Point", "coordinates": [ 73.0117988, 33.6778189 ] } },
{ "type": "Feature", "properties": { "element": "node", "id": 8841662156, "addr:city": null, "addr:city:ar": null, "addr:city:en": null, "addr:city:ks": null, "addr:city:pnb": null, "addr:city:ps": null, "addr:city:sd": null, "addr:city:ur": null, "addr:street": null, "amenity": "hospital", "healthcare": "hospital", "name": "Max Health Hospital", "name:en": null, "denomination": null, "name:ar": null, "name:ur": "میکس ہیلتھ ہسپتال", "religion": null, "is_in": null, "created_by": null, "name:de": null, "name:es": null, "name:hi": null, "wikidata": null, "wikipedia": null, "emergency": null, "brand": null, "brand:wikidata": null, "brand:wikipedia": null, "building": null, "source": null, "dispensing": null, "addr:postcode": null, "service_times": null, "grades": null, "operator": null, "operator:type": null, "wikimedia_commons": null, "opening_hours": null, "website": null, "phone": null, "shelter_type": null, "description": null, "atm": null, "addr:street:ar": null, "addr:street:en": null, "addr:street:ur": null, "check_date": null, "addr:housenumber": null, "alt_name": null, "healthcare:speciality": null, "long_name": null, "long_name:ar": null, "long_name:ur": null, "name:ks": null, "name:ml": null, "name:pnb": null, "name:sd": null, "internet_access": null, "air_conditioning": null, "education": null, "area": null, "email": null, "name:pa": null, "generator:source": null, "level": null, "power": null, "name:ps": null, "not:name": null, "type": null }, "geometry": { "type": "Point", "coordinates": [ 73.0491988, 33.6976835 ] } },
{ "type": "Feature", "properties": { "element": "node", "id": 8897406796, "addr:city": "اسلام آباد", "addr:city:ar": null, "addr:city:en": null, "addr:city:ks": null, "addr:city:pnb": null, "addr:city:ps": null, "addr:city:sd": null, "addr:city:ur": null, "addr:street": "فیصل مسجد روڈ", "amenity": "place_of_worship", "healthcare": null, "name": "فیصل مسجد", "name:en": "Faisal Masjid", "denomination": "sunni", "name:ar": "مسجد فيصل", "name:ur": "فیصل  مسجد", "religion": "muslim", "is_in": null, "created_by": null, "name:de": "Faisal-Moschee", "name:es": null, "name:hi": "फैसल मस्जिद", "wikidata": "Q500983", "wikipedia": "ur:فیصل مسجد", "emergency": null, "brand": null, "brand:wikidata": null, "brand:wikipedia": null, "building": null, "source": null, "dispensing": null, "addr:postcode": "44000", "service_times": null, "grades": null, "operator": null, "operator:type": null, "wikimedia_commons": null, "opening_hours": null, "website": null, "phone": null, "shelter_type": null, "description": null, "atm": null, "addr:street:ar": null, "addr:street:en": null, "addr:street:ur": null, "check_date": null, "addr:housenumber": null, "alt_name": null, "healthcare:speciality": null, "long_name": "شاہ فیصل مسجد", "long_name:ar": "مسجد الملك فيصل", "long_name:ur": "شاہ فیصل مسجد", "name:ks": "فیصل مسجد", "name:ml": "ഫൈസൽ പള്ളി", "name:pnb": "فیصل مسجد", "name:sd": "فيصل مسجد", "internet_access": null, "air_conditioning": null, "education": null, "area": null, "email": null, "name:pa": null, "generator:source": null, "level": null, "power": null, "name:ps": null, "not:name": null, "type": null }, "geometry": { "type": "Point", "coordinates": [ 73.0380457, 33.7297461 ] } },
{ "type": "Feature", "properties": { "element": "node", "id": 9570388730, "addr:city": null, "addr:city:ar": null, "addr:city:en": null, "addr:city:ks": null, "addr:city:pnb": null, "addr:city:ps": null, "addr:city:sd": null, "addr:city:ur": null, "addr:street": null, "amenity": "place_of_worship", "healthcare": null, "name": null, "name:en": null, "denomination": null, "name:ar": null, "name:ur": null, "religion": "muslim", "is_in": null, "created_by": null, "name:de": null, "name:es": null, "name:hi": null, "wikidata": null, "wikipedia": null, "emergency": null, "brand": null, "brand:wikidata": null, "brand:wikipedia": null, "building": null, "source": null, "dispensing": null, "addr:postcode": null, "service_times": null, "grades": null, "operator": null, "operator:type": null, "wikimedia_commons": null, "opening_hours": null, "website": null, "phone": null, "shelter_type": null, "description": null, "atm": null, "addr:street:ar": null, "addr:street:en": null, "addr:street:ur": null, "check_date": null, "addr:housenumber": null, "alt_name": null, "healthcare:speciality": null, "long_name": null, "long_name:ar": null, "long_name:ur": null, "name:ks": null, "name:ml": null, "name:pnb": null, "name:sd": null, "internet_access": null, "air_conditioning": null, "education": null, "area": null, "email": null, "name:pa": null, "generator:source": null, "level": null, "power": null, "name:ps": null, "not:name": null, "type": null }, "geometry": { "type": "Point", "coordinates": [ 73.0653365, 33.674233 ] } },
{ "type": "Feature", "properties": { "element": "node", "id": 10152169954, "addr:city": null, "addr:city:ar": null, "addr:city:en": null, "addr:city:ks": null, "addr:city:pnb": null, "addr:city:ps": null, "addr:city:sd": null, "addr:city:ur": null, "addr:street": null, "amenity": "place_of_worship", "healthcare": null, "name": "Masjid Kausar", "name:en": null, "denomination": null, "name:ar": null, "name:ur": null, "religion": "muslim", "is_in": null, "created_by": null, "name:de": null, "name:es": null, "name:hi": null, "wikidata": null, "wikipedia": null, "emergency": null, "brand": null, "brand:wikidata": null, "brand:wikipedia": null, "building": null, "source": null, "dispensing": null, "addr:postcode": null, "service_times": null, "grades": null, "operator": null, "operator:type": null, "wikimedia_commons": null, "opening_hours": null, "website": null, "phone": null, "shelter_type": null, "description": null, "atm": null, "addr:street:ar": null, "addr:street:en": null, "addr:street:ur": null, "check_date": null, "addr:housenumber": null, "alt_name": null, "healthcare:speciality": null, "long_name": null, "long_name:ar": null, "long_name:ur": null, "name:ks": null, "name:ml": null, "name:pnb": null, "name:sd": null, "internet_access": null, "air_conditioning": null, "education": null, "area": null, "email": null, "name:pa": null, "generator:source": null, "level": null, "power": null, "name:ps": null, "not:name": null, "type": null }, "geometry": { "type": "Point", "coordinates": [ 73.0827147, 33.7205262 ] } },
{ "type": "Feature", "properties": { "element": "node", "id": 11068308487, "addr:city": null, "addr:city:ar": null, "addr:city:en": null, "addr:city:ks": null, "addr:city:pnb": null, "addr:city:ps": null, "addr:city:sd": null, "addr:city:ur": null, "addr:street": null, "amenity": "hospital", "healthcare": "hospital", "name": "Testing Hospital Ismail", "name:en": null, "denomination": null, "name:ar": null, "name:ur": null, "religion": null, "is_in": null, "created_by": null, "name:de": null, "name:es": null, "name:hi": null, "wikidata": null, "wikipedia": null, "emergency": "yes", "brand": null, "brand:wikidata": null, "brand:wikipedia": null, "building": null, "source": null, "dispensing": null, "addr:postcode": null, "service_times": null, "grades": null, "operator": null, "operator:type": null, "wikimedia_commons": null, "opening_hours": null, "website": null, "phone": null, "shelter_type": null, "description": null, "atm": null, "addr:street:ar": null, "addr:street:en": null, "addr:street:ur": null, "check_date": null, "addr:housenumber": null, "alt_name": null, "healthcare:speciality": "internal", "long_name": null, "long_name:ar": null, "long_name:ur": null, "name:ks": null, "name:ml": null, "name:pnb": null, "name:sd": null, "internet_access": null, "air_conditioning": null, "education": null, "area": null, "email": null, "name:pa": null, "generator:source": null, "level": null, "power": null, "name:ps": null, "not:name": null, "type": null }, "geometry": { "type": "Point", "coordinates": [ 73.056917, 33.7040908 ] } },
{ "type": "Feature", "properties": { "element": "node", "id": 11185339209, "addr:city": null, "addr:city:ar": null, "addr:city:en": null, "addr:city:ks": null, "addr:city:pnb": null, "addr:city:ps": null, "addr:city:sd": null, "addr:city:ur": null, "addr:street": "13-A Kohistan Road, Kiran Plaza, F-8 Markaz, Islamabad", "amenity": "hospital", "healthcare": null, "name": "Islamabad Specialists Clinic F-8 Markaz", "name:en": null, "denomination": null, "name:ar": null, "name:ur": null, "religion": null, "is_in": null, "created_by": null, "name:de": null, "name:es": null, "name:hi": null, "wikidata": null, "wikipedia": null, "emergency": null, "brand": null, "brand:wikidata": null, "brand:wikipedia": null, "building": null, "source": null, "dispensing": null, "addr:postcode": null, "service_times": null, "grades": null, "operator": null, "operator:type": null, "wikimedia_commons": null, "opening_hours": null, "website": null, "phone": null, "shelter_type": null, "description": null, "atm": null, "addr:street:ar": null, "addr:street:en": null, "addr:street:ur": null, "check_date": null, "addr:housenumber": null, "alt_name": null, "healthcare:speciality": null, "long_name": null, "long_name:ar": null, "long_name:ur": null, "name:ks": null, "name:ml": null, "name:pnb": null, "name:sd": null, "internet_access": null, "air_conditioning": null, "education": null, "area": null, "email": null, "name:pa": null, "generator:source": null, "level": null, "power": null, "name:ps": null, "not:name": null, "type": null }, "geometry": { "type": "Point", "coordinates": [ 73.0417786, 33.711174 ] } },
{ "type": "Feature", "properties": { "element": "node", "id": 11217189672, "addr:city": null, "addr:city:ar": null, "addr:city:en": null, "addr:city:ks": null, "addr:city:pnb": null, "addr:city:ps": null, "addr:city:sd": null, "addr:city:ur": null, "addr:street": "G-8 Markaz", "amenity": "hospital", "healthcare": "hospital", "name": "Advanced International Hospital G-8 Markaz", "name:en": null, "denomination": null, "name:ar": null, "name:ur": "ایڈوانسڈ انٹرنیشنل ہسپتال", "religion": null, "is_in": null, "created_by": null, "name:de": null, "name:es": null, "name:hi": null, "wikidata": null, "wikipedia": null, "emergency": null, "brand": null, "brand:wikidata": null, "brand:wikipedia": null, "building": null, "source": null, "dispensing": null, "addr:postcode": null, "service_times": null, "grades": null, "operator": null, "operator:type": null, "wikimedia_commons": null, "opening_hours": null, "website": null, "phone": null, "shelter_type": null, "description": null, "atm": null, "addr:street:ar": null, "addr:street:en": null, "addr:street:ur": null, "check_date": null, "addr:housenumber": null, "alt_name": null, "healthcare:speciality": null, "long_name": null, "long_name:ar": null, "long_name:ur": null, "name:ks": null, "name:ml": null, "name:pnb": null, "name:sd": null, "internet_access": null, "air_conditioning": null, "education": null, "area": null, "email": null, "name:pa": null, "generator:source": null, "level": null, "power": null, "name:ps": null, "not:name": null, "type": null }, "geometry": { "type": "Point", "coordinates": [ 73.0502887, 33.6963846 ] } },
{ "type": "Feature", "properties": { "element": "node", "id": 11268713199, "addr:city": null, "addr:city:ar": null, "addr:city:en": null, "addr:city:ks": null, "addr:city:pnb": null, "addr:city:ps": null, "addr:city:sd": null, "addr:city:ur": null, "addr:street": "Main Margalla Road, E-9/1, Islamabad", "amenity": "hospital", "healthcare": null, "name": "PAF Hospital, Unit 2 Parking", "name:en": null, "denomination": null, "name:ar": null, "name:ur": null, "religion": null, "is_in": null, "created_by": null, "name:de": null, "name:es": null, "name:hi": null, "wikidata": null, "wikipedia": null, "emergency": null, "brand": null, "brand:wikidata": null, "brand:wikipedia": null, "building": null, "source": null, "dispensing": null, "addr:postcode": null, "service_times": null, "grades": null, "operator": null, "operator:type": null, "wikimedia_commons": null, "opening_hours": null, "website": null, "phone": null, "shelter_type": null, "description": null, "atm": null, "addr:street:ar": null, "addr:street:en": null, "addr:street:ur": null, "check_date": null, "addr:housenumber": null, "alt_name": null, "healthcare:speciality": null, "long_name": null, "long_name:ar": null, "long_name:ur": null, "name:ks": null, "name:ml": null, "name:pnb": null, "name:sd": null, "internet_access": null, "air_conditioning": null, "education": null, "area": null, "email": null, "name:pa": null, "generator:source": null, "level": null, "power": null, "name:ps": null, "not:name": null, "type": null }, "geometry": { "type": "Point", "coordinates": [ 73.0148593, 33.7075986 ] } },
{ "type": "Feature", "properties": { "element": "node", "id": 12119175723, "addr:city": null, "addr:city:ar": null, "addr:city:en": null, "addr:city:ks": null, "addr:city:pnb": null, "addr:city:ps": null, "addr:city:sd": null, "addr:city:ur": null, "addr:street": null, "amenity": "school", "healthcare": null, "name": "Shamowaii Tariq Shaheed Isalamabad Model Schoo for Boys G-8/1", "name:en": null, "denomination": null, "name:ar": null, "name:ur": null, "religion": null, "is_in": null, "created_by": null, "name:de": null, "name:es": null, "name:hi": null, "wikidata": null, "wikipedia": null, "emergency": null, "brand": null, "brand:wikidata": null, "brand:wikipedia": null, "building": null, "source": null, "dispensing": null, "addr:postcode": null, "service_times": null, "grades": null, "operator": null, "operator:type": null, "wikimedia_commons": null, "opening_hours": null, "website": null, "phone": null, "shelter_type": null, "description": null, "atm": null, "addr:street:ar": null, "addr:street:en": null, "addr:street:ur": null, "check_date": null, "addr:housenumber": null, "alt_name": null, "healthcare:speciality": null, "long_name": null, "long_name:ar": null, "long_name:ur": null, "name:ks": null, "name:ml": null, "name:pnb": null, "name:sd": null, "internet_access": null, "air_conditioning": null, "education": null, "area": null, "email": null, "name:pa": null, "generator:source": null, "level": null, "power": null, "name:ps": null, "not:name": null, "type": null }, "geometry": { "type": "Point", "coordinates": [ 73.0481196, 33.6904302 ] } },
{ "type": "Feature", "properties": { "element": "node", "id": 12119175731, "addr:city": null, "addr:city:ar": null, "addr:city:en": null, "addr:city:ks": null, "addr:city:pnb": null, "addr:city:ps": null, "addr:city:sd": null, "addr:city:ur": null, "addr:street": null, "amenity": "school", "healthcare": null, "name": "FG Girls Higher Secondary School (former) G-8/4", "name:en": null, "denomination": null, "name:ar": null, "name:ur": null, "religion": null, "is_in": null, "created_by": null, "name:de": null, "name:es": null, "name:hi": null, "wikidata": null, "wikipedia": null, "emergency": null, "brand": null, "brand:wikidata": null, "brand:wikipedia": null, "building": null, "source": null, "dispensing": null, "addr:postcode": null, "service_times": null, "grades": null, "operator": "Federal Government", "operator:type": "government", "wikimedia_commons": null, "opening_hours": null, "website": null, "phone": null, "shelter_type": null, "description": null, "atm": null, "addr:street:ar": null, "addr:street:en": null, "addr:street:ur": null, "check_date": null, "addr:housenumber": null, "alt_name": null, "healthcare:speciality": null, "long_name": null, "long_name:ar": null, "long_name:ur": null, "name:ks": null, "name:ml": null, "name:pnb": null, "name:sd": null, "internet_access": null, "air_conditioning": null, "education": null, "area": null, "email": null, "name:pa": null, "generator:source": null, "level": null, "power": null, "name:ps": null, "not:name": null, "type": null }, "geometry": { "type": "Point", "coordinates": [ 73.0574042, 33.695928 ] } },
{ "type": "Feature", "properties": { "element": "node", "id": 12128603664, "addr:city": null, "addr:city:ar": null, "addr:city:en": null, "addr:city:ks": null, "addr:city:pnb": null, "addr:city:ps": null, "addr:city:sd": null, "addr:city:ur": null, "addr:street": null, "amenity": "place_of_worship", "healthcare": null, "name": null, "name:en": null, "denomination": null, "name:ar": null, "name:ur": null, "religion": "muslim", "is_in": null, "created_by": null, "name:de": null, "name:es": null, "name:hi": null, "wikidata": null, "wikipedia": null, "emergency": null, "brand": null, "brand:wikidata": null, "brand:wikipedia": null, "building": null, "source": null, "dispensing": null, "addr:postcode": null, "service_times": null, "grades": null, "operator": null, "operator:type": null, "wikimedia_commons": null, "opening_hours": null, "website": null, "phone": null, "shelter_type": null, "description": null, "atm": null, "addr:street:ar": null, "addr:street:en": null, "addr:street:ur": null, "check_date": null, "addr:housenumber": null, "alt_name": null, "healthcare:speciality": null, "long_name": null, "long_name:ar": null, "long_name:ur": null, "name:ks": null, "name:ml": null, "name:pnb": null, "name:sd": null, "internet_access": null, "air_conditioning": null, "education": null, "area": null, "email": null, "name:pa": null, "generator:source": null, "level": null, "power": null, "name:ps": null, "not:name": null, "type": null }, "geometry": { "type": "Point", "coordinates": [ 73.0238044, 33.7040774 ] } },
{ "type": "Feature", "properties": { "element": "node", "id": 12752323901, "addr:city": null, "addr:city:ar": null, "addr:city:en": null, "addr:city:ks": null, "addr:city:pnb": null, "addr:city:ps": null, "addr:city:sd": null, "addr:city:ur": null, "addr:street": "Shangrila Road", "amenity": "university", "healthcare": null, "name": "Bahria University - Islamabad Campus", "name:en": null, "denomination": null, "name:ar": null, "name:ur": null, "religion": null, "is_in": null, "created_by": null, "name:de": null, "name:es": null, "name:hi": null, "wikidata": null, "wikipedia": null, "emergency": null, "brand": null, "brand:wikidata": null, "brand:wikipedia": null, "building": null, "source": null, "dispensing": null, "addr:postcode": null, "service_times": null, "grades": null, "operator": null, "operator:type": null, "wikimedia_commons": null, "opening_hours": "Mo-Fr 08:30-16:30", "website": "http://www.bahria.edu.pk", "phone": "(051) 9260002", "shelter_type": null, "description": null, "atm": null, "addr:street:ar": null, "addr:street:en": null, "addr:street:ur": null, "check_date": null, "addr:housenumber": null, "alt_name": null, "healthcare:speciality": null, "long_name": null, "long_name:ar": null, "long_name:ur": null, "name:ks": null, "name:ml": null, "name:pnb": null, "name:sd": null, "internet_access": "wlan", "air_conditioning": null, "education": null, "area": null, "email": null, "name:pa": null, "generator:source": null, "level": null, "power": null, "name:ps": null, "not:name": null, "type": null }, "geometry": { "type": "Point", "coordinates": [ 73.0289127, 33.7155774 ] } },
{ "type": "Feature", "properties": { "element": "node", "id": 12752333101, "addr:city": null, "addr:city:ar": null, "addr:city:en": null, "addr:city:ks": null, "addr:city:pnb": null, "addr:city:ps": null, "addr:city:sd": null, "addr:city:ur": null, "addr:street": "Bahria Road", "amenity": "college", "healthcare": null, "name": "Bahria College", "name:en": null, "denomination": null, "name:ar": null, "name:ur": null, "religion": null, "is_in": null, "created_by": null, "name:de": null, "name:es": null, "name:hi": null, "wikidata": null, "wikipedia": null, "emergency": null, "brand": null, "brand:wikidata": null, "brand:wikipedia": null, "building": null, "source": null, "dispensing": null, "addr:postcode": null, "service_times": null, "grades": null, "operator": null, "operator:type": null, "wikimedia_commons": null, "opening_hours": "Mo-Fr 07:30-14:30; Sa-Su 00:00-24:00", "website": "https://bahrian.edu.pk/", "phone": "(051) 20063551", "shelter_type": null, "description": null, "atm": null, "addr:street:ar": null, "addr:street:en": null, "addr:street:ur": null, "check_date": null, "addr:housenumber": null, "alt_name": null, "healthcare:speciality": null, "long_name": null, "long_name:ar": null, "long_name:ur": null, "name:ks": null, "name:ml": null, "name:pnb": null, "name:sd": null, "internet_access": null, "air_conditioning": null, "education": null, "area": null, "email": null, "name:pa": null, "generator:source": null, "level": null, "power": null, "name:ps": null, "not:name": null, "type": null }, "geometry": { "type": "Point", "coordinates": [ 73.0337758, 33.7216412 ] } },
{ "type": "Feature", "properties": { "element": "node", "id": 12757256396, "addr:city": null, "addr:city:ar": null, "addr:city:en": null, "addr:city:ks": null, "addr:city:pnb": null, "addr:city:ps": null, "addr:city:sd": null, "addr:city:ur": null, "addr:street": null, "amenity": "place_of_worship", "healthcare": null, "name": "Jamia Masjid Dar-ul-Ilm جامع مسجد دارالعلم", "name:en": null, "denomination": "sunni", "name:ar": null, "name:ur": null, "religion": "muslim", "is_in": null, "created_by": null, "name:de": null, "name:es": null, "name:hi": null, "wikidata": null, "wikipedia": null, "emergency": null, "brand": null, "brand:wikidata": null, "brand:wikipedia": null, "building": null, "source": null, "dispensing": null, "addr:postcode": null, "service_times": "24/7", "grades": null, "operator": null, "operator:type": null, "wikimedia_commons": null, "opening_hours": null, "website": null, "phone": null, "shelter_type": null, "description": null, "atm": null, "addr:street:ar": null, "addr:street:en": null, "addr:street:ur": null, "check_date": null, "addr:housenumber": null, "alt_name": null, "healthcare:speciality": null, "long_name": null, "long_name:ar": null, "long_name:ur": null, "name:ks": null, "name:ml": null, "name:pnb": null, "name:sd": null, "internet_access": null, "air_conditioning": "yes", "education": null, "area": null, "email": null, "name:pa": null, "generator:source": null, "level": null, "power": null, "name:ps": null, "not:name": null, "type": null }, "geometry": { "type": "Point", "coordinates": [ 73.0290172, 33.7159063 ] } },
{ "type": "Feature", "properties": { "element": "node", "id": 13358961526, "addr:city": null, "addr:city:ar": null, "addr:city:en": null, "addr:city:ks": null, "addr:city:pnb": null, "addr:city:ps": null, "addr:city:sd": null, "addr:city:ur": null, "addr:street": null, "amenity": "doctors", "healthcare": "doctor", "name": "Surgical and Aesthetic Clinic", "name:en": null, "denomination": null, "name:ar": null, "name:ur": null, "religion": null, "is_in": null, "created_by": null, "name:de": null, "name:es": null, "name:hi": null, "wikidata": null, "wikipedia": null, "emergency": null, "brand": null, "brand:wikidata": null, "brand:wikipedia": null, "building": null, "source": null, "dispensing": null, "addr:postcode": null, "service_times": null, "grades": null, "operator": null, "operator:type": null, "wikimedia_commons": null, "opening_hours": null, "website": null, "phone": null, "shelter_type": null, "description": null, "atm": null, "addr:street:ar": null, "addr:street:en": null, "addr:street:ur": null, "check_date": "2025-12-07", "addr:housenumber": null, "alt_name": null, "healthcare:speciality": "plastic_surgery", "long_name": null, "long_name:ar": null, "long_name:ur": null, "name:ks": null, "name:ml": null, "name:pnb": null, "name:sd": null, "internet_access": null, "air_conditioning": null, "education": null, "area": null, "email": null, "name:pa": null, "generator:source": null, "level": null, "power": null, "name:ps": null, "not:name": null, "type": null }, "geometry": { "type": "Point", "coordinates": [ 73.0562762, 33.7208767 ] } },
{ "type": "Feature", "properties": { "element": "node", "id": 13358961530, "addr:city": null, "addr:city:ar": null, "addr:city:en": null, "addr:city:ks": null, "addr:city:pnb": null, "addr:city:ps": null, "addr:city:sd": null, "addr:city:ur": null, "addr:street": null, "amenity": "doctors", "healthcare": "doctor", "name": "Moeens Cosmetics", "name:en": null, "denomination": null, "name:ar": null, "name:ur": null, "religion": null, "is_in": null, "created_by": null, "name:de": null, "name:es": null, "name:hi": null, "wikidata": null, "wikipedia": null, "emergency": null, "brand": null, "brand:wikidata": null, "brand:wikipedia": null, "building": null, "source": null, "dispensing": null, "addr:postcode": null, "service_times": null, "grades": null, "operator": null, "operator:type": null, "wikimedia_commons": null, "opening_hours": null, "website": null, "phone": null, "shelter_type": null, "description": null, "atm": null, "addr:street:ar": null, "addr:street:en": null, "addr:street:ur": null, "check_date": "2025-12-07", "addr:housenumber": null, "alt_name": null, "healthcare:speciality": "plastic_surgery", "long_name": null, "long_name:ar": null, "long_name:ur": null, "name:ks": null, "name:ml": null, "name:pnb": null, "name:sd": null, "internet_access": null, "air_conditioning": null, "education": null, "area": null, "email": null, "name:pa": null, "generator:source": null, "level": null, "power": null, "name:ps": null, "not:name": null, "type": null }, "geometry": { "type": "Point", "coordinates": [ 73.0564328, 33.7209486 ] } },
{ "type": "Feature", "properties": { "element": "node", "id": 13709848601, "addr:city": null, "addr:city:ar": null, "addr:city:en": null, "addr:city:ks": null, "addr:city:pnb": null, "addr:city:ps": null, "addr:city:sd": null, "addr:city:ur": null, "addr:street": "Pitras Bukhari Road", "amenity": "university", "healthcare": null, "name": "Pakistan Acedmy of Letters", "name:en": null, "denomination": null, "name:ar": null, "name:ur": null, "religion": null, "is_in": null, "created_by": null, "name:de": null, "name:es": null, "name:hi": null, "wikidata": null, "wikipedia": null, "emergency": null, "brand": null, "brand:wikidata": null, "brand:wikipedia": null, "building": null, "source": null, "dispensing": null, "addr:postcode": null, "service_times": null, "grades": null, "operator": null, "operator:type": null, "wikimedia_commons": null, "opening_hours": null, "website": null, "phone": null, "shelter_type": null, "description": null, "atm": null, "addr:street:ar": null, "addr:street:en": null, "addr:street:ur": null, "check_date": null, "addr:housenumber": null, "alt_name": null, "healthcare:speciality": null, "long_name": null, "long_name:ar": null, "long_name:ur": null, "name:ks": null, "name:ml": null, "name:pnb": null, "name:sd": null, "internet_access": null, "air_conditioning": null, "education": "university", "area": null, "email": null, "name:pa": null, "generator:source": null, "level": null, "power": null, "name:ps": null, "not:name": null, "type": null }, "geometry": { "type": "Point", "coordinates": [ 73.0650097, 33.6753228 ] } },
{ "type": "Feature", "properties": { "element": "node", "id": 13749742203, "addr:city": null, "addr:city:ar": null, "addr:city:en": null, "addr:city:ks": null, "addr:city:pnb": null, "addr:city:ps": null, "addr:city:sd": null, "addr:city:ur": null, "addr:street": null, "amenity": "place_of_worship", "healthcare": null, "name": "Faisal Mosque", "name:en": null, "denomination": null, "name:ar": null, "name:ur": null, "religion": "muslim", "is_in": null, "created_by": null, "name:de": null, "name:es": null, "name:hi": null, "wikidata": null, "wikipedia": null, "emergency": null, "brand": null, "brand:wikidata": null, "brand:wikipedia": null, "building": null, "source": null, "dispensing": null, "addr:postcode": null, "service_times": null, "grades": null, "operator": null, "operator:type": null, "wikimedia_commons": null, "opening_hours": null, "website": null, "phone": null, "shelter_type": null, "description": null, "atm": null, "addr:street:ar": null, "addr:street:en": null, "addr:street:ur": null, "check_date": null, "addr:housenumber": null, "alt_name": null, "healthcare:speciality": null, "long_name": null, "long_name:ar": null, "long_name:ur": null, "name:ks": null, "name:ml": null, "name:pnb": null, "name:sd": null, "internet_access": null, "air_conditioning": null, "education": null, "area": null, "email": null, "name:pa": null, "generator:source": null, "level": null, "power": null, "name:ps": null, "not:name": null, "type": null }, "geometry": { "type": "Point", "coordinates": [ 73.0380352, 33.7299845 ] } },
{ "type": "Feature", "properties": { "element": "node", "id": 14021281591, "addr:city": "اسلام آباد", "addr:city:ar": null, "addr:city:en": null, "addr:city:ks": null, "addr:city:pnb": null, "addr:city:ps": null, "addr:city:sd": null, "addr:city:ur": null, "addr:street": "Gali 55", "amenity": "place_of_worship", "healthcare": null, "name": "Astana Kairya", "name:en": null, "denomination": null, "name:ar": null, "name:ur": null, "religion": "muslim", "is_in": null, "created_by": null, "name:de": null, "name:es": null, "name:hi": null, "wikidata": null, "wikipedia": null, "emergency": null, "brand": null, "brand:wikidata": null, "brand:wikipedia": null, "building": null, "source": null, "dispensing": null, "addr:postcode": "44000", "service_times": "Whole day", "grades": null, "operator": null, "operator:type": null, "wikimedia_commons": null, "opening_hours": null, "website": null, "phone": null, "shelter_type": null, "description": null, "atm": null, "addr:street:ar": null, "addr:street:en": null, "addr:street:ur": null, "check_date": null, "addr:housenumber": null, "alt_name": null, "healthcare:speciality": null, "long_name": null, "long_name:ar": null, "long_name:ur": null, "name:ks": null, "name:ml": null, "name:pnb": null, "name:sd": null, "internet_access": null, "air_conditioning": null, "education": null, "area": null, "email": null, "name:pa": null, "generator:source": null, "level": null, "power": null, "name:ps": null, "not:name": null, "type": null }, "geometry": { "type": "Point", "coordinates": [ 73.0667925, 33.704587 ] } },
{ "type": "Feature", "properties": { "element": "relation", "id": 8168796, "addr:city": null, "addr:city:ar": null, "addr:city:en": null, "addr:city:ks": null, "addr:city:pnb": null, "addr:city:ps": null, "addr:city:sd": null, "addr:city:ur": null, "addr:street": null, "amenity": "place_of_worship", "healthcare": null, "name": "Masjid Osman", "name:en": null, "denomination": null, "name:ar": null, "name:ur": null, "religion": "muslim", "is_in": null, "created_by": null, "name:de": null, "name:es": null, "name:hi": null, "wikidata": null, "wikipedia": null, "emergency": null, "brand": null, "brand:wikidata": null, "brand:wikipedia": null, "building": "yes", "source": null, "dispensing": null, "addr:postcode": null, "service_times": null, "grades": null, "operator": null, "operator:type": null, "wikimedia_commons": null, "opening_hours": null, "website": null, "phone": null, "shelter_type": null, "description": null, "atm": null, "addr:street:ar": null, "addr:street:en": null, "addr:street:ur": null, "check_date": null, "addr:housenumber": null, "alt_name": null, "healthcare:speciality": null, "long_name": null, "long_name:ar": null, "long_name:ur": null, "name:ks": null, "name:ml": null, "name:pnb": null, "name:sd": null, "internet_access": null, "air_conditioning": null, "education": null, "area": null, "email": null, "name:pa": null, "generator:source": null, "level": null, "power": null, "name:ps": null, "not:name": null, "type": "multipolygon" }, "geometry": { "type": "MultiPolygon", "coordinates": [ [ [ [ 73.012752, 33.6730281 ], [ 73.0128088, 33.6730749 ], [ 73.0128306, 33.6730733 ], [ 73.0128714, 33.6730425 ], [ 73.012952, 33.6731159 ], [ 73.0130193, 33.6731309 ], [ 73.0130222, 33.6731112 ], [ 73.0128486, 33.6729518 ], [ 73.0127528, 33.6730122 ], [ 73.012752, 33.6730281 ] ] ], [ [ [ 73.0126021, 33.6732557 ], [ 73.0126111, 33.6732651 ], [ 73.0126224, 33.6732745 ], [ 73.0126382, 33.673282 ], [ 73.0128186, 33.6733167 ], [ 73.0128287, 33.6732848 ], [ 73.0128182, 33.6732827 ], [ 73.0128773, 33.6730995 ], [ 73.0127018, 33.673065 ], [ 73.0126795, 33.6730664 ], [ 73.0126619, 33.673069 ], [ 73.0126508, 33.6730823 ], [ 73.0125982, 33.6732323 ], [ 73.0125976, 33.6732454 ], [ 73.0126021, 33.6732557 ] ] ], [ [ [ 73.0130243, 33.6731771 ], [ 73.0129772, 33.6733135 ], [ 73.0128462, 33.6732865 ], [ 73.0128229, 33.6733544 ], [ 73.0127664, 33.673348 ], [ 73.0127604, 33.6733832 ], [ 73.0128039, 33.6733886 ], [ 73.012805, 33.6734102 ], [ 73.0129279, 33.6734674 ], [ 73.0130993, 33.6732394 ], [ 73.0130926, 33.6732347 ], [ 73.0131253, 33.6731943 ], [ 73.0130341, 33.6731238 ], [ 73.013032, 33.6731314 ], [ 73.0130294, 33.6731408 ], [ 73.0128997, 33.6731127 ], [ 73.012889, 33.6731475 ], [ 73.0130243, 33.6731771 ] ] ] ] } },
{ "type": "Feature", "properties": { "element": "way", "id": 20266527, "addr:city": "اسلام آباد", "addr:city:ar": "إسلام آباد", "addr:city:en": "Islamabad", "addr:city:ks": "اِسلام آبادٖ", "addr:city:pnb": "اسلام آباد", "addr:city:ps": "اسلام آباد", "addr:city:sd": "اسلام آباد", "addr:city:ur": "اسلام آباد", "addr:street": "Street 3", "amenity": "place_of_worship", "healthcare": null, "name": "Al-Fateh mosque", "name:en": null, "denomination": null, "name:ar": null, "name:ur": null, "religion": "muslim", "is_in": null, "created_by": null, "name:de": null, "name:es": null, "name:hi": null, "wikidata": null, "wikipedia": null, "emergency": null, "brand": null, "brand:wikidata": null, "brand:wikipedia": null, "building": null, "source": null, "dispensing": null, "addr:postcode": null, "service_times": null, "grades": null, "operator": null, "operator:type": null, "wikimedia_commons": null, "opening_hours": null, "website": null, "phone": null, "shelter_type": null, "description": null, "atm": null, "addr:street:ar": null, "addr:street:en": null, "addr:street:ur": null, "check_date": null, "addr:housenumber": null, "alt_name": null, "healthcare:speciality": null, "long_name": null, "long_name:ar": null, "long_name:ur": null, "name:ks": null, "name:ml": null, "name:pnb": null, "name:sd": null, "internet_access": null, "air_conditioning": null, "education": null, "area": "yes", "email": null, "name:pa": null, "generator:source": null, "level": null, "power": null, "name:ps": null, "not:name": null, "type": null }, "geometry": { "type": "Polygon", "coordinates": [ [ [ 73.0339816, 33.6956213 ], [ 73.0345395, 33.6959212 ], [ 73.0343743, 33.6961346 ], [ 73.0338164, 33.6958347 ], [ 73.0338443, 33.6957926 ], [ 73.0339816, 33.6956213 ] ] ] } },
{ "type": "Feature", "properties": { "element": "way", "id": 20636491, "addr:city": null, "addr:city:ar": null, "addr:city:en": null, "addr:city:ks": null, "addr:city:pnb": null, "addr:city:ps": null, "addr:city:sd": null, "addr:city:ur": null, "addr:street": null, "amenity": "school", "healthcare": null, "name": "Fed Govt Primary School #32", "name:en": null, "denomination": null, "name:ar": null, "name:ur": null, "religion": null, "is_in": null, "created_by": null, "name:de": null, "name:es": null, "name:hi": null, "wikidata": null, "wikipedia": null, "emergency": null, "brand": null, "brand:wikidata": null, "brand:wikipedia": null, "building": null, "source": null, "dispensing": null, "addr:postcode": null, "service_times": null, "grades": null, "operator": "Federal Government", "operator:type": null, "wikimedia_commons": null, "opening_hours": null, "website": null, "phone": null, "shelter_type": null, "description": null, "atm": null, "addr:street:ar": null, "addr:street:en": null, "addr:street:ur": null, "check_date": null, "addr:housenumber": null, "alt_name": null, "healthcare:speciality": null, "long_name": null, "long_name:ar": null, "long_name:ur": null, "name:ks": null, "name:ml": null, "name:pnb": null, "name:sd": null, "internet_access": null, "air_conditioning": null, "education": null, "area": null, "email": null, "name:pa": null, "generator:source": null, "level": null, "power": null, "name:ps": null, "not:name": null, "type": null }, "geometry": { "type": "Polygon", "coordinates": [ [ [ 73.0344258, 33.6961632 ], [ 73.035564, 33.6967366 ], [ 73.035607, 33.6966652 ], [ 73.035461, 33.6964652 ], [ 73.0354782, 33.696251 ], [ 73.0353924, 33.6960225 ], [ 73.035358, 33.6958082 ], [ 73.035461, 33.6955512 ], [ 73.0350524, 33.6953205 ], [ 73.0344258, 33.6961632 ] ] ] } },
{ "type": "Feature", "properties": { "element": "way", "id": 21275932, "addr:city": null, "addr:city:ar": null, "addr:city:en": null, "addr:city:ks": null, "addr:city:pnb": null, "addr:city:ps": null, "addr:city:sd": null, "addr:city:ur": null, "addr:street": null, "amenity": "school", "healthcare": null, "name": "Islamabad Model School for Girls G-9/1", "name:en": null, "denomination": null, "name:ar": null, "name:ur": null, "religion": null, "is_in": null, "created_by": null, "name:de": null, "name:es": null, "name:hi": null, "wikidata": null, "wikipedia": null, "emergency": null, "brand": null, "brand:wikidata": null, "brand:wikipedia": null, "building": null, "source": null, "dispensing": null, "addr:postcode": null, "service_times": null, "grades": null, "operator": "Federal Government", "operator:type": null, "wikimedia_commons": null, "opening_hours": null, "website": null, "phone": null, "shelter_type": null, "description": null, "atm": null, "addr:street:ar": null, "addr:street:en": null, "addr:street:ur": null, "check_date": null, "addr:housenumber": null, "alt_name": null, "healthcare:speciality": null, "long_name": null, "long_name:ar": null, "long_name:ur": null, "name:ks": null, "name:ml": null, "name:pnb": null, "name:sd": null, "internet_access": null, "air_conditioning": null, "education": null, "area": null, "email": null, "name:pa": null, "generator:source": null, "level": null, "power": null, "name:ps": null, "not:name": null, "type": null }, "geometry": { "type": "Polygon", "coordinates": [ [ [ 73.0305519, 33.6849802 ], [ 73.0315537, 33.6855141 ], [ 73.032225, 33.6845891 ], [ 73.0312297, 33.6840936 ], [ 73.0305519, 33.6849802 ] ] ] } },
{ "type": "Feature", "properties": { "element": "way", "id": 22328601, "addr:city": "اسلام آباد", "addr:city:ar": "إسلام آباد", "addr:city:en": "Islamabad", "addr:city:ks": "اِسلام آبادٖ", "addr:city:pnb": "اسلام آباد", "addr:city:ps": "اسلام آباد", "addr:city:sd": "اسلام آباد", "addr:city:ur": "اسلام آباد", "addr:street": "Ibn-e-Sina Road", "amenity": "hospital", "healthcare": "hospital", "name": "Pakistan Institute for Medical Sciences (PIMS)", "name:en": null, "denomination": null, "name:ar": null, "name:ur": null, "religion": null, "is_in": null, "created_by": null, "name:de": null, "name:es": null, "name:hi": null, "wikidata": null, "wikipedia": null, "emergency": "yes", "brand": null, "brand:wikidata": null, "brand:wikipedia": null, "building": null, "source": null, "dispensing": null, "addr:postcode": null, "service_times": null, "grades": null, "operator": null, "operator:type": null, "wikimedia_commons": null, "opening_hours": null, "website": null, "phone": null, "shelter_type": null, "description": null, "atm": null, "addr:street:ar": null, "addr:street:en": null, "addr:street:ur": null, "check_date": null, "addr:housenumber": null, "alt_name": null, "healthcare:speciality": null, "long_name": null, "long_name:ar": null, "long_name:ur": null, "name:ks": null, "name:ml": null, "name:pnb": null, "name:sd": null, "internet_access": null, "air_conditioning": null, "education": null, "area": null, "email": null, "name:pa": null, "generator:source": null, "level": null, "power": null, "name:ps": null, "not:name": null, "type": null }, "geometry": { "type": "Polygon", "coordinates": [ [ [ 73.0468753, 33.7030436 ], [ 73.0495329, 33.7043892 ], [ 73.051087, 33.705229 ], [ 73.0511913, 33.7052846 ], [ 73.0540663, 33.7068191 ], [ 73.0574645, 33.7024719 ], [ 73.0584013, 33.7011955 ], [ 73.0547602, 33.6992871 ], [ 73.0539458, 33.7003982 ], [ 73.0523497, 33.6995849 ], [ 73.0531624, 33.6984558 ], [ 73.0515289, 33.6975922 ], [ 73.04952, 33.7004128 ], [ 73.0484605, 33.6998527 ], [ 73.0483313, 33.7000076 ], [ 73.0480994, 33.7002854 ], [ 73.0478945, 33.700531 ], [ 73.0475941, 33.7020663 ], [ 73.0468753, 33.7030436 ] ] ] } },
{ "type": "Feature", "properties": { "element": "way", "id": 22375659, "addr:city": null, "addr:city:ar": null, "addr:city:en": null, "addr:city:ks": null, "addr:city:pnb": null, "addr:city:ps": null, "addr:city:sd": null, "addr:city:ur": null, "addr:street": null, "amenity": "school", "healthcare": null, "name": "Federal Government Junior Model School No.68", "name:en": null, "denomination": null, "name:ar": null, "name:ur": null, "religion": null, "is_in": "G-9/3, Islamabad", "created_by": null, "name:de": null, "name:es": null, "name:hi": null, "wikidata": null, "wikipedia": null, "emergency": null, "brand": null, "brand:wikidata": null, "brand:wikipedia": null, "building": null, "source": null, "dispensing": null, "addr:postcode": null, "service_times": null, "grades": null, "operator": "Federal Government", "operator:type": "government", "wikimedia_commons": null, "opening_hours": null, "website": null, "phone": null, "shelter_type": null, "description": null, "atm": null, "addr:street:ar": null, "addr:street:en": null, "addr:street:ur": null, "check_date": null, "addr:housenumber": null, "alt_name": null, "healthcare:speciality": null, "long_name": null, "long_name:ar": null, "long_name:ur": null, "name:ks": null, "name:ml": null, "name:pnb": null, "name:sd": null, "internet_access": null, "air_conditioning": null, "education": null, "area": "yes", "email": null, "name:pa": null, "generator:source": null, "level": null, "power": null, "name:ps": null, "not:name": null, "type": null }, "geometry": { "type": "Polygon", "coordinates": [ [ [ 73.0383504, 33.6919507 ], [ 73.0392344, 33.6924006 ], [ 73.0398782, 33.6915365 ], [ 73.0390113, 33.6910865 ], [ 73.0383504, 33.6919507 ] ] ] } },
{ "type": "Feature", "properties": { "element": "way", "id": 22530777, "addr:city": "اسلام آباد", "addr:city:ar": "إسلام آباد", "addr:city:en": "Islamabad", "addr:city:ks": "اِسلام آبادٖ", "addr:city:pnb": "اسلام آباد", "addr:city:ps": "اسلام آباد", "addr:city:sd": "اسلام آباد", "addr:city:ur": "اسلام آباد", "addr:street": "Street 45", "amenity": "school", "healthcare": null, "name": "Federal Government Secondary School No. 14", "name:en": null, "denomination": null, "name:ar": null, "name:ur": null, "religion": null, "is_in": null, "created_by": null, "name:de": null, "name:es": null, "name:hi": null, "wikidata": null, "wikipedia": null, "emergency": null, "brand": null, "brand:wikidata": null, "brand:wikipedia": null, "building": null, "source": null, "dispensing": null, "addr:postcode": null, "service_times": null, "grades": null, "operator": "Federal Government", "operator:type": null, "wikimedia_commons": null, "opening_hours": null, "website": null, "phone": null, "shelter_type": null, "description": null, "atm": null, "addr:street:ar": null, "addr:street:en": null, "addr:street:ur": null, "check_date": null, "addr:housenumber": null, "alt_name": null, "healthcare:speciality": null, "long_name": null, "long_name:ar": null, "long_name:ur": null, "name:ks": null, "name:ml": null, "name:pnb": null, "name:sd": null, "internet_access": null, "air_conditioning": null, "education": null, "area": null, "email": null, "name:pa": null, "generator:source": null, "level": null, "power": null, "name:ps": null, "not:name": null, "type": null }, "geometry": { "type": "Polygon", "coordinates": [ [ [ 73.0283914, 33.6825896 ], [ 73.0299687, 33.6834801 ], [ 73.0306371, 33.6824855 ], [ 73.0290608, 33.6816253 ], [ 73.0283914, 33.6825896 ] ] ] } },
{ "type": "Feature", "properties": { "element": "way", "id": 22723985, "addr:city": "اسلام آباد", "addr:city:ar": "إسلام آباد", "addr:city:en": null, "addr:city:ks": "اِسلام آبادٖ", "addr:city:pnb": "اسلام آباد", "addr:city:ps": "اسلام آباد", "addr:city:sd": "اسلام آباد", "addr:city:ur": "اسلام آباد", "addr:street": "اسٹریٹ 21", "amenity": "place_of_worship", "healthcare": null, "name": "مدنی مسجد", "name:en": "Madni Masdjid", "denomination": "sunni", "name:ar": null, "name:ur": "مدنی مسجد", "religion": "muslim", "is_in": null, "created_by": null, "name:de": null, "name:es": null, "name:hi": null, "wikidata": null, "wikipedia": null, "emergency": null, "brand": null, "brand:wikidata": null, "brand:wikipedia": null, "building": null, "source": null, "dispensing": null, "addr:postcode": null, "service_times": null, "grades": null, "operator": null, "operator:type": null, "wikimedia_commons": null, "opening_hours": null, "website": null, "phone": null, "shelter_type": null, "description": null, "atm": null, "addr:street:ar": null, "addr:street:en": null, "addr:street:ur": null, "check_date": null, "addr:housenumber": null, "alt_name": null, "healthcare:speciality": null, "long_name": null, "long_name:ar": null, "long_name:ur": null, "name:ks": null, "name:ml": null, "name:pnb": null, "name:sd": null, "internet_access": null, "air_conditioning": null, "education": null, "area": "yes", "email": null, "name:pa": null, "generator:source": null, "level": null, "power": null, "name:ps": null, "not:name": null, "type": null }, "geometry": { "type": "Polygon", "coordinates": [ [ [ 73.0334131, 33.7143237 ], [ 73.0339882, 33.7146235 ], [ 73.0343143, 33.7141809 ], [ 73.0337478, 33.713881 ], [ 73.0334131, 33.7143237 ] ] ] } },
{ "type": "Feature", "properties": { "element": "way", "id": 22724175, "addr:city": "اسلام آباد", "addr:city:ar": "إسلام آباد", "addr:city:en": "Islamabad", "addr:city:ks": "اِسلام آبادٖ", "addr:city:pnb": "اسلام آباد", "addr:city:ps": "اسلام آباد", "addr:city:sd": "اسلام آباد", "addr:city:ur": "اسلام آباد", "addr:street": "Street 18", "amenity": "college", "healthcare": null, "name": "OPF Girls College", "name:en": null, "denomination": null, "name:ar": null, "name:ur": null, "religion": null, "is_in": null, "created_by": null, "name:de": null, "name:es": null, "name:hi": null, "wikidata": null, "wikipedia": null, "emergency": null, "brand": null, "brand:wikidata": null, "brand:wikipedia": null, "building": null, "source": null, "dispensing": null, "addr:postcode": null, "service_times": null, "grades": null, "operator": null, "operator:type": null, "wikimedia_commons": null, "opening_hours": null, "website": null, "phone": null, "shelter_type": null, "description": null, "atm": null, "addr:street:ar": null, "addr:street:en": null, "addr:street:ur": null, "check_date": null, "addr:housenumber": null, "alt_name": null, "healthcare:speciality": null, "long_name": null, "long_name:ar": null, "long_name:ur": null, "name:ks": null, "name:ml": null, "name:pnb": null, "name:sd": null, "internet_access": null, "air_conditioning": null, "education": null, "area": null, "email": null, "name:pa": null, "generator:source": null, "level": null, "power": null, "name:ps": null, "not:name": null, "type": null }, "geometry": { "type": "Polygon", "coordinates": [ [ [ 73.0358078, 33.7150519 ], [ 73.0380995, 33.7162656 ], [ 73.0393698, 33.7145379 ], [ 73.0370609, 33.7133384 ], [ 73.0358078, 33.7150519 ] ] ] } },
{ "type": "Feature", "properties": { "element": "way", "id": 22724222, "addr:city": "اسلام آباد", "addr:city:ar": "إسلام آباد", "addr:city:en": "Islamabad", "addr:city:ks": "اِسلام آبادٖ", "addr:city:pnb": "اسلام آباد", "addr:city:ps": "اسلام آباد", "addr:city:sd": "اسلام آباد", "addr:city:ur": "اسلام آباد", "addr:street": "Johar Road", "amenity": "college", "healthcare": null, "name": "Islamabad Model College for Boys F-8/4", "name:en": null, "denomination": null, "name:ar": null, "name:ur": null, "religion": null, "is_in": null, "created_by": null, "name:de": null, "name:es": null, "name:hi": null, "wikidata": null, "wikipedia": null, "emergency": null, "brand": null, "brand:wikidata": null, "brand:wikipedia": null, "building": null, "source": null, "dispensing": null, "addr:postcode": null, "service_times": null, "grades": null, "operator": null, "operator:type": null, "wikimedia_commons": null, "opening_hours": null, "website": null, "phone": null, "shelter_type": null, "description": null, "atm": null, "addr:street:ar": null, "addr:street:en": null, "addr:street:ur": null, "check_date": null, "addr:housenumber": null, "alt_name": null, "healthcare:speciality": null, "long_name": null, "long_name:ar": null, "long_name:ur": null, "name:ks": null, "name:ml": null, "name:pnb": null, "name:sd": null, "internet_access": null, "air_conditioning": null, "education": null, "area": "yes", "email": null, "name:pa": null, "generator:source": null, "level": null, "power": null, "name:ps": null, "not:name": null, "type": null }, "geometry": { "type": "Polygon", "coordinates": [ [ [ 73.0398933, 33.7085119 ], [ 73.0412274, 33.7068505 ], [ 73.0437577, 33.7081601 ], [ 73.0425132, 33.7098665 ], [ 73.042383, 33.7097992 ], [ 73.0399987, 33.7085664 ], [ 73.0398933, 33.7085119 ] ] ] } },
{ "type": "Feature", "properties": { "element": "way", "id": 22925027, "addr:city": "اسلام آباد", "addr:city:ar": "إسلام آباد", "addr:city:en": "Islamabad", "addr:city:ks": "اِسلام آبادٖ", "addr:city:pnb": "اسلام آباد", "addr:city:ps": "اسلام آباد", "addr:city:sd": "اسلام آباد", "addr:city:ur": "اسلام آباد", "addr:street": "Street 22", "amenity": "college", "healthcare": null, "name": "Federal Government College for Women F-7/2", "name:en": null, "denomination": null, "name:ar": null, "name:ur": null, "religion": null, "is_in": null, "created_by": null, "name:de": null, "name:es": null, "name:hi": null, "wikidata": null, "wikipedia": null, "emergency": null, "brand": null, "brand:wikidata": null, "brand:wikipedia": null, "building": null, "source": null, "dispensing": null, "addr:postcode": null, "service_times": null, "grades": null, "operator": "Federal Government", "operator:type": "government", "wikimedia_commons": null, "opening_hours": null, "website": null, "phone": null, "shelter_type": null, "description": null, "atm": null, "addr:street:ar": null, "addr:street:en": null, "addr:street:ur": null, "check_date": null, "addr:housenumber": null, "alt_name": null, "healthcare:speciality": null, "long_name": null, "long_name:ar": null, "long_name:ur": null, "name:ks": null, "name:ml": null, "name:pnb": null, "name:sd": null, "internet_access": null, "air_conditioning": null, "education": null, "area": "yes", "email": null, "name:pa": null, "generator:source": null, "level": null, "power": null, "name:ps": null, "not:name": null, "type": null }, "geometry": { "type": "Polygon", "coordinates": [ [ [ 73.0492729, 33.7179326 ], [ 73.05212, 33.7193995 ], [ 73.0532611, 33.7178935 ], [ 73.0504402, 33.716412 ], [ 73.0492729, 33.7179326 ] ] ] } },
{ "type": "Feature", "properties": { "element": "way", "id": 22965921, "addr:city": "اسلام آباد", "addr:city:ar": "إسلام آباد", "addr:city:en": "Islamabad", "addr:city:ks": "اِسلام آبادٖ", "addr:city:pnb": "اسلام آباد", "addr:city:ps": "اسلام آباد", "addr:city:sd": "اسلام آباد", "addr:city:ur": "اسلام آباد", "addr:street": "Street 2", "amenity": "school", "healthcare": null, "name": "Islamabad Model College for Boys F-7/3", "name:en": null, "denomination": null, "name:ar": null, "name:ur": null, "religion": null, "is_in": null, "created_by": null, "name:de": null, "name:es": null, "name:hi": null, "wikidata": null, "wikipedia": null, "emergency": null, "brand": null, "brand:wikidata": null, "brand:wikipedia": null, "building": null, "source": null, "dispensing": null, "addr:postcode": null, "service_times": null, "grades": null, "operator": "Federal Government", "operator:type": "government", "wikimedia_commons": null, "opening_hours": null, "website": null, "phone": null, "shelter_type": null, "description": null, "atm": null, "addr:street:ar": null, "addr:street:en": null, "addr:street:ur": null, "check_date": null, "addr:housenumber": null, "alt_name": null, "healthcare:speciality": null, "long_name": null, "long_name:ar": null, "long_name:ur": null, "name:ks": null, "name:ml": null, "name:pnb": null, "name:sd": null, "internet_access": null, "air_conditioning": null, "education": null, "area": "yes", "email": null, "name:pa": null, "generator:source": null, "level": null, "power": null, "name:ps": null, "not:name": null, "type": null }, "geometry": { "type": "Polygon", "coordinates": [ [ [ 73.0591425, 33.7263681 ], [ 73.0591965, 33.7264009 ], [ 73.0592461, 33.7264353 ], [ 73.0592923, 33.7264847 ], [ 73.0593325, 33.7265392 ], [ 73.0593456, 33.7265725 ], [ 73.0593544, 33.7266088 ], [ 73.0593537, 33.7266519 ], [ 73.0593365, 33.7266957 ], [ 73.0593087, 33.7267708 ], [ 73.0592687, 33.726889 ], [ 73.0594354, 33.7269998 ], [ 73.0596007, 33.7271148 ], [ 73.0596223, 33.7271406 ], [ 73.0597901, 33.7273246 ], [ 73.0598165, 33.727381 ], [ 73.0598775, 33.7274547 ], [ 73.0600201, 33.7276064 ], [ 73.0600507, 33.7276497 ], [ 73.0600665, 33.72768 ], [ 73.0600755, 33.7277218 ], [ 73.0600403, 33.7278637 ], [ 73.0599503, 33.7281807 ], [ 73.059813, 33.7285091 ], [ 73.0596502, 33.7287334 ], [ 73.0595173, 33.7287464 ], [ 73.0594882, 33.7287737 ], [ 73.057994, 33.7279667 ], [ 73.0591425, 33.7263681 ] ] ] } },
{ "type": "Feature", "properties": { "element": "way", "id": 22976792, "addr:city": null, "addr:city:ar": null, "addr:city:en": null, "addr:city:ks": null, "addr:city:pnb": null, "addr:city:ps": null, "addr:city:sd": null, "addr:city:ur": null, "addr:street": null, "amenity": "college", "healthcare": null, "name": "Islamabad Model College for Girls F-6/2", "name:en": null, "denomination": null, "name:ar": null, "name:ur": null, "religion": null, "is_in": "F-6/2, Islamabad", "created_by": null, "name:de": null, "name:es": null, "name:hi": null, "wikidata": null, "wikipedia": null, "emergency": null, "brand": null, "brand:wikidata": null, "brand:wikipedia": null, "building": null, "source": null, "dispensing": null, "addr:postcode": null, "service_times": null, "grades": null, "operator": null, "operator:type": null, "wikimedia_commons": null, "opening_hours": null, "website": null, "phone": null, "shelter_type": null, "description": null, "atm": null, "addr:street:ar": null, "addr:street:en": null, "addr:street:ur": null, "check_date": null, "addr:housenumber": null, "alt_name": null, "healthcare:speciality": null, "long_name": null, "long_name:ar": null, "long_name:ur": null, "name:ks": null, "name:ml": null, "name:pnb": null, "name:sd": null, "internet_access": null, "air_conditioning": null, "education": null, "area": null, "email": null, "name:pa": null, "generator:source": null, "level": null, "power": null, "name:ps": null, "not:name": null, "type": null }, "geometry": { "type": "Polygon", "coordinates": [ [ [ 73.0718292, 33.730304 ], [ 73.072842, 33.7288407 ], [ 73.0743354, 33.7296188 ], [ 73.0725416, 33.73201 ], [ 73.071915, 33.7316674 ], [ 73.071812, 33.7312249 ], [ 73.0717605, 33.7308394 ], [ 73.0718292, 33.730304 ] ] ] } },
{ "type": "Feature", "properties": { "element": "way", "id": 22977113, "addr:city": "اسلام آباد", "addr:city:ar": "إسلام آباد", "addr:city:en": "Islamabad", "addr:city:ks": "اِسلام آبادٖ", "addr:city:pnb": "اسلام آباد", "addr:city:ps": "اسلام آباد", "addr:city:sd": "اسلام آباد", "addr:city:ur": "اسلام آباد", "addr:street": "Gali 97", "amenity": "school", "healthcare": null, "name": "Federal Government Junior Model School No. 38", "name:en": null, "denomination": null, "name:ar": null, "name:ur": null, "religion": null, "is_in": null, "created_by": null, "name:de": null, "name:es": null, "name:hi": null, "wikidata": null, "wikipedia": null, "emergency": null, "brand": null, "brand:wikidata": null, "brand:wikipedia": null, "building": null, "source": "Yahoo + Local Knowledge", "dispensing": null, "addr:postcode": "44000", "service_times": null, "grades": null, "operator": "Federal Government", "operator:type": "government", "wikimedia_commons": null, "opening_hours": null, "website": null, "phone": null, "shelter_type": null, "description": null, "atm": null, "addr:street:ar": null, "addr:street:en": null, "addr:street:ur": null, "check_date": null, "addr:housenumber": null, "alt_name": null, "healthcare:speciality": null, "long_name": null, "long_name:ar": null, "long_name:ur": null, "name:ks": null, "name:ml": null, "name:pnb": null, "name:sd": null, "internet_access": null, "air_conditioning": null, "education": null, "area": "yes", "email": null, "name:pa": null, "generator:source": null, "level": null, "power": null, "name:ps": null, "not:name": null, "type": null }, "geometry": { "type": "Polygon", "coordinates": [ [ [ 73.04293, 33.6864572 ], [ 73.0436681, 33.68685 ], [ 73.0433873, 33.6872244 ], [ 73.0429986, 33.6877427 ], [ 73.0422433, 33.6873356 ], [ 73.042499, 33.6870085 ], [ 73.04293, 33.6864572 ] ] ] } },
{ "type": "Feature", "properties": { "element": "way", "id": 22977303, "addr:city": null, "addr:city:ar": null, "addr:city:en": null, "addr:city:ks": null, "addr:city:pnb": null, "addr:city:ps": null, "addr:city:sd": null, "addr:city:ur": null, "addr:street": null, "amenity": "school", "healthcare": null, "name": "Federal Government Secondary School For Girls No. 13", "name:en": null, "denomination": null, "name:ar": null, "name:ur": null, "religion": null, "is_in": "G-9/4, Islamabad", "created_by": null, "name:de": null, "name:es": null, "name:hi": null, "wikidata": null, "wikipedia": null, "emergency": null, "brand": null, "brand:wikidata": null, "brand:wikipedia": null, "building": null, "source": "Yahoo + Local Knowledge", "dispensing": null, "addr:postcode": null, "service_times": null, "grades": null, "operator": "Federal Government", "operator:type": "government", "wikimedia_commons": null, "opening_hours": null, "website": null, "phone": null, "shelter_type": null, "description": null, "atm": null, "addr:street:ar": null, "addr:street:en": null, "addr:street:ur": null, "check_date": null, "addr:housenumber": null, "alt_name": null, "healthcare:speciality": null, "long_name": null, "long_name:ar": null, "long_name:ur": null, "name:ks": null, "name:ml": null, "name:pnb": null, "name:sd": null, "internet_access": null, "air_conditioning": null, "education": null, "area": "yes", "email": null, "name:pa": null, "generator:source": null, "level": null, "power": null, "name:ps": null, "not:name": null, "type": null }, "geometry": { "type": "Polygon", "coordinates": [ [ [ 73.039574, 33.6886211 ], [ 73.0404495, 33.689071 ], [ 73.0410417, 33.6882926 ], [ 73.0401491, 33.6878212 ], [ 73.039574, 33.6886211 ] ] ] } },
{ "type": "Feature", "properties": { "element": "way", "id": 22977505, "addr:city": "اسلام آباد", "addr:city:ar": "إسلام آباد", "addr:city:en": "Islamabad", "addr:city:ks": "اِسلام آبادٖ", "addr:city:pnb": "اسلام آباد", "addr:city:ps": "اسلام آباد", "addr:city:sd": "اسلام آباد", "addr:city:ur": "اسلام آباد", "addr:street": "Street 65", "amenity": "college", "healthcare": null, "name": "Federal Government Boys Model School G-9/4", "name:en": null, "denomination": null, "name:ar": null, "name:ur": null, "religion": null, "is_in": null, "created_by": null, "name:de": null, "name:es": null, "name:hi": null, "wikidata": null, "wikipedia": null, "emergency": null, "brand": null, "brand:wikidata": null, "brand:wikipedia": null, "building": null, "source": "Local Knowledge", "dispensing": null, "addr:postcode": null, "service_times": null, "grades": null, "operator": "Federal Government", "operator:type": "government", "wikimedia_commons": null, "opening_hours": null, "website": null, "phone": null, "shelter_type": null, "description": null, "atm": null, "addr:street:ar": null, "addr:street:en": null, "addr:street:ur": null, "check_date": null, "addr:housenumber": null, "alt_name": null, "healthcare:speciality": null, "long_name": null, "long_name:ar": null, "long_name:ur": null, "name:ks": null, "name:ml": null, "name:pnb": null, "name:sd": null, "internet_access": null, "air_conditioning": null, "education": null, "area": null, "email": null, "name:pa": null, "generator:source": null, "level": null, "power": null, "name:ps": null, "not:name": null, "type": null }, "geometry": { "type": "Polygon", "coordinates": [ [ [ 73.0386985, 33.6876927 ], [ 73.0374626, 33.6870642 ], [ 73.0372566, 33.6873285 ], [ 73.037248, 33.6875998 ], [ 73.0373166, 33.6879998 ], [ 73.0370334, 33.6883569 ], [ 73.0378745, 33.6888068 ], [ 73.0386985, 33.6876927 ] ] ] } },
{ "type": "Feature", "properties": { "element": "way", "id": 22992495, "addr:city": null, "addr:city:ar": null, "addr:city:en": null, "addr:city:ks": null, "addr:city:pnb": null, "addr:city:ps": null, "addr:city:sd": null, "addr:city:ur": null, "addr:street": null, "amenity": "place_of_worship", "healthcare": null, "name": null, "name:en": null, "denomination": "sunni", "name:ar": null, "name:ur": null, "religion": "muslim", "is_in": "F-6/2, Islamabad", "created_by": "Potlatch 0.8a", "name:de": null, "name:es": null, "name:hi": null, "wikidata": null, "wikipedia": null, "emergency": null, "brand": null, "brand:wikidata": null, "brand:wikipedia": null, "building": null, "source": null, "dispensing": null, "addr:postcode": null, "service_times": null, "grades": null, "operator": null, "operator:type": null, "wikimedia_commons": null, "opening_hours": null, "website": null, "phone": null, "shelter_type": null, "description": null, "atm": null, "addr:street:ar": null, "addr:street:en": null, "addr:street:ur": null, "check_date": null, "addr:housenumber": null, "alt_name": null, "healthcare:speciality": null, "long_name": null, "long_name:ar": null, "long_name:ur": null, "name:ks": null, "name:ml": null, "name:pnb": null, "name:sd": null, "internet_access": null, "air_conditioning": null, "education": null, "area": "yes", "email": null, "name:pa": null, "generator:source": null, "level": null, "power": null, "name:ps": null, "not:name": null, "type": null }, "geometry": { "type": "Polygon", "coordinates": [ [ [ 73.0693837, 33.730635 ], [ 73.0690747, 33.7304708 ], [ 73.0692721, 33.7302067 ], [ 73.0695811, 33.7303637 ], [ 73.0693837, 33.730635 ] ] ] } },
{ "type": "Feature", "properties": { "element": "way", "id": 22997260, "addr:city": null, "addr:city:ar": null, "addr:city:en": null, "addr:city:ks": null, "addr:city:pnb": null, "addr:city:ps": null, "addr:city:sd": null, "addr:city:ur": null, "addr:street": null, "amenity": "school", "healthcare": null, "name": "Jamia Afridia", "name:en": null, "denomination": null, "name:ar": null, "name:ur": null, "religion": null, "is_in": null, "created_by": null, "name:de": null, "name:es": null, "name:hi": null, "wikidata": null, "wikipedia": null, "emergency": null, "brand": null, "brand:wikidata": null, "brand:wikipedia": null, "building": null, "source": null, "dispensing": null, "addr:postcode": null, "service_times": null, "grades": null, "operator": null, "operator:type": null, "wikimedia_commons": null, "opening_hours": null, "website": null, "phone": null, "shelter_type": null, "description": null, "atm": null, "addr:street:ar": null, "addr:street:en": null, "addr:street:ur": null, "check_date": null, "addr:housenumber": null, "alt_name": null, "healthcare:speciality": null, "long_name": null, "long_name:ar": null, "long_name:ur": null, "name:ks": null, "name:ml": null, "name:pnb": null, "name:sd": null, "internet_access": null, "air_conditioning": null, "education": null, "area": "yes", "email": null, "name:pa": null, "generator:source": null, "level": null, "power": null, "name:ps": null, "not:name": null, "type": null }, "geometry": { "type": "Polygon", "coordinates": [ [ [ 73.0506566, 33.7314069 ], [ 73.0514891, 33.7314569 ], [ 73.0515578, 33.7309572 ], [ 73.0507166, 33.7308573 ], [ 73.0506566, 33.7314069 ] ] ] } },
{ "type": "Feature", "properties": { "element": "way", "id": 22999246, "addr:city": "اسلام آباد", "addr:city:ar": null, "addr:city:en": null, "addr:city:ks": null, "addr:city:pnb": null, "addr:city:ps": null, "addr:city:sd": null, "addr:city:ur": null, "addr:street": "حنا روڈ", "amenity": "hospital", "healthcare": "hospital", "name": "نوری ہسپتال", "name:en": "Noori Hospital", "denomination": null, "name:ar": "مستشفى نوري", "name:ur": "نوری ہسپتال", "religion": null, "is_in": null, "created_by": null, "name:de": null, "name:es": null, "name:hi": null, "wikidata": null, "wikipedia": null, "emergency": null, "brand": null, "brand:wikidata": null, "brand:wikipedia": null, "building": null, "source": null, "dispensing": null, "addr:postcode": null, "service_times": null, "grades": null, "operator": null, "operator:type": null, "wikimedia_commons": null, "opening_hours": null, "website": null, "phone": null, "shelter_type": null, "description": null, "atm": null, "addr:street:ar": null, "addr:street:en": null, "addr:street:ur": null, "check_date": null, "addr:housenumber": null, "alt_name": null, "healthcare:speciality": null, "long_name": null, "long_name:ar": null, "long_name:ur": null, "name:ks": null, "name:ml": null, "name:pnb": null, "name:sd": null, "internet_access": null, "air_conditioning": null, "education": null, "area": "yes", "email": null, "name:pa": null, "generator:source": null, "level": null, "power": null, "name:ps": null, "not:name": null, "type": null }, "geometry": { "type": "Polygon", "coordinates": [ [ [ 73.0539296, 33.7003723 ], [ 73.0547223, 33.699272 ], [ 73.0531847, 33.6984702 ], [ 73.0523826, 33.6995788 ], [ 73.0539296, 33.7003723 ] ] ] } },
{ "type": "Feature", "properties": { "element": "way", "id": 22999444, "addr:city": null, "addr:city:ar": null, "addr:city:en": null, "addr:city:ks": null, "addr:city:pnb": null, "addr:city:ps": null, "addr:city:sd": null, "addr:city:ur": null, "addr:street": null, "amenity": "school", "healthcare": null, "name": "Federal Government Girls Model School G-9/3", "name:en": null, "denomination": null, "name:ar": null, "name:ur": null, "religion": null, "is_in": null, "created_by": null, "name:de": null, "name:es": null, "name:hi": null, "wikidata": null, "wikipedia": null, "emergency": null, "brand": null, "brand:wikidata": null, "brand:wikipedia": null, "building": null, "source": null, "dispensing": null, "addr:postcode": null, "service_times": null, "grades": null, "operator": "Federal Government", "operator:type": null, "wikimedia_commons": null, "opening_hours": null, "website": null, "phone": null, "shelter_type": null, "description": null, "atm": null, "addr:street:ar": null, "addr:street:en": null, "addr:street:ur": null, "check_date": null, "addr:housenumber": null, "alt_name": null, "healthcare:speciality": null, "long_name": null, "long_name:ar": null, "long_name:ur": null, "name:ks": null, "name:ml": null, "name:pnb": null, "name:sd": null, "internet_access": null, "air_conditioning": null, "education": null, "area": null, "email": null, "name:pa": null, "generator:source": null, "level": null, "power": null, "name:ps": null, "not:name": null, "type": null }, "geometry": { "type": "Polygon", "coordinates": [ [ [ 73.0343421, 33.693636 ], [ 73.0342734, 33.6933932 ], [ 73.0346253, 33.6929933 ], [ 73.0348228, 33.6927933 ], [ 73.0351232, 33.6927433 ], [ 73.0356763, 33.691984 ], [ 73.0357068, 33.6919507 ], [ 73.0362647, 33.692222 ], [ 73.0364793, 33.6924577 ], [ 73.0360587, 33.6930076 ], [ 73.0358098, 33.6931861 ], [ 73.035621, 33.6932647 ], [ 73.0353635, 33.6933504 ], [ 73.0343421, 33.693636 ] ] ] } },
{ "type": "Feature", "properties": { "element": "way", "id": 23040333, "addr:city": "اسلام آباد", "addr:city:ar": "إسلام آباد", "addr:city:en": "Islamabad", "addr:city:ks": "اِسلام آبادٖ", "addr:city:pnb": "اسلام آباد", "addr:city:ps": "اسلام آباد", "addr:city:sd": "اسلام آباد", "addr:city:ur": "اسلام آباد", "addr:street": "Pitras Bukhari Road", "amenity": "hospital", "healthcare": null, "name": "Shifa International Hospital", "name:en": null, "denomination": null, "name:ar": null, "name:ur": null, "religion": null, "is_in": null, "created_by": null, "name:de": null, "name:es": null, "name:hi": null, "wikidata": null, "wikipedia": null, "emergency": null, "brand": null, "brand:wikidata": null, "brand:wikipedia": null, "building": null, "source": null, "dispensing": null, "addr:postcode": null, "service_times": null, "grades": null, "operator": null, "operator:type": null, "wikimedia_commons": null, "opening_hours": null, "website": "https://www.shifa.com.pk/contact/", "phone": "+92-51-846-3000", "shelter_type": null, "description": null, "atm": null, "addr:street:ar": null, "addr:street:en": null, "addr:street:ur": null, "check_date": null, "addr:housenumber": null, "alt_name": null, "healthcare:speciality": null, "long_name": null, "long_name:ar": null, "long_name:ur": null, "name:ks": null, "name:ml": null, "name:pnb": null, "name:sd": null, "internet_access": null, "air_conditioning": null, "education": null, "area": null, "email": "info@shifa.com.pk", "name:pa": null, "generator:source": null, "level": null, "power": null, "name:ps": null, "not:name": null, "type": null }, "geometry": { "type": "Polygon", "coordinates": [ [ [ 73.0665763, 33.6742926 ], [ 73.0680955, 33.6750854 ], [ 73.0672028, 33.6762711 ], [ 73.066808, 33.6768354 ], [ 73.0667754, 33.6771753 ], [ 73.0667394, 33.6775496 ], [ 73.0654948, 33.6774568 ], [ 73.0655978, 33.676114 ], [ 73.0656922, 33.6757711 ], [ 73.0658038, 33.6754497 ], [ 73.0661621, 33.674913 ], [ 73.0665763, 33.6742926 ] ] ] } },
{ "type": "Feature", "properties": { "element": "way", "id": 23040341, "addr:city": null, "addr:city:ar": null, "addr:city:en": null, "addr:city:ks": null, "addr:city:pnb": null, "addr:city:ps": null, "addr:city:sd": null, "addr:city:ur": null, "addr:street": null, "amenity": "school", "healthcare": null, "name": "The City School", "name:en": null, "denomination": null, "name:ar": null, "name:ur": null, "religion": null, "is_in": null, "created_by": null, "name:de": null, "name:es": null, "name:hi": null, "wikidata": null, "wikipedia": null, "emergency": null, "brand": null, "brand:wikidata": null, "brand:wikipedia": null, "building": null, "source": null, "dispensing": null, "addr:postcode": null, "service_times": null, "grades": null, "operator": null, "operator:type": null, "wikimedia_commons": null, "opening_hours": null, "website": null, "phone": null, "shelter_type": null, "description": null, "atm": null, "addr:street:ar": null, "addr:street:en": null, "addr:street:ur": null, "check_date": null, "addr:housenumber": null, "alt_name": null, "healthcare:speciality": null, "long_name": null, "long_name:ar": null, "long_name:ur": null, "name:ks": null, "name:ml": null, "name:pnb": null, "name:sd": null, "internet_access": null, "air_conditioning": null, "education": null, "area": null, "email": null, "name:pa": null, "generator:source": null, "level": null, "power": null, "name:ps": null, "not:name": null, "type": null }, "geometry": { "type": "Polygon", "coordinates": [ [ [ 73.0650657, 33.6794138 ], [ 73.0638383, 33.6787853 ], [ 73.0637782, 33.6775782 ], [ 73.0644548, 33.6779231 ], [ 73.0651515, 33.6782782 ], [ 73.0650657, 33.6794138 ] ] ] } },
{ "type": "Feature", "properties": { "element": "way", "id": 23040347, "addr:city": null, "addr:city:ar": null, "addr:city:en": null, "addr:city:ks": null, "addr:city:pnb": null, "addr:city:ps": null, "addr:city:sd": null, "addr:city:ur": null, "addr:street": null, "amenity": "school", "healthcare": null, "name": "Beaconhouse Margalla Campus", "name:en": null, "denomination": null, "name:ar": null, "name:ur": null, "religion": null, "is_in": null, "created_by": null, "name:de": null, "name:es": null, "name:hi": null, "wikidata": null, "wikipedia": null, "emergency": null, "brand": null, "brand:wikidata": null, "brand:wikipedia": null, "building": null, "source": null, "dispensing": null, "addr:postcode": null, "service_times": null, "grades": null, "operator": null, "operator:type": null, "wikimedia_commons": null, "opening_hours": null, "website": null, "phone": null, "shelter_type": null, "description": null, "atm": null, "addr:street:ar": null, "addr:street:en": null, "addr:street:ur": null, "check_date": null, "addr:housenumber": null, "alt_name": null, "healthcare:speciality": null, "long_name": null, "long_name:ar": null, "long_name:ur": null, "name:ks": null, "name:ml": null, "name:pnb": null, "name:sd": null, "internet_access": null, "air_conditioning": null, "education": null, "area": null, "email": null, "name:pa": null, "generator:source": null, "level": null, "power": null, "name:ps": null, "not:name": null, "type": null }, "geometry": { "type": "Polygon", "coordinates": [ [ [ 73.065233, 33.6810611 ], [ 73.0667951, 33.6817967 ], [ 73.0670483, 33.6826421 ], [ 73.0665849, 33.6825422 ], [ 73.0663617, 33.6825136 ], [ 73.065924, 33.6824779 ], [ 73.0650914, 33.6824422 ], [ 73.065233, 33.6810611 ] ] ] } },
{ "type": "Feature", "properties": { "element": "way", "id": 23046682, "addr:city": "Islamabad", "addr:city:ar": null, "addr:city:en": null, "addr:city:ks": null, "addr:city:pnb": null, "addr:city:ps": null, "addr:city:sd": null, "addr:city:ur": null, "addr:street": null, "amenity": "school", "healthcare": null, "name": null, "name:en": null, "denomination": null, "name:ar": null, "name:ur": null, "religion": null, "is_in": null, "created_by": null, "name:de": null, "name:es": null, "name:hi": null, "wikidata": null, "wikipedia": null, "emergency": null, "brand": null, "brand:wikidata": null, "brand:wikipedia": null, "building": null, "source": null, "dispensing": null, "addr:postcode": null, "service_times": null, "grades": null, "operator": "Federal Government", "operator:type": null, "wikimedia_commons": null, "opening_hours": null, "website": null, "phone": null, "shelter_type": null, "description": null, "atm": null, "addr:street:ar": null, "addr:street:en": null, "addr:street:ur": null, "check_date": null, "addr:housenumber": null, "alt_name": null, "healthcare:speciality": null, "long_name": null, "long_name:ar": null, "long_name:ur": null, "name:ks": null, "name:ml": null, "name:pnb": null, "name:sd": null, "internet_access": null, "air_conditioning": null, "education": null, "area": null, "email": null, "name:pa": null, "generator:source": null, "level": null, "power": null, "name:ps": null, "not:name": null, "type": null }, "geometry": { "type": "Polygon", "coordinates": [ [ [ 73.0136321, 33.6716171 ], [ 73.014819, 33.6722405 ], [ 73.0152543, 33.6716671 ], [ 73.0140699, 33.6710385 ], [ 73.0136321, 33.6716171 ] ] ] } },
{ "type": "Feature", "properties": { "element": "way", "id": 23056202, "addr:city": "Islamabad", "addr:city:ar": "إسلام آباد", "addr:city:en": "Islamabad", "addr:city:ks": "اِسلام آبادٖ", "addr:city:pnb": "اسلام آباد", "addr:city:ps": "اسلام آباد", "addr:city:sd": "اسلام آباد", "addr:city:ur": "اسلام آباد", "addr:street": "Street 38", "amenity": "college", "healthcare": null, "name": null, "name:en": null, "denomination": null, "name:ar": null, "name:ur": null, "religion": null, "is_in": null, "created_by": null, "name:de": null, "name:es": null, "name:hi": null, "wikidata": null, "wikipedia": null, "emergency": null, "brand": null, "brand:wikidata": null, "brand:wikipedia": null, "building": null, "source": null, "dispensing": null, "addr:postcode": null, "service_times": null, "grades": null, "operator": "Federal Government", "operator:type": null, "wikimedia_commons": null, "opening_hours": null, "website": null, "phone": null, "shelter_type": null, "description": null, "atm": null, "addr:street:ar": null, "addr:street:en": null, "addr:street:ur": null, "check_date": null, "addr:housenumber": null, "alt_name": null, "healthcare:speciality": null, "long_name": null, "long_name:ar": null, "long_name:ur": null, "name:ks": null, "name:ml": null, "name:pnb": null, "name:sd": null, "internet_access": null, "air_conditioning": null, "education": null, "area": null, "email": null, "name:pa": null, "generator:source": null, "level": null, "power": null, "name:ps": null, "not:name": null, "type": null }, "geometry": { "type": "Polygon", "coordinates": [ [ [ 73.0205433, 33.6761072 ], [ 73.0214767, 33.6748561 ], [ 73.0229044, 33.6756416 ], [ 73.0230792, 33.6764576 ], [ 73.0219898, 33.6768894 ], [ 73.0205433, 33.6761072 ] ] ] } },
{ "type": "Feature", "properties": { "element": "way", "id": 23056234, "addr:city": "اسلام آباد", "addr:city:ar": "إسلام آباد", "addr:city:en": "Islamabad", "addr:city:ks": "اِسلام آبادٖ", "addr:city:pnb": "اسلام آباد", "addr:city:ps": "اسلام آباد", "addr:city:sd": "اسلام آباد", "addr:city:ur": "اسلام آباد", "addr:street": "Gali 70", "amenity": "place_of_worship", "healthcare": null, "name": "Jamia Bahar-e-Madina", "name:en": null, "denomination": "sunni", "name:ar": null, "name:ur": null, "religion": "muslim", "is_in": null, "created_by": null, "name:de": null, "name:es": null, "name:hi": null, "wikidata": null, "wikipedia": null, "emergency": null, "brand": null, "brand:wikidata": null, "brand:wikipedia": null, "building": null, "source": null, "dispensing": null, "addr:postcode": null, "service_times": null, "grades": null, "operator": null, "operator:type": null, "wikimedia_commons": null, "opening_hours": null, "website": null, "phone": null, "shelter_type": null, "description": null, "atm": null, "addr:street:ar": null, "addr:street:en": null, "addr:street:ur": null, "check_date": null, "addr:housenumber": null, "alt_name": null, "healthcare:speciality": null, "long_name": null, "long_name:ar": null, "long_name:ur": null, "name:ks": null, "name:ml": null, "name:pnb": null, "name:sd": null, "internet_access": null, "air_conditioning": null, "education": null, "area": "yes", "email": null, "name:pa": null, "generator:source": null, "level": null, "power": null, "name:ps": null, "not:name": null, "type": null }, "geometry": { "type": "Polygon", "coordinates": [ [ [ 73.0241839, 33.6781948 ], [ 73.0247161, 33.6784662 ], [ 73.0249126, 33.6782007 ], [ 73.0243719, 33.6779364 ], [ 73.0241839, 33.6781948 ] ] ] } },
{ "type": "Feature", "properties": { "element": "way", "id": 23062577, "addr:city": "Islamabad", "addr:city:ar": "إسلام آباد", "addr:city:en": "Islamabad", "addr:city:ks": "اِسلام آبادٖ", "addr:city:pnb": "اسلام آباد", "addr:city:ps": "اسلام آباد", "addr:city:sd": "اسلام آباد", "addr:city:ur": "اسلام آباد", "addr:street": "Street 3", "amenity": "school", "healthcare": null, "name": null, "name:en": null, "denomination": null, "name:ar": null, "name:ur": null, "religion": null, "is_in": null, "created_by": null, "name:de": null, "name:es": null, "name:hi": null, "wikidata": null, "wikipedia": null, "emergency": null, "brand": null, "brand:wikidata": null, "brand:wikipedia": null, "building": null, "source": null, "dispensing": null, "addr:postcode": null, "service_times": null, "grades": null, "operator": "Federal Government", "operator:type": null, "wikimedia_commons": null, "opening_hours": null, "website": null, "phone": null, "shelter_type": null, "description": null, "atm": null, "addr:street:ar": null, "addr:street:en": null, "addr:street:ur": null, "check_date": null, "addr:housenumber": null, "alt_name": null, "healthcare:speciality": null, "long_name": null, "long_name:ar": null, "long_name:ur": null, "name:ks": null, "name:ml": null, "name:pnb": null, "name:sd": null, "internet_access": null, "air_conditioning": null, "education": null, "area": null, "email": null, "name:pa": null, "generator:source": null, "level": null, "power": null, "name:ps": null, "not:name": null, "type": null }, "geometry": { "type": "Polygon", "coordinates": [ [ [ 73.0179523, 33.687469 ], [ 73.0192998, 33.6881546 ], [ 73.0202611, 33.6868905 ], [ 73.0189393, 33.6862335 ], [ 73.0179523, 33.687469 ] ] ] } },
{ "type": "Feature", "properties": { "element": "way", "id": 23062737, "addr:city": "اسلام آباد", "addr:city:ar": "إسلام آباد", "addr:city:en": "Islamabad", "addr:city:ks": "اِسلام آبادٖ", "addr:city:pnb": "اسلام آباد", "addr:city:ps": "اسلام آباد", "addr:city:sd": "اسلام آباد", "addr:city:ur": "اسلام آباد", "addr:street": "Street 1", "amenity": "place_of_worship", "healthcare": null, "name": "Mughera bin Sheba Masque", "name:en": null, "denomination": "sunni", "name:ar": null, "name:ur": null, "religion": "muslim", "is_in": null, "created_by": null, "name:de": null, "name:es": null, "name:hi": null, "wikidata": null, "wikipedia": null, "emergency": null, "brand": null, "brand:wikidata": null, "brand:wikipedia": null, "building": null, "source": null, "dispensing": null, "addr:postcode": null, "service_times": null, "grades": null, "operator": null, "operator:type": null, "wikimedia_commons": null, "opening_hours": null, "website": null, "phone": null, "shelter_type": null, "description": null, "atm": null, "addr:street:ar": null, "addr:street:en": null, "addr:street:ur": null, "check_date": null, "addr:housenumber": null, "alt_name": null, "healthcare:speciality": null, "long_name": null, "long_name:ar": null, "long_name:ur": null, "name:ks": null, "name:ml": null, "name:pnb": null, "name:sd": null, "internet_access": null, "air_conditioning": null, "education": null, "area": "yes", "email": null, "name:pa": null, "generator:source": null, "level": null, "power": null, "name:ps": null, "not:name": null, "type": null }, "geometry": { "type": "Polygon", "coordinates": [ [ [ 73.0167468, 33.6853446 ], [ 73.0162747, 33.6850947 ], [ 73.0161117, 33.6853303 ], [ 73.0165837, 33.6855803 ], [ 73.0167468, 33.6853446 ] ] ] } },
{ "type": "Feature", "properties": { "element": "way", "id": 23062759, "addr:city": "Islamabad", "addr:city:ar": null, "addr:city:en": null, "addr:city:ks": null, "addr:city:pnb": null, "addr:city:ps": null, "addr:city:sd": null, "addr:city:ur": null, "addr:street": null, "amenity": "school", "healthcare": null, "name": null, "name:en": null, "denomination": null, "name:ar": null, "name:ur": null, "religion": null, "is_in": null, "created_by": null, "name:de": null, "name:es": null, "name:hi": null, "wikidata": null, "wikipedia": null, "emergency": null, "brand": null, "brand:wikidata": null, "brand:wikipedia": null, "building": null, "source": null, "dispensing": null, "addr:postcode": null, "service_times": null, "grades": null, "operator": "Federal Government", "operator:type": null, "wikimedia_commons": null, "opening_hours": null, "website": null, "phone": null, "shelter_type": null, "description": null, "atm": null, "addr:street:ar": null, "addr:street:en": null, "addr:street:ur": null, "check_date": null, "addr:housenumber": null, "alt_name": null, "healthcare:speciality": null, "long_name": null, "long_name:ar": null, "long_name:ur": null, "name:ks": null, "name:ml": null, "name:pnb": null, "name:sd": null, "internet_access": null, "air_conditioning": null, "education": null, "area": null, "email": null, "name:pa": null, "generator:source": null, "level": null, "power": null, "name:ps": null, "not:name": null, "type": null }, "geometry": { "type": "Polygon", "coordinates": [ [ [ 73.0162474, 33.6850556 ], [ 73.015528, 33.6846876 ], [ 73.0151933, 33.6848518 ], [ 73.0149014, 33.6850161 ], [ 73.0146783, 33.6851375 ], [ 73.0143865, 33.6853589 ], [ 73.0155709, 33.6859731 ], [ 73.0156996, 33.6858003 ], [ 73.0161872, 33.6851349 ], [ 73.0162474, 33.6850556 ] ] ] } },
{ "type": "Feature", "properties": { "element": "way", "id": 23367740, "addr:city": null, "addr:city:ar": null, "addr:city:en": null, "addr:city:ks": null, "addr:city:pnb": null, "addr:city:ps": null, "addr:city:sd": null, "addr:city:ur": null, "addr:street": null, "amenity": "school", "healthcare": null, "name": null, "name:en": null, "denomination": null, "name:ar": null, "name:ur": null, "religion": null, "is_in": "G-6/1, Islamabad", "created_by": "Potlatch 0.8a", "name:de": null, "name:es": null, "name:hi": null, "wikidata": null, "wikipedia": null, "emergency": null, "brand": null, "brand:wikidata": null, "brand:wikipedia": null, "building": null, "source": null, "dispensing": null, "addr:postcode": null, "service_times": null, "grades": null, "operator": null, "operator:type": null, "wikimedia_commons": null, "opening_hours": null, "website": null, "phone": null, "shelter_type": null, "description": null, "atm": null, "addr:street:ar": null, "addr:street:en": null, "addr:street:ur": null, "check_date": null, "addr:housenumber": null, "alt_name": null, "healthcare:speciality": null, "long_name": null, "long_name:ar": null, "long_name:ur": null, "name:ks": null, "name:ml": null, "name:pnb": null, "name:sd": null, "internet_access": null, "air_conditioning": null, "education": null, "area": "yes", "email": null, "name:pa": null, "generator:source": null, "level": null, "power": null, "name:ps": null, "not:name": null, "type": null }, "geometry": { "type": "Polygon", "coordinates": [ [ [ 73.0786192, 33.7098823 ], [ 73.0799276, 33.710584 ], [ 73.0800032, 33.7104652 ], [ 73.0805734, 33.7097298 ], [ 73.079264, 33.7090391 ], [ 73.0786192, 33.7098823 ] ] ] } },
{ "type": "Feature", "properties": { "element": "way", "id": 23367760, "addr:city": "اسلام آباد", "addr:city:ar": "إسلام آباد", "addr:city:en": "Islamabad", "addr:city:ks": "اِسلام آبادٖ", "addr:city:pnb": "اسلام آباد", "addr:city:ps": "اسلام آباد", "addr:city:sd": "اسلام آباد", "addr:city:ur": "اسلام آباد", "addr:street": "Street 51", "amenity": "school", "healthcare": null, "name": "Federal Government Girls Model School G-6/1", "name:en": null, "denomination": null, "name:ar": null, "name:ur": null, "religion": null, "is_in": null, "created_by": null, "name:de": null, "name:es": null, "name:hi": null, "wikidata": null, "wikipedia": null, "emergency": null, "brand": null, "brand:wikidata": null, "brand:wikipedia": null, "building": null, "source": null, "dispensing": null, "addr:postcode": null, "service_times": null, "grades": null, "operator": null, "operator:type": null, "wikimedia_commons": null, "opening_hours": null, "website": null, "phone": null, "shelter_type": null, "description": null, "atm": null, "addr:street:ar": null, "addr:street:en": null, "addr:street:ur": null, "check_date": null, "addr:housenumber": null, "alt_name": null, "healthcare:speciality": null, "long_name": null, "long_name:ar": null, "long_name:ur": null, "name:ks": null, "name:ml": null, "name:pnb": null, "name:sd": null, "internet_access": null, "air_conditioning": null, "education": null, "area": "yes", "email": null, "name:pa": null, "generator:source": null, "level": null, "power": null, "name:ps": null, "not:name": null, "type": null }, "geometry": { "type": "Polygon", "coordinates": [ [ [ 73.0843296, 33.7128611 ], [ 73.0855656, 33.7135251 ], [ 73.086235, 33.7126755 ], [ 73.0849647, 33.7119972 ], [ 73.0843296, 33.7128611 ] ] ] } },
{ "type": "Feature", "properties": { "element": "way", "id": 23367776, "addr:city": null, "addr:city:ar": null, "addr:city:en": null, "addr:city:ks": null, "addr:city:pnb": null, "addr:city:ps": null, "addr:city:sd": null, "addr:city:ur": null, "addr:street": null, "amenity": "school", "healthcare": null, "name": null, "name:en": null, "denomination": null, "name:ar": null, "name:ur": null, "religion": null, "is_in": null, "created_by": "Potlatch 0.7b", "name:de": null, "name:es": null, "name:hi": null, "wikidata": null, "wikipedia": null, "emergency": null, "brand": null, "brand:wikidata": null, "brand:wikipedia": null, "building": null, "source": null, "dispensing": null, "addr:postcode": null, "service_times": null, "grades": null, "operator": null, "operator:type": null, "wikimedia_commons": null, "opening_hours": null, "website": null, "phone": null, "shelter_type": null, "description": null, "atm": null, "addr:street:ar": null, "addr:street:en": null, "addr:street:ur": null, "check_date": null, "addr:housenumber": null, "alt_name": null, "healthcare:speciality": null, "long_name": null, "long_name:ar": null, "long_name:ur": null, "name:ks": null, "name:ml": null, "name:pnb": null, "name:sd": null, "internet_access": null, "air_conditioning": null, "education": null, "area": "yes", "email": null, "name:pa": null, "generator:source": null, "level": null, "power": null, "name:ps": null, "not:name": null, "type": null }, "geometry": { "type": "Polygon", "coordinates": [ [ [ 73.082098, 33.7073277 ], [ 73.0832653, 33.7079418 ], [ 73.0838232, 33.7072492 ], [ 73.0826216, 33.7066494 ], [ 73.082098, 33.7073277 ] ] ] } },
{ "type": "Feature", "properties": { "element": "way", "id": 23492316, "addr:city": "اسلام آباد", "addr:city:ar": "إسلام آباد", "addr:city:en": "Islamabad", "addr:city:ks": "اِسلام آبادٖ", "addr:city:pnb": "اسلام آباد", "addr:city:ps": "اسلام آباد", "addr:city:sd": "اسلام آباد", "addr:city:ur": "اسلام آباد", "addr:street": "Street 11", "amenity": "school", "healthcare": null, "name": "Federal Government Model School No. 36 G-9/2", "name:en": null, "denomination": null, "name:ar": null, "name:ur": null, "religion": null, "is_in": null, "created_by": null, "name:de": null, "name:es": null, "name:hi": null, "wikidata": null, "wikipedia": null, "emergency": null, "brand": null, "brand:wikidata": null, "brand:wikipedia": null, "building": null, "source": null, "dispensing": null, "addr:postcode": null, "service_times": null, "grades": null, "operator": "Federal Government", "operator:type": null, "wikimedia_commons": null, "opening_hours": null, "website": null, "phone": null, "shelter_type": null, "description": null, "atm": null, "addr:street:ar": null, "addr:street:en": null, "addr:street:ur": null, "check_date": null, "addr:housenumber": null, "alt_name": null, "healthcare:speciality": null, "long_name": null, "long_name:ar": null, "long_name:ur": null, "name:ks": null, "name:ml": null, "name:pnb": null, "name:sd": null, "internet_access": null, "air_conditioning": null, "education": null, "area": "yes", "email": null, "name:pa": null, "generator:source": null, "level": null, "power": null, "name:ps": null, "not:name": null, "type": null }, "geometry": { "type": "Polygon", "coordinates": [ [ [ 73.0241081, 33.6883046 ], [ 73.0254298, 33.6889902 ], [ 73.024932, 33.6896687 ], [ 73.0236017, 33.6889474 ], [ 73.0241081, 33.6883046 ] ] ] } },
{ "type": "Feature", "properties": { "element": "way", "id": 23492363, "addr:city": "اسلام آباد", "addr:city:ar": "إسلام آباد", "addr:city:en": "Islamabad", "addr:city:ks": "اِسلام آبادٖ", "addr:city:pnb": "اسلام آباد", "addr:city:ps": "اسلام آباد", "addr:city:sd": "اسلام آباد", "addr:city:ur": "اسلام آباد", "addr:street": "Street 14", "amenity": "school", "healthcare": null, "name": "Islamabad Model School No. 3 G-9/2 Blended e-Learning", "name:en": null, "denomination": null, "name:ar": null, "name:ur": null, "religion": null, "is_in": null, "created_by": null, "name:de": null, "name:es": null, "name:hi": null, "wikidata": null, "wikipedia": null, "emergency": null, "brand": null, "brand:wikidata": null, "brand:wikipedia": null, "building": null, "source": null, "dispensing": null, "addr:postcode": null, "service_times": null, "grades": null, "operator": "Federal Government", "operator:type": null, "wikimedia_commons": null, "opening_hours": null, "website": null, "phone": null, "shelter_type": null, "description": null, "atm": null, "addr:street:ar": null, "addr:street:en": null, "addr:street:ur": null, "check_date": null, "addr:housenumber": null, "alt_name": null, "healthcare:speciality": null, "long_name": null, "long_name:ar": null, "long_name:ur": null, "name:ks": null, "name:ml": null, "name:pnb": null, "name:sd": null, "internet_access": null, "air_conditioning": null, "education": null, "area": null, "email": null, "name:pa": null, "generator:source": null, "level": null, "power": null, "name:ps": null, "not:name": null, "type": null }, "geometry": { "type": "Polygon", "coordinates": [ [ [ 73.0276185, 33.6879404 ], [ 73.0285026, 33.6884046 ], [ 73.0279619, 33.6890831 ], [ 73.027095, 33.6886474 ], [ 73.0276185, 33.6879404 ] ] ] } },
{ "type": "Feature", "properties": { "element": "way", "id": 23510079, "addr:city": "اسلام آباد", "addr:city:ar": "إسلام آباد", "addr:city:en": "Islamabad", "addr:city:ks": "اِسلام آبادٖ", "addr:city:pnb": "اسلام آباد", "addr:city:ps": "اسلام آباد", "addr:city:sd": "اسلام آباد", "addr:city:ur": "اسلام آباد", "addr:street": "Street 4", "amenity": "school", "healthcare": null, "name": null, "name:en": null, "denomination": null, "name:ar": null, "name:ur": null, "religion": null, "is_in": null, "created_by": null, "name:de": null, "name:es": null, "name:hi": null, "wikidata": null, "wikipedia": null, "emergency": null, "brand": null, "brand:wikidata": null, "brand:wikipedia": null, "building": null, "source": null, "dispensing": null, "addr:postcode": null, "service_times": null, "grades": null, "operator": "Federal Government", "operator:type": null, "wikimedia_commons": null, "opening_hours": null, "website": null, "phone": null, "shelter_type": null, "description": null, "atm": null, "addr:street:ar": null, "addr:street:en": null, "addr:street:ur": null, "check_date": null, "addr:housenumber": null, "alt_name": null, "healthcare:speciality": null, "long_name": null, "long_name:ar": null, "long_name:ur": null, "name:ks": null, "name:ml": null, "name:pnb": null, "name:sd": null, "internet_access": null, "air_conditioning": null, "education": null, "area": null, "email": null, "name:pa": null, "generator:source": null, "level": null, "power": null, "name:ps": null, "not:name": null, "type": null }, "geometry": { "type": "Polygon", "coordinates": [ [ [ 73.0463251, 33.6953335 ], [ 73.045544, 33.6963832 ], [ 73.0449861, 33.6960904 ], [ 73.0457843, 33.695055 ], [ 73.0463251, 33.6953335 ] ] ] } },
{ "type": "Feature", "properties": { "element": "way", "id": 23510131, "addr:city": "اسلام آباد", "addr:city:ar": "إسلام آباد", "addr:city:en": "Islamabad", "addr:city:ks": "اِسلام آبادٖ", "addr:city:pnb": "اسلام آباد", "addr:city:ps": "اسلام آباد", "addr:city:sd": "اسلام آباد", "addr:city:ur": "اسلام آباد", "addr:street": "Gali 39", "amenity": "place_of_worship", "healthcare": null, "name": "Masjid Abu zar Ghafari (R.A)", "name:en": null, "denomination": "sunni", "name:ar": null, "name:ur": null, "religion": "muslim", "is_in": null, "created_by": null, "name:de": null, "name:es": null, "name:hi": null, "wikidata": null, "wikipedia": null, "emergency": null, "brand": null, "brand:wikidata": null, "brand:wikipedia": null, "building": null, "source": null, "dispensing": null, "addr:postcode": null, "service_times": null, "grades": null, "operator": null, "operator:type": null, "wikimedia_commons": null, "opening_hours": null, "website": null, "phone": null, "shelter_type": null, "description": null, "atm": null, "addr:street:ar": null, "addr:street:en": null, "addr:street:ur": null, "check_date": null, "addr:housenumber": null, "alt_name": null, "healthcare:speciality": null, "long_name": null, "long_name:ar": null, "long_name:ur": null, "name:ks": null, "name:ml": null, "name:pnb": null, "name:sd": null, "internet_access": null, "air_conditioning": null, "education": null, "area": "yes", "email": null, "name:pa": null, "generator:source": null, "level": null, "power": null, "name:ps": null, "not:name": null, "type": null }, "geometry": { "type": "Polygon", "coordinates": [ [ [ 73.0442746, 33.6959655 ], [ 73.0447896, 33.6962297 ], [ 73.0445665, 33.6965153 ], [ 73.0440601, 33.6962654 ], [ 73.0442746, 33.6959655 ] ] ] } },
{ "type": "Feature", "properties": { "element": "way", "id": 23510164, "addr:city": "اسلام آباد", "addr:city:ar": "إسلام آباد", "addr:city:en": "Islamabad", "addr:city:ks": "اِسلام آبادٖ", "addr:city:pnb": "اسلام آباد", "addr:city:ps": "اسلام آباد", "addr:city:sd": "اسلام آباد", "addr:city:ur": "اسلام آباد", "addr:street": "Gali 74", "amenity": "school", "healthcare": null, "name": "Federal Government Junior Model School G-8/1", "name:en": null, "denomination": null, "name:ar": null, "name:ur": null, "religion": null, "is_in": null, "created_by": null, "name:de": null, "name:es": null, "name:hi": null, "wikidata": null, "wikipedia": null, "emergency": null, "brand": null, "brand:wikidata": null, "brand:wikipedia": null, "building": null, "source": null, "dispensing": null, "addr:postcode": null, "service_times": null, "grades": null, "operator": "Federal Government", "operator:type": "government", "wikimedia_commons": null, "opening_hours": null, "website": null, "phone": null, "shelter_type": null, "description": null, "atm": null, "addr:street:ar": null, "addr:street:en": null, "addr:street:ur": null, "check_date": null, "addr:housenumber": null, "alt_name": null, "healthcare:speciality": null, "long_name": null, "long_name:ar": null, "long_name:ur": null, "name:ks": null, "name:ml": null, "name:pnb": null, "name:sd": null, "internet_access": null, "air_conditioning": null, "education": null, "area": "yes", "email": null, "name:pa": null, "generator:source": null, "level": null, "power": null, "name:ps": null, "not:name": null, "type": null }, "geometry": { "type": "Polygon", "coordinates": [ [ [ 73.046944, 33.6933018 ], [ 73.0474332, 33.6926519 ], [ 73.0468631, 33.6923525 ], [ 73.0466421, 33.6922365 ], [ 73.0463861, 33.6921021 ], [ 73.0458968, 33.6927519 ], [ 73.046944, 33.6933018 ] ] ] } },
{ "type": "Feature", "properties": { "element": "way", "id": 23510212, "addr:city": "اسلام آباد", "addr:city:ar": "إسلام آباد", "addr:city:en": "Islamabad", "addr:city:ks": "اِسلام آبادٖ", "addr:city:pnb": "اسلام آباد", "addr:city:ps": "اسلام آباد", "addr:city:sd": "اسلام آباد", "addr:city:ur": "اسلام آباد", "addr:street": "Gali 75", "amenity": "place_of_worship", "healthcare": null, "name": "Jilania Masjid", "name:en": null, "denomination": "sunni", "name:ar": null, "name:ur": null, "religion": "muslim", "is_in": null, "created_by": null, "name:de": null, "name:es": null, "name:hi": null, "wikidata": null, "wikipedia": null, "emergency": null, "brand": null, "brand:wikidata": null, "brand:wikipedia": null, "building": null, "source": null, "dispensing": null, "addr:postcode": null, "service_times": null, "grades": null, "operator": null, "operator:type": null, "wikimedia_commons": null, "opening_hours": null, "website": null, "phone": null, "shelter_type": null, "description": null, "atm": null, "addr:street:ar": null, "addr:street:en": null, "addr:street:ur": null, "check_date": null, "addr:housenumber": null, "alt_name": null, "healthcare:speciality": null, "long_name": null, "long_name:ar": null, "long_name:ur": null, "name:ks": null, "name:ml": null, "name:pnb": null, "name:sd": null, "internet_access": null, "air_conditioning": null, "education": null, "area": "yes", "email": null, "name:pa": null, "generator:source": null, "level": null, "power": null, "name:ps": null, "not:name": null, "type": null }, "geometry": { "type": "Polygon", "coordinates": [ [ [ 73.0459757, 33.693282 ], [ 73.0462075, 33.6929607 ], [ 73.0458641, 33.6927893 ], [ 73.0456152, 33.6930892 ], [ 73.0459757, 33.693282 ] ] ] } },
{ "type": "Feature", "properties": { "element": "way", "id": 23510332, "addr:city": "اسلام آباد", "addr:city:ar": "إسلام آباد", "addr:city:en": "Islamabad", "addr:city:ks": "اِسلام آبادٖ", "addr:city:pnb": "اسلام آباد", "addr:city:ps": "اسلام آباد", "addr:city:sd": "اسلام آباد", "addr:city:ur": "اسلام آباد", "addr:street": "Street 13", "amenity": "place_of_worship", "healthcare": null, "name": "Masjid Anwar e Madina", "name:en": null, "denomination": "sunni", "name:ar": null, "name:ur": null, "religion": "muslim", "is_in": null, "created_by": null, "name:de": null, "name:es": null, "name:hi": null, "wikidata": null, "wikipedia": null, "emergency": null, "brand": null, "brand:wikidata": null, "brand:wikipedia": null, "building": "mosque", "source": null, "dispensing": null, "addr:postcode": null, "service_times": null, "grades": null, "operator": null, "operator:type": null, "wikimedia_commons": null, "opening_hours": null, "website": null, "phone": null, "shelter_type": null, "description": null, "atm": null, "addr:street:ar": null, "addr:street:en": null, "addr:street:ur": null, "check_date": null, "addr:housenumber": null, "alt_name": null, "healthcare:speciality": null, "long_name": null, "long_name:ar": null, "long_name:ur": null, "name:ks": null, "name:ml": null, "name:pnb": null, "name:sd": null, "internet_access": null, "air_conditioning": null, "education": null, "area": "yes", "email": null, "name:pa": null, "generator:source": null, "level": null, "power": null, "name:ps": null, "not:name": null, "type": null }, "geometry": { "type": "Polygon", "coordinates": [ [ [ 73.0496546, 33.6890315 ], [ 73.0499165, 33.689169 ], [ 73.0501406, 33.6888735 ], [ 73.0498788, 33.688736 ], [ 73.0496546, 33.6890315 ] ] ] } },
{ "type": "Feature", "properties": { "element": "way", "id": 23538419, "addr:city": null, "addr:city:ar": null, "addr:city:en": null, "addr:city:ks": null, "addr:city:pnb": null, "addr:city:ps": null, "addr:city:sd": null, "addr:city:ur": null, "addr:street": null, "amenity": "place_of_worship", "healthcare": null, "name": null, "name:en": null, "denomination": "sunni", "name:ar": null, "name:ur": null, "religion": "muslim", "is_in": "G-9/2, Islamabad", "created_by": "Potlatch 0.8a", "name:de": null, "name:es": null, "name:hi": null, "wikidata": null, "wikipedia": null, "emergency": null, "brand": null, "brand:wikidata": null, "brand:wikipedia": null, "building": null, "source": null, "dispensing": null, "addr:postcode": null, "service_times": null, "grades": null, "operator": null, "operator:type": null, "wikimedia_commons": null, "opening_hours": null, "website": null, "phone": null, "shelter_type": null, "description": null, "atm": null, "addr:street:ar": null, "addr:street:en": null, "addr:street:ur": null, "check_date": null, "addr:housenumber": null, "alt_name": null, "healthcare:speciality": null, "long_name": null, "long_name:ar": null, "long_name:ur": null, "name:ks": null, "name:ml": null, "name:pnb": null, "name:sd": null, "internet_access": null, "air_conditioning": null, "education": null, "area": "yes", "email": null, "name:pa": null, "generator:source": null, "level": null, "power": null, "name:ps": null, "not:name": null, "type": null }, "geometry": { "type": "Polygon", "coordinates": [ [ [ 73.0291077, 33.6886413 ], [ 73.0286184, 33.6883842 ], [ 73.0284725, 33.688577 ], [ 73.0289618, 33.6888412 ], [ 73.0291077, 33.6886413 ] ] ] } },
{ "type": "Feature", "properties": { "element": "way", "id": 23538647, "addr:city": null, "addr:city:ar": null, "addr:city:en": null, "addr:city:ks": null, "addr:city:pnb": null, "addr:city:ps": null, "addr:city:sd": null, "addr:city:ur": null, "addr:street": "Front of Margala Road", "amenity": "school", "healthcare": null, "name": "National Training Center for Special Persons", "name:en": null, "denomination": null, "name:ar": null, "name:ur": null, "religion": null, "is_in": null, "created_by": null, "name:de": null, "name:es": null, "name:hi": null, "wikidata": null, "wikipedia": null, "emergency": null, "brand": null, "brand:wikidata": null, "brand:wikipedia": null, "building": null, "source": "Local Knowledge", "dispensing": null, "addr:postcode": null, "service_times": null, "grades": null, "operator": null, "operator:type": "government", "wikimedia_commons": null, "opening_hours": null, "website": null, "phone": null, "shelter_type": null, "description": null, "atm": null, "addr:street:ar": null, "addr:street:en": null, "addr:street:ur": null, "check_date": null, "addr:housenumber": null, "alt_name": null, "healthcare:speciality": null, "long_name": null, "long_name:ar": null, "long_name:ur": null, "name:ks": null, "name:ml": null, "name:pnb": null, "name:sd": null, "internet_access": null, "air_conditioning": null, "education": null, "area": null, "email": null, "name:pa": null, "generator:source": null, "level": null, "power": null, "name:ps": null, "not:name": null, "type": null }, "geometry": { "type": "Polygon", "coordinates": [ [ [ 73.0301529, 33.6927882 ], [ 73.0310416, 33.693265 ], [ 73.0314293, 33.6927485 ], [ 73.0305152, 33.6922825 ], [ 73.0301529, 33.6927882 ] ] ] } },
{ "type": "Feature", "properties": { "element": "way", "id": 23539252, "addr:city": null, "addr:city:ar": null, "addr:city:en": null, "addr:city:ks": null, "addr:city:pnb": null, "addr:city:ps": null, "addr:city:sd": null, "addr:city:ur": null, "addr:street": null, "amenity": "school", "healthcare": null, "name": "Federal Government Junior School No. 44", "name:en": null, "denomination": null, "name:ar": null, "name:ur": null, "religion": null, "is_in": "G-8/2, Islamabad", "created_by": null, "name:de": null, "name:es": null, "name:hi": null, "wikidata": null, "wikipedia": null, "emergency": null, "brand": null, "brand:wikidata": null, "brand:wikipedia": null, "building": null, "source": null, "dispensing": null, "addr:postcode": null, "service_times": null, "grades": null, "operator": "Federal Government", "operator:type": "government", "wikimedia_commons": null, "opening_hours": null, "website": null, "phone": null, "shelter_type": null, "description": null, "atm": null, "addr:street:ar": null, "addr:street:en": null, "addr:street:ur": null, "check_date": null, "addr:housenumber": null, "alt_name": null, "healthcare:speciality": null, "long_name": null, "long_name:ar": null, "long_name:ur": null, "name:ks": null, "name:ml": null, "name:pnb": null, "name:sd": null, "internet_access": null, "air_conditioning": null, "education": null, "area": "yes", "email": null, "name:pa": null, "generator:source": null, "level": null, "power": null, "name:ps": null, "not:name": null, "type": null }, "geometry": { "type": "Polygon", "coordinates": [ [ [ 73.0449722, 33.7005425 ], [ 73.0454774, 33.6998604 ], [ 73.0448005, 33.6995214 ], [ 73.0443113, 33.7001926 ], [ 73.0449722, 33.7005425 ] ] ] } },
{ "type": "Feature", "properties": { "element": "way", "id": 23545390, "addr:city": "اسلام آباد", "addr:city:ar": "إسلام آباد", "addr:city:en": "Islamabad", "addr:city:ks": "اِسلام آبادٖ", "addr:city:pnb": "اسلام آباد", "addr:city:ps": "اسلام آباد", "addr:city:sd": "اسلام آباد", "addr:city:ur": "اسلام آباد", "addr:street": "Street 73", "amenity": "place_of_worship", "healthcare": null, "name": "Farooq-e-Azam Masjid", "name:en": null, "denomination": "sunni", "name:ar": null, "name:ur": null, "religion": "muslim", "is_in": null, "created_by": null, "name:de": null, "name:es": null, "name:hi": null, "wikidata": null, "wikipedia": null, "emergency": null, "brand": null, "brand:wikidata": null, "brand:wikipedia": null, "building": null, "source": null, "dispensing": null, "addr:postcode": null, "service_times": null, "grades": null, "operator": null, "operator:type": null, "wikimedia_commons": null, "opening_hours": null, "website": null, "phone": null, "shelter_type": null, "description": null, "atm": null, "addr:street:ar": null, "addr:street:en": null, "addr:street:ur": null, "check_date": null, "addr:housenumber": null, "alt_name": null, "healthcare:speciality": null, "long_name": null, "long_name:ar": null, "long_name:ur": null, "name:ks": null, "name:ml": null, "name:pnb": null, "name:sd": null, "internet_access": null, "air_conditioning": null, "education": null, "area": "yes", "email": null, "name:pa": null, "generator:source": null, "level": null, "power": null, "name:ps": null, "not:name": null, "type": null }, "geometry": { "type": "Polygon", "coordinates": [ [ [ 73.0391034, 33.692598 ], [ 73.0387515, 33.6924123 ], [ 73.0385026, 33.6927623 ], [ 73.0388373, 33.6929265 ], [ 73.0391034, 33.692598 ] ] ] } },
{ "type": "Feature", "properties": { "element": "way", "id": 23609230, "addr:city": null, "addr:city:ar": null, "addr:city:en": null, "addr:city:ks": null, "addr:city:pnb": null, "addr:city:ps": null, "addr:city:sd": null, "addr:city:ur": null, "addr:street": null, "amenity": "place_of_worship", "healthcare": null, "name": null, "name:en": null, "denomination": "sunni", "name:ar": null, "name:ur": null, "religion": "muslim", "is_in": "G-8/2, Islamabad", "created_by": "Potlatch 0.8a", "name:de": null, "name:es": null, "name:hi": null, "wikidata": null, "wikipedia": null, "emergency": null, "brand": null, "brand:wikidata": null, "brand:wikipedia": null, "building": null, "source": null, "dispensing": null, "addr:postcode": null, "service_times": null, "grades": null, "operator": null, "operator:type": null, "wikimedia_commons": null, "opening_hours": null, "website": null, "phone": null, "shelter_type": null, "description": null, "atm": null, "addr:street:ar": null, "addr:street:en": null, "addr:street:ur": null, "check_date": null, "addr:housenumber": null, "alt_name": null, "healthcare:speciality": null, "long_name": null, "long_name:ar": null, "long_name:ur": null, "name:ks": null, "name:ml": null, "name:pnb": null, "name:sd": null, "internet_access": null, "air_conditioning": null, "education": null, "area": "yes", "email": null, "name:pa": null, "generator:source": null, "level": null, "power": null, "name:ps": null, "not:name": null, "type": null }, "geometry": { "type": "Polygon", "coordinates": [ [ [ 73.0442856, 33.7001855 ], [ 73.0445087, 33.6998784 ], [ 73.0442598, 33.6997285 ], [ 73.0440195, 33.7000498 ], [ 73.0442856, 33.7001855 ] ] ] } },
{ "type": "Feature", "properties": { "element": "way", "id": 23620808, "addr:city": "اسلام آباد", "addr:city:ar": "إسلام آباد", "addr:city:en": "Islamabad", "addr:city:ks": "اِسلام آبادٖ", "addr:city:pnb": "اسلام آباد", "addr:city:ps": "اسلام آباد", "addr:city:sd": "اسلام آباد", "addr:city:ur": "اسلام آباد", "addr:street": "Street 8", "amenity": "place_of_worship", "healthcare": null, "name": "Ashra Mubashra Masjid", "name:en": null, "denomination": "sunni", "name:ar": null, "name:ur": null, "religion": "muslim", "is_in": null, "created_by": null, "name:de": null, "name:es": null, "name:hi": null, "wikidata": null, "wikipedia": null, "emergency": null, "brand": null, "brand:wikidata": null, "brand:wikipedia": null, "building": null, "source": null, "dispensing": null, "addr:postcode": null, "service_times": null, "grades": null, "operator": null, "operator:type": null, "wikimedia_commons": null, "opening_hours": null, "website": null, "phone": null, "shelter_type": null, "description": null, "atm": null, "addr:street:ar": null, "addr:street:en": null, "addr:street:ur": null, "check_date": null, "addr:housenumber": null, "alt_name": null, "healthcare:speciality": null, "long_name": null, "long_name:ar": null, "long_name:ur": null, "name:ks": null, "name:ml": null, "name:pnb": null, "name:sd": null, "internet_access": null, "air_conditioning": null, "education": null, "area": "yes", "email": null, "name:pa": null, "generator:source": null, "level": null, "power": null, "name:ps": null, "not:name": null, "type": null }, "geometry": { "type": "Polygon", "coordinates": [ [ [ 73.0404931, 33.6967354 ], [ 73.0408391, 33.6968991 ], [ 73.0409712, 33.6967055 ], [ 73.040631, 33.6965417 ], [ 73.0404931, 33.6967354 ] ] ] } },
{ "type": "Feature", "properties": { "element": "way", "id": 23621019, "addr:city": "اسلام آباد", "addr:city:ar": "إسلام آباد", "addr:city:en": "Islamabad", "addr:city:ks": "اِسلام آبادٖ", "addr:city:pnb": "اسلام آباد", "addr:city:ps": "اسلام آباد", "addr:city:sd": "اسلام آباد", "addr:city:ur": "اسلام آباد", "addr:street": "Street 29", "amenity": "college", "healthcare": null, "name": "Islamabad Model College for Girls G-8/4", "name:en": null, "denomination": null, "name:ar": null, "name:ur": null, "religion": null, "is_in": null, "created_by": null, "name:de": null, "name:es": null, "name:hi": null, "wikidata": null, "wikipedia": null, "emergency": null, "brand": null, "brand:wikidata": null, "brand:wikipedia": null, "building": null, "source": null, "dispensing": null, "addr:postcode": null, "service_times": null, "grades": null, "operator": "Federal Government", "operator:type": "government", "wikimedia_commons": null, "opening_hours": null, "website": null, "phone": null, "shelter_type": null, "description": null, "atm": null, "addr:street:ar": null, "addr:street:en": null, "addr:street:ur": null, "check_date": null, "addr:housenumber": null, "alt_name": null, "healthcare:speciality": null, "long_name": null, "long_name:ar": null, "long_name:ur": null, "name:ks": null, "name:ml": null, "name:pnb": null, "name:sd": null, "internet_access": null, "air_conditioning": null, "education": null, "area": null, "email": null, "name:pa": null, "generator:source": null, "level": null, "power": null, "name:ps": null, "not:name": null, "type": null }, "geometry": { "type": "Polygon", "coordinates": [ [ [ 73.0571016, 33.6966644 ], [ 73.0567014, 33.6965029 ], [ 73.0564546, 33.6963754 ], [ 73.0563464, 33.6954957 ], [ 73.056481, 33.6953703 ], [ 73.0570408, 33.6956089 ], [ 73.0576674, 33.6959302 ], [ 73.0571016, 33.6966644 ] ] ] } },
{ "type": "Feature", "properties": { "element": "way", "id": 23624848, "addr:city": "اسلام آباد", "addr:city:ar": "إسلام آباد", "addr:city:en": "Islamabad", "addr:city:ks": "اِسلام آبادٖ", "addr:city:pnb": "اسلام آباد", "addr:city:ps": "اسلام آباد", "addr:city:sd": "اسلام آباد", "addr:city:ur": "اسلام آباد", "addr:street": "Street 26", "amenity": "school", "healthcare": null, "name": "Federal Government Boys Higher Secondary School G-8/4", "name:en": null, "denomination": null, "name:ar": null, "name:ur": null, "religion": null, "is_in": null, "created_by": null, "name:de": null, "name:es": null, "name:hi": null, "wikidata": null, "wikipedia": null, "emergency": null, "brand": null, "brand:wikidata": null, "brand:wikipedia": null, "building": null, "source": null, "dispensing": null, "addr:postcode": null, "service_times": null, "grades": null, "operator": "Federal Government", "operator:type": "government", "wikimedia_commons": null, "opening_hours": null, "website": null, "phone": null, "shelter_type": null, "description": null, "atm": null, "addr:street:ar": null, "addr:street:en": null, "addr:street:ur": null, "check_date": null, "addr:housenumber": null, "alt_name": null, "healthcare:speciality": null, "long_name": null, "long_name:ar": null, "long_name:ur": null, "name:ks": null, "name:ml": null, "name:pnb": null, "name:sd": null, "internet_access": null, "air_conditioning": null, "education": null, "area": "yes", "email": null, "name:pa": null, "generator:source": null, "level": null, "power": null, "name:ps": null, "not:name": null, "type": null }, "geometry": { "type": "Polygon", "coordinates": [ [ [ 73.0569451, 33.6935515 ], [ 73.0579428, 33.694035 ], [ 73.0578385, 33.6941986 ], [ 73.0584308, 33.6945057 ], [ 73.0591702, 33.6935708 ], [ 73.0575466, 33.6927211 ], [ 73.0569451, 33.6935515 ] ] ] } },
{ "type": "Feature", "properties": { "element": "way", "id": 23624865, "addr:city": null, "addr:city:ar": null, "addr:city:en": null, "addr:city:ks": null, "addr:city:pnb": null, "addr:city:ps": null, "addr:city:sd": null, "addr:city:ur": null, "addr:street": null, "amenity": "school", "healthcare": null, "name": "FG Junior Model School G-/8/4", "name:en": null, "denomination": null, "name:ar": null, "name:ur": null, "religion": null, "is_in": "G-8/4, Islamabad", "created_by": null, "name:de": null, "name:es": null, "name:hi": null, "wikidata": null, "wikipedia": null, "emergency": null, "brand": null, "brand:wikidata": null, "brand:wikipedia": null, "building": null, "source": null, "dispensing": null, "addr:postcode": null, "service_times": null, "grades": null, "operator": null, "operator:type": null, "wikimedia_commons": null, "opening_hours": null, "website": null, "phone": null, "shelter_type": null, "description": null, "atm": null, "addr:street:ar": null, "addr:street:en": null, "addr:street:ur": null, "check_date": null, "addr:housenumber": null, "alt_name": null, "healthcare:speciality": null, "long_name": null, "long_name:ar": null, "long_name:ur": null, "name:ks": null, "name:ml": null, "name:pnb": null, "name:sd": null, "internet_access": null, "air_conditioning": null, "education": null, "area": "yes", "email": null, "name:pa": null, "generator:source": null, "level": null, "power": null, "name:ps": null, "not:name": null, "type": null }, "geometry": { "type": "Polygon", "coordinates": [ [ [ 73.0536807, 33.6962496 ], [ 73.0542386, 33.6965139 ], [ 73.0547107, 33.6958854 ], [ 73.0547364, 33.695814 ], [ 73.0541785, 33.6955427 ], [ 73.0536807, 33.6962496 ] ] ] } },
{ "type": "Feature", "properties": { "element": "way", "id": 23624877, "addr:city": "اسلام آباد", "addr:city:ar": "إسلام آباد", "addr:city:en": "Islamabad", "addr:city:ks": "اِسلام آبادٖ", "addr:city:pnb": "اسلام آباد", "addr:city:ps": "اسلام آباد", "addr:city:sd": "اسلام آباد", "addr:city:ur": "اسلام آباد", "addr:street": "Street 26", "amenity": "school", "healthcare": null, "name": "Federal Government Girls Model Middle School", "name:en": null, "denomination": null, "name:ar": null, "name:ur": null, "religion": null, "is_in": null, "created_by": null, "name:de": null, "name:es": null, "name:hi": null, "wikidata": null, "wikipedia": null, "emergency": null, "brand": null, "brand:wikidata": null, "brand:wikipedia": null, "building": null, "source": null, "dispensing": null, "addr:postcode": null, "service_times": null, "grades": null, "operator": "Federal Government", "operator:type": "government", "wikimedia_commons": null, "opening_hours": null, "website": null, "phone": null, "shelter_type": null, "description": null, "atm": null, "addr:street:ar": null, "addr:street:en": null, "addr:street:ur": null, "check_date": null, "addr:housenumber": null, "alt_name": null, "healthcare:speciality": null, "long_name": null, "long_name:ar": null, "long_name:ur": null, "name:ks": null, "name:ml": null, "name:pnb": null, "name:sd": null, "internet_access": null, "air_conditioning": null, "education": null, "area": "yes", "email": null, "name:pa": null, "generator:source": null, "level": null, "power": null, "name:ps": null, "not:name": null, "type": null }, "geometry": { "type": "Polygon", "coordinates": [ [ [ 73.0585976, 33.6944138 ], [ 73.0596533, 33.6949708 ], [ 73.0600309, 33.6944495 ], [ 73.0589924, 33.6939068 ], [ 73.0585976, 33.6944138 ] ] ] } },
{ "type": "Feature", "properties": { "element": "way", "id": 23624906, "addr:city": "اسلام آباد", "addr:city:ar": "إسلام آباد", "addr:city:en": "Islamabad", "addr:city:ks": "اِسلام آبادٖ", "addr:city:pnb": "اسلام آباد", "addr:city:ps": "اسلام آباد", "addr:city:sd": "اسلام آباد", "addr:city:ur": "اسلام آباد", "addr:street": "Street 27", "amenity": "place_of_worship", "healthcare": null, "name": "Jamia Masjid As-Siddiq", "name:en": null, "denomination": "sunni", "name:ar": null, "name:ur": null, "religion": "muslim", "is_in": null, "created_by": null, "name:de": null, "name:es": null, "name:hi": null, "wikidata": null, "wikipedia": null, "emergency": null, "brand": null, "brand:wikidata": null, "brand:wikipedia": null, "building": null, "source": null, "dispensing": null, "addr:postcode": null, "service_times": null, "grades": null, "operator": null, "operator:type": null, "wikimedia_commons": null, "opening_hours": null, "website": null, "phone": null, "shelter_type": null, "description": null, "atm": null, "addr:street:ar": null, "addr:street:en": null, "addr:street:ur": null, "check_date": null, "addr:housenumber": null, "alt_name": null, "healthcare:speciality": null, "long_name": null, "long_name:ar": null, "long_name:ur": null, "name:ks": null, "name:ml": null, "name:pnb": null, "name:sd": null, "internet_access": null, "air_conditioning": null, "education": null, "area": "yes", "email": null, "name:pa": null, "generator:source": null, "level": null, "power": null, "name:ps": null, "not:name": null, "type": null }, "geometry": { "type": "Polygon", "coordinates": [ [ [ 73.0591297, 33.6956778 ], [ 73.0595074, 33.6958563 ], [ 73.0596705, 33.6956206 ], [ 73.059473, 33.6955135 ], [ 73.059516, 33.6954421 ], [ 73.0593529, 33.6953564 ], [ 73.0591297, 33.6956778 ] ] ] } },
{ "type": "Feature", "properties": { "element": "way", "id": 23624926, "addr:city": "اسلام آباد", "addr:city:ar": "إسلام آباد", "addr:city:en": "Islamabad", "addr:city:ks": "اِسلام آبادٖ", "addr:city:pnb": "اسلام آباد", "addr:city:ps": "اسلام آباد", "addr:city:sd": "اسلام آباد", "addr:city:ur": "اسلام آباد", "addr:street": "Street 30", "amenity": "school", "healthcare": null, "name": "Islamabad Model School G-8/4", "name:en": null, "denomination": null, "name:ar": null, "name:ur": null, "religion": null, "is_in": null, "created_by": null, "name:de": null, "name:es": null, "name:hi": null, "wikidata": null, "wikipedia": null, "emergency": null, "brand": null, "brand:wikidata": null, "brand:wikipedia": null, "building": null, "source": null, "dispensing": null, "addr:postcode": null, "service_times": null, "grades": null, "operator": "Federal Government", "operator:type": "government", "wikimedia_commons": null, "opening_hours": null, "website": null, "phone": null, "shelter_type": null, "description": null, "atm": null, "addr:street:ar": null, "addr:street:en": null, "addr:street:ur": null, "check_date": null, "addr:housenumber": null, "alt_name": null, "healthcare:speciality": null, "long_name": null, "long_name:ar": null, "long_name:ur": null, "name:ks": null, "name:ml": null, "name:pnb": null, "name:sd": null, "internet_access": null, "air_conditioning": null, "education": null, "area": "yes", "email": null, "name:pa": null, "generator:source": null, "level": null, "power": null, "name:ps": null, "not:name": null, "type": null }, "geometry": { "type": "Polygon", "coordinates": [ [ [ 73.059885, 33.6975987 ], [ 73.0589066, 33.6970845 ], [ 73.0584431, 33.6977344 ], [ 73.0594387, 33.6982342 ], [ 73.059885, 33.6975987 ] ] ] } },
{ "type": "Feature", "properties": { "element": "way", "id": 23626682, "addr:city": "اسلام آباد", "addr:city:ar": "إسلام آباد", "addr:city:en": "Islamabad", "addr:city:ks": "اِسلام آبادٖ", "addr:city:pnb": "اسلام آباد", "addr:city:ps": "اسلام آباد", "addr:city:sd": "اسلام آباد", "addr:city:ur": "اسلام آباد", "addr:street": "Street 92", "amenity": "police", "healthcare": null, "name": "Aabpara Police Station", "name:en": null, "denomination": null, "name:ar": null, "name:ur": null, "religion": null, "is_in": null, "created_by": null, "name:de": null, "name:es": null, "name:hi": null, "wikidata": null, "wikipedia": null, "emergency": null, "brand": null, "brand:wikidata": null, "brand:wikipedia": null, "building": "yes", "source": null, "dispensing": null, "addr:postcode": null, "service_times": null, "grades": null, "operator": null, "operator:type": null, "wikimedia_commons": null, "opening_hours": null, "website": null, "phone": null, "shelter_type": null, "description": null, "atm": null, "addr:street:ar": null, "addr:street:en": null, "addr:street:ur": null, "check_date": null, "addr:housenumber": null, "alt_name": null, "healthcare:speciality": null, "long_name": null, "long_name:ar": null, "long_name:ur": null, "name:ks": null, "name:ml": null, "name:pnb": null, "name:sd": null, "internet_access": null, "air_conditioning": null, "education": null, "area": null, "email": null, "name:pa": null, "generator:source": null, "level": null, "power": null, "name:ps": null, "not:name": null, "type": null }, "geometry": { "type": "Polygon", "coordinates": [ [ [ 73.0842255, 33.7173669 ], [ 73.0846804, 33.7176096 ], [ 73.0844401, 33.7179309 ], [ 73.0841608, 33.717789 ], [ 73.0839766, 33.7176953 ], [ 73.0842255, 33.7173669 ] ] ] } },
{ "type": "Feature", "properties": { "element": "way", "id": 23635809, "addr:city": "اسلام آباد", "addr:city:ar": "إسلام آباد", "addr:city:en": "Islamabad", "addr:city:ks": "اِسلام آبادٖ", "addr:city:pnb": "اسلام آباد", "addr:city:ps": "اسلام آباد", "addr:city:sd": "اسلام آباد", "addr:city:ur": "اسلام آباد", "addr:street": "Street 18", "amenity": "hospital", "healthcare": "hospital", "name": "CDA Hospital", "name:en": null, "denomination": null, "name:ar": null, "name:ur": null, "religion": null, "is_in": null, "created_by": null, "name:de": null, "name:es": null, "name:hi": null, "wikidata": null, "wikipedia": null, "emergency": null, "brand": null, "brand:wikidata": null, "brand:wikipedia": null, "building": null, "source": null, "dispensing": null, "addr:postcode": null, "service_times": null, "grades": null, "operator": null, "operator:type": null, "wikimedia_commons": null, "opening_hours": null, "website": null, "phone": null, "shelter_type": null, "description": null, "atm": null, "addr:street:ar": null, "addr:street:en": null, "addr:street:ur": null, "check_date": null, "addr:housenumber": null, "alt_name": null, "healthcare:speciality": null, "long_name": null, "long_name:ar": null, "long_name:ur": null, "name:ks": null, "name:ml": null, "name:pnb": null, "name:sd": null, "internet_access": null, "air_conditioning": null, "education": null, "area": null, "email": null, "name:pa": null, "generator:source": null, "level": null, "power": null, "name:ps": null, "not:name": null, "type": null }, "geometry": { "type": "Polygon", "coordinates": [ [ [ 73.0789216, 33.7164058 ], [ 73.0806725, 33.7173625 ], [ 73.0810759, 33.7168128 ], [ 73.0793078, 33.7158989 ], [ 73.0789216, 33.7164058 ] ] ] } },
{ "type": "Feature", "properties": { "element": "way", "id": 23678587, "addr:city": "Islamabad", "addr:city:ar": "إسلام آباد", "addr:city:en": "Islamabad", "addr:city:ks": "اِسلام آبادٖ", "addr:city:pnb": "اسلام آباد", "addr:city:ps": "اسلام آباد", "addr:city:sd": "اسلام آباد", "addr:city:ur": "اسلام آباد", "addr:street": "Link Street", "amenity": "college", "healthcare": null, "name": null, "name:en": null, "denomination": null, "name:ar": null, "name:ur": null, "religion": null, "is_in": null, "created_by": null, "name:de": null, "name:es": null, "name:hi": null, "wikidata": null, "wikipedia": null, "emergency": null, "brand": null, "brand:wikidata": null, "brand:wikipedia": null, "building": null, "source": null, "dispensing": null, "addr:postcode": null, "service_times": null, "grades": null, "operator": "Federal Government", "operator:type": null, "wikimedia_commons": null, "opening_hours": null, "website": null, "phone": null, "shelter_type": null, "description": null, "atm": null, "addr:street:ar": null, "addr:street:en": null, "addr:street:ur": null, "check_date": null, "addr:housenumber": null, "alt_name": null, "healthcare:speciality": null, "long_name": null, "long_name:ar": null, "long_name:ur": null, "name:ks": null, "name:ml": null, "name:pnb": null, "name:sd": null, "internet_access": null, "air_conditioning": null, "education": null, "area": null, "email": null, "name:pa": null, "generator:source": null, "level": null, "power": null, "name:ps": null, "not:name": null, "type": null }, "geometry": { "type": "Polygon", "coordinates": [ [ [ 73.0192708, 33.6784921 ], [ 73.020275, 33.6790063 ], [ 73.0187386, 33.6810276 ], [ 73.0184125, 33.6807491 ], [ 73.0181035, 33.6804634 ], [ 73.017846, 33.6801991 ], [ 73.0175542, 33.6798206 ], [ 73.0173911, 33.6796063 ], [ 73.0192708, 33.6784921 ] ] ] } },
{ "type": "Feature", "properties": { "element": "way", "id": 23734684, "addr:city": "Islamabad", "addr:city:ar": "إسلام آباد", "addr:city:en": "Islamabad", "addr:city:ks": "اِسلام آبادٖ", "addr:city:pnb": "اسلام آباد", "addr:city:ps": "اسلام آباد", "addr:city:sd": "اسلام آباد", "addr:city:ur": "اسلام آباد", "addr:street": "Gali 66", "amenity": "school", "healthcare": null, "name": null, "name:en": null, "denomination": null, "name:ar": null, "name:ur": null, "religion": null, "is_in": null, "created_by": null, "name:de": null, "name:es": null, "name:hi": null, "wikidata": null, "wikipedia": null, "emergency": null, "brand": null, "brand:wikidata": null, "brand:wikipedia": null, "building": null, "source": null, "dispensing": null, "addr:postcode": null, "service_times": null, "grades": null, "operator": "Federal Government", "operator:type": null, "wikimedia_commons": null, "opening_hours": null, "website": null, "phone": null, "shelter_type": null, "description": null, "atm": null, "addr:street:ar": null, "addr:street:en": null, "addr:street:ur": null, "check_date": null, "addr:housenumber": null, "alt_name": null, "healthcare:speciality": null, "long_name": null, "long_name:ar": null, "long_name:ur": null, "name:ks": null, "name:ml": null, "name:pnb": null, "name:sd": null, "internet_access": null, "air_conditioning": null, "education": null, "area": null, "email": null, "name:pa": null, "generator:source": null, "level": null, "power": null, "name:ps": null, "not:name": null, "type": null }, "geometry": { "type": "Polygon", "coordinates": [ [ [ 73.0234535, 33.6778007 ], [ 73.0238569, 33.678015 ], [ 73.0244829, 33.6771398 ], [ 73.0240629, 33.676915 ], [ 73.0234535, 33.6778007 ] ] ] } },
{ "type": "Feature", "properties": { "element": "way", "id": 23759232, "addr:city": "اسلام آباد", "addr:city:ar": "إسلام آباد", "addr:city:en": null, "addr:city:ks": "اِسلام آبادٖ", "addr:city:pnb": "اسلام آباد", "addr:city:ps": "اسلام آباد", "addr:city:sd": "اسلام آباد", "addr:city:ur": "اسلام آباد", "addr:street": "گلی 46", "amenity": "school", "healthcare": null, "name": "G-7/2 ایف جی گرلز ماڈل اسکول", "name:en": "Federal Government Girls Model School G-7/2", "denomination": null, "name:ar": null, "name:ur": "G-7/2 ایف جی گرلز ماڈل اسکول", "religion": null, "is_in": null, "created_by": null, "name:de": null, "name:es": null, "name:hi": null, "wikidata": null, "wikipedia": null, "emergency": null, "brand": null, "brand:wikidata": null, "brand:wikipedia": null, "building": null, "source": null, "dispensing": null, "addr:postcode": null, "service_times": null, "grades": null, "operator": null, "operator:type": null, "wikimedia_commons": null, "opening_hours": null, "website": null, "phone": null, "shelter_type": null, "description": null, "atm": null, "addr:street:ar": null, "addr:street:en": null, "addr:street:ur": null, "check_date": null, "addr:housenumber": null, "alt_name": null, "healthcare:speciality": null, "long_name": null, "long_name:ar": null, "long_name:ur": null, "name:ks": null, "name:ml": null, "name:pnb": null, "name:sd": null, "internet_access": null, "air_conditioning": null, "education": null, "area": "yes", "email": null, "name:pa": null, "generator:source": null, "level": null, "power": null, "name:ps": null, "not:name": null, "type": null }, "geometry": { "type": "Polygon", "coordinates": [ [ [ 73.0636008, 33.7045377 ], [ 73.0634908, 33.7038527 ], [ 73.0644127, 33.7033718 ], [ 73.0652771, 33.7038203 ], [ 73.0651288, 33.70418 ], [ 73.0650795, 33.7042715 ], [ 73.0645927, 33.7046679 ], [ 73.0645021, 33.7046118 ], [ 73.0643522, 33.7047466 ], [ 73.0644275, 33.7047984 ], [ 73.0643365, 33.7048635 ], [ 73.0636768, 33.705796 ], [ 73.0628991, 33.7054305 ], [ 73.0636008, 33.7045377 ] ] ] } },
{ "type": "Feature", "properties": { "element": "way", "id": 23893890, "addr:city": null, "addr:city:ar": null, "addr:city:en": null, "addr:city:ks": null, "addr:city:pnb": null, "addr:city:ps": null, "addr:city:sd": null, "addr:city:ur": null, "addr:street": null, "amenity": "college", "healthcare": null, "name": null, "name:en": null, "denomination": null, "name:ar": null, "name:ur": null, "religion": null, "is_in": null, "created_by": "Potlatch 0.10b", "name:de": null, "name:es": null, "name:hi": null, "wikidata": null, "wikipedia": null, "emergency": null, "brand": null, "brand:wikidata": null, "brand:wikipedia": null, "building": null, "source": null, "dispensing": null, "addr:postcode": null, "service_times": null, "grades": null, "operator": null, "operator:type": null, "wikimedia_commons": null, "opening_hours": null, "website": null, "phone": null, "shelter_type": null, "description": null, "atm": null, "addr:street:ar": null, "addr:street:en": null, "addr:street:ur": null, "check_date": null, "addr:housenumber": null, "alt_name": null, "healthcare:speciality": null, "long_name": null, "long_name:ar": null, "long_name:ur": null, "name:ks": null, "name:ml": null, "name:pnb": null, "name:sd": null, "internet_access": null, "air_conditioning": null, "education": null, "area": "yes", "email": null, "name:pa": null, "generator:source": null, "level": null, "power": null, "name:ps": null, "not:name": null, "type": null }, "geometry": { "type": "Polygon", "coordinates": [ [ [ 73.0732169, 33.6719902 ], [ 73.0724702, 33.6715688 ], [ 73.072865, 33.671033 ], [ 73.0736289, 33.6714331 ], [ 73.0732169, 33.6719902 ] ] ] } },
{ "type": "Feature", "properties": { "element": "way", "id": 25000803, "addr:city": null, "addr:city:ar": null, "addr:city:en": null, "addr:city:ks": null, "addr:city:pnb": null, "addr:city:ps": null, "addr:city:sd": null, "addr:city:ur": null, "addr:street": null, "amenity": "school", "healthcare": null, "name": "OPF Foundation School", "name:en": null, "denomination": null, "name:ar": null, "name:ur": null, "religion": null, "is_in": null, "created_by": null, "name:de": null, "name:es": null, "name:hi": null, "wikidata": null, "wikipedia": null, "emergency": null, "brand": null, "brand:wikidata": null, "brand:wikipedia": null, "building": null, "source": null, "dispensing": null, "addr:postcode": null, "service_times": null, "grades": null, "operator": null, "operator:type": null, "wikimedia_commons": null, "opening_hours": null, "website": null, "phone": null, "shelter_type": null, "description": null, "atm": null, "addr:street:ar": null, "addr:street:en": null, "addr:street:ur": null, "check_date": null, "addr:housenumber": null, "alt_name": null, "healthcare:speciality": null, "long_name": null, "long_name:ar": null, "long_name:ur": null, "name:ks": null, "name:ml": null, "name:pnb": null, "name:sd": null, "internet_access": null, "air_conditioning": null, "education": null, "area": null, "email": null, "name:pa": null, "generator:source": null, "level": null, "power": null, "name:ps": null, "not:name": null, "type": null }, "geometry": { "type": "Polygon", "coordinates": [ [ [ 73.069104, 33.6825752 ], [ 73.0706575, 33.6834323 ], [ 73.0713699, 33.6824538 ], [ 73.0693872, 33.6813896 ], [ 73.06937, 33.6821467 ], [ 73.069104, 33.6825752 ] ] ] } },
{ "type": "Feature", "properties": { "element": "way", "id": 25000809, "addr:city": "Islamabad", "addr:city:ar": null, "addr:city:en": null, "addr:city:ks": null, "addr:city:pnb": null, "addr:city:ps": null, "addr:city:sd": null, "addr:city:ur": null, "addr:street": "Jaffer Khan Jamali Rd, H-8/4, Islamabad, Islamabad Capital Territory, Pakistan", "amenity": "school", "healthcare": null, "name": "Islamabad Convent School", "name:en": null, "denomination": null, "name:ar": null, "name:ur": null, "religion": null, "is_in": null, "created_by": null, "name:de": null, "name:es": null, "name:hi": null, "wikidata": null, "wikipedia": null, "emergency": null, "brand": null, "brand:wikidata": null, "brand:wikipedia": null, "building": "school", "source": null, "dispensing": null, "addr:postcode": null, "service_times": null, "grades": null, "operator": null, "operator:type": null, "wikimedia_commons": null, "opening_hours": null, "website": "https://icsh84.blogspot.com/", "phone": null, "shelter_type": null, "description": null, "atm": null, "addr:street:ar": null, "addr:street:en": null, "addr:street:ur": null, "check_date": null, "addr:housenumber": null, "alt_name": null, "healthcare:speciality": null, "long_name": null, "long_name:ar": null, "long_name:ur": null, "name:ks": null, "name:ml": null, "name:pnb": null, "name:sd": null, "internet_access": null, "air_conditioning": null, "education": null, "area": null, "email": null, "name:pa": null, "generator:source": null, "level": null, "power": null, "name:ps": null, "not:name": null, "type": null }, "geometry": { "type": "Polygon", "coordinates": [ [ [ 73.0703313, 33.6817182 ], [ 73.0714815, 33.6823253 ], [ 73.0721424, 33.6813968 ], [ 73.0710008, 33.6807897 ], [ 73.0703313, 33.6817182 ] ] ] } },
{ "type": "Feature", "properties": { "element": "way", "id": 25603881, "addr:city": null, "addr:city:ar": null, "addr:city:en": null, "addr:city:ks": null, "addr:city:pnb": null, "addr:city:ps": null, "addr:city:sd": null, "addr:city:ur": null, "addr:street": null, "amenity": "school", "healthcare": null, "name": "Islamabad Model Primary School F-7/1", "name:en": null, "denomination": null, "name:ar": null, "name:ur": null, "religion": null, "is_in": "F-7/1, Islamabad", "created_by": null, "name:de": null, "name:es": null, "name:hi": null, "wikidata": null, "wikipedia": null, "emergency": null, "brand": null, "brand:wikidata": null, "brand:wikipedia": null, "building": null, "source": null, "dispensing": null, "addr:postcode": null, "service_times": null, "grades": null, "operator": "Federal Government", "operator:type": "government", "wikimedia_commons": null, "opening_hours": null, "website": null, "phone": null, "shelter_type": null, "description": null, "atm": null, "addr:street:ar": null, "addr:street:en": null, "addr:street:ur": null, "check_date": null, "addr:housenumber": null, "alt_name": null, "healthcare:speciality": null, "long_name": null, "long_name:ar": null, "long_name:ur": null, "name:ks": null, "name:ml": null, "name:pnb": null, "name:sd": null, "internet_access": null, "air_conditioning": null, "education": null, "area": "yes", "email": null, "name:pa": null, "generator:source": null, "level": null, "power": null, "name:ps": null, "not:name": null, "type": null }, "geometry": { "type": "Polygon", "coordinates": [ [ [ 73.0529874, 33.7148213 ], [ 73.0541718, 33.7154282 ], [ 73.0547726, 33.7146285 ], [ 73.0536311, 33.7140074 ], [ 73.0529874, 33.7148213 ] ] ] } },
{ "type": "Feature", "properties": { "element": "way", "id": 118915883, "addr:city": "اسلام آباد", "addr:city:ar": "إسلام آباد", "addr:city:en": "Islamabad", "addr:city:ks": "اِسلام آبادٖ", "addr:city:pnb": "اسلام آباد", "addr:city:ps": "اسلام آباد", "addr:city:sd": "اسلام آباد", "addr:city:ur": "اسلام آباد", "addr:street": "Rohtas Road", "amenity": "university", "healthcare": null, "name": "FAST-NU HQ", "name:en": null, "denomination": null, "name:ar": null, "name:ur": null, "religion": null, "is_in": null, "created_by": null, "name:de": null, "name:es": null, "name:hi": null, "wikidata": null, "wikipedia": null, "emergency": null, "brand": null, "brand:wikidata": null, "brand:wikipedia": null, "building": null, "source": null, "dispensing": null, "addr:postcode": null, "service_times": null, "grades": null, "operator": null, "operator:type": null, "wikimedia_commons": null, "opening_hours": null, "website": null, "phone": null, "shelter_type": null, "description": null, "atm": null, "addr:street:ar": null, "addr:street:en": null, "addr:street:ur": null, "check_date": null, "addr:housenumber": null, "alt_name": null, "healthcare:speciality": null, "long_name": null, "long_name:ar": null, "long_name:ur": null, "name:ks": null, "name:ml": null, "name:pnb": null, "name:sd": null, "internet_access": null, "air_conditioning": null, "education": null, "area": null, "email": null, "name:pa": null, "generator:source": null, "level": null, "power": null, "name:ps": null, "not:name": null, "type": null }, "geometry": { "type": "Polygon", "coordinates": [ [ [ 73.0369572, 33.6811264 ], [ 73.0371653, 33.6812472 ], [ 73.037341, 33.6810375 ], [ 73.0371329, 33.6809167 ], [ 73.0369572, 33.6811264 ] ] ] } },
{ "type": "Feature", "properties": { "element": "way", "id": 154970822, "addr:city": "اسلام آباد", "addr:city:ar": "إسلام آباد", "addr:city:en": "Islamabad", "addr:city:ks": "اِسلام آبادٖ", "addr:city:pnb": "اسلام آباد", "addr:city:ps": "اسلام آباد", "addr:city:sd": "اسلام آباد", "addr:city:ur": "اسلام آباد", "addr:street": "Street 31", "amenity": "school", "healthcare": null, "name": "Federal Government Primary Model School G-7/1", "name:en": null, "denomination": null, "name:ar": null, "name:ur": null, "religion": null, "is_in": null, "created_by": null, "name:de": null, "name:es": null, "name:hi": null, "wikidata": null, "wikipedia": null, "emergency": null, "brand": null, "brand:wikidata": null, "brand:wikipedia": null, "building": null, "source": null, "dispensing": null, "addr:postcode": null, "service_times": null, "grades": "1-5", "operator": null, "operator:type": null, "wikimedia_commons": null, "opening_hours": null, "website": null, "phone": null, "shelter_type": null, "description": null, "atm": null, "addr:street:ar": null, "addr:street:en": null, "addr:street:ur": null, "check_date": null, "addr:housenumber": null, "alt_name": null, "healthcare:speciality": null, "long_name": null, "long_name:ar": null, "long_name:ur": null, "name:ks": null, "name:ml": null, "name:pnb": null, "name:sd": null, "internet_access": null, "air_conditioning": null, "education": null, "area": null, "email": null, "name:pa": null, "generator:source": null, "level": null, "power": null, "name:ps": null, "not:name": null, "type": null }, "geometry": { "type": "Polygon", "coordinates": [ [ [ 73.0689551, 33.7015057 ], [ 73.0697826, 33.7004451 ], [ 73.0688119, 33.6999624 ], [ 73.068004, 33.7009896 ], [ 73.0689551, 33.7015057 ] ] ] } },
{ "type": "Feature", "properties": { "element": "way", "id": 154970824, "addr:city": "اسلام آباد", "addr:city:ar": "إسلام آباد", "addr:city:en": "Islamabad", "addr:city:ks": "اِسلام آبادٖ", "addr:city:pnb": "اسلام آباد", "addr:city:ps": "اسلام آباد", "addr:city:sd": "اسلام آباد", "addr:city:ur": "اسلام آباد", "addr:street": "Street 33", "amenity": "school", "healthcare": null, "name": "Federal Government Girls Secondary School # 7", "name:en": "Islamabad Model School for Girls G-7/1", "denomination": null, "name:ar": null, "name:ur": null, "religion": null, "is_in": null, "created_by": null, "name:de": null, "name:es": null, "name:hi": null, "wikidata": null, "wikipedia": null, "emergency": null, "brand": null, "brand:wikidata": null, "brand:wikipedia": null, "building": null, "source": null, "dispensing": null, "addr:postcode": null, "service_times": null, "grades": null, "operator": "Federal Government", "operator:type": "government", "wikimedia_commons": null, "opening_hours": null, "website": null, "phone": null, "shelter_type": null, "description": null, "atm": null, "addr:street:ar": null, "addr:street:en": null, "addr:street:ur": null, "check_date": null, "addr:housenumber": null, "alt_name": null, "healthcare:speciality": null, "long_name": null, "long_name:ar": null, "long_name:ur": null, "name:ks": null, "name:ml": null, "name:pnb": null, "name:sd": null, "internet_access": null, "air_conditioning": null, "education": null, "area": null, "email": null, "name:pa": null, "generator:source": null, "level": null, "power": null, "name:ps": null, "not:name": null, "type": null }, "geometry": { "type": "Polygon", "coordinates": [ [ [ 73.0691026, 33.7015827 ], [ 73.0715059, 33.7027876 ], [ 73.0722783, 33.7017969 ], [ 73.0699824, 33.7005651 ], [ 73.0691026, 33.7015827 ] ] ] } },
{ "type": "Feature", "properties": { "element": "way", "id": 158532159, "addr:city": "اسلام آباد", "addr:city:ar": "إسلام آباد", "addr:city:en": null, "addr:city:ks": "اِسلام آبادٖ", "addr:city:pnb": "اسلام آباد", "addr:city:ps": "اسلام آباد", "addr:city:sd": "اسلام آباد", "addr:city:ur": "اسلام آباد", "addr:street": "اسٹریٹ 30", "amenity": "university", "healthcare": null, "name": "وفاقی جامعہ اردو", "name:en": "Federal Urdu University", "denomination": null, "name:ar": null, "name:ur": "وفاقی جامعہ اردو", "religion": null, "is_in": null, "created_by": null, "name:de": null, "name:es": null, "name:hi": null, "wikidata": null, "wikipedia": null, "emergency": null, "brand": null, "brand:wikidata": null, "brand:wikipedia": null, "building": null, "source": null, "dispensing": null, "addr:postcode": null, "service_times": null, "grades": null, "operator": null, "operator:type": null, "wikimedia_commons": null, "opening_hours": null, "website": null, "phone": null, "shelter_type": null, "description": null, "atm": null, "addr:street:ar": null, "addr:street:en": null, "addr:street:ur": null, "check_date": null, "addr:housenumber": null, "alt_name": null, "healthcare:speciality": null, "long_name": null, "long_name:ar": null, "long_name:ur": null, "name:ks": null, "name:ml": null, "name:pnb": null, "name:sd": null, "internet_access": null, "air_conditioning": null, "education": null, "area": null, "email": null, "name:pa": "ਸੰਘੀ ਉਰਦੂ ਯੂਨੀਵਰਸਿਟੀ", "generator:source": null, "level": null, "power": null, "name:ps": null, "not:name": null, "type": null }, "geometry": { "type": "Polygon", "coordinates": [ [ [ 73.0714986, 33.6987586 ], [ 73.0712089, 33.6986113 ], [ 73.071166, 33.6986648 ], [ 73.0709943, 33.6985778 ], [ 73.0710346, 33.6985243 ], [ 73.0707341, 33.698377 ], [ 73.0708575, 33.6982163 ], [ 73.0711444, 33.6983705 ], [ 73.0711848, 33.6983234 ], [ 73.0713537, 33.6984082 ], [ 73.0713135, 33.6984662 ], [ 73.071622, 33.698618 ], [ 73.0714986, 33.6987586 ] ] ] } },
{ "type": "Feature", "properties": { "element": "way", "id": 158533817, "addr:city": null, "addr:city:ar": null, "addr:city:en": null, "addr:city:ks": null, "addr:city:pnb": null, "addr:city:ps": null, "addr:city:sd": null, "addr:city:ur": null, "addr:street": null, "amenity": "police", "healthcare": null, "name": "Police Station Special Branch", "name:en": null, "denomination": null, "name:ar": null, "name:ur": null, "religion": null, "is_in": null, "created_by": null, "name:de": null, "name:es": null, "name:hi": null, "wikidata": null, "wikipedia": null, "emergency": null, "brand": null, "brand:wikidata": null, "brand:wikipedia": null, "building": null, "source": null, "dispensing": null, "addr:postcode": null, "service_times": null, "grades": null, "operator": null, "operator:type": null, "wikimedia_commons": null, "opening_hours": null, "website": null, "phone": null, "shelter_type": null, "description": null, "atm": null, "addr:street:ar": null, "addr:street:en": null, "addr:street:ur": null, "check_date": null, "addr:housenumber": null, "alt_name": null, "healthcare:speciality": null, "long_name": null, "long_name:ar": null, "long_name:ur": null, "name:ks": null, "name:ml": null, "name:pnb": null, "name:sd": null, "internet_access": null, "air_conditioning": null, "education": null, "area": null, "email": null, "name:pa": null, "generator:source": null, "level": null, "power": null, "name:ps": null, "not:name": null, "type": null }, "geometry": { "type": "Polygon", "coordinates": [ [ [ 73.0690696, 33.7040127 ], [ 73.0693249, 33.7040123 ], [ 73.0693437, 33.703848 ], [ 73.069068, 33.7037328 ], [ 73.0690696, 33.7040127 ] ] ] } },
{ "type": "Feature", "properties": { "element": "way", "id": 158535065, "addr:city": "اسلام آباد", "addr:city:ar": "إسلام آباد", "addr:city:en": "Islamabad", "addr:city:ks": "اِسلام آبادٖ", "addr:city:pnb": "اسلام آباد", "addr:city:ps": "اسلام آباد", "addr:city:sd": "اسلام آباد", "addr:city:ur": "اسلام آباد", "addr:street": "Rehman Baba Road", "amenity": "place_of_worship", "healthcare": null, "name": "Jamia Msjid Al Raza", "name:en": null, "denomination": null, "name:ar": null, "name:ur": null, "religion": "muslim", "is_in": null, "created_by": null, "name:de": null, "name:es": null, "name:hi": null, "wikidata": null, "wikipedia": null, "emergency": null, "brand": null, "brand:wikidata": null, "brand:wikipedia": null, "building": null, "source": null, "dispensing": null, "addr:postcode": null, "service_times": null, "grades": null, "operator": null, "operator:type": null, "wikimedia_commons": null, "opening_hours": null, "website": null, "phone": null, "shelter_type": null, "description": null, "atm": null, "addr:street:ar": null, "addr:street:en": null, "addr:street:ur": null, "check_date": null, "addr:housenumber": null, "alt_name": null, "healthcare:speciality": null, "long_name": null, "long_name:ar": null, "long_name:ur": null, "name:ks": null, "name:ml": null, "name:pnb": null, "name:sd": null, "internet_access": null, "air_conditioning": null, "education": null, "area": null, "email": null, "name:pa": null, "generator:source": null, "level": null, "power": null, "name:ps": null, "not:name": null, "type": null }, "geometry": { "type": "Polygon", "coordinates": [ [ [ 73.0705972, 33.7062111 ], [ 73.0700427, 33.7060816 ], [ 73.070174, 33.7056928 ], [ 73.0707284, 33.7058224 ], [ 73.0705972, 33.7062111 ] ] ] } },
{ "type": "Feature", "properties": { "element": "way", "id": 158536096, "addr:city": "اسلام آباد", "addr:city:ar": "إسلام آباد", "addr:city:en": "Islamabad", "addr:city:ks": "اِسلام آبادٖ", "addr:city:pnb": "اسلام آباد", "addr:city:ps": "اسلام آباد", "addr:city:sd": "اسلام آباد", "addr:city:ur": "اسلام آباد", "addr:street": "Street 43", "amenity": "place_of_worship", "healthcare": null, "name": "Jama-e-Masjid Mustafa", "name:en": null, "denomination": "sunni", "name:ar": null, "name:ur": null, "religion": "muslim", "is_in": null, "created_by": null, "name:de": null, "name:es": null, "name:hi": null, "wikidata": null, "wikipedia": null, "emergency": null, "brand": null, "brand:wikidata": null, "brand:wikipedia": null, "building": null, "source": null, "dispensing": null, "addr:postcode": null, "service_times": null, "grades": null, "operator": null, "operator:type": null, "wikimedia_commons": null, "opening_hours": null, "website": null, "phone": null, "shelter_type": null, "description": null, "atm": null, "addr:street:ar": null, "addr:street:en": null, "addr:street:ur": null, "check_date": null, "addr:housenumber": null, "alt_name": null, "healthcare:speciality": null, "long_name": null, "long_name:ar": null, "long_name:ur": null, "name:ks": null, "name:ml": null, "name:pnb": null, "name:sd": null, "internet_access": null, "air_conditioning": null, "education": null, "area": null, "email": null, "name:pa": null, "generator:source": null, "level": null, "power": null, "name:ps": null, "not:name": null, "type": null }, "geometry": { "type": "Polygon", "coordinates": [ [ [ 73.0750295, 33.7054984 ], [ 73.0744869, 33.7053536 ], [ 73.0745621, 33.7051586 ], [ 73.0751047, 33.7053033 ], [ 73.0750295, 33.7054984 ] ] ] } },
{ "type": "Feature", "properties": { "element": "way", "id": 158536217, "addr:city": "اسلام آباد", "addr:city:ar": "إسلام آباد", "addr:city:en": "Islamabad", "addr:city:ks": "اِسلام آبادٖ", "addr:city:pnb": "اسلام آباد", "addr:city:ps": "اسلام آباد", "addr:city:sd": "اسلام آباد", "addr:city:ur": "اسلام آباد", "addr:street": "Street 37", "amenity": "university", "healthcare": null, "name": "IIDC", "name:en": null, "denomination": null, "name:ar": null, "name:ur": null, "religion": null, "is_in": null, "created_by": null, "name:de": null, "name:es": null, "name:hi": null, "wikidata": null, "wikipedia": null, "emergency": null, "brand": null, "brand:wikidata": null, "brand:wikipedia": null, "building": null, "source": null, "dispensing": null, "addr:postcode": null, "service_times": null, "grades": null, "operator": null, "operator:type": null, "wikimedia_commons": null, "opening_hours": null, "website": null, "phone": null, "shelter_type": null, "description": null, "atm": null, "addr:street:ar": null, "addr:street:en": null, "addr:street:ur": null, "check_date": null, "addr:housenumber": null, "alt_name": null, "healthcare:speciality": null, "long_name": null, "long_name:ar": null, "long_name:ur": null, "name:ks": null, "name:ml": null, "name:pnb": null, "name:sd": null, "internet_access": null, "air_conditioning": null, "education": null, "area": null, "email": null, "name:pa": null, "generator:source": null, "level": null, "power": null, "name:ps": null, "not:name": null, "type": null }, "geometry": { "type": "Polygon", "coordinates": [ [ [ 73.0793904, 33.7051557 ], [ 73.0796936, 33.7053058 ], [ 73.0799116, 33.7050012 ], [ 73.0796084, 33.704851 ], [ 73.0794036, 33.7051372 ], [ 73.0793904, 33.7051557 ] ] ] } },
{ "type": "Feature", "properties": { "element": "way", "id": 210059239, "addr:city": "اسلام آباد", "addr:city:ar": "إسلام آباد", "addr:city:en": "Islamabad", "addr:city:ks": "اِسلام آبادٖ", "addr:city:pnb": "اسلام آباد", "addr:city:ps": "اسلام آباد", "addr:city:sd": "اسلام آباد", "addr:city:ur": "اسلام آباد", "addr:street": "Service Road E8/E9", "amenity": "university", "healthcare": null, "name": "National Defence University", "name:en": null, "denomination": null, "name:ar": null, "name:ur": null, "religion": null, "is_in": null, "created_by": null, "name:de": null, "name:es": null, "name:hi": null, "wikidata": null, "wikipedia": null, "emergency": null, "brand": null, "brand:wikidata": null, "brand:wikipedia": null, "building": "public", "source": null, "dispensing": null, "addr:postcode": null, "service_times": null, "grades": null, "operator": null, "operator:type": null, "wikimedia_commons": null, "opening_hours": null, "website": null, "phone": null, "shelter_type": null, "description": null, "atm": null, "addr:street:ar": null, "addr:street:en": null, "addr:street:ur": null, "check_date": null, "addr:housenumber": null, "alt_name": null, "healthcare:speciality": null, "long_name": null, "long_name:ar": null, "long_name:ur": null, "name:ks": null, "name:ml": null, "name:pnb": null, "name:sd": null, "internet_access": null, "air_conditioning": null, "education": null, "area": null, "email": null, "name:pa": null, "generator:source": "solar", "level": "2", "power": "generator", "name:ps": null, "not:name": null, "type": null }, "geometry": { "type": "Polygon", "coordinates": [ [ [ 73.0223297, 33.7213087 ], [ 73.0222439, 33.7211519 ], [ 73.0220098, 33.7212406 ], [ 73.0220987, 33.7214031 ], [ 73.0218655, 33.7214914 ], [ 73.0219929, 33.7217242 ], [ 73.0220317, 33.7217096 ], [ 73.0222194, 33.7217676 ], [ 73.0222516, 33.7218479 ], [ 73.0223595, 33.7218822 ], [ 73.0222462, 33.722129 ], [ 73.0221711, 33.7221514 ], [ 73.0220056, 33.7221412 ], [ 73.0219933, 33.7221137 ], [ 73.0220907, 33.7220532 ], [ 73.02197, 33.721843 ], [ 73.021797, 33.7219118 ], [ 73.0218515, 33.7220067 ], [ 73.0215305, 33.7221342 ], [ 73.021574, 33.7222098 ], [ 73.021463, 33.722254 ], [ 73.0214684, 33.7222986 ], [ 73.0216408, 33.7225913 ], [ 73.0217431, 33.7225496 ], [ 73.0217975, 33.7226419 ], [ 73.022209, 33.7224743 ], [ 73.0221765, 33.7224191 ], [ 73.0222474, 33.7224359 ], [ 73.0222046, 33.7225606 ], [ 73.0223677, 33.7225994 ], [ 73.022402, 33.7224875 ], [ 73.0224997, 33.7225085 ], [ 73.0224135, 33.7225484 ], [ 73.0224967, 33.7226929 ], [ 73.0225993, 33.7226427 ], [ 73.0226429, 33.7227198 ], [ 73.023063, 33.7225738 ], [ 73.0230233, 33.722499 ], [ 73.0231175, 33.7224643 ], [ 73.0229699, 33.7221868 ], [ 73.0230732, 33.7221488 ], [ 73.0228925, 33.7218091 ], [ 73.0227753, 33.7218523 ], [ 73.0227398, 33.7217855 ], [ 73.0226325, 33.7217096 ], [ 73.0225359, 33.721549 ], [ 73.0225359, 33.7215088 ], [ 73.0226977, 33.7214475 ], [ 73.0225716, 33.7212171 ], [ 73.0223297, 33.7213087 ] ] ] } },
{ "type": "Feature", "properties": { "element": "way", "id": 210059241, "addr:city": null, "addr:city:ar": null, "addr:city:en": null, "addr:city:ks": null, "addr:city:pnb": null, "addr:city:ps": null, "addr:city:sd": null, "addr:city:ur": null, "addr:street": null, "amenity": "shelter", "healthcare": null, "name": null, "name:en": null, "denomination": null, "name:ar": null, "name:ur": null, "religion": null, "is_in": null, "created_by": null, "name:de": null, "name:es": null, "name:hi": null, "wikidata": null, "wikipedia": null, "emergency": null, "brand": null, "brand:wikidata": null, "brand:wikipedia": null, "building": "roof", "source": null, "dispensing": null, "addr:postcode": null, "service_times": null, "grades": null, "operator": null, "operator:type": null, "wikimedia_commons": null, "opening_hours": null, "website": null, "phone": null, "shelter_type": null, "description": null, "atm": null, "addr:street:ar": null, "addr:street:en": null, "addr:street:ur": null, "check_date": null, "addr:housenumber": null, "alt_name": null, "healthcare:speciality": null, "long_name": null, "long_name:ar": null, "long_name:ur": null, "name:ks": null, "name:ml": null, "name:pnb": null, "name:sd": null, "internet_access": null, "air_conditioning": null, "education": null, "area": null, "email": null, "name:pa": null, "generator:source": null, "level": null, "power": null, "name:ps": null, "not:name": null, "type": null }, "geometry": { "type": "Polygon", "coordinates": [ [ [ 73.021181, 33.7219834 ], [ 73.0213865, 33.7220473 ], [ 73.021332, 33.7221683 ], [ 73.0211266, 33.7221044 ], [ 73.021181, 33.7219834 ] ] ] } },
{ "type": "Feature", "properties": { "element": "way", "id": 254987999, "addr:city": null, "addr:city:ar": null, "addr:city:en": null, "addr:city:ks": null, "addr:city:pnb": null, "addr:city:ps": null, "addr:city:sd": null, "addr:city:ur": null, "addr:street": null, "amenity": "college", "healthcare": null, "name": "Islamabad Model College For Men H-9", "name:en": null, "denomination": null, "name:ar": null, "name:ur": null, "religion": null, "is_in": null, "created_by": null, "name:de": null, "name:es": null, "name:hi": null, "wikidata": null, "wikipedia": null, "emergency": null, "brand": null, "brand:wikidata": null, "brand:wikipedia": null, "building": null, "source": null, "dispensing": null, "addr:postcode": null, "service_times": null, "grades": null, "operator": null, "operator:type": null, "wikimedia_commons": null, "opening_hours": null, "website": "https://imcbh9.edu.pk/", "phone": null, "shelter_type": null, "description": null, "atm": null, "addr:street:ar": null, "addr:street:en": null, "addr:street:ur": null, "check_date": null, "addr:housenumber": null, "alt_name": null, "healthcare:speciality": null, "long_name": null, "long_name:ar": null, "long_name:ur": null, "name:ks": null, "name:ml": null, "name:pnb": null, "name:sd": null, "internet_access": null, "air_conditioning": null, "education": null, "area": null, "email": null, "name:pa": null, "generator:source": null, "level": null, "power": null, "name:ps": null, "not:name": null, "type": null }, "geometry": { "type": "Polygon", "coordinates": [ [ [ 73.0548686, 33.6682346 ], [ 73.0575867, 33.6696249 ], [ 73.0568457, 33.6706085 ], [ 73.0565086, 33.671056 ], [ 73.05535, 33.6725939 ], [ 73.0525894, 33.6711212 ], [ 73.0548686, 33.6682346 ] ] ] } },
{ "type": "Feature", "properties": { "element": "way", "id": 263457301, "addr:city": null, "addr:city:ar": null, "addr:city:en": null, "addr:city:ks": null, "addr:city:pnb": null, "addr:city:ps": null, "addr:city:sd": null, "addr:city:ur": null, "addr:street": null, "amenity": "hospital", "healthcare": "hospital", "name": "FM Dental Clinic", "name:en": null, "denomination": null, "name:ar": null, "name:ur": null, "religion": null, "is_in": null, "created_by": null, "name:de": null, "name:es": null, "name:hi": null, "wikidata": null, "wikipedia": null, "emergency": "no", "brand": null, "brand:wikidata": null, "brand:wikipedia": null, "building": null, "source": null, "dispensing": null, "addr:postcode": null, "service_times": null, "grades": null, "operator": null, "operator:type": null, "wikimedia_commons": null, "opening_hours": null, "website": null, "phone": null, "shelter_type": null, "description": null, "atm": null, "addr:street:ar": null, "addr:street:en": null, "addr:street:ur": null, "check_date": null, "addr:housenumber": null, "alt_name": null, "healthcare:speciality": null, "long_name": null, "long_name:ar": null, "long_name:ur": null, "name:ks": null, "name:ml": null, "name:pnb": null, "name:sd": null, "internet_access": null, "air_conditioning": null, "education": null, "area": null, "email": null, "name:pa": null, "generator:source": null, "level": null, "power": null, "name:ps": null, "not:name": null, "type": null }, "geometry": { "type": "Polygon", "coordinates": [ [ [ 73.0727324, 33.7251387 ], [ 73.0728075, 33.7251721 ], [ 73.0727646, 33.725268 ], [ 73.0726654, 33.72521 ], [ 73.0727324, 33.7251387 ] ] ] } },
{ "type": "Feature", "properties": { "element": "way", "id": 263788118, "addr:city": "اسلام آباد", "addr:city:ar": "إسلام آباد", "addr:city:en": "Islamabad", "addr:city:ks": "اِسلام آبادٖ", "addr:city:pnb": "اسلام آباد", "addr:city:ps": "اسلام آباد", "addr:city:sd": "اسلام آباد", "addr:city:ur": "اسلام آباد", "addr:street": "Rehman Baba Road", "amenity": "police", "healthcare": null, "name": "Women Police Station", "name:en": null, "denomination": null, "name:ar": null, "name:ur": null, "religion": null, "is_in": null, "created_by": null, "name:de": null, "name:es": null, "name:hi": null, "wikidata": null, "wikipedia": null, "emergency": null, "brand": null, "brand:wikidata": null, "brand:wikipedia": null, "building": null, "source": null, "dispensing": null, "addr:postcode": null, "service_times": null, "grades": null, "operator": null, "operator:type": null, "wikimedia_commons": null, "opening_hours": null, "website": null, "phone": null, "shelter_type": null, "description": null, "atm": null, "addr:street:ar": null, "addr:street:en": null, "addr:street:ur": null, "check_date": null, "addr:housenumber": null, "alt_name": null, "healthcare:speciality": null, "long_name": null, "long_name:ar": null, "long_name:ur": null, "name:ks": null, "name:ml": null, "name:pnb": null, "name:sd": null, "internet_access": null, "air_conditioning": null, "education": null, "area": null, "email": null, "name:pa": null, "generator:source": null, "level": null, "power": null, "name:ps": null, "not:name": null, "type": null }, "geometry": { "type": "Polygon", "coordinates": [ [ [ 73.0690548, 33.7054616 ], [ 73.0697866, 33.7058134 ], [ 73.0704696, 33.7048934 ], [ 73.0697053, 33.7045011 ], [ 73.0690548, 33.7054616 ] ] ] } },
{ "type": "Feature", "properties": { "element": "way", "id": 297239813, "addr:city": "اسلام آباد", "addr:city:ar": "إسلام آباد", "addr:city:en": "Islamabad", "addr:city:ks": "اِسلام آبادٖ", "addr:city:pnb": "اسلام آباد", "addr:city:ps": "اسلام آباد", "addr:city:sd": "اسلام آباد", "addr:city:ur": "اسلام آباد", "addr:street": "Ibn-e-Sina Road", "amenity": "place_of_worship", "healthcare": null, "name": "Mosque and Madrassa", "name:en": null, "denomination": null, "name:ar": null, "name:ur": null, "religion": "muslim", "is_in": null, "created_by": null, "name:de": null, "name:es": null, "name:hi": null, "wikidata": null, "wikipedia": null, "emergency": null, "brand": null, "brand:wikidata": null, "brand:wikipedia": null, "building": "yes", "source": null, "dispensing": null, "addr:postcode": null, "service_times": null, "grades": null, "operator": null, "operator:type": null, "wikimedia_commons": null, "opening_hours": null, "website": null, "phone": null, "shelter_type": null, "description": null, "atm": null, "addr:street:ar": null, "addr:street:en": null, "addr:street:ur": null, "check_date": null, "addr:housenumber": null, "alt_name": null, "healthcare:speciality": null, "long_name": null, "long_name:ar": null, "long_name:ur": null, "name:ks": null, "name:ml": null, "name:pnb": null, "name:sd": null, "internet_access": null, "air_conditioning": null, "education": null, "area": null, "email": null, "name:pa": null, "generator:source": null, "level": null, "power": null, "name:ps": null, "not:name": null, "type": null }, "geometry": { "type": "Polygon", "coordinates": [ [ [ 73.0314007, 33.69598 ], [ 73.031449, 33.6957925 ], [ 73.031508, 33.6955738 ], [ 73.0319747, 33.6957033 ], [ 73.0317923, 33.6960023 ], [ 73.031669, 33.6959621 ], [ 73.0316314, 33.6960291 ], [ 73.0315295, 33.6960068 ], [ 73.0314007, 33.69598 ] ] ] } },
{ "type": "Feature", "properties": { "element": "way", "id": 297244261, "addr:city": "اسلام آباد", "addr:city:ar": "إسلام آباد", "addr:city:en": "Islamabad", "addr:city:ks": "اِسلام آبادٖ", "addr:city:pnb": "اسلام آباد", "addr:city:ps": "اسلام آباد", "addr:city:sd": "اسلام آباد", "addr:city:ur": "اسلام آباد", "addr:street": "Street 5", "amenity": "university", "healthcare": null, "name": "Women Institute of Science and Humanities (WISH)", "name:en": null, "denomination": null, "name:ar": null, "name:ur": null, "religion": null, "is_in": null, "created_by": null, "name:de": null, "name:es": null, "name:hi": null, "wikidata": null, "wikipedia": null, "emergency": null, "brand": null, "brand:wikidata": null, "brand:wikipedia": null, "building": null, "source": null, "dispensing": null, "addr:postcode": null, "service_times": null, "grades": null, "operator": "Punjab University", "operator:type": null, "wikimedia_commons": null, "opening_hours": null, "website": null, "phone": null, "shelter_type": null, "description": null, "atm": null, "addr:street:ar": null, "addr:street:en": null, "addr:street:ur": null, "check_date": null, "addr:housenumber": null, "alt_name": null, "healthcare:speciality": null, "long_name": null, "long_name:ar": null, "long_name:ur": null, "name:ks": null, "name:ml": null, "name:pnb": null, "name:sd": null, "internet_access": null, "air_conditioning": null, "education": null, "area": null, "email": null, "name:pa": null, "generator:source": null, "level": null, "power": null, "name:ps": null, "not:name": null, "type": null }, "geometry": { "type": "Polygon", "coordinates": [ [ [ 73.0597223, 33.6821132 ], [ 73.0596579, 33.6822047 ], [ 73.0596096, 33.6821891 ], [ 73.0593092, 33.6826087 ], [ 73.0604599, 33.6832202 ], [ 73.0608542, 33.6826868 ], [ 73.0597223, 33.6821132 ] ] ] } },
{ "type": "Feature", "properties": { "element": "way", "id": 320392929, "addr:city": null, "addr:city:ar": null, "addr:city:en": null, "addr:city:ks": null, "addr:city:pnb": null, "addr:city:ps": null, "addr:city:sd": null, "addr:city:ur": null, "addr:street": null, "amenity": "school", "healthcare": null, "name": null, "name:en": null, "denomination": null, "name:ar": null, "name:ur": null, "religion": null, "is_in": null, "created_by": null, "name:de": null, "name:es": null, "name:hi": null, "wikidata": null, "wikipedia": null, "emergency": null, "brand": null, "brand:wikidata": null, "brand:wikipedia": null, "building": null, "source": null, "dispensing": null, "addr:postcode": null, "service_times": null, "grades": null, "operator": null, "operator:type": null, "wikimedia_commons": null, "opening_hours": null, "website": null, "phone": null, "shelter_type": null, "description": null, "atm": null, "addr:street:ar": null, "addr:street:en": null, "addr:street:ur": null, "check_date": null, "addr:housenumber": null, "alt_name": null, "healthcare:speciality": null, "long_name": null, "long_name:ar": null, "long_name:ur": null, "name:ks": null, "name:ml": null, "name:pnb": null, "name:sd": null, "internet_access": null, "air_conditioning": null, "education": null, "area": null, "email": null, "name:pa": null, "generator:source": null, "level": null, "power": null, "name:ps": null, "not:name": null, "type": null }, "geometry": { "type": "Polygon", "coordinates": [ [ [ 73.0143401, 33.7075375 ], [ 73.013418, 33.7070411 ], [ 73.0132457, 33.7069484 ], [ 73.0126744, 33.7076401 ], [ 73.0129373, 33.7078387 ], [ 73.0128863, 33.707977 ], [ 73.0138814, 33.7082002 ], [ 73.0146029, 33.7083831 ], [ 73.0157241, 33.7086821 ], [ 73.0159306, 33.708392 ], [ 73.0149472, 33.7078621 ], [ 73.0148417, 33.7078052 ], [ 73.0143401, 33.7075375 ] ] ] } },
{ "type": "Feature", "properties": { "element": "way", "id": 352535712, "addr:city": "اسلام آباد", "addr:city:ar": "إسلام آباد", "addr:city:en": "Islamabad", "addr:city:ks": "اِسلام آبادٖ", "addr:city:pnb": "اسلام آباد", "addr:city:ps": "اسلام آباد", "addr:city:sd": "اسلام آباد", "addr:city:ur": "اسلام آباد", "addr:street": "Street 16", "amenity": "place_of_worship", "healthcare": null, "name": "Jamia Masjid Al-Rehman G-9/2", "name:en": null, "denomination": "sunni", "name:ar": null, "name:ur": null, "religion": "muslim", "is_in": null, "created_by": null, "name:de": null, "name:es": null, "name:hi": null, "wikidata": null, "wikipedia": null, "emergency": null, "brand": null, "brand:wikidata": null, "brand:wikipedia": null, "building": "yes", "source": null, "dispensing": null, "addr:postcode": null, "service_times": null, "grades": null, "operator": null, "operator:type": null, "wikimedia_commons": null, "opening_hours": null, "website": null, "phone": null, "shelter_type": null, "description": null, "atm": null, "addr:street:ar": null, "addr:street:en": null, "addr:street:ur": null, "check_date": null, "addr:housenumber": null, "alt_name": null, "healthcare:speciality": null, "long_name": null, "long_name:ar": null, "long_name:ur": null, "name:ks": null, "name:ml": null, "name:pnb": null, "name:sd": null, "internet_access": null, "air_conditioning": null, "education": null, "area": null, "email": null, "name:pa": null, "generator:source": null, "level": null, "power": null, "name:ps": null, "not:name": null, "type": null }, "geometry": { "type": "Polygon", "coordinates": [ [ [ 73.0221121, 33.6892483 ], [ 73.022488, 33.6893226 ], [ 73.0223894, 33.689702 ], [ 73.0219703, 33.6895995 ], [ 73.0221121, 33.6892483 ] ] ] } },
{ "type": "Feature", "properties": { "element": "way", "id": 442023999, "addr:city": null, "addr:city:ar": null, "addr:city:en": null, "addr:city:ks": null, "addr:city:pnb": null, "addr:city:ps": null, "addr:city:sd": null, "addr:city:ur": null, "addr:street": null, "amenity": "place_of_worship", "healthcare": null, "name": null, "name:en": null, "denomination": null, "name:ar": null, "name:ur": null, "religion": "muslim", "is_in": null, "created_by": null, "name:de": null, "name:es": null, "name:hi": null, "wikidata": null, "wikipedia": null, "emergency": null, "brand": null, "brand:wikidata": null, "brand:wikipedia": null, "building": "mosque", "source": null, "dispensing": null, "addr:postcode": null, "service_times": null, "grades": null, "operator": null, "operator:type": null, "wikimedia_commons": null, "opening_hours": null, "website": null, "phone": null, "shelter_type": null, "description": null, "atm": null, "addr:street:ar": null, "addr:street:en": null, "addr:street:ur": null, "check_date": "2025-12-07", "addr:housenumber": null, "alt_name": null, "healthcare:speciality": null, "long_name": null, "long_name:ar": null, "long_name:ur": null, "name:ks": null, "name:ml": null, "name:pnb": null, "name:sd": null, "internet_access": null, "air_conditioning": null, "education": null, "area": null, "email": null, "name:pa": null, "generator:source": null, "level": null, "power": null, "name:ps": null, "not:name": null, "type": null }, "geometry": { "type": "Polygon", "coordinates": [ [ [ 73.0571012, 33.721056 ], [ 73.057209, 33.7208997 ], [ 73.0573831, 33.721065 ], [ 73.0573646, 33.7210688 ], [ 73.0573431, 33.7210855 ], [ 73.0573123, 33.7211175 ], [ 73.0572891, 33.7211611 ], [ 73.0571012, 33.721056 ] ] ] } },
{ "type": "Feature", "properties": { "element": "way", "id": 460568496, "addr:city": null, "addr:city:ar": null, "addr:city:en": null, "addr:city:ks": null, "addr:city:pnb": null, "addr:city:ps": null, "addr:city:sd": null, "addr:city:ur": null, "addr:street": null, "amenity": "place_of_worship", "healthcare": null, "name": "مسجد معاذ بن جبل", "name:en": "Maaz Bin Jabal Mosque", "denomination": "sunni", "name:ar": "مسجد معاذ بن جبل", "name:ur": "مسجد معاذ بن جبل", "religion": "muslim", "is_in": null, "created_by": null, "name:de": null, "name:es": null, "name:hi": null, "wikidata": null, "wikipedia": null, "emergency": null, "brand": null, "brand:wikidata": null, "brand:wikipedia": null, "building": "yes", "source": null, "dispensing": null, "addr:postcode": null, "service_times": null, "grades": null, "operator": null, "operator:type": null, "wikimedia_commons": null, "opening_hours": null, "website": null, "phone": null, "shelter_type": null, "description": null, "atm": null, "addr:street:ar": null, "addr:street:en": null, "addr:street:ur": null, "check_date": null, "addr:housenumber": null, "alt_name": null, "healthcare:speciality": null, "long_name": null, "long_name:ar": null, "long_name:ur": null, "name:ks": null, "name:ml": null, "name:pnb": null, "name:sd": null, "internet_access": null, "air_conditioning": null, "education": null, "area": null, "email": null, "name:pa": null, "generator:source": null, "level": null, "power": null, "name:ps": null, "not:name": null, "type": null }, "geometry": { "type": "Polygon", "coordinates": [ [ [ 73.0754041, 33.6716204 ], [ 73.075616, 33.6717209 ], [ 73.0754577, 33.6719553 ], [ 73.0752753, 33.6718883 ], [ 73.0754041, 33.6716204 ] ] ] } },
{ "type": "Feature", "properties": { "element": "way", "id": 460569931, "addr:city": null, "addr:city:ar": null, "addr:city:en": null, "addr:city:ks": null, "addr:city:pnb": null, "addr:city:ps": null, "addr:city:sd": null, "addr:city:ur": null, "addr:street": null, "amenity": "college", "healthcare": null, "name": "Islamabad Model College for Girls I-8/3", "name:en": null, "denomination": null, "name:ar": null, "name:ur": null, "religion": null, "is_in": null, "created_by": null, "name:de": null, "name:es": null, "name:hi": null, "wikidata": null, "wikipedia": null, "emergency": null, "brand": null, "brand:wikidata": null, "brand:wikipedia": null, "building": null, "source": null, "dispensing": null, "addr:postcode": null, "service_times": null, "grades": null, "operator": null, "operator:type": null, "wikimedia_commons": null, "opening_hours": null, "website": null, "phone": null, "shelter_type": null, "description": null, "atm": null, "addr:street:ar": null, "addr:street:en": null, "addr:street:ur": null, "check_date": null, "addr:housenumber": null, "alt_name": null, "healthcare:speciality": null, "long_name": null, "long_name:ar": null, "long_name:ur": null, "name:ks": null, "name:ml": null, "name:pnb": null, "name:sd": null, "internet_access": null, "air_conditioning": null, "education": null, "area": null, "email": null, "name:pa": null, "generator:source": null, "level": null, "power": null, "name:ps": null, "not:name": null, "type": null }, "geometry": { "type": "Polygon", "coordinates": [ [ [ 73.0695984, 33.6689873 ], [ 73.0712829, 33.6699092 ], [ 73.0719539, 33.6702872 ], [ 73.0722302, 33.6698631 ], [ 73.0717313, 33.6695773 ], [ 73.071578, 33.6693512 ], [ 73.0713397, 33.6686398 ], [ 73.0702341, 33.6681145 ], [ 73.0695984, 33.6689873 ] ] ] } },
{ "type": "Feature", "properties": { "element": "way", "id": 460573955, "addr:city": null, "addr:city:ar": null, "addr:city:en": null, "addr:city:ks": null, "addr:city:pnb": null, "addr:city:ps": null, "addr:city:sd": null, "addr:city:ur": null, "addr:street": null, "amenity": "place_of_worship", "healthcare": null, "name": "Masjid e Aqsa", "name:en": null, "denomination": null, "name:ar": null, "name:ur": null, "religion": "muslim", "is_in": null, "created_by": null, "name:de": null, "name:es": null, "name:hi": null, "wikidata": null, "wikipedia": null, "emergency": null, "brand": null, "brand:wikidata": null, "brand:wikipedia": null, "building": "yes", "source": null, "dispensing": null, "addr:postcode": null, "service_times": null, "grades": null, "operator": null, "operator:type": null, "wikimedia_commons": null, "opening_hours": null, "website": null, "phone": null, "shelter_type": null, "description": null, "atm": null, "addr:street:ar": null, "addr:street:en": null, "addr:street:ur": null, "check_date": null, "addr:housenumber": null, "alt_name": null, "healthcare:speciality": null, "long_name": null, "long_name:ar": null, "long_name:ur": null, "name:ks": null, "name:ml": null, "name:pnb": null, "name:sd": null, "internet_access": null, "air_conditioning": null, "education": null, "area": null, "email": null, "name:pa": null, "generator:source": null, "level": null, "power": null, "name:ps": null, "not:name": null, "type": null }, "geometry": { "type": "Polygon", "coordinates": [ [ [ 73.0664348, 33.6706224 ], [ 73.0665153, 33.6706537 ], [ 73.0666118, 33.6706894 ], [ 73.0665689, 33.6707474 ], [ 73.0666601, 33.6707965 ], [ 73.0667459, 33.6708412 ], [ 73.0667781, 33.6708947 ], [ 73.0667781, 33.6709706 ], [ 73.0667352, 33.6710197 ], [ 73.0666869, 33.6711015 ], [ 73.066582, 33.671046 ], [ 73.0664664, 33.6709848 ], [ 73.0663639, 33.6709307 ], [ 73.0662834, 33.6708881 ], [ 73.0662171, 33.670853 ], [ 73.0662631, 33.6707831 ], [ 73.0663061, 33.6707251 ], [ 73.0663597, 33.6706581 ], [ 73.0664348, 33.6706224 ] ] ] } },
{ "type": "Feature", "properties": { "element": "way", "id": 460576098, "addr:city": null, "addr:city:ar": null, "addr:city:en": null, "addr:city:ks": null, "addr:city:pnb": null, "addr:city:ps": null, "addr:city:sd": null, "addr:city:ur": null, "addr:street": null, "amenity": "college", "healthcare": null, "name": "Islamabad Post Graduate College for Men H-8 Islamabad", "name:en": null, "denomination": null, "name:ar": null, "name:ur": null, "religion": null, "is_in": null, "created_by": null, "name:de": null, "name:es": null, "name:hi": null, "wikidata": null, "wikipedia": null, "emergency": null, "brand": null, "brand:wikidata": null, "brand:wikipedia": null, "building": null, "source": null, "dispensing": null, "addr:postcode": null, "service_times": null, "grades": null, "operator": null, "operator:type": null, "wikimedia_commons": null, "opening_hours": null, "website": null, "phone": null, "shelter_type": null, "description": null, "atm": null, "addr:street:ar": null, "addr:street:en": null, "addr:street:ur": null, "check_date": null, "addr:housenumber": null, "alt_name": null, "healthcare:speciality": null, "long_name": null, "long_name:ar": null, "long_name:ur": null, "name:ks": null, "name:ml": null, "name:pnb": null, "name:sd": null, "internet_access": null, "air_conditioning": null, "education": null, "area": null, "email": null, "name:pa": null, "generator:source": null, "level": null, "power": null, "name:ps": null, "not:name": null, "type": null }, "geometry": { "type": "Polygon", "coordinates": [ [ [ 73.0585121, 33.6838352 ], [ 73.0594181, 33.6843072 ], [ 73.0593884, 33.6845928 ], [ 73.0594754, 33.6848566 ], [ 73.0604749, 33.6853874 ], [ 73.0608295, 33.6853831 ], [ 73.0611348, 33.685307 ], [ 73.0617678, 33.6856731 ], [ 73.0618375, 33.685865 ], [ 73.0600204, 33.6883911 ], [ 73.0597519, 33.6884635 ], [ 73.0563708, 33.6866581 ], [ 73.0563947, 33.6866266 ], [ 73.0565877, 33.6863721 ], [ 73.0585121, 33.6838352 ] ] ] } },
{ "type": "Feature", "properties": { "element": "way", "id": 489795083, "addr:city": null, "addr:city:ar": null, "addr:city:en": null, "addr:city:ks": null, "addr:city:pnb": null, "addr:city:ps": null, "addr:city:sd": null, "addr:city:ur": null, "addr:street": null, "amenity": "community_centre", "healthcare": null, "name": "Pakistan Red Crescent Auditorium", "name:en": null, "denomination": null, "name:ar": null, "name:ur": null, "religion": null, "is_in": null, "created_by": null, "name:de": null, "name:es": null, "name:hi": null, "wikidata": null, "wikipedia": null, "emergency": null, "brand": null, "brand:wikidata": null, "brand:wikipedia": null, "building": "yes", "source": null, "dispensing": null, "addr:postcode": null, "service_times": null, "grades": null, "operator": null, "operator:type": null, "wikimedia_commons": null, "opening_hours": null, "website": null, "phone": null, "shelter_type": null, "description": null, "atm": null, "addr:street:ar": null, "addr:street:en": null, "addr:street:ur": null, "check_date": null, "addr:housenumber": null, "alt_name": null, "healthcare:speciality": null, "long_name": null, "long_name:ar": null, "long_name:ur": null, "name:ks": null, "name:ml": null, "name:pnb": null, "name:sd": null, "internet_access": null, "air_conditioning": null, "education": null, "area": null, "email": null, "name:pa": null, "generator:source": null, "level": null, "power": null, "name:ps": null, "not:name": null, "type": null }, "geometry": { "type": "Polygon", "coordinates": [ [ [ 73.0514735, 33.6836398 ], [ 73.0514713, 33.6836082 ], [ 73.0513854, 33.6835574 ], [ 73.0513358, 33.6835658 ], [ 73.0513217, 33.6834771 ], [ 73.0512084, 33.6834972 ], [ 73.051201, 33.6834525 ], [ 73.0511127, 33.6834098 ], [ 73.051056, 33.6834194 ], [ 73.0510374, 33.6833203 ], [ 73.0510736, 33.683313 ], [ 73.0510401, 33.6831998 ], [ 73.0510642, 33.6831987 ], [ 73.0510459, 33.6831493 ], [ 73.0510937, 33.6831468 ], [ 73.0511038, 33.6831133 ], [ 73.0511876, 33.6830859 ], [ 73.0512755, 33.683067 ], [ 73.0512981, 33.6830834 ], [ 73.0513368, 33.6830759 ], [ 73.0513571, 33.6831475 ], [ 73.0513935, 33.6831404 ], [ 73.0514338, 33.6832827 ], [ 73.0514909, 33.6832715 ], [ 73.0515055, 33.683323 ], [ 73.0515265, 33.6833189 ], [ 73.051543, 33.6833772 ], [ 73.0514605, 33.6833933 ], [ 73.0514345, 33.6833013 ], [ 73.0513996, 33.6833081 ], [ 73.0514371, 33.6834406 ], [ 73.0515358, 33.6834213 ], [ 73.0515911, 33.6836167 ], [ 73.0514735, 33.6836398 ] ] ] } },
{ "type": "Feature", "properties": { "element": "way", "id": 497414884, "addr:city": "اسلام آباد", "addr:city:ar": "إسلام آباد", "addr:city:en": "Islamabad", "addr:city:ks": "اِسلام آبادٖ", "addr:city:pnb": "اسلام آباد", "addr:city:ps": "اسلام آباد", "addr:city:sd": "اسلام آباد", "addr:city:ur": "اسلام آباد", "addr:street": "Street 53", "amenity": "place_of_worship", "healthcare": null, "name": "Karimabad Jamat Khana", "name:en": null, "denomination": null, "name:ar": null, "name:ur": null, "religion": "muslim", "is_in": null, "created_by": null, "name:de": null, "name:es": null, "name:hi": null, "wikidata": null, "wikipedia": null, "emergency": null, "brand": null, "brand:wikidata": null, "brand:wikipedia": null, "building": "yes", "source": null, "dispensing": null, "addr:postcode": null, "service_times": null, "grades": null, "operator": null, "operator:type": null, "wikimedia_commons": null, "opening_hours": null, "website": null, "phone": null, "shelter_type": null, "description": null, "atm": null, "addr:street:ar": null, "addr:street:en": null, "addr:street:ur": null, "check_date": null, "addr:housenumber": null, "alt_name": null, "healthcare:speciality": null, "long_name": null, "long_name:ar": null, "long_name:ur": null, "name:ks": null, "name:ml": null, "name:pnb": null, "name:sd": null, "internet_access": null, "air_conditioning": null, "education": null, "area": null, "email": null, "name:pa": null, "generator:source": null, "level": null, "power": null, "name:ps": null, "not:name": null, "type": null }, "geometry": { "type": "Polygon", "coordinates": [ [ [ 73.0302832, 33.6861803 ], [ 73.0301064, 33.6860839 ], [ 73.0303158, 33.6857981 ], [ 73.0305007, 33.6858962 ], [ 73.0302832, 33.6861803 ] ] ] } },
{ "type": "Feature", "properties": { "element": "way", "id": 498492158, "addr:city": "اسلام آباد", "addr:city:ar": "إسلام آباد", "addr:city:en": "Islamabad", "addr:city:ks": "اِسلام آبادٖ", "addr:city:pnb": "اسلام آباد", "addr:city:ps": "اسلام آباد", "addr:city:sd": "اسلام آباد", "addr:city:ur": "اسلام آباد", "addr:street": "Gali 112", "amenity": "school", "healthcare": null, "name": "Islamabad Model School", "name:en": null, "denomination": null, "name:ar": null, "name:ur": null, "religion": null, "is_in": null, "created_by": null, "name:de": null, "name:es": null, "name:hi": null, "wikidata": null, "wikipedia": null, "emergency": null, "brand": null, "brand:wikidata": null, "brand:wikipedia": null, "building": null, "source": null, "dispensing": null, "addr:postcode": null, "service_times": null, "grades": null, "operator": "Federal Government", "operator:type": null, "wikimedia_commons": null, "opening_hours": null, "website": null, "phone": null, "shelter_type": null, "description": null, "atm": null, "addr:street:ar": null, "addr:street:en": null, "addr:street:ur": null, "check_date": null, "addr:housenumber": null, "alt_name": null, "healthcare:speciality": null, "long_name": null, "long_name:ar": null, "long_name:ur": null, "name:ks": null, "name:ml": null, "name:pnb": null, "name:sd": null, "internet_access": null, "air_conditioning": null, "education": null, "area": null, "email": null, "name:pa": null, "generator:source": null, "level": null, "power": null, "name:ps": null, "not:name": null, "type": null }, "geometry": { "type": "Polygon", "coordinates": [ [ [ 73.0340606, 33.6917893 ], [ 73.0335456, 33.6915238 ], [ 73.0341008, 33.6908052 ], [ 73.0346077, 33.6910819 ], [ 73.0340606, 33.6917893 ] ] ] } },
{ "type": "Feature", "properties": { "element": "way", "id": 545007599, "addr:city": null, "addr:city:ar": null, "addr:city:en": null, "addr:city:ks": null, "addr:city:pnb": null, "addr:city:ps": null, "addr:city:sd": null, "addr:city:ur": null, "addr:street": null, "amenity": "place_of_worship", "healthcare": null, "name": null, "name:en": null, "denomination": null, "name:ar": null, "name:ur": null, "religion": "muslim", "is_in": null, "created_by": null, "name:de": null, "name:es": null, "name:hi": null, "wikidata": null, "wikipedia": null, "emergency": null, "brand": null, "brand:wikidata": null, "brand:wikipedia": null, "building": "yes", "source": null, "dispensing": null, "addr:postcode": null, "service_times": null, "grades": null, "operator": null, "operator:type": null, "wikimedia_commons": null, "opening_hours": null, "website": null, "phone": null, "shelter_type": null, "description": null, "atm": null, "addr:street:ar": null, "addr:street:en": null, "addr:street:ur": null, "check_date": null, "addr:housenumber": null, "alt_name": null, "healthcare:speciality": null, "long_name": null, "long_name:ar": null, "long_name:ur": null, "name:ks": null, "name:ml": null, "name:pnb": null, "name:sd": null, "internet_access": null, "air_conditioning": null, "education": null, "area": null, "email": null, "name:pa": null, "generator:source": null, "level": null, "power": null, "name:ps": null, "not:name": null, "type": null }, "geometry": { "type": "Polygon", "coordinates": [ [ [ 73.0459537, 33.707081 ], [ 73.0461249, 33.7071686 ], [ 73.0462587, 33.7069876 ], [ 73.0461223, 33.7069178 ], [ 73.0460928, 33.7069576 ], [ 73.0460581, 33.7069398 ], [ 73.0459537, 33.707081 ] ] ] } },
{ "type": "Feature", "properties": { "element": "way", "id": 545008663, "addr:city": null, "addr:city:ar": null, "addr:city:en": null, "addr:city:ks": null, "addr:city:pnb": null, "addr:city:ps": null, "addr:city:sd": null, "addr:city:ur": null, "addr:street": null, "amenity": "place_of_worship", "healthcare": null, "name": null, "name:en": null, "denomination": null, "name:ar": null, "name:ur": null, "religion": "muslim", "is_in": null, "created_by": null, "name:de": null, "name:es": null, "name:hi": null, "wikidata": null, "wikipedia": null, "emergency": null, "brand": null, "brand:wikidata": null, "brand:wikipedia": null, "building": "yes", "source": null, "dispensing": null, "addr:postcode": null, "service_times": null, "grades": null, "operator": null, "operator:type": null, "wikimedia_commons": null, "opening_hours": null, "website": null, "phone": null, "shelter_type": null, "description": null, "atm": null, "addr:street:ar": null, "addr:street:en": null, "addr:street:ur": null, "check_date": null, "addr:housenumber": null, "alt_name": null, "healthcare:speciality": null, "long_name": null, "long_name:ar": null, "long_name:ur": null, "name:ks": null, "name:ml": null, "name:pnb": null, "name:sd": null, "internet_access": null, "air_conditioning": null, "education": null, "area": null, "email": null, "name:pa": null, "generator:source": null, "level": null, "power": null, "name:ps": null, "not:name": null, "type": null }, "geometry": { "type": "Polygon", "coordinates": [ [ [ 73.0466417, 33.7088865 ], [ 73.0468868, 33.7089498 ], [ 73.0469189, 33.7089069 ], [ 73.0469406, 33.7089181 ], [ 73.0470537, 33.708767 ], [ 73.0470282, 33.7087538 ], [ 73.0470882, 33.7086736 ], [ 73.0467822, 33.7085151 ], [ 73.0466417, 33.7088865 ] ] ] } },
{ "type": "Feature", "properties": { "element": "way", "id": 545321533, "addr:city": "اسلام آباد", "addr:city:ar": null, "addr:city:en": null, "addr:city:ks": null, "addr:city:pnb": null, "addr:city:ps": null, "addr:city:sd": null, "addr:city:ur": null, "addr:street": "اسٹریٹ 55", "amenity": "place_of_worship", "healthcare": null, "name": "ایف-8 چرچ", "name:en": null, "denomination": null, "name:ar": "كنيسة إف-8", "name:ur": "ایف-8 چرچ", "religion": "christian", "is_in": null, "created_by": null, "name:de": null, "name:es": null, "name:hi": null, "wikidata": null, "wikipedia": null, "emergency": null, "brand": null, "brand:wikidata": null, "brand:wikipedia": null, "building": "yes", "source": null, "dispensing": null, "addr:postcode": null, "service_times": null, "grades": null, "operator": null, "operator:type": null, "wikimedia_commons": null, "opening_hours": null, "website": null, "phone": null, "shelter_type": null, "description": null, "atm": null, "addr:street:ar": null, "addr:street:en": null, "addr:street:ur": null, "check_date": null, "addr:housenumber": null, "alt_name": null, "healthcare:speciality": null, "long_name": null, "long_name:ar": null, "long_name:ur": null, "name:ks": null, "name:ml": null, "name:pnb": null, "name:sd": null, "internet_access": null, "air_conditioning": null, "education": null, "area": null, "email": null, "name:pa": null, "generator:source": null, "level": null, "power": null, "name:ps": null, "not:name": null, "type": null }, "geometry": { "type": "Polygon", "coordinates": [ [ [ 73.0451028, 33.7111157 ], [ 73.0453076, 33.7108412 ], [ 73.0452464, 33.7108202 ], [ 73.045235, 33.710832 ], [ 73.0452132, 33.7108194 ], [ 73.0452027, 33.7108289 ], [ 73.0451752, 33.7108162 ], [ 73.0451639, 33.7108226 ], [ 73.0451364, 33.7108099 ], [ 73.0451259, 33.710817 ], [ 73.0450984, 33.7108005 ], [ 73.0450804, 33.7108099 ], [ 73.0450643, 33.7108005 ], [ 73.0450529, 33.7108036 ], [ 73.0450396, 33.710802 ], [ 73.0450036, 33.7108139 ], [ 73.0449277, 33.7108249 ], [ 73.0449505, 33.7109764 ], [ 73.0450112, 33.7110245 ], [ 73.0450387, 33.7110379 ], [ 73.0450301, 33.7110561 ], [ 73.0450652, 33.7110947 ], [ 73.0451028, 33.7111157 ] ] ] } },
{ "type": "Feature", "properties": { "element": "way", "id": 549369227, "addr:city": null, "addr:city:ar": null, "addr:city:en": null, "addr:city:ks": null, "addr:city:pnb": null, "addr:city:ps": null, "addr:city:sd": null, "addr:city:ur": null, "addr:street": null, "amenity": "place_of_worship", "healthcare": null, "name": null, "name:en": null, "denomination": null, "name:ar": null, "name:ur": null, "religion": "muslim", "is_in": null, "created_by": null, "name:de": null, "name:es": null, "name:hi": null, "wikidata": null, "wikipedia": null, "emergency": null, "brand": null, "brand:wikidata": null, "brand:wikipedia": null, "building": "yes", "source": null, "dispensing": null, "addr:postcode": null, "service_times": null, "grades": null, "operator": null, "operator:type": null, "wikimedia_commons": null, "opening_hours": null, "website": null, "phone": null, "shelter_type": null, "description": null, "atm": null, "addr:street:ar": null, "addr:street:en": null, "addr:street:ur": null, "check_date": null, "addr:housenumber": null, "alt_name": null, "healthcare:speciality": null, "long_name": null, "long_name:ar": null, "long_name:ur": null, "name:ks": null, "name:ml": null, "name:pnb": null, "name:sd": null, "internet_access": null, "air_conditioning": null, "education": null, "area": null, "email": null, "name:pa": null, "generator:source": null, "level": null, "power": null, "name:ps": null, "not:name": null, "type": null }, "geometry": { "type": "Polygon", "coordinates": [ [ [ 73.0629873, 33.7287693 ], [ 73.0630443, 33.7286752 ], [ 73.0629467, 33.7286343 ], [ 73.0627495, 33.7286296 ], [ 73.0626452, 33.7288063 ], [ 73.0629088, 33.728841 ], [ 73.063038, 33.7288951 ], [ 73.0630885, 33.7288117 ], [ 73.0629873, 33.7287693 ] ] ] } },
{ "type": "Feature", "properties": { "element": "way", "id": 549377372, "addr:city": null, "addr:city:ar": null, "addr:city:en": null, "addr:city:ks": null, "addr:city:pnb": null, "addr:city:ps": null, "addr:city:sd": null, "addr:city:ur": null, "addr:street": null, "amenity": "place_of_worship", "healthcare": null, "name": null, "name:en": null, "denomination": null, "name:ar": null, "name:ur": null, "religion": "muslim", "is_in": null, "created_by": null, "name:de": null, "name:es": null, "name:hi": null, "wikidata": null, "wikipedia": null, "emergency": null, "brand": null, "brand:wikidata": null, "brand:wikipedia": null, "building": "yes", "source": null, "dispensing": null, "addr:postcode": null, "service_times": null, "grades": null, "operator": null, "operator:type": null, "wikimedia_commons": null, "opening_hours": null, "website": null, "phone": null, "shelter_type": null, "description": null, "atm": null, "addr:street:ar": null, "addr:street:en": null, "addr:street:ur": null, "check_date": null, "addr:housenumber": null, "alt_name": null, "healthcare:speciality": null, "long_name": null, "long_name:ar": null, "long_name:ur": null, "name:ks": null, "name:ml": null, "name:pnb": null, "name:sd": null, "internet_access": null, "air_conditioning": null, "education": null, "area": null, "email": null, "name:pa": null, "generator:source": null, "level": null, "power": null, "name:ps": null, "not:name": null, "type": null }, "geometry": { "type": "Polygon", "coordinates": [ [ [ 73.0153633, 33.6961323 ], [ 73.0154463, 33.6961705 ], [ 73.0155203, 33.6960591 ], [ 73.0154373, 33.6960209 ], [ 73.0153633, 33.6961323 ] ] ] } },
{ "type": "Feature", "properties": { "element": "way", "id": 549408811, "addr:city": null, "addr:city:ar": null, "addr:city:en": null, "addr:city:ks": null, "addr:city:pnb": null, "addr:city:ps": null, "addr:city:sd": null, "addr:city:ur": null, "addr:street": null, "amenity": "place_of_worship", "healthcare": null, "name": null, "name:en": null, "denomination": null, "name:ar": null, "name:ur": null, "religion": "muslim", "is_in": null, "created_by": null, "name:de": null, "name:es": null, "name:hi": null, "wikidata": null, "wikipedia": null, "emergency": null, "brand": null, "brand:wikidata": null, "brand:wikipedia": null, "building": "yes", "source": null, "dispensing": null, "addr:postcode": null, "service_times": null, "grades": null, "operator": null, "operator:type": null, "wikimedia_commons": null, "opening_hours": null, "website": null, "phone": null, "shelter_type": null, "description": null, "atm": null, "addr:street:ar": null, "addr:street:en": null, "addr:street:ur": null, "check_date": null, "addr:housenumber": null, "alt_name": null, "healthcare:speciality": null, "long_name": null, "long_name:ar": null, "long_name:ur": null, "name:ks": null, "name:ml": null, "name:pnb": null, "name:sd": null, "internet_access": null, "air_conditioning": null, "education": null, "area": null, "email": null, "name:pa": null, "generator:source": null, "level": null, "power": null, "name:ps": null, "not:name": null, "type": null }, "geometry": { "type": "Polygon", "coordinates": [ [ [ 73.0205074, 33.6837108 ], [ 73.0207636, 33.6837565 ], [ 73.0207475, 33.6837863 ], [ 73.0207571, 33.6837905 ], [ 73.0207602, 33.6837912 ], [ 73.0207628, 33.6837905 ], [ 73.0207642, 33.6837891 ], [ 73.0207669, 33.6837854 ], [ 73.0207737, 33.6837882 ], [ 73.0207793, 33.6837901 ], [ 73.0207836, 33.6837898 ], [ 73.0207858, 33.6837877 ], [ 73.0207903, 33.6837811 ], [ 73.0208056, 33.6837877 ], [ 73.020816, 33.6837908 ], [ 73.0208227, 33.6837908 ], [ 73.0208291, 33.6837993 ], [ 73.0208415, 33.6838036 ], [ 73.0208434, 33.6838087 ], [ 73.0208509, 33.6838111 ], [ 73.0208585, 33.6838095 ], [ 73.0208742, 33.6837807 ], [ 73.0208818, 33.6837843 ], [ 73.0209045, 33.6837543 ], [ 73.0209462, 33.6837772 ], [ 73.0210525, 33.6836422 ], [ 73.0209064, 33.6835617 ], [ 73.0208818, 33.6835917 ], [ 73.020566, 33.683527 ], [ 73.0205527, 33.6835681 ], [ 73.0205413, 33.6835649 ], [ 73.0204968, 33.6837085 ], [ 73.0205074, 33.6837108 ] ] ] } },
{ "type": "Feature", "properties": { "element": "way", "id": 550464143, "addr:city": null, "addr:city:ar": null, "addr:city:en": null, "addr:city:ks": null, "addr:city:pnb": null, "addr:city:ps": null, "addr:city:sd": null, "addr:city:ur": null, "addr:street": null, "amenity": "place_of_worship", "healthcare": null, "name": null, "name:en": null, "denomination": null, "name:ar": null, "name:ur": null, "religion": "muslim", "is_in": null, "created_by": null, "name:de": null, "name:es": null, "name:hi": null, "wikidata": null, "wikipedia": null, "emergency": null, "brand": null, "brand:wikidata": null, "brand:wikipedia": null, "building": "yes", "source": null, "dispensing": null, "addr:postcode": null, "service_times": null, "grades": null, "operator": null, "operator:type": null, "wikimedia_commons": null, "opening_hours": null, "website": null, "phone": null, "shelter_type": null, "description": null, "atm": null, "addr:street:ar": null, "addr:street:en": null, "addr:street:ur": null, "check_date": "2025-12-07", "addr:housenumber": null, "alt_name": null, "healthcare:speciality": null, "long_name": null, "long_name:ar": null, "long_name:ur": null, "name:ks": null, "name:ml": null, "name:pnb": null, "name:sd": null, "internet_access": null, "air_conditioning": null, "education": null, "area": null, "email": null, "name:pa": null, "generator:source": null, "level": null, "power": null, "name:ps": null, "not:name": null, "type": null }, "geometry": { "type": "Polygon", "coordinates": [ [ [ 73.0542559, 33.7200508 ], [ 73.0542418, 33.7200703 ], [ 73.0542257, 33.7200926 ], [ 73.0542123, 33.7201104 ], [ 73.0542043, 33.7201261 ], [ 73.0541962, 33.7201372 ], [ 73.0541882, 33.7201456 ], [ 73.0541835, 33.7201584 ], [ 73.0541775, 33.7201718 ], [ 73.0541667, 33.7201852 ], [ 73.0541506, 33.7201969 ], [ 73.0541399, 33.7202036 ], [ 73.0541298, 33.7202075 ], [ 73.0541228, 33.7202075 ], [ 73.0540869, 33.7201894 ], [ 73.0540768, 33.7201859 ], [ 73.054066, 33.7201981 ], [ 73.0540003, 33.720163 ], [ 73.0540139, 33.7201474 ], [ 73.0540055, 33.7201471 ], [ 73.0540102, 33.7201092 ], [ 73.0540263, 33.7201097 ], [ 73.054029, 33.7200908 ], [ 73.0540038, 33.7200819 ], [ 73.0539854, 33.7200763 ], [ 73.0539614, 33.7200714 ], [ 73.0539571, 33.7200909 ], [ 73.0539541, 33.7201025 ], [ 73.0539492, 33.7201175 ], [ 73.0539448, 33.7201231 ], [ 73.0539404, 33.7201246 ], [ 73.0539371, 33.7201246 ], [ 73.0539305, 33.7201214 ], [ 73.0538627, 33.7200905 ], [ 73.0538583, 33.7200909 ], [ 73.0538528, 33.7200899 ], [ 73.053762, 33.7200413 ], [ 73.0537549, 33.7200333 ], [ 73.0537517, 33.7200263 ], [ 73.0537521, 33.7200204 ], [ 73.0537828, 33.7199252 ], [ 73.0537986, 33.7198711 ], [ 73.053787, 33.7198676 ], [ 73.0537836, 33.7198648 ], [ 73.0537831, 33.7198612 ], [ 73.0538376, 33.719643 ], [ 73.0538404, 33.7196414 ], [ 73.0538449, 33.7196407 ], [ 73.0539551, 33.7196594 ], [ 73.0539578, 33.7196477 ], [ 73.0540661, 33.7196692 ], [ 73.0540629, 33.7196785 ], [ 73.0541407, 33.7196955 ], [ 73.054136, 33.7197081 ], [ 73.05422, 33.7197243 ], [ 73.0541945, 33.719809 ], [ 73.0542385, 33.7198305 ], [ 73.0542295, 33.7198605 ], [ 73.0542395, 33.7198649 ], [ 73.0542426, 33.7198695 ], [ 73.0542438, 33.7198751 ], [ 73.0542426, 33.7198818 ], [ 73.054339, 33.7199276 ], [ 73.0542559, 33.7200508 ] ] ] } },
{ "type": "Feature", "properties": { "element": "way", "id": 554297499, "addr:city": "اسلام آباد", "addr:city:ar": null, "addr:city:en": null, "addr:city:ks": null, "addr:city:pnb": null, "addr:city:ps": null, "addr:city:sd": null, "addr:city:ur": null, "addr:street": null, "amenity": "place_of_worship", "healthcare": null, "name": "مسجد اقصیٰ", "name:en": "Masjid Aqsa", "denomination": null, "name:ar": "المسجد الأقصى", "name:ur": "مسجد اقصیٰ", "religion": "muslim", "is_in": null, "created_by": null, "name:de": null, "name:es": null, "name:hi": null, "wikidata": null, "wikipedia": null, "emergency": null, "brand": null, "brand:wikidata": null, "brand:wikipedia": null, "building": "mosque", "source": null, "dispensing": null, "addr:postcode": null, "service_times": null, "grades": null, "operator": null, "operator:type": null, "wikimedia_commons": null, "opening_hours": null, "website": null, "phone": null, "shelter_type": null, "description": null, "atm": null, "addr:street:ar": null, "addr:street:en": null, "addr:street:ur": null, "check_date": null, "addr:housenumber": null, "alt_name": null, "healthcare:speciality": null, "long_name": null, "long_name:ar": null, "long_name:ur": null, "name:ks": null, "name:ml": null, "name:pnb": null, "name:sd": null, "internet_access": null, "air_conditioning": null, "education": null, "area": null, "email": null, "name:pa": null, "generator:source": null, "level": null, "power": null, "name:ps": null, "not:name": null, "type": null }, "geometry": { "type": "Polygon", "coordinates": [ [ [ 73.0739384, 33.733601 ], [ 73.0739703, 33.7336178 ], [ 73.0739747, 33.7336119 ], [ 73.0741197, 33.7336859 ], [ 73.074115, 33.7336922 ], [ 73.0741441, 33.7337092 ], [ 73.0740235, 33.7338725 ], [ 73.0738197, 33.7337688 ], [ 73.0739384, 33.733601 ] ] ] } },
{ "type": "Feature", "properties": { "element": "way", "id": 556277381, "addr:city": null, "addr:city:ar": null, "addr:city:en": null, "addr:city:ks": null, "addr:city:pnb": null, "addr:city:ps": null, "addr:city:sd": null, "addr:city:ur": null, "addr:street": null, "amenity": "place_of_worship", "healthcare": null, "name": null, "name:en": null, "denomination": null, "name:ar": null, "name:ur": null, "religion": "muslim", "is_in": null, "created_by": null, "name:de": null, "name:es": null, "name:hi": null, "wikidata": null, "wikipedia": null, "emergency": null, "brand": null, "brand:wikidata": null, "brand:wikipedia": null, "building": "yes", "source": null, "dispensing": null, "addr:postcode": null, "service_times": null, "grades": null, "operator": null, "operator:type": null, "wikimedia_commons": null, "opening_hours": null, "website": null, "phone": null, "shelter_type": null, "description": null, "atm": null, "addr:street:ar": null, "addr:street:en": null, "addr:street:ur": null, "check_date": null, "addr:housenumber": null, "alt_name": null, "healthcare:speciality": null, "long_name": null, "long_name:ar": null, "long_name:ur": null, "name:ks": null, "name:ml": null, "name:pnb": null, "name:sd": null, "internet_access": null, "air_conditioning": null, "education": null, "area": null, "email": null, "name:pa": null, "generator:source": null, "level": null, "power": null, "name:ps": null, "not:name": null, "type": null }, "geometry": { "type": "Polygon", "coordinates": [ [ [ 73.0121278, 33.6967227 ], [ 73.012389, 33.6968607 ], [ 73.0121523, 33.6971708 ], [ 73.011891, 33.6970327 ], [ 73.0121278, 33.6967227 ] ] ] } },
{ "type": "Feature", "properties": { "element": "way", "id": 556815494, "addr:city": null, "addr:city:ar": null, "addr:city:en": null, "addr:city:ks": null, "addr:city:pnb": null, "addr:city:ps": null, "addr:city:sd": null, "addr:city:ur": null, "addr:street": null, "amenity": "place_of_worship", "healthcare": null, "name": null, "name:en": null, "denomination": "sunni", "name:ar": null, "name:ur": null, "religion": "muslim", "is_in": null, "created_by": null, "name:de": null, "name:es": null, "name:hi": null, "wikidata": null, "wikipedia": null, "emergency": null, "brand": null, "brand:wikidata": null, "brand:wikipedia": null, "building": "yes", "source": null, "dispensing": null, "addr:postcode": null, "service_times": null, "grades": null, "operator": null, "operator:type": null, "wikimedia_commons": null, "opening_hours": null, "website": null, "phone": null, "shelter_type": null, "description": null, "atm": null, "addr:street:ar": null, "addr:street:en": null, "addr:street:ur": null, "check_date": null, "addr:housenumber": null, "alt_name": null, "healthcare:speciality": null, "long_name": null, "long_name:ar": null, "long_name:ur": null, "name:ks": null, "name:ml": null, "name:pnb": null, "name:sd": null, "internet_access": null, "air_conditioning": null, "education": null, "area": null, "email": null, "name:pa": null, "generator:source": null, "level": null, "power": null, "name:ps": null, "not:name": null, "type": null }, "geometry": { "type": "Polygon", "coordinates": [ [ [ 73.0520173, 33.7214859 ], [ 73.0519429, 33.7217396 ], [ 73.0520567, 33.7217666 ], [ 73.0520511, 33.721789 ], [ 73.0523251, 33.7219356 ], [ 73.0523343, 33.7219263 ], [ 73.0523665, 33.7219457 ], [ 73.0523755, 33.7219335 ], [ 73.0524467, 33.7219716 ], [ 73.0524717, 33.7219422 ], [ 73.0524457, 33.7219268 ], [ 73.0525035, 33.7218528 ], [ 73.0525466, 33.721877 ], [ 73.0526785, 33.7217038 ], [ 73.0525506, 33.7216351 ], [ 73.0524686, 33.7215888 ], [ 73.0524245, 33.7215799 ], [ 73.0524172, 33.7215908 ], [ 73.0521935, 33.7215458 ], [ 73.0521998, 33.7215219 ], [ 73.0520173, 33.7214859 ] ] ] } },
{ "type": "Feature", "properties": { "element": "way", "id": 557397068, "addr:city": null, "addr:city:ar": null, "addr:city:en": null, "addr:city:ks": null, "addr:city:pnb": null, "addr:city:ps": null, "addr:city:sd": null, "addr:city:ur": null, "addr:street": null, "amenity": "place_of_worship", "healthcare": null, "name": "Imam Abu Dawood Mosque", "name:en": null, "denomination": null, "name:ar": null, "name:ur": null, "religion": "muslim", "is_in": null, "created_by": null, "name:de": null, "name:es": null, "name:hi": null, "wikidata": null, "wikipedia": null, "emergency": null, "brand": null, "brand:wikidata": null, "brand:wikipedia": null, "building": "yes", "source": null, "dispensing": null, "addr:postcode": null, "service_times": null, "grades": null, "operator": null, "operator:type": null, "wikimedia_commons": null, "opening_hours": null, "website": null, "phone": null, "shelter_type": null, "description": null, "atm": null, "addr:street:ar": null, "addr:street:en": null, "addr:street:ur": null, "check_date": null, "addr:housenumber": null, "alt_name": null, "healthcare:speciality": null, "long_name": null, "long_name:ar": null, "long_name:ur": null, "name:ks": null, "name:ml": null, "name:pnb": null, "name:sd": null, "internet_access": null, "air_conditioning": null, "education": null, "area": null, "email": null, "name:pa": null, "generator:source": null, "level": null, "power": null, "name:ps": null, "not:name": null, "type": null }, "geometry": { "type": "Polygon", "coordinates": [ [ [ 73.0500189, 33.705253 ], [ 73.0499891, 33.7053004 ], [ 73.0499689, 33.7052892 ], [ 73.0499072, 33.7053584 ], [ 73.0499019, 33.705354 ], [ 73.0498952, 33.7053489 ], [ 73.0498891, 33.705345 ], [ 73.0498844, 33.7053428 ], [ 73.0498751, 33.7053417 ], [ 73.049861, 33.7053439 ], [ 73.0498429, 33.7053484 ], [ 73.0498348, 33.7053489 ], [ 73.0498288, 33.7053478 ], [ 73.0498221, 33.7053445 ], [ 73.0498181, 33.7053411 ], [ 73.0498107, 33.7053417 ], [ 73.0498053, 33.7053418 ], [ 73.0498015, 33.7053403 ], [ 73.0497982, 33.7053359 ], [ 73.0497953, 33.7053312 ], [ 73.0497925, 33.7053249 ], [ 73.0497925, 33.7053186 ], [ 73.0497844, 33.7053158 ], [ 73.0497792, 33.7053241 ], [ 73.049646, 33.7052856 ], [ 73.0497193, 33.7051007 ], [ 73.049858, 33.7051383 ], [ 73.0498456, 33.7051711 ], [ 73.0498726, 33.7051863 ], [ 73.0498806, 33.7051906 ], [ 73.0498858, 33.7051943 ], [ 73.0498886, 33.7051979 ], [ 73.0498902, 33.7052019 ], [ 73.0498906, 33.7052052 ], [ 73.0499415, 33.7052267 ], [ 73.0499533, 33.7052116 ], [ 73.0499556, 33.7052094 ], [ 73.04996, 33.705208 ], [ 73.0499647, 33.7052083 ], [ 73.0499838, 33.7052169 ], [ 73.0499865, 33.7052194 ], [ 73.0499868, 33.7052231 ], [ 73.0499855, 33.7052253 ], [ 73.0499741, 33.7052412 ], [ 73.0500189, 33.705253 ] ] ] } },
{ "type": "Feature", "properties": { "element": "way", "id": 557398392, "addr:city": null, "addr:city:ar": null, "addr:city:en": null, "addr:city:ks": null, "addr:city:pnb": null, "addr:city:ps": null, "addr:city:sd": null, "addr:city:ur": null, "addr:street": null, "amenity": "place_of_worship", "healthcare": null, "name": null, "name:en": null, "denomination": null, "name:ar": null, "name:ur": null, "religion": "muslim", "is_in": null, "created_by": null, "name:de": null, "name:es": null, "name:hi": null, "wikidata": null, "wikipedia": null, "emergency": null, "brand": null, "brand:wikidata": null, "brand:wikipedia": null, "building": "yes", "source": null, "dispensing": null, "addr:postcode": null, "service_times": null, "grades": null, "operator": null, "operator:type": null, "wikimedia_commons": null, "opening_hours": null, "website": null, "phone": null, "shelter_type": null, "description": null, "atm": null, "addr:street:ar": null, "addr:street:en": null, "addr:street:ur": null, "check_date": null, "addr:housenumber": null, "alt_name": null, "healthcare:speciality": null, "long_name": null, "long_name:ar": null, "long_name:ur": null, "name:ks": null, "name:ml": null, "name:pnb": null, "name:sd": null, "internet_access": null, "air_conditioning": null, "education": null, "area": null, "email": null, "name:pa": null, "generator:source": null, "level": null, "power": null, "name:ps": null, "not:name": null, "type": null }, "geometry": { "type": "Polygon", "coordinates": [ [ [ 73.0466279, 33.699022 ], [ 73.0466534, 33.699003 ], [ 73.0467039, 33.6988321 ], [ 73.0466053, 33.6988119 ], [ 73.046624, 33.6987488 ], [ 73.0464277, 33.6987086 ], [ 73.046349, 33.6989746 ], [ 73.0465314, 33.6990119 ], [ 73.0465474, 33.6990041 ], [ 73.0466279, 33.699022 ] ] ] } },
{ "type": "Feature", "properties": { "element": "way", "id": 557955091, "addr:city": null, "addr:city:ar": null, "addr:city:en": null, "addr:city:ks": null, "addr:city:pnb": null, "addr:city:ps": null, "addr:city:sd": null, "addr:city:ur": null, "addr:street": null, "amenity": "place_of_worship", "healthcare": null, "name": "Abdullah bin Masood Masjid", "name:en": null, "denomination": "sunni", "name:ar": null, "name:ur": null, "religion": "muslim", "is_in": null, "created_by": null, "name:de": null, "name:es": null, "name:hi": null, "wikidata": null, "wikipedia": null, "emergency": null, "brand": null, "brand:wikidata": null, "brand:wikipedia": null, "building": "mosque", "source": null, "dispensing": null, "addr:postcode": null, "service_times": null, "grades": null, "operator": null, "operator:type": null, "wikimedia_commons": null, "opening_hours": null, "website": null, "phone": null, "shelter_type": null, "description": null, "atm": null, "addr:street:ar": null, "addr:street:en": null, "addr:street:ur": null, "check_date": null, "addr:housenumber": null, "alt_name": null, "healthcare:speciality": null, "long_name": null, "long_name:ar": null, "long_name:ur": null, "name:ks": null, "name:ml": null, "name:pnb": null, "name:sd": null, "internet_access": null, "air_conditioning": null, "education": null, "area": null, "email": null, "name:pa": null, "generator:source": null, "level": null, "power": null, "name:ps": null, "not:name": null, "type": null }, "geometry": { "type": "Polygon", "coordinates": [ [ [ 73.0315095, 33.6903414 ], [ 73.031716, 33.6904596 ], [ 73.0315506, 33.6906597 ], [ 73.0315563, 33.6906723 ], [ 73.0315468, 33.6906897 ], [ 73.031524, 33.6906912 ], [ 73.0315088, 33.6906833 ], [ 73.0315032, 33.6906549 ], [ 73.031488, 33.6906407 ], [ 73.0314633, 33.6906328 ], [ 73.0314349, 33.6906328 ], [ 73.0313294, 33.6905794 ], [ 73.0315095, 33.6903414 ] ] ] } },
{ "type": "Feature", "properties": { "element": "way", "id": 558241287, "addr:city": "اسلام آباد", "addr:city:ar": null, "addr:city:en": null, "addr:city:ks": null, "addr:city:pnb": null, "addr:city:ps": null, "addr:city:sd": null, "addr:city:ur": null, "addr:street": null, "amenity": "place_of_worship", "healthcare": null, "name": null, "name:en": null, "denomination": null, "name:ar": null, "name:ur": null, "religion": "muslim", "is_in": null, "created_by": null, "name:de": null, "name:es": null, "name:hi": null, "wikidata": null, "wikipedia": null, "emergency": null, "brand": null, "brand:wikidata": null, "brand:wikipedia": null, "building": "yes", "source": null, "dispensing": null, "addr:postcode": null, "service_times": null, "grades": null, "operator": null, "operator:type": null, "wikimedia_commons": null, "opening_hours": null, "website": null, "phone": null, "shelter_type": null, "description": null, "atm": null, "addr:street:ar": null, "addr:street:en": null, "addr:street:ur": null, "check_date": null, "addr:housenumber": null, "alt_name": null, "healthcare:speciality": null, "long_name": null, "long_name:ar": null, "long_name:ur": null, "name:ks": null, "name:ml": null, "name:pnb": null, "name:sd": null, "internet_access": null, "air_conditioning": null, "education": null, "area": null, "email": null, "name:pa": null, "generator:source": null, "level": null, "power": null, "name:ps": null, "not:name": null, "type": null }, "geometry": { "type": "Polygon", "coordinates": [ [ [ 73.0160672, 33.6773525 ], [ 73.016051, 33.6773836 ], [ 73.0160478, 33.6774174 ], [ 73.0160443, 33.6774206 ], [ 73.0160406, 33.6774239 ], [ 73.0160335, 33.6774305 ], [ 73.0160315, 33.6774362 ], [ 73.0160333, 33.6774425 ], [ 73.0160381, 33.6774467 ], [ 73.0160465, 33.6774501 ], [ 73.0160578, 33.6774503 ], [ 73.0160801, 33.6774787 ], [ 73.0161123, 33.6774995 ], [ 73.0161511, 33.6775106 ], [ 73.0161921, 33.6775106 ], [ 73.0162309, 33.6774995 ], [ 73.0162632, 33.6774785 ], [ 73.0162856, 33.6774498 ], [ 73.0162954, 33.6774166 ], [ 73.0162918, 33.6773826 ], [ 73.0162751, 33.6773514 ], [ 73.016247, 33.6773265 ], [ 73.0162107, 33.6773105 ], [ 73.0161705, 33.6773053 ], [ 73.0161304, 33.6773111 ], [ 73.0160947, 33.6773275 ], [ 73.0160672, 33.6773525 ] ] ] } },
{ "type": "Feature", "properties": { "element": "way", "id": 558244963, "addr:city": null, "addr:city:ar": null, "addr:city:en": null, "addr:city:ks": null, "addr:city:pnb": null, "addr:city:ps": null, "addr:city:sd": null, "addr:city:ur": null, "addr:street": null, "amenity": "place_of_worship", "healthcare": null, "name": null, "name:en": null, "denomination": null, "name:ar": null, "name:ur": null, "religion": "muslim", "is_in": null, "created_by": null, "name:de": null, "name:es": null, "name:hi": null, "wikidata": null, "wikipedia": null, "emergency": null, "brand": null, "brand:wikidata": null, "brand:wikipedia": null, "building": "yes", "source": null, "dispensing": null, "addr:postcode": null, "service_times": null, "grades": null, "operator": null, "operator:type": null, "wikimedia_commons": null, "opening_hours": null, "website": null, "phone": null, "shelter_type": null, "description": null, "atm": null, "addr:street:ar": null, "addr:street:en": null, "addr:street:ur": null, "check_date": null, "addr:housenumber": null, "alt_name": null, "healthcare:speciality": null, "long_name": null, "long_name:ar": null, "long_name:ur": null, "name:ks": null, "name:ml": null, "name:pnb": null, "name:sd": null, "internet_access": null, "air_conditioning": null, "education": null, "area": null, "email": null, "name:pa": null, "generator:source": null, "level": null, "power": null, "name:ps": null, "not:name": null, "type": null }, "geometry": { "type": "Polygon", "coordinates": [ [ [ 73.0601246, 33.7228838 ], [ 73.0601388, 33.7228921 ], [ 73.0601531, 33.7228875 ], [ 73.0601699, 33.7228967 ], [ 73.0601845, 33.7228927 ], [ 73.0601955, 33.7229043 ], [ 73.0602109, 33.7228986 ], [ 73.0602248, 33.7229103 ], [ 73.0602423, 33.7229053 ], [ 73.0602576, 33.7229168 ], [ 73.0602742, 33.7229128 ], [ 73.0603218, 33.7229213 ], [ 73.0603193, 33.7229276 ], [ 73.0603165, 33.7229362 ], [ 73.0603114, 33.7229545 ], [ 73.0604484, 33.722982 ], [ 73.0604589, 33.7229757 ], [ 73.0604551, 33.722963 ], [ 73.060465, 33.7229528 ], [ 73.0604612, 33.7229402 ], [ 73.0604712, 33.7229299 ], [ 73.0604669, 33.7229157 ], [ 73.0604769, 33.7229051 ], [ 73.0604736, 33.7228948 ], [ 73.060484, 33.7228861 ], [ 73.0604797, 33.7228755 ], [ 73.0604902, 33.722868 ], [ 73.0604873, 33.7228573 ], [ 73.0604987, 33.722851 ], [ 73.0604954, 33.7228388 ], [ 73.0605077, 33.7228282 ], [ 73.0605058, 33.7228175 ], [ 73.0605177, 33.7228081 ], [ 73.0605134, 33.7227946 ], [ 73.060366, 33.7227656 ], [ 73.0603555, 33.7227979 ], [ 73.0603149, 33.7227842 ], [ 73.0603198, 33.7227669 ], [ 73.060309, 33.7227603 ], [ 73.0603028, 33.7227565 ], [ 73.0602825, 33.7227632 ], [ 73.0602696, 33.7227522 ], [ 73.0602526, 33.7227549 ], [ 73.0602404, 33.7227455 ], [ 73.0602247, 33.72275 ], [ 73.0602151, 33.7227399 ], [ 73.0601934, 33.7227434 ], [ 73.0601824, 33.7227349 ], [ 73.0601745, 33.7227388 ], [ 73.0601629, 33.7227353 ], [ 73.0601535, 33.7227426 ], [ 73.0601571, 33.7227575 ], [ 73.0601446, 33.7227631 ], [ 73.0601519, 33.7227746 ], [ 73.0601345, 33.7228348 ], [ 73.0601205, 33.7228449 ], [ 73.0601248, 33.7228587 ], [ 73.0601142, 33.7228644 ], [ 73.0601246, 33.7228838 ] ] ] } },
{ "type": "Feature", "properties": { "element": "way", "id": 568769275, "addr:city": null, "addr:city:ar": null, "addr:city:en": null, "addr:city:ks": null, "addr:city:pnb": null, "addr:city:ps": null, "addr:city:sd": null, "addr:city:ur": null, "addr:street": null, "amenity": "police", "healthcare": null, "name": null, "name:en": null, "denomination": null, "name:ar": null, "name:ur": null, "religion": null, "is_in": null, "created_by": null, "name:de": null, "name:es": null, "name:hi": null, "wikidata": null, "wikipedia": null, "emergency": null, "brand": null, "brand:wikidata": null, "brand:wikipedia": null, "building": "yes", "source": null, "dispensing": null, "addr:postcode": null, "service_times": null, "grades": null, "operator": null, "operator:type": null, "wikimedia_commons": null, "opening_hours": null, "website": null, "phone": null, "shelter_type": null, "description": null, "atm": null, "addr:street:ar": null, "addr:street:en": null, "addr:street:ur": null, "check_date": null, "addr:housenumber": null, "alt_name": null, "healthcare:speciality": null, "long_name": null, "long_name:ar": null, "long_name:ur": null, "name:ks": null, "name:ml": null, "name:pnb": null, "name:sd": null, "internet_access": null, "air_conditioning": null, "education": null, "area": null, "email": null, "name:pa": null, "generator:source": null, "level": null, "power": null, "name:ps": null, "not:name": null, "type": null }, "geometry": { "type": "Polygon", "coordinates": [ [ [ 73.0397543, 33.7093824 ], [ 73.0397987, 33.7093283 ], [ 73.0399204, 33.7093975 ], [ 73.0399247, 33.7093918 ], [ 73.0399902, 33.7094278 ], [ 73.0399848, 33.7094341 ], [ 73.040125, 33.7095139 ], [ 73.0400796, 33.7095673 ], [ 73.03997, 33.7095051 ], [ 73.0399674, 33.7095084 ], [ 73.0399773, 33.7095142 ], [ 73.0399481, 33.7095493 ], [ 73.0398177, 33.7094781 ], [ 73.0398476, 33.7094411 ], [ 73.0398578, 33.7094469 ], [ 73.0398612, 33.7094432 ], [ 73.0397543, 33.7093824 ] ] ] } },
{ "type": "Feature", "properties": { "element": "way", "id": 568896094, "addr:city": null, "addr:city:ar": null, "addr:city:en": null, "addr:city:ks": null, "addr:city:pnb": null, "addr:city:ps": null, "addr:city:sd": null, "addr:city:ur": null, "addr:street": "Kaghan Road", "amenity": "place_of_worship", "healthcare": null, "name": "Jamia Masjid Ashrafia", "name:en": null, "denomination": null, "name:ar": null, "name:ur": null, "religion": "muslim", "is_in": null, "created_by": null, "name:de": null, "name:es": null, "name:hi": null, "wikidata": null, "wikipedia": null, "emergency": null, "brand": null, "brand:wikidata": null, "brand:wikipedia": null, "building": "yes", "source": null, "dispensing": null, "addr:postcode": null, "service_times": null, "grades": null, "operator": null, "operator:type": null, "wikimedia_commons": null, "opening_hours": null, "website": null, "phone": null, "shelter_type": null, "description": null, "atm": null, "addr:street:ar": null, "addr:street:en": null, "addr:street:ur": null, "check_date": null, "addr:housenumber": null, "alt_name": null, "healthcare:speciality": null, "long_name": null, "long_name:ar": null, "long_name:ur": null, "name:ks": null, "name:ml": null, "name:pnb": null, "name:sd": null, "internet_access": null, "air_conditioning": null, "education": null, "area": null, "email": null, "name:pa": null, "generator:source": null, "level": null, "power": null, "name:ps": null, "not:name": null, "type": null }, "geometry": { "type": "Polygon", "coordinates": [ [ [ 73.0404566, 33.7100945 ], [ 73.0404467, 33.7101347 ], [ 73.0404453, 33.7101481 ], [ 73.0404507, 33.7101604 ], [ 73.0404628, 33.7101704 ], [ 73.0404789, 33.7101749 ], [ 73.0409379, 33.7102761 ], [ 73.0408791, 33.7103526 ], [ 73.0407559, 33.7102919 ], [ 73.0407511, 33.710299 ], [ 73.0407378, 33.7102927 ], [ 73.0406876, 33.7103558 ], [ 73.0408459, 33.7104402 ], [ 73.0410271, 33.7102094 ], [ 73.0410778, 33.7100847 ], [ 73.0410293, 33.7100762 ], [ 73.0410496, 33.7100031 ], [ 73.040629, 33.7099149 ], [ 73.0406188, 33.7099505 ], [ 73.0405873, 33.7099458 ], [ 73.0405737, 33.7099468 ], [ 73.0405568, 33.7099524 ], [ 73.0405478, 33.7099618 ], [ 73.040541, 33.7099796 ], [ 73.040502, 33.7101024 ], [ 73.0404566, 33.7100945 ] ] ] } },
{ "type": "Feature", "properties": { "element": "way", "id": 570937658, "addr:city": null, "addr:city:ar": null, "addr:city:en": null, "addr:city:ks": null, "addr:city:pnb": null, "addr:city:ps": null, "addr:city:sd": null, "addr:city:ur": null, "addr:street": null, "amenity": "school", "healthcare": null, "name": "National Institute of Banking and Finance", "name:en": null, "denomination": null, "name:ar": null, "name:ur": null, "religion": null, "is_in": null, "created_by": null, "name:de": null, "name:es": null, "name:hi": null, "wikidata": null, "wikipedia": null, "emergency": null, "brand": null, "brand:wikidata": null, "brand:wikipedia": null, "building": null, "source": null, "dispensing": null, "addr:postcode": null, "service_times": null, "grades": null, "operator": null, "operator:type": null, "wikimedia_commons": null, "opening_hours": null, "website": null, "phone": null, "shelter_type": null, "description": null, "atm": null, "addr:street:ar": null, "addr:street:en": null, "addr:street:ur": null, "check_date": null, "addr:housenumber": null, "alt_name": null, "healthcare:speciality": null, "long_name": null, "long_name:ar": null, "long_name:ur": null, "name:ks": null, "name:ml": null, "name:pnb": null, "name:sd": null, "internet_access": null, "air_conditioning": null, "education": null, "area": null, "email": null, "name:pa": null, "generator:source": null, "level": null, "power": null, "name:ps": null, "not:name": null, "type": null }, "geometry": { "type": "Polygon", "coordinates": [ [ [ 73.0637594, 33.6774351 ], [ 73.0637156, 33.6763656 ], [ 73.0642333, 33.6766312 ], [ 73.0646365, 33.676058 ], [ 73.0648868, 33.6761856 ], [ 73.064747, 33.6763902 ], [ 73.0646951, 33.6764634 ], [ 73.0646951, 33.6765066 ], [ 73.0647132, 33.6765685 ], [ 73.0647402, 33.6766192 ], [ 73.0647944, 33.676653 ], [ 73.0649252, 33.6767318 ], [ 73.0650876, 33.6768501 ], [ 73.0651101, 33.6768689 ], [ 73.0651282, 33.6769158 ], [ 73.0651304, 33.6770209 ], [ 73.0650741, 33.6781039 ], [ 73.0637594, 33.6774351 ] ] ] } },
{ "type": "Feature", "properties": { "element": "way", "id": 575341077, "addr:city": "Islamabad", "addr:city:ar": null, "addr:city:en": null, "addr:city:ks": null, "addr:city:pnb": null, "addr:city:ps": null, "addr:city:sd": null, "addr:city:ur": null, "addr:street": null, "amenity": "school", "healthcare": null, "name": null, "name:en": null, "denomination": null, "name:ar": null, "name:ur": null, "religion": null, "is_in": null, "created_by": null, "name:de": null, "name:es": null, "name:hi": null, "wikidata": null, "wikipedia": null, "emergency": null, "brand": null, "brand:wikidata": null, "brand:wikipedia": null, "building": null, "source": null, "dispensing": null, "addr:postcode": null, "service_times": null, "grades": null, "operator": "Federal Government", "operator:type": null, "wikimedia_commons": null, "opening_hours": null, "website": null, "phone": null, "shelter_type": null, "description": null, "atm": null, "addr:street:ar": null, "addr:street:en": null, "addr:street:ur": null, "check_date": null, "addr:housenumber": null, "alt_name": null, "healthcare:speciality": null, "long_name": null, "long_name:ar": null, "long_name:ur": null, "name:ks": null, "name:ml": null, "name:pnb": null, "name:sd": null, "internet_access": null, "air_conditioning": null, "education": null, "area": null, "email": null, "name:pa": null, "generator:source": null, "level": null, "power": null, "name:ps": null, "not:name": null, "type": null }, "geometry": { "type": "Polygon", "coordinates": [ [ [ 73.0128001, 33.6726358 ], [ 73.0128331, 33.6726895 ], [ 73.012885, 33.6727529 ], [ 73.0129483, 33.6728213 ], [ 73.0130073, 33.6728769 ], [ 73.0130583, 33.6729242 ], [ 73.0131278, 33.6729859 ], [ 73.0132267, 33.6730618 ], [ 73.0133139, 33.6731217 ], [ 73.0133791, 33.6731594 ], [ 73.0134221, 33.6731856 ], [ 73.0139287, 33.6734595 ], [ 73.0144895, 33.6727075 ], [ 73.0134967, 33.6721973 ], [ 73.0129271, 33.6724067 ], [ 73.0129301, 33.6724194 ], [ 73.0129383, 33.6724355 ], [ 73.0129465, 33.6724457 ], [ 73.0128675, 33.6724895 ], [ 73.0128397, 33.672477 ], [ 73.012815, 33.672465 ], [ 73.0127952, 33.6724603 ], [ 73.0127776, 33.6724612 ], [ 73.0127197, 33.6724819 ], [ 73.0127713, 33.6725817 ], [ 73.0128001, 33.6726358 ] ] ] } },
{ "type": "Feature", "properties": { "element": "way", "id": 693578265, "addr:city": null, "addr:city:ar": null, "addr:city:en": null, "addr:city:ks": null, "addr:city:pnb": null, "addr:city:ps": null, "addr:city:sd": null, "addr:city:ur": null, "addr:street": null, "amenity": "school", "healthcare": null, "name": "Islamabad Model College for Boys", "name:en": null, "denomination": null, "name:ar": null, "name:ur": null, "religion": null, "is_in": null, "created_by": null, "name:de": null, "name:es": null, "name:hi": null, "wikidata": null, "wikipedia": null, "emergency": null, "brand": null, "brand:wikidata": null, "brand:wikipedia": null, "building": null, "source": null, "dispensing": null, "addr:postcode": null, "service_times": null, "grades": null, "operator": null, "operator:type": null, "wikimedia_commons": null, "opening_hours": null, "website": null, "phone": null, "shelter_type": null, "description": null, "atm": null, "addr:street:ar": null, "addr:street:en": null, "addr:street:ur": null, "check_date": null, "addr:housenumber": null, "alt_name": null, "healthcare:speciality": null, "long_name": null, "long_name:ar": null, "long_name:ur": null, "name:ks": null, "name:ml": null, "name:pnb": null, "name:sd": null, "internet_access": null, "air_conditioning": null, "education": null, "area": null, "email": null, "name:pa": null, "generator:source": null, "level": null, "power": null, "name:ps": null, "not:name": null, "type": null }, "geometry": { "type": "Polygon", "coordinates": [ [ [ 73.0763273, 33.7175453 ], [ 73.0773714, 33.7181098 ], [ 73.0786529, 33.7164083 ], [ 73.077566, 33.7158635 ], [ 73.0768921, 33.7167676 ], [ 73.0763273, 33.7175453 ] ] ] } },
{ "type": "Feature", "properties": { "element": "way", "id": 697522954, "addr:city": null, "addr:city:ar": null, "addr:city:en": null, "addr:city:ks": null, "addr:city:pnb": null, "addr:city:ps": null, "addr:city:sd": null, "addr:city:ur": null, "addr:street": null, "amenity": "place_of_worship", "healthcare": null, "name": null, "name:en": null, "denomination": null, "name:ar": null, "name:ur": null, "religion": "muslim", "is_in": null, "created_by": null, "name:de": null, "name:es": null, "name:hi": null, "wikidata": null, "wikipedia": null, "emergency": null, "brand": null, "brand:wikidata": null, "brand:wikipedia": null, "building": "yes", "source": null, "dispensing": null, "addr:postcode": null, "service_times": null, "grades": null, "operator": null, "operator:type": null, "wikimedia_commons": null, "opening_hours": null, "website": null, "phone": null, "shelter_type": null, "description": null, "atm": null, "addr:street:ar": null, "addr:street:en": null, "addr:street:ur": null, "check_date": null, "addr:housenumber": null, "alt_name": null, "healthcare:speciality": null, "long_name": null, "long_name:ar": null, "long_name:ur": null, "name:ks": null, "name:ml": null, "name:pnb": null, "name:sd": null, "internet_access": null, "air_conditioning": null, "education": null, "area": null, "email": null, "name:pa": null, "generator:source": null, "level": null, "power": null, "name:ps": null, "not:name": null, "type": null }, "geometry": { "type": "Polygon", "coordinates": [ [ [ 73.0762138, 33.7197257 ], [ 73.0762697, 33.7196496 ], [ 73.0766381, 33.7198369 ], [ 73.0765821, 33.719913 ], [ 73.0762138, 33.7197257 ] ] ] } },
{ "type": "Feature", "properties": { "element": "way", "id": 700265959, "addr:city": null, "addr:city:ar": null, "addr:city:en": null, "addr:city:ks": null, "addr:city:pnb": null, "addr:city:ps": null, "addr:city:sd": null, "addr:city:ur": null, "addr:street": null, "amenity": "place_of_worship", "healthcare": null, "name": null, "name:en": null, "denomination": null, "name:ar": null, "name:ur": null, "religion": "muslim", "is_in": null, "created_by": null, "name:de": null, "name:es": null, "name:hi": null, "wikidata": null, "wikipedia": null, "emergency": null, "brand": null, "brand:wikidata": null, "brand:wikipedia": null, "building": "yes", "source": null, "dispensing": null, "addr:postcode": null, "service_times": null, "grades": null, "operator": null, "operator:type": null, "wikimedia_commons": null, "opening_hours": null, "website": null, "phone": null, "shelter_type": null, "description": null, "atm": null, "addr:street:ar": null, "addr:street:en": null, "addr:street:ur": null, "check_date": null, "addr:housenumber": null, "alt_name": null, "healthcare:speciality": null, "long_name": null, "long_name:ar": null, "long_name:ur": null, "name:ks": null, "name:ml": null, "name:pnb": null, "name:sd": null, "internet_access": null, "air_conditioning": null, "education": null, "area": null, "email": null, "name:pa": null, "generator:source": null, "level": null, "power": null, "name:ps": null, "not:name": null, "type": null }, "geometry": { "type": "Polygon", "coordinates": [ [ [ 73.0764904, 33.7184752 ], [ 73.0767063, 33.7178865 ], [ 73.0772974, 33.7181691 ], [ 73.0769293, 33.7187461 ], [ 73.0764904, 33.7184752 ] ] ] } },
{ "type": "Feature", "properties": { "element": "way", "id": 720888638, "addr:city": null, "addr:city:ar": null, "addr:city:en": null, "addr:city:ks": null, "addr:city:pnb": null, "addr:city:ps": null, "addr:city:sd": null, "addr:city:ur": null, "addr:street": null, "amenity": "place_of_worship", "healthcare": null, "name": null, "name:en": null, "denomination": null, "name:ar": null, "name:ur": null, "religion": "muslim", "is_in": null, "created_by": null, "name:de": null, "name:es": null, "name:hi": null, "wikidata": null, "wikipedia": null, "emergency": null, "brand": null, "brand:wikidata": null, "brand:wikipedia": null, "building": "yes", "source": null, "dispensing": null, "addr:postcode": null, "service_times": null, "grades": null, "operator": null, "operator:type": null, "wikimedia_commons": null, "opening_hours": null, "website": null, "phone": null, "shelter_type": null, "description": null, "atm": null, "addr:street:ar": null, "addr:street:en": null, "addr:street:ur": null, "check_date": null, "addr:housenumber": null, "alt_name": null, "healthcare:speciality": null, "long_name": null, "long_name:ar": null, "long_name:ur": null, "name:ks": null, "name:ml": null, "name:pnb": null, "name:sd": null, "internet_access": null, "air_conditioning": null, "education": null, "area": null, "email": null, "name:pa": null, "generator:source": null, "level": null, "power": null, "name:ps": null, "not:name": null, "type": null }, "geometry": { "type": "Polygon", "coordinates": [ [ [ 73.0125911, 33.6854437 ], [ 73.0124745, 33.6854504 ], [ 73.0124128, 33.6855675 ], [ 73.0124034, 33.6856222 ], [ 73.0124409, 33.6856211 ], [ 73.0124463, 33.6856858 ], [ 73.012681, 33.6857171 ], [ 73.012748, 33.6856724 ], [ 73.0128006, 33.6855621 ], [ 73.0125911, 33.6854437 ] ] ] } },
{ "type": "Feature", "properties": { "element": "way", "id": 721102909, "addr:city": null, "addr:city:ar": null, "addr:city:en": null, "addr:city:ks": null, "addr:city:pnb": null, "addr:city:ps": null, "addr:city:sd": null, "addr:city:ur": null, "addr:street": null, "amenity": "place_of_worship", "healthcare": null, "name": null, "name:en": null, "denomination": null, "name:ar": null, "name:ur": null, "religion": "muslim", "is_in": null, "created_by": null, "name:de": null, "name:es": null, "name:hi": null, "wikidata": null, "wikipedia": null, "emergency": null, "brand": null, "brand:wikidata": null, "brand:wikipedia": null, "building": "yes", "source": null, "dispensing": null, "addr:postcode": null, "service_times": null, "grades": null, "operator": null, "operator:type": null, "wikimedia_commons": null, "opening_hours": null, "website": null, "phone": null, "shelter_type": null, "description": null, "atm": null, "addr:street:ar": null, "addr:street:en": null, "addr:street:ur": null, "check_date": null, "addr:housenumber": null, "alt_name": null, "healthcare:speciality": null, "long_name": null, "long_name:ar": null, "long_name:ur": null, "name:ks": null, "name:ml": null, "name:pnb": null, "name:sd": null, "internet_access": null, "air_conditioning": null, "education": null, "area": null, "email": null, "name:pa": null, "generator:source": null, "level": null, "power": null, "name:ps": null, "not:name": null, "type": null }, "geometry": { "type": "Polygon", "coordinates": [ [ [ 73.0285481, 33.6775436 ], [ 73.0288136, 33.6771239 ], [ 73.0294385, 33.6773762 ], [ 73.0291596, 33.6777735 ], [ 73.0285481, 33.6775436 ] ] ] } },
{ "type": "Feature", "properties": { "element": "way", "id": 730866834, "addr:city": "اسلام آباد", "addr:city:ar": null, "addr:city:en": null, "addr:city:ks": null, "addr:city:pnb": null, "addr:city:ps": null, "addr:city:sd": null, "addr:city:ur": null, "addr:street": null, "amenity": "place_of_worship", "healthcare": null, "name": null, "name:en": null, "denomination": null, "name:ar": null, "name:ur": null, "religion": "muslim", "is_in": null, "created_by": null, "name:de": null, "name:es": null, "name:hi": null, "wikidata": null, "wikipedia": null, "emergency": null, "brand": null, "brand:wikidata": null, "brand:wikipedia": null, "building": "mosque", "source": null, "dispensing": null, "addr:postcode": null, "service_times": null, "grades": null, "operator": null, "operator:type": null, "wikimedia_commons": null, "opening_hours": null, "website": null, "phone": null, "shelter_type": null, "description": null, "atm": null, "addr:street:ar": null, "addr:street:en": null, "addr:street:ur": null, "check_date": null, "addr:housenumber": null, "alt_name": null, "healthcare:speciality": null, "long_name": null, "long_name:ar": null, "long_name:ur": null, "name:ks": null, "name:ml": null, "name:pnb": null, "name:sd": null, "internet_access": null, "air_conditioning": null, "education": null, "area": null, "email": null, "name:pa": null, "generator:source": null, "level": null, "power": null, "name:ps": null, "not:name": null, "type": null }, "geometry": { "type": "Polygon", "coordinates": [ [ [ 73.0588621, 33.7060794 ], [ 73.0589506, 33.7061285 ], [ 73.0590968, 33.7061474 ], [ 73.0591477, 33.7059734 ], [ 73.0592872, 33.7060013 ], [ 73.0593315, 33.7059444 ], [ 73.0590646, 33.7058161 ], [ 73.0588621, 33.7060794 ] ] ] } },
{ "type": "Feature", "properties": { "element": "way", "id": 731112548, "addr:city": null, "addr:city:ar": null, "addr:city:en": null, "addr:city:ks": null, "addr:city:pnb": null, "addr:city:ps": null, "addr:city:sd": null, "addr:city:ur": null, "addr:street": null, "amenity": "college", "healthcare": null, "name": "Islamabad Model College for Boys G-7/2", "name:en": null, "denomination": null, "name:ar": null, "name:ur": null, "religion": null, "is_in": null, "created_by": null, "name:de": null, "name:es": null, "name:hi": null, "wikidata": null, "wikipedia": null, "emergency": null, "brand": null, "brand:wikidata": null, "brand:wikipedia": null, "building": null, "source": null, "dispensing": null, "addr:postcode": null, "service_times": null, "grades": null, "operator": null, "operator:type": null, "wikimedia_commons": null, "opening_hours": null, "website": null, "phone": null, "shelter_type": null, "description": null, "atm": null, "addr:street:ar": null, "addr:street:en": null, "addr:street:ur": null, "check_date": null, "addr:housenumber": null, "alt_name": null, "healthcare:speciality": null, "long_name": null, "long_name:ar": null, "long_name:ur": null, "name:ks": null, "name:ml": null, "name:pnb": null, "name:sd": null, "internet_access": null, "air_conditioning": null, "education": null, "area": null, "email": null, "name:pa": null, "generator:source": null, "level": null, "power": null, "name:ps": null, "not:name": null, "type": null }, "geometry": { "type": "Polygon", "coordinates": [ [ [ 73.0588535, 33.708268 ], [ 73.0601463, 33.7064428 ], [ 73.0602107, 33.7063714 ], [ 73.0616859, 33.7071702 ], [ 73.0609939, 33.7081208 ], [ 73.060731, 33.7082636 ], [ 73.0603609, 33.7083617 ], [ 73.0601195, 33.7084019 ], [ 73.0594811, 33.7085849 ], [ 73.059111, 33.7084108 ], [ 73.0588535, 33.708268 ] ] ] } },
{ "type": "Feature", "properties": { "element": "way", "id": 731112551, "addr:city": null, "addr:city:ar": null, "addr:city:en": null, "addr:city:ks": null, "addr:city:pnb": null, "addr:city:ps": null, "addr:city:sd": null, "addr:city:ur": null, "addr:street": null, "amenity": "school", "healthcare": null, "name": "Islamabad Junior Model School No.1 G-7/2", "name:en": null, "denomination": null, "name:ar": null, "name:ur": null, "religion": null, "is_in": null, "created_by": null, "name:de": null, "name:es": null, "name:hi": null, "wikidata": null, "wikipedia": null, "emergency": null, "brand": null, "brand:wikidata": null, "brand:wikipedia": null, "building": null, "source": null, "dispensing": null, "addr:postcode": null, "service_times": null, "grades": null, "operator": null, "operator:type": null, "wikimedia_commons": null, "opening_hours": null, "website": null, "phone": null, "shelter_type": null, "description": null, "atm": null, "addr:street:ar": null, "addr:street:en": null, "addr:street:ur": null, "check_date": null, "addr:housenumber": null, "alt_name": null, "healthcare:speciality": null, "long_name": null, "long_name:ar": null, "long_name:ur": null, "name:ks": null, "name:ml": null, "name:pnb": null, "name:sd": null, "internet_access": null, "air_conditioning": null, "education": null, "area": null, "email": null, "name:pa": null, "generator:source": null, "level": null, "power": null, "name:ps": null, "not:name": null, "type": null }, "geometry": { "type": "Polygon", "coordinates": [ [ [ 73.0635006, 33.7091985 ], [ 73.0629953, 33.708923 ], [ 73.0623329, 33.7097995 ], [ 73.0633696, 33.7103506 ], [ 73.063821, 33.7097483 ], [ 73.0636423, 33.709647 ], [ 73.0634513, 33.7095432 ], [ 73.0636254, 33.709319 ], [ 73.0635006, 33.7091985 ] ] ] } },
{ "type": "Feature", "properties": { "element": "way", "id": 731165391, "addr:city": null, "addr:city:ar": null, "addr:city:en": null, "addr:city:ks": null, "addr:city:pnb": null, "addr:city:ps": null, "addr:city:sd": null, "addr:city:ur": null, "addr:street": null, "amenity": "place_of_worship", "healthcare": null, "name": "Jammia Masjid Abu Bakar Blue Area", "name:en": null, "denomination": null, "name:ar": null, "name:ur": null, "religion": "muslim", "is_in": null, "created_by": null, "name:de": null, "name:es": null, "name:hi": null, "wikidata": null, "wikipedia": null, "emergency": null, "brand": null, "brand:wikidata": null, "brand:wikipedia": null, "building": "yes", "source": null, "dispensing": null, "addr:postcode": null, "service_times": null, "grades": null, "operator": null, "operator:type": null, "wikimedia_commons": null, "opening_hours": null, "website": null, "phone": null, "shelter_type": null, "description": null, "atm": null, "addr:street:ar": null, "addr:street:en": null, "addr:street:ur": null, "check_date": null, "addr:housenumber": null, "alt_name": null, "healthcare:speciality": null, "long_name": null, "long_name:ar": null, "long_name:ur": null, "name:ks": null, "name:ml": null, "name:pnb": null, "name:sd": null, "internet_access": null, "air_conditioning": null, "education": null, "area": null, "email": null, "name:pa": null, "generator:source": null, "level": null, "power": null, "name:ps": null, "not:name": null, "type": null }, "geometry": { "type": "Polygon", "coordinates": [ [ [ 73.0649528, 33.7140501 ], [ 73.0651977, 33.7137175 ], [ 73.0653853, 33.7138131 ], [ 73.0651405, 33.7141457 ], [ 73.0649528, 33.7140501 ] ] ] } },
{ "type": "Feature", "properties": { "element": "way", "id": 738806081, "addr:city": "اسلام آباد", "addr:city:ar": null, "addr:city:en": null, "addr:city:ks": null, "addr:city:pnb": null, "addr:city:ps": null, "addr:city:sd": null, "addr:city:ur": null, "addr:street": "گلی 34", "amenity": "place_of_worship", "healthcare": null, "name": "مسجد الحیرہ", "name:en": "Masjid Al Hira", "denomination": null, "name:ar": null, "name:ur": "مسجد الحیرہ", "religion": "muslim", "is_in": null, "created_by": null, "name:de": null, "name:es": null, "name:hi": null, "wikidata": null, "wikipedia": null, "emergency": null, "brand": null, "brand:wikidata": null, "brand:wikipedia": null, "building": "yes", "source": null, "dispensing": null, "addr:postcode": null, "service_times": null, "grades": null, "operator": null, "operator:type": null, "wikimedia_commons": null, "opening_hours": null, "website": null, "phone": null, "shelter_type": null, "description": null, "atm": null, "addr:street:ar": null, "addr:street:en": null, "addr:street:ur": null, "check_date": null, "addr:housenumber": null, "alt_name": null, "healthcare:speciality": null, "long_name": null, "long_name:ar": null, "long_name:ur": null, "name:ks": null, "name:ml": null, "name:pnb": null, "name:sd": null, "internet_access": null, "air_conditioning": null, "education": null, "area": null, "email": null, "name:pa": null, "generator:source": null, "level": null, "power": null, "name:ps": null, "not:name": null, "type": null }, "geometry": { "type": "Polygon", "coordinates": [ [ [ 73.0638719, 33.708993 ], [ 73.0644067, 33.7090035 ], [ 73.06441, 33.7088848 ], [ 73.0645152, 33.7088609 ], [ 73.064518, 33.7087761 ], [ 73.0641759, 33.708768 ], [ 73.0640469, 33.708765 ], [ 73.0640473, 33.708751 ], [ 73.0640227, 33.7087505 ], [ 73.0640199, 33.7088479 ], [ 73.0638761, 33.7088451 ], [ 73.0638719, 33.708993 ] ] ] } },
{ "type": "Feature", "properties": { "element": "way", "id": 740117913, "addr:city": null, "addr:city:ar": null, "addr:city:en": null, "addr:city:ks": null, "addr:city:pnb": null, "addr:city:ps": null, "addr:city:sd": null, "addr:city:ur": null, "addr:street": null, "amenity": "place_of_worship", "healthcare": null, "name": null, "name:en": null, "denomination": null, "name:ar": null, "name:ur": null, "religion": "muslim", "is_in": null, "created_by": null, "name:de": null, "name:es": null, "name:hi": null, "wikidata": null, "wikipedia": null, "emergency": null, "brand": null, "brand:wikidata": null, "brand:wikipedia": null, "building": null, "source": null, "dispensing": null, "addr:postcode": null, "service_times": null, "grades": null, "operator": null, "operator:type": null, "wikimedia_commons": null, "opening_hours": null, "website": null, "phone": null, "shelter_type": null, "description": null, "atm": null, "addr:street:ar": null, "addr:street:en": null, "addr:street:ur": null, "check_date": null, "addr:housenumber": null, "alt_name": null, "healthcare:speciality": null, "long_name": null, "long_name:ar": null, "long_name:ur": null, "name:ks": null, "name:ml": null, "name:pnb": null, "name:sd": null, "internet_access": null, "air_conditioning": null, "education": null, "area": null, "email": null, "name:pa": null, "generator:source": null, "level": null, "power": null, "name:ps": null, "not:name": null, "type": null }, "geometry": { "type": "Polygon", "coordinates": [ [ [ 73.0515928, 33.7005648 ], [ 73.0519555, 33.7000835 ], [ 73.0524128, 33.7002647 ], [ 73.0525114, 33.7003037 ], [ 73.0523169, 33.7005411 ], [ 73.0522338, 33.7006987 ], [ 73.0515928, 33.7005648 ] ] ] } },
{ "type": "Feature", "properties": { "element": "way", "id": 741024099, "addr:city": "اسلام آباد", "addr:city:ar": null, "addr:city:en": null, "addr:city:ks": null, "addr:city:pnb": null, "addr:city:ps": null, "addr:city:sd": null, "addr:city:ur": null, "addr:street": null, "amenity": "place_of_worship", "healthcare": null, "name": null, "name:en": null, "denomination": null, "name:ar": null, "name:ur": null, "religion": "muslim", "is_in": null, "created_by": null, "name:de": null, "name:es": null, "name:hi": null, "wikidata": null, "wikipedia": null, "emergency": null, "brand": null, "brand:wikidata": null, "brand:wikipedia": null, "building": "mosque", "source": null, "dispensing": null, "addr:postcode": null, "service_times": null, "grades": null, "operator": null, "operator:type": null, "wikimedia_commons": null, "opening_hours": null, "website": null, "phone": null, "shelter_type": null, "description": null, "atm": null, "addr:street:ar": null, "addr:street:en": null, "addr:street:ur": null, "check_date": null, "addr:housenumber": null, "alt_name": null, "healthcare:speciality": null, "long_name": null, "long_name:ar": null, "long_name:ur": null, "name:ks": null, "name:ml": null, "name:pnb": null, "name:sd": null, "internet_access": null, "air_conditioning": null, "education": null, "area": null, "email": null, "name:pa": null, "generator:source": null, "level": null, "power": null, "name:ps": null, "not:name": null, "type": null }, "geometry": { "type": "Polygon", "coordinates": [ [ [ 73.0616789, 33.7038387 ], [ 73.0617349, 33.7036697 ], [ 73.0617793, 33.7036833 ], [ 73.0617863, 33.7036211 ], [ 73.0619264, 33.7036541 ], [ 73.0619264, 33.7036716 ], [ 73.0620455, 33.7037299 ], [ 73.0620572, 33.7038329 ], [ 73.0619194, 33.7039397 ], [ 73.0617559, 33.7039067 ], [ 73.0617723, 33.7038659 ], [ 73.0616789, 33.7038387 ] ] ] } },
{ "type": "Feature", "properties": { "element": "way", "id": 780222416, "addr:city": "Islamabad", "addr:city:ar": null, "addr:city:en": null, "addr:city:ks": null, "addr:city:pnb": null, "addr:city:ps": null, "addr:city:sd": null, "addr:city:ur": null, "addr:street": null, "amenity": "school", "healthcare": null, "name": null, "name:en": null, "denomination": null, "name:ar": null, "name:ur": null, "religion": null, "is_in": null, "created_by": null, "name:de": null, "name:es": null, "name:hi": null, "wikidata": null, "wikipedia": null, "emergency": null, "brand": null, "brand:wikidata": null, "brand:wikipedia": null, "building": null, "source": null, "dispensing": null, "addr:postcode": null, "service_times": null, "grades": null, "operator": "Federal Government", "operator:type": null, "wikimedia_commons": null, "opening_hours": null, "website": null, "phone": null, "shelter_type": null, "description": null, "atm": null, "addr:street:ar": null, "addr:street:en": null, "addr:street:ur": null, "check_date": null, "addr:housenumber": null, "alt_name": null, "healthcare:speciality": null, "long_name": null, "long_name:ar": null, "long_name:ur": null, "name:ks": null, "name:ml": null, "name:pnb": null, "name:sd": null, "internet_access": null, "air_conditioning": null, "education": null, "area": null, "email": null, "name:pa": null, "generator:source": null, "level": null, "power": null, "name:ps": null, "not:name": null, "type": null }, "geometry": { "type": "Polygon", "coordinates": [ [ [ 73.0090763, 33.6773283 ], [ 73.0094384, 33.6768513 ], [ 73.009577, 33.6768752 ], [ 73.0097906, 33.6769868 ], [ 73.0103597, 33.6772169 ], [ 73.0099363, 33.6777968 ], [ 73.0090763, 33.6773283 ] ] ] } },
{ "type": "Feature", "properties": { "element": "way", "id": 780222434, "addr:city": null, "addr:city:ar": null, "addr:city:en": null, "addr:city:ks": null, "addr:city:pnb": null, "addr:city:ps": null, "addr:city:sd": null, "addr:city:ur": null, "addr:street": null, "amenity": "place_of_worship", "healthcare": null, "name": "Umar Masjid", "name:en": null, "denomination": null, "name:ar": null, "name:ur": null, "religion": "muslim", "is_in": null, "created_by": null, "name:de": null, "name:es": null, "name:hi": null, "wikidata": null, "wikipedia": null, "emergency": null, "brand": null, "brand:wikidata": null, "brand:wikipedia": null, "building": "yes", "source": null, "dispensing": null, "addr:postcode": null, "service_times": null, "grades": null, "operator": null, "operator:type": null, "wikimedia_commons": null, "opening_hours": null, "website": null, "phone": null, "shelter_type": null, "description": null, "atm": null, "addr:street:ar": null, "addr:street:en": null, "addr:street:ur": null, "check_date": null, "addr:housenumber": null, "alt_name": null, "healthcare:speciality": null, "long_name": null, "long_name:ar": null, "long_name:ur": null, "name:ks": null, "name:ml": null, "name:pnb": null, "name:sd": null, "internet_access": null, "air_conditioning": null, "education": null, "area": null, "email": null, "name:pa": null, "generator:source": null, "level": null, "power": null, "name:ps": null, "not:name": null, "type": null }, "geometry": { "type": "Polygon", "coordinates": [ [ [ 73.0125174, 33.6721388 ], [ 73.0123596, 33.6718248 ], [ 73.012303, 33.6717663 ], [ 73.0123802, 33.6716579 ], [ 73.0127369, 33.6717934 ], [ 73.0126923, 33.6718719 ], [ 73.0129375, 33.6719947 ], [ 73.0125174, 33.6721388 ] ] ] } },
{ "type": "Feature", "properties": { "element": "way", "id": 780222435, "addr:city": null, "addr:city:ar": null, "addr:city:en": null, "addr:city:ks": null, "addr:city:pnb": null, "addr:city:ps": null, "addr:city:sd": null, "addr:city:ur": null, "addr:street": null, "amenity": "police", "healthcare": null, "name": "SSP Office Islamabad", "name:en": null, "denomination": null, "name:ar": null, "name:ur": null, "religion": null, "is_in": null, "created_by": null, "name:de": null, "name:es": null, "name:hi": null, "wikidata": null, "wikipedia": null, "emergency": null, "brand": null, "brand:wikidata": null, "brand:wikipedia": null, "building": "yes", "source": null, "dispensing": null, "addr:postcode": null, "service_times": null, "grades": null, "operator": null, "operator:type": null, "wikimedia_commons": null, "opening_hours": null, "website": null, "phone": null, "shelter_type": null, "description": null, "atm": null, "addr:street:ar": null, "addr:street:en": null, "addr:street:ur": null, "check_date": null, "addr:housenumber": null, "alt_name": null, "healthcare:speciality": null, "long_name": null, "long_name:ar": null, "long_name:ur": null, "name:ks": null, "name:ml": null, "name:pnb": null, "name:sd": null, "internet_access": null, "air_conditioning": null, "education": null, "area": null, "email": null, "name:pa": null, "generator:source": null, "level": null, "power": null, "name:ps": null, "not:name": null, "type": null }, "geometry": { "type": "Polygon", "coordinates": [ [ [ 73.015605, 33.6739863 ], [ 73.0156706, 33.6739053 ], [ 73.0161141, 33.6741351 ], [ 73.0160688, 33.6742104 ], [ 73.015605, 33.6739863 ] ] ] } },
{ "type": "Feature", "properties": { "element": "way", "id": 780854548, "addr:city": null, "addr:city:ar": null, "addr:city:en": null, "addr:city:ks": null, "addr:city:pnb": null, "addr:city:ps": null, "addr:city:sd": null, "addr:city:ur": null, "addr:street": null, "amenity": "place_of_worship", "healthcare": null, "name": "Jamia Masjid Rizwan", "name:en": null, "denomination": null, "name:ar": null, "name:ur": null, "religion": "muslim", "is_in": null, "created_by": null, "name:de": null, "name:es": null, "name:hi": null, "wikidata": null, "wikipedia": null, "emergency": null, "brand": null, "brand:wikidata": null, "brand:wikipedia": null, "building": "yes", "source": null, "dispensing": null, "addr:postcode": null, "service_times": null, "grades": null, "operator": null, "operator:type": null, "wikimedia_commons": null, "opening_hours": null, "website": null, "phone": null, "shelter_type": null, "description": null, "atm": null, "addr:street:ar": null, "addr:street:en": null, "addr:street:ur": null, "check_date": null, "addr:housenumber": null, "alt_name": null, "healthcare:speciality": null, "long_name": null, "long_name:ar": null, "long_name:ur": null, "name:ks": null, "name:ml": null, "name:pnb": null, "name:sd": null, "internet_access": null, "air_conditioning": null, "education": null, "area": null, "email": null, "name:pa": null, "generator:source": null, "level": null, "power": null, "name:ps": null, "not:name": null, "type": null }, "geometry": { "type": "Polygon", "coordinates": [ [ [ 73.0147444, 33.675918 ], [ 73.0148994, 33.6759507 ], [ 73.0149382, 33.6758234 ], [ 73.0147832, 33.6757906 ], [ 73.0147444, 33.675918 ] ] ] } },
{ "type": "Feature", "properties": { "element": "way", "id": 781083801, "addr:city": null, "addr:city:ar": null, "addr:city:en": null, "addr:city:ks": null, "addr:city:pnb": null, "addr:city:ps": null, "addr:city:sd": null, "addr:city:ur": null, "addr:street": null, "amenity": "place_of_worship", "healthcare": null, "name": "Jamia Masjid Ahmaddiya", "name:en": null, "denomination": null, "name:ar": null, "name:ur": null, "religion": "muslim", "is_in": null, "created_by": null, "name:de": null, "name:es": null, "name:hi": null, "wikidata": null, "wikipedia": null, "emergency": null, "brand": null, "brand:wikidata": null, "brand:wikipedia": null, "building": "yes", "source": null, "dispensing": null, "addr:postcode": null, "service_times": null, "grades": null, "operator": null, "operator:type": null, "wikimedia_commons": null, "opening_hours": null, "website": null, "phone": null, "shelter_type": null, "description": null, "atm": null, "addr:street:ar": null, "addr:street:en": null, "addr:street:ur": null, "check_date": null, "addr:housenumber": null, "alt_name": null, "healthcare:speciality": null, "long_name": null, "long_name:ar": null, "long_name:ur": null, "name:ks": null, "name:ml": null, "name:pnb": null, "name:sd": null, "internet_access": null, "air_conditioning": null, "education": null, "area": null, "email": null, "name:pa": null, "generator:source": null, "level": null, "power": null, "name:ps": null, "not:name": null, "type": null }, "geometry": { "type": "Polygon", "coordinates": [ [ [ 73.017647, 33.6710704 ], [ 73.0177019, 33.6709276 ], [ 73.0180133, 33.6709968 ], [ 73.0178771, 33.6711661 ], [ 73.017778, 33.6711293 ], [ 73.0178098, 33.6710999 ], [ 73.017647, 33.6710704 ] ] ] } },
{ "type": "Feature", "properties": { "element": "way", "id": 871674793, "addr:city": "اسلام آباد", "addr:city:ar": null, "addr:city:en": null, "addr:city:ks": null, "addr:city:pnb": null, "addr:city:ps": null, "addr:city:sd": null, "addr:city:ur": null, "addr:street": "سری نگر روڈ", "amenity": "university", "healthcare": null, "name": "بین الاقوامی اسلامی یونیورسٹی", "name:en": "International Islamic University, Islamabad", "denomination": null, "name:ar": "الجامعة الإسلامية العالمية", "name:ur": "بین الاقوامی اسلامی یونیورسٹی", "religion": null, "is_in": null, "created_by": null, "name:de": "Internationale Islamische Universität, Islamabad", "name:es": "Universidad Islámica Internacional, Islamabad", "name:hi": "अंतर्राष्ट्रीय इस्लामी विश्वविद्यालय, इस्लामाबाद", "wikidata": "Q3918518", "wikipedia": "en:International Islamic University, Islamabad", "emergency": null, "brand": null, "brand:wikidata": null, "brand:wikipedia": null, "building": null, "source": null, "dispensing": null, "addr:postcode": null, "service_times": null, "grades": null, "operator": "حکومت پاکستان", "operator:type": "public", "wikimedia_commons": null, "opening_hours": null, "website": null, "phone": null, "shelter_type": null, "description": null, "atm": null, "addr:street:ar": null, "addr:street:en": null, "addr:street:ur": null, "check_date": null, "addr:housenumber": null, "alt_name": null, "healthcare:speciality": null, "long_name": null, "long_name:ar": null, "long_name:ur": null, "name:ks": null, "name:ml": null, "name:pnb": "بین الاقوامی اسلامی یونیورسٹی", "name:sd": null, "internet_access": null, "air_conditioning": null, "education": null, "area": null, "email": null, "name:pa": null, "generator:source": null, "level": null, "power": null, "name:ps": "د اسلام آباد نړيوال اسلامي پوهنتون", "not:name": null, "type": null }, "geometry": { "type": "Polygon", "coordinates": [ [ [ 73.0242075, 33.6521528 ], [ 73.0207545, 33.6567272 ], [ 73.0194649, 33.6584464 ], [ 73.0181778, 33.6601553 ], [ 73.0164137, 33.6625194 ], [ 73.0147031, 33.6647055 ], [ 73.0206867, 33.6678169 ], [ 73.0273152, 33.6713375 ], [ 73.0306446, 33.6731319 ], [ 73.0357803, 33.6661897 ], [ 73.0393309, 33.661457 ], [ 73.0384355, 33.6610073 ], [ 73.0378077, 33.6603734 ], [ 73.0383841, 33.6595982 ], [ 73.0317767, 33.6560902 ], [ 73.0263272, 33.6532717 ], [ 73.0242075, 33.6521528 ] ] ] } },
{ "type": "Feature", "properties": { "element": "way", "id": 1030675602, "addr:city": null, "addr:city:ar": null, "addr:city:en": null, "addr:city:ks": null, "addr:city:pnb": null, "addr:city:ps": null, "addr:city:sd": null, "addr:city:ur": null, "addr:street": null, "amenity": "community_centre", "healthcare": null, "name": "Sindhi Graduate Association Community Center", "name:en": null, "denomination": null, "name:ar": null, "name:ur": null, "religion": null, "is_in": null, "created_by": null, "name:de": null, "name:es": null, "name:hi": null, "wikidata": null, "wikipedia": null, "emergency": null, "brand": null, "brand:wikidata": null, "brand:wikipedia": null, "building": "yes", "source": null, "dispensing": null, "addr:postcode": null, "service_times": null, "grades": null, "operator": "SGA", "operator:type": null, "wikimedia_commons": null, "opening_hours": null, "website": null, "phone": null, "shelter_type": null, "description": null, "atm": null, "addr:street:ar": null, "addr:street:en": null, "addr:street:ur": null, "check_date": null, "addr:housenumber": null, "alt_name": null, "healthcare:speciality": null, "long_name": null, "long_name:ar": null, "long_name:ur": null, "name:ks": null, "name:ml": null, "name:pnb": null, "name:sd": null, "internet_access": null, "air_conditioning": null, "education": null, "area": null, "email": null, "name:pa": null, "generator:source": null, "level": null, "power": null, "name:ps": null, "not:name": null, "type": null }, "geometry": { "type": "Polygon", "coordinates": [ [ [ 73.0609112, 33.6738119 ], [ 73.0614047, 33.6740686 ], [ 73.0619733, 33.6735998 ], [ 73.0613162, 33.6732494 ], [ 73.0609112, 33.6738119 ] ] ] } },
{ "type": "Feature", "properties": { "element": "way", "id": 1084992751, "addr:city": "اسلام آباد", "addr:city:ar": null, "addr:city:en": null, "addr:city:ks": null, "addr:city:pnb": null, "addr:city:ps": null, "addr:city:sd": null, "addr:city:ur": null, "addr:street": "Street 57", "amenity": "school", "healthcare": null, "name": "Federal Government Junior Model School No. 38", "name:en": null, "denomination": null, "name:ar": null, "name:ur": null, "religion": null, "is_in": null, "created_by": null, "name:de": null, "name:es": null, "name:hi": null, "wikidata": null, "wikipedia": null, "emergency": null, "brand": null, "brand:wikidata": null, "brand:wikipedia": null, "building": null, "source": null, "dispensing": null, "addr:postcode": "44000", "service_times": null, "grades": null, "operator": "Federal Government", "operator:type": null, "wikimedia_commons": null, "opening_hours": null, "website": null, "phone": null, "shelter_type": null, "description": null, "atm": null, "addr:street:ar": null, "addr:street:en": null, "addr:street:ur": null, "check_date": null, "addr:housenumber": null, "alt_name": null, "healthcare:speciality": null, "long_name": null, "long_name:ar": null, "long_name:ur": null, "name:ks": null, "name:ml": null, "name:pnb": null, "name:sd": null, "internet_access": null, "air_conditioning": null, "education": null, "area": null, "email": null, "name:pa": null, "generator:source": null, "level": null, "power": null, "name:ps": null, "not:name": "FG Primary School G-9/4 Islambabad", "type": null }, "geometry": { "type": "Polygon", "coordinates": [ [ [ 73.0422433, 33.6873356 ], [ 73.042499, 33.6870085 ], [ 73.04293, 33.6864572 ], [ 73.0436681, 33.68685 ], [ 73.0433873, 33.6872244 ], [ 73.0429986, 33.6877427 ], [ 73.0422433, 33.6873356 ] ] ] } },
{ "type": "Feature", "properties": { "element": "way", "id": 1147022099, "addr:city": null, "addr:city:ar": null, "addr:city:en": null, "addr:city:ks": null, "addr:city:pnb": null, "addr:city:ps": null, "addr:city:sd": null, "addr:city:ur": null, "addr:street": null, "amenity": "college", "healthcare": null, "name": "Islamabad Model College for Girls F-8/1", "name:en": null, "denomination": null, "name:ar": null, "name:ur": null, "religion": null, "is_in": null, "created_by": null, "name:de": null, "name:es": null, "name:hi": null, "wikidata": null, "wikipedia": null, "emergency": null, "brand": null, "brand:wikidata": null, "brand:wikipedia": null, "building": null, "source": null, "dispensing": null, "addr:postcode": null, "service_times": null, "grades": null, "operator": "Federal Government", "operator:type": "government", "wikimedia_commons": null, "opening_hours": null, "website": null, "phone": null, "shelter_type": null, "description": null, "atm": null, "addr:street:ar": null, "addr:street:en": null, "addr:street:ur": null, "check_date": null, "addr:housenumber": null, "alt_name": null, "healthcare:speciality": null, "long_name": null, "long_name:ar": null, "long_name:ur": null, "name:ks": null, "name:ml": null, "name:pnb": null, "name:sd": null, "internet_access": null, "air_conditioning": null, "education": null, "area": null, "email": null, "name:pa": null, "generator:source": null, "level": null, "power": null, "name:ps": null, "not:name": null, "type": null }, "geometry": { "type": "Polygon", "coordinates": [ [ [ 73.0340972, 33.707905 ], [ 73.0348977, 33.7068572 ], [ 73.0350903, 33.7066051 ], [ 73.0360433, 33.7071172 ], [ 73.0355333, 33.7078176 ], [ 73.0353979, 33.7079948 ], [ 73.0352871, 33.7081398 ], [ 73.0351434, 33.7083279 ], [ 73.0350725, 33.7084207 ], [ 73.0350039, 33.7083844 ], [ 73.0348464, 33.7083011 ], [ 73.0345455, 33.708142 ], [ 73.0340972, 33.707905 ] ] ] } },
{ "type": "Feature", "properties": { "element": "way", "id": 1210807106, "addr:city": "Islamabad", "addr:city:ar": null, "addr:city:en": null, "addr:city:ks": null, "addr:city:pnb": null, "addr:city:ps": null, "addr:city:sd": null, "addr:city:ur": null, "addr:street": "Street 20", "amenity": "school", "healthcare": null, "name": "Federal Government Junior Model School F-7/2-4", "name:en": null, "denomination": null, "name:ar": null, "name:ur": null, "religion": null, "is_in": null, "created_by": null, "name:de": null, "name:es": null, "name:hi": null, "wikidata": null, "wikipedia": null, "emergency": null, "brand": null, "brand:wikidata": null, "brand:wikipedia": null, "building": null, "source": null, "dispensing": null, "addr:postcode": "44000", "service_times": null, "grades": null, "operator": null, "operator:type": null, "wikimedia_commons": null, "opening_hours": null, "website": null, "phone": null, "shelter_type": null, "description": null, "atm": null, "addr:street:ar": null, "addr:street:en": null, "addr:street:ur": null, "check_date": null, "addr:housenumber": null, "alt_name": null, "healthcare:speciality": null, "long_name": null, "long_name:ar": null, "long_name:ur": null, "name:ks": null, "name:ml": null, "name:pnb": null, "name:sd": null, "internet_access": null, "air_conditioning": null, "education": null, "area": null, "email": null, "name:pa": null, "generator:source": null, "level": null, "power": null, "name:ps": null, "not:name": null, "type": null }, "geometry": { "type": "Polygon", "coordinates": [ [ [ 73.052006, 33.7226498 ], [ 73.0527047, 33.7217437 ], [ 73.0533438, 33.7220714 ], [ 73.052665, 33.7229886 ], [ 73.052006, 33.7226498 ] ] ] } },
{ "type": "Feature", "properties": { "element": "way", "id": 1210807510, "addr:city": null, "addr:city:ar": null, "addr:city:en": null, "addr:city:ks": null, "addr:city:pnb": null, "addr:city:ps": null, "addr:city:sd": null, "addr:city:ur": null, "addr:street": null, "amenity": "school", "healthcare": null, "name": "Froebel's International School", "name:en": null, "denomination": null, "name:ar": null, "name:ur": null, "religion": null, "is_in": null, "created_by": null, "name:de": null, "name:es": null, "name:hi": null, "wikidata": null, "wikipedia": null, "emergency": null, "brand": null, "brand:wikidata": null, "brand:wikipedia": null, "building": null, "source": null, "dispensing": null, "addr:postcode": null, "service_times": null, "grades": null, "operator": null, "operator:type": null, "wikimedia_commons": null, "opening_hours": null, "website": null, "phone": null, "shelter_type": null, "description": null, "atm": null, "addr:street:ar": null, "addr:street:en": null, "addr:street:ur": null, "check_date": null, "addr:housenumber": null, "alt_name": null, "healthcare:speciality": null, "long_name": null, "long_name:ar": null, "long_name:ur": null, "name:ks": null, "name:ml": null, "name:pnb": null, "name:sd": null, "internet_access": null, "air_conditioning": null, "education": null, "area": null, "email": null, "name:pa": null, "generator:source": null, "level": null, "power": null, "name:ps": null, "not:name": null, "type": null }, "geometry": { "type": "Polygon", "coordinates": [ [ [ 73.052718, 33.7230464 ], [ 73.053463, 33.7220907 ], [ 73.0536816, 33.7222009 ], [ 73.0536186, 33.7223689 ], [ 73.053559, 33.7225548 ], [ 73.0534729, 33.7227572 ], [ 73.0532941, 33.72295 ], [ 73.0531286, 33.7230877 ], [ 73.0530491, 33.7231373 ], [ 73.0529994, 33.7231924 ], [ 73.052718, 33.7230464 ] ] ] } },
{ "type": "Feature", "properties": { "element": "way", "id": 1217787458, "addr:city": null, "addr:city:ar": null, "addr:city:en": null, "addr:city:ks": null, "addr:city:pnb": null, "addr:city:ps": null, "addr:city:sd": null, "addr:city:ur": null, "addr:street": null, "amenity": "school", "healthcare": null, "name": "Azaan Khan Shaheed Model School for Boys", "name:en": null, "denomination": null, "name:ar": null, "name:ur": null, "religion": null, "is_in": null, "created_by": null, "name:de": null, "name:es": null, "name:hi": null, "wikidata": null, "wikipedia": null, "emergency": null, "brand": null, "brand:wikidata": null, "brand:wikipedia": null, "building": null, "source": null, "dispensing": null, "addr:postcode": null, "service_times": null, "grades": null, "operator": null, "operator:type": null, "wikimedia_commons": null, "opening_hours": null, "website": null, "phone": null, "shelter_type": null, "description": null, "atm": null, "addr:street:ar": null, "addr:street:en": null, "addr:street:ur": null, "check_date": null, "addr:housenumber": null, "alt_name": null, "healthcare:speciality": null, "long_name": null, "long_name:ar": null, "long_name:ur": null, "name:ks": null, "name:ml": null, "name:pnb": null, "name:sd": null, "internet_access": null, "air_conditioning": null, "education": null, "area": null, "email": null, "name:pa": null, "generator:source": null, "level": null, "power": null, "name:ps": null, "not:name": null, "type": null }, "geometry": { "type": "Polygon", "coordinates": [ [ [ 73.0443537, 33.7159766 ], [ 73.0430933, 33.7153068 ], [ 73.0439019, 33.7142424 ], [ 73.0448622, 33.7147501 ], [ 73.0443537, 33.7159766 ] ] ] } },
{ "type": "Feature", "properties": { "element": "way", "id": 1308567164, "addr:city": "Islamabad", "addr:city:ar": null, "addr:city:en": null, "addr:city:ks": null, "addr:city:pnb": null, "addr:city:ps": null, "addr:city:sd": null, "addr:city:ur": null, "addr:street": null, "amenity": "college", "healthcare": null, "name": null, "name:en": null, "denomination": null, "name:ar": null, "name:ur": null, "religion": null, "is_in": null, "created_by": null, "name:de": null, "name:es": null, "name:hi": null, "wikidata": null, "wikipedia": null, "emergency": null, "brand": null, "brand:wikidata": null, "brand:wikipedia": null, "building": null, "source": null, "dispensing": null, "addr:postcode": null, "service_times": null, "grades": null, "operator": "Federal Government", "operator:type": null, "wikimedia_commons": null, "opening_hours": null, "website": null, "phone": null, "shelter_type": null, "description": null, "atm": null, "addr:street:ar": null, "addr:street:en": null, "addr:street:ur": null, "check_date": null, "addr:housenumber": null, "alt_name": null, "healthcare:speciality": null, "long_name": null, "long_name:ar": null, "long_name:ur": null, "name:ks": null, "name:ml": null, "name:pnb": null, "name:sd": null, "internet_access": null, "air_conditioning": null, "education": null, "area": null, "email": null, "name:pa": null, "generator:source": null, "level": null, "power": null, "name:ps": null, "not:name": null, "type": null }, "geometry": { "type": "Polygon", "coordinates": [ [ [ 73.011159, 33.6796715 ], [ 73.0120233, 33.6785435 ], [ 73.0131851, 33.6791213 ], [ 73.0126845, 33.6794475 ], [ 73.0113667, 33.6798545 ], [ 73.0110126, 33.6798483 ], [ 73.011159, 33.6796715 ] ] ] } },
{ "type": "Feature", "properties": { "element": "way", "id": 1308568720, "addr:city": null, "addr:city:ar": null, "addr:city:en": null, "addr:city:ks": null, "addr:city:pnb": null, "addr:city:ps": null, "addr:city:sd": null, "addr:city:ur": null, "addr:street": null, "amenity": "school", "healthcare": null, "name": "Federal Government Junior Model School No # 2", "name:en": null, "denomination": null, "name:ar": null, "name:ur": null, "religion": null, "is_in": null, "created_by": null, "name:de": null, "name:es": null, "name:hi": null, "wikidata": null, "wikipedia": null, "emergency": null, "brand": null, "brand:wikidata": null, "brand:wikipedia": null, "building": null, "source": null, "dispensing": null, "addr:postcode": null, "service_times": null, "grades": null, "operator": "Federal Government", "operator:type": null, "wikimedia_commons": null, "opening_hours": null, "website": null, "phone": null, "shelter_type": null, "description": null, "atm": null, "addr:street:ar": null, "addr:street:en": null, "addr:street:ur": null, "check_date": null, "addr:housenumber": null, "alt_name": null, "healthcare:speciality": null, "long_name": null, "long_name:ar": null, "long_name:ur": null, "name:ks": null, "name:ml": null, "name:pnb": null, "name:sd": null, "internet_access": null, "air_conditioning": null, "education": null, "area": null, "email": null, "name:pa": null, "generator:source": null, "level": null, "power": null, "name:ps": null, "not:name": null, "type": null }, "geometry": { "type": "Polygon", "coordinates": [ [ [ 73.0300425, 33.6802562 ], [ 73.0307296, 33.6804998 ], [ 73.0309791, 33.6802998 ], [ 73.0312872, 33.6802844 ], [ 73.031774, 33.6805331 ], [ 73.031925, 33.6804819 ], [ 73.0322701, 33.6803434 ], [ 73.032532, 33.6803767 ], [ 73.0325751, 33.6802793 ], [ 73.0318018, 33.6798537 ], [ 73.0307265, 33.6793281 ], [ 73.0300425, 33.6802562 ] ] ] } },
{ "type": "Feature", "properties": { "element": "way", "id": 1308575025, "addr:city": null, "addr:city:ar": null, "addr:city:en": null, "addr:city:ks": null, "addr:city:pnb": null, "addr:city:ps": null, "addr:city:sd": null, "addr:city:ur": null, "addr:street": null, "amenity": "college", "healthcare": null, "name": "Federal Government Girls College No. 9 G-9/2", "name:en": null, "denomination": null, "name:ar": null, "name:ur": null, "religion": null, "is_in": null, "created_by": null, "name:de": null, "name:es": null, "name:hi": null, "wikidata": null, "wikipedia": null, "emergency": null, "brand": null, "brand:wikidata": null, "brand:wikipedia": null, "building": null, "source": null, "dispensing": null, "addr:postcode": null, "service_times": null, "grades": null, "operator": "Federal Government", "operator:type": null, "wikimedia_commons": null, "opening_hours": null, "website": null, "phone": null, "shelter_type": null, "description": null, "atm": null, "addr:street:ar": null, "addr:street:en": null, "addr:street:ur": null, "check_date": null, "addr:housenumber": null, "alt_name": null, "healthcare:speciality": null, "long_name": null, "long_name:ar": null, "long_name:ur": null, "name:ks": null, "name:ml": null, "name:pnb": null, "name:sd": null, "internet_access": null, "air_conditioning": null, "education": null, "area": null, "email": null, "name:pa": null, "generator:source": null, "level": null, "power": null, "name:ps": null, "not:name": null, "type": null }, "geometry": { "type": "Polygon", "coordinates": [ [ [ 73.0254211, 33.6892294 ], [ 73.02666, 33.6898355 ], [ 73.0273762, 33.6889576 ], [ 73.0259752, 33.6885107 ], [ 73.0254211, 33.6892294 ] ] ] } },
{ "type": "Feature", "properties": { "element": "way", "id": 1308575030, "addr:city": null, "addr:city:ar": null, "addr:city:en": null, "addr:city:ks": null, "addr:city:pnb": null, "addr:city:ps": null, "addr:city:sd": null, "addr:city:ur": null, "addr:street": null, "amenity": "school", "healthcare": null, "name": "Islamabad Model School (IV) No.1 G-9/2", "name:en": null, "denomination": null, "name:ar": null, "name:ur": null, "religion": null, "is_in": null, "created_by": null, "name:de": null, "name:es": null, "name:hi": null, "wikidata": null, "wikipedia": null, "emergency": null, "brand": null, "brand:wikidata": null, "brand:wikipedia": null, "building": null, "source": null, "dispensing": null, "addr:postcode": null, "service_times": null, "grades": null, "operator": "Federal Government", "operator:type": null, "wikimedia_commons": null, "opening_hours": null, "website": null, "phone": null, "shelter_type": null, "description": null, "atm": null, "addr:street:ar": null, "addr:street:en": null, "addr:street:ur": null, "check_date": null, "addr:housenumber": null, "alt_name": null, "healthcare:speciality": null, "long_name": null, "long_name:ar": null, "long_name:ur": null, "name:ks": null, "name:ml": null, "name:pnb": null, "name:sd": null, "internet_access": null, "air_conditioning": null, "education": null, "area": null, "email": null, "name:pa": null, "generator:source": null, "level": null, "power": null, "name:ps": null, "not:name": null, "type": null }, "geometry": { "type": "Polygon", "coordinates": [ [ [ 73.0265263, 33.6910506 ], [ 73.0269658, 33.6904577 ], [ 73.0275302, 33.6907473 ], [ 73.0273614, 33.6909751 ], [ 73.0275666, 33.6910804 ], [ 73.0272959, 33.6914456 ], [ 73.0265263, 33.6910506 ] ] ] } },
{ "type": "Feature", "properties": { "element": "way", "id": 1308575033, "addr:city": null, "addr:city:ar": null, "addr:city:en": null, "addr:city:ks": null, "addr:city:pnb": null, "addr:city:ps": null, "addr:city:sd": null, "addr:city:ur": null, "addr:street": null, "amenity": "school", "healthcare": null, "name": "Federal Government School", "name:en": null, "denomination": null, "name:ar": null, "name:ur": null, "religion": null, "is_in": null, "created_by": null, "name:de": null, "name:es": null, "name:hi": null, "wikidata": null, "wikipedia": null, "emergency": null, "brand": null, "brand:wikidata": null, "brand:wikipedia": null, "building": null, "source": null, "dispensing": null, "addr:postcode": null, "service_times": null, "grades": null, "operator": "Federal Government", "operator:type": null, "wikimedia_commons": null, "opening_hours": null, "website": null, "phone": null, "shelter_type": null, "description": null, "atm": null, "addr:street:ar": null, "addr:street:en": null, "addr:street:ur": null, "check_date": null, "addr:housenumber": null, "alt_name": null, "healthcare:speciality": null, "long_name": null, "long_name:ar": null, "long_name:ur": null, "name:ks": null, "name:ml": null, "name:pnb": null, "name:sd": null, "internet_access": null, "air_conditioning": null, "education": null, "area": null, "email": null, "name:pa": null, "generator:source": null, "level": null, "power": null, "name:ps": null, "not:name": null, "type": null }, "geometry": { "type": "Polygon", "coordinates": [ [ [ 73.0386807, 33.6845281 ], [ 73.0380685, 33.6842292 ], [ 73.0375296, 33.6849734 ], [ 73.037515, 33.685373 ], [ 73.0378266, 33.6855835 ], [ 73.0382298, 33.6851382 ], [ 73.0386807, 33.6845281 ] ] ] } },
{ "type": "Feature", "properties": { "element": "way", "id": 1308582508, "addr:city": null, "addr:city:ar": null, "addr:city:en": null, "addr:city:ks": null, "addr:city:pnb": null, "addr:city:ps": null, "addr:city:sd": null, "addr:city:ur": null, "addr:street": null, "amenity": "school", "healthcare": null, "name": "Fatima School", "name:en": null, "denomination": null, "name:ar": null, "name:ur": null, "religion": null, "is_in": null, "created_by": null, "name:de": null, "name:es": null, "name:hi": null, "wikidata": null, "wikipedia": null, "emergency": null, "brand": null, "brand:wikidata": null, "brand:wikipedia": null, "building": null, "source": null, "dispensing": null, "addr:postcode": null, "service_times": null, "grades": null, "operator": null, "operator:type": null, "wikimedia_commons": null, "opening_hours": null, "website": null, "phone": null, "shelter_type": null, "description": null, "atm": null, "addr:street:ar": null, "addr:street:en": null, "addr:street:ur": null, "check_date": null, "addr:housenumber": null, "alt_name": null, "healthcare:speciality": null, "long_name": null, "long_name:ar": null, "long_name:ur": null, "name:ks": null, "name:ml": null, "name:pnb": null, "name:sd": null, "internet_access": null, "air_conditioning": null, "education": null, "area": null, "email": null, "name:pa": null, "generator:source": null, "level": null, "power": null, "name:ps": null, "not:name": null, "type": null }, "geometry": { "type": "Polygon", "coordinates": [ [ [ 73.0457076, 33.7105634 ], [ 73.0446909, 33.7100739 ], [ 73.0447494, 33.7094434 ], [ 73.0452578, 33.709164 ], [ 73.0454119, 33.709123 ], [ 73.0464101, 33.7096382 ], [ 73.0457076, 33.7105634 ] ] ] } },
{ "type": "Feature", "properties": { "element": "way", "id": 1308583491, "addr:city": null, "addr:city:ar": null, "addr:city:en": null, "addr:city:ks": null, "addr:city:pnb": null, "addr:city:ps": null, "addr:city:sd": null, "addr:city:ur": null, "addr:street": null, "amenity": "college", "healthcare": null, "name": "Federal Government Margalla College for Women", "name:en": null, "denomination": null, "name:ar": null, "name:ur": null, "religion": null, "is_in": null, "created_by": null, "name:de": null, "name:es": null, "name:hi": null, "wikidata": null, "wikipedia": null, "emergency": null, "brand": null, "brand:wikidata": null, "brand:wikipedia": null, "building": null, "source": null, "dispensing": null, "addr:postcode": null, "service_times": null, "grades": null, "operator": "Federal Government", "operator:type": "government", "wikimedia_commons": null, "opening_hours": null, "website": null, "phone": null, "shelter_type": null, "description": null, "atm": null, "addr:street:ar": null, "addr:street:en": null, "addr:street:ur": null, "check_date": null, "addr:housenumber": null, "alt_name": null, "healthcare:speciality": null, "long_name": null, "long_name:ar": null, "long_name:ur": null, "name:ks": null, "name:ml": null, "name:pnb": null, "name:sd": null, "internet_access": null, "air_conditioning": null, "education": null, "area": null, "email": null, "name:pa": null, "generator:source": null, "level": null, "power": null, "name:ps": null, "not:name": null, "type": null }, "geometry": { "type": "Polygon", "coordinates": [ [ [ 73.0637328, 33.7226378 ], [ 73.0658794, 33.7237875 ], [ 73.0645215, 33.7256472 ], [ 73.0624261, 33.7245804 ], [ 73.0622286, 33.7244435 ], [ 73.0637328, 33.7226378 ] ] ] } },
{ "type": "Feature", "properties": { "element": "way", "id": 1308583492, "addr:city": null, "addr:city:ar": null, "addr:city:en": null, "addr:city:ks": null, "addr:city:pnb": null, "addr:city:ps": null, "addr:city:sd": null, "addr:city:ur": null, "addr:street": null, "amenity": "college", "healthcare": null, "name": "Islamabad Model College for Girls F-7/4", "name:en": null, "denomination": null, "name:ar": null, "name:ur": null, "religion": null, "is_in": null, "created_by": null, "name:de": null, "name:es": null, "name:hi": null, "wikidata": null, "wikipedia": null, "emergency": null, "brand": null, "brand:wikidata": null, "brand:wikipedia": null, "building": null, "source": null, "dispensing": null, "addr:postcode": null, "service_times": null, "grades": null, "operator": "Federal Government", "operator:type": "government", "wikimedia_commons": null, "opening_hours": null, "website": null, "phone": null, "shelter_type": null, "description": null, "atm": null, "addr:street:ar": null, "addr:street:en": null, "addr:street:ur": null, "check_date": null, "addr:housenumber": null, "alt_name": null, "healthcare:speciality": null, "long_name": null, "long_name:ar": null, "long_name:ur": null, "name:ks": null, "name:ml": null, "name:pnb": null, "name:sd": null, "internet_access": null, "air_conditioning": null, "education": null, "area": null, "email": null, "name:pa": null, "generator:source": null, "level": null, "power": null, "name:ps": null, "not:name": null, "type": null }, "geometry": { "type": "Polygon", "coordinates": [ [ [ 73.0643435, 33.7214927 ], [ 73.0650776, 33.720523 ], [ 73.0654046, 33.7201217 ], [ 73.0636052, 33.7191265 ], [ 73.0631662, 33.7197454 ], [ 73.0633247, 33.7206685 ], [ 73.0633735, 33.7210134 ], [ 73.0643435, 33.7214927 ] ] ] } },
{ "type": "Feature", "properties": { "element": "way", "id": 1308584579, "addr:city": null, "addr:city:ar": null, "addr:city:en": null, "addr:city:ks": null, "addr:city:pnb": null, "addr:city:ps": null, "addr:city:sd": null, "addr:city:ur": null, "addr:street": null, "amenity": "school", "healthcare": null, "name": "Islamabad Model School for Boys No. 8 F-6/2", "name:en": null, "denomination": null, "name:ar": null, "name:ur": null, "religion": null, "is_in": null, "created_by": null, "name:de": null, "name:es": null, "name:hi": null, "wikidata": null, "wikipedia": null, "emergency": null, "brand": null, "brand:wikidata": null, "brand:wikipedia": null, "building": null, "source": null, "dispensing": null, "addr:postcode": null, "service_times": null, "grades": null, "operator": null, "operator:type": null, "wikimedia_commons": null, "opening_hours": null, "website": null, "phone": null, "shelter_type": null, "description": null, "atm": null, "addr:street:ar": null, "addr:street:en": null, "addr:street:ur": null, "check_date": null, "addr:housenumber": null, "alt_name": null, "healthcare:speciality": null, "long_name": null, "long_name:ar": null, "long_name:ur": null, "name:ks": null, "name:ml": null, "name:pnb": null, "name:sd": null, "internet_access": null, "air_conditioning": null, "education": null, "area": null, "email": null, "name:pa": null, "generator:source": null, "level": null, "power": null, "name:ps": null, "not:name": null, "type": null }, "geometry": { "type": "Polygon", "coordinates": [ [ [ 73.0693261, 33.7301386 ], [ 73.0704778, 33.7307265 ], [ 73.0705099, 33.7305312 ], [ 73.0706405, 33.7302796 ], [ 73.070871, 33.7298429 ], [ 73.0699504, 33.7293448 ], [ 73.0693261, 33.7301386 ] ] ] } },
{ "type": "Feature", "properties": { "element": "way", "id": 1308584580, "addr:city": null, "addr:city:ar": null, "addr:city:en": null, "addr:city:ks": null, "addr:city:pnb": null, "addr:city:ps": null, "addr:city:sd": null, "addr:city:ur": null, "addr:street": null, "amenity": "college", "healthcare": null, "name": "Islamabad College for Girls F-6/2", "name:en": null, "denomination": null, "name:ar": null, "name:ur": null, "religion": null, "is_in": null, "created_by": null, "name:de": null, "name:es": null, "name:hi": null, "wikidata": null, "wikipedia": null, "emergency": null, "brand": null, "brand:wikidata": null, "brand:wikipedia": null, "building": null, "source": null, "dispensing": null, "addr:postcode": null, "service_times": null, "grades": null, "operator": "Federal Government", "operator:type": "government", "wikimedia_commons": null, "opening_hours": null, "website": null, "phone": null, "shelter_type": null, "description": null, "atm": null, "addr:street:ar": null, "addr:street:en": null, "addr:street:ur": null, "check_date": null, "addr:housenumber": null, "alt_name": null, "healthcare:speciality": null, "long_name": null, "long_name:ar": null, "long_name:ur": null, "name:ks": null, "name:ml": null, "name:pnb": null, "name:sd": null, "internet_access": null, "air_conditioning": null, "education": null, "area": null, "email": null, "name:pa": null, "generator:source": null, "level": null, "power": null, "name:ps": null, "not:name": null, "type": null }, "geometry": { "type": "Polygon", "coordinates": [ [ [ 73.0643854, 33.72906 ], [ 73.0648136, 33.7292867 ], [ 73.0651109, 33.7289305 ], [ 73.0661444, 33.7294721 ], [ 73.0665832, 33.7288893 ], [ 73.065118, 33.7281034 ], [ 73.0643854, 33.72906 ] ] ] } },
{ "type": "Feature", "properties": { "element": "way", "id": 1308584585, "addr:city": null, "addr:city:ar": null, "addr:city:en": null, "addr:city:ks": null, "addr:city:pnb": null, "addr:city:ps": null, "addr:city:sd": null, "addr:city:ur": null, "addr:street": null, "amenity": "school", "healthcare": null, "name": "Islamabad Model School for Girls F-6/1", "name:en": null, "denomination": null, "name:ar": null, "name:ur": null, "religion": null, "is_in": null, "created_by": null, "name:de": null, "name:es": null, "name:hi": null, "wikidata": null, "wikipedia": null, "emergency": null, "brand": null, "brand:wikidata": null, "brand:wikipedia": null, "building": null, "source": null, "dispensing": null, "addr:postcode": null, "service_times": null, "grades": null, "operator": "Federal Government", "operator:type": "government", "wikimedia_commons": null, "opening_hours": null, "website": null, "phone": null, "shelter_type": null, "description": null, "atm": null, "addr:street:ar": null, "addr:street:en": null, "addr:street:ur": null, "check_date": null, "addr:housenumber": null, "alt_name": null, "healthcare:speciality": null, "long_name": null, "long_name:ar": null, "long_name:ur": null, "name:ks": null, "name:ml": null, "name:pnb": null, "name:sd": null, "internet_access": null, "air_conditioning": null, "education": null, "area": null, "email": null, "name:pa": null, "generator:source": null, "level": null, "power": null, "name:ps": null, "not:name": null, "type": null }, "geometry": { "type": "Polygon", "coordinates": [ [ [ 73.0772811, 33.7264063 ], [ 73.0782929, 33.7269157 ], [ 73.078845, 33.7260886 ], [ 73.0779107, 33.7255823 ], [ 73.0772811, 33.7264063 ] ] ] } },
{ "type": "Feature", "properties": { "element": "way", "id": 1308655021, "addr:city": null, "addr:city:ar": null, "addr:city:en": null, "addr:city:ks": null, "addr:city:pnb": null, "addr:city:ps": null, "addr:city:sd": null, "addr:city:ur": null, "addr:street": null, "amenity": "college", "healthcare": null, "name": "Islamabad College for Girls G-6/1", "name:en": null, "denomination": null, "name:ar": null, "name:ur": null, "religion": null, "is_in": null, "created_by": null, "name:de": null, "name:es": null, "name:hi": null, "wikidata": null, "wikipedia": null, "emergency": null, "brand": null, "brand:wikidata": null, "brand:wikipedia": null, "building": null, "source": null, "dispensing": null, "addr:postcode": null, "service_times": null, "grades": null, "operator": "Federal Government", "operator:type": "government", "wikimedia_commons": null, "opening_hours": null, "website": null, "phone": null, "shelter_type": null, "description": null, "atm": null, "addr:street:ar": null, "addr:street:en": null, "addr:street:ur": null, "check_date": null, "addr:housenumber": null, "alt_name": null, "healthcare:speciality": null, "long_name": null, "long_name:ar": null, "long_name:ur": null, "name:ks": null, "name:ml": null, "name:pnb": null, "name:sd": null, "internet_access": null, "air_conditioning": null, "education": null, "area": null, "email": null, "name:pa": null, "generator:source": null, "level": null, "power": null, "name:ps": null, "not:name": null, "type": null }, "geometry": { "type": "Polygon", "coordinates": [ [ [ 73.0845498, 33.7105553 ], [ 73.0852713, 33.7096383 ], [ 73.0874841, 33.710832 ], [ 73.0867948, 33.7117178 ], [ 73.0845498, 33.7105553 ] ] ] } },
{ "type": "Feature", "properties": { "element": "way", "id": 1308655024, "addr:city": null, "addr:city:ar": null, "addr:city:en": null, "addr:city:ks": null, "addr:city:pnb": null, "addr:city:ps": null, "addr:city:sd": null, "addr:city:ur": null, "addr:street": null, "amenity": "school", "healthcare": null, "name": "Islamabad Model School for Girls G-6/2", "name:en": null, "denomination": null, "name:ar": null, "name:ur": null, "religion": null, "is_in": null, "created_by": null, "name:de": null, "name:es": null, "name:hi": null, "wikidata": null, "wikipedia": null, "emergency": null, "brand": null, "brand:wikidata": null, "brand:wikipedia": null, "building": null, "source": null, "dispensing": null, "addr:postcode": null, "service_times": null, "grades": null, "operator": "Federal Government", "operator:type": "government", "wikimedia_commons": null, "opening_hours": null, "website": null, "phone": null, "shelter_type": null, "description": null, "atm": null, "addr:street:ar": null, "addr:street:en": null, "addr:street:ur": null, "check_date": null, "addr:housenumber": null, "alt_name": null, "healthcare:speciality": null, "long_name": null, "long_name:ar": null, "long_name:ur": null, "name:ks": null, "name:ml": null, "name:pnb": null, "name:sd": null, "internet_access": null, "air_conditioning": null, "education": null, "area": null, "email": null, "name:pa": null, "generator:source": null, "level": null, "power": null, "name:ps": null, "not:name": null, "type": null }, "geometry": { "type": "Polygon", "coordinates": [ [ [ 73.0812878, 33.7147108 ], [ 73.0822505, 33.7152084 ], [ 73.0830751, 33.7141809 ], [ 73.0820452, 33.713651 ], [ 73.0812878, 33.7147108 ] ] ] } },
{ "type": "Feature", "properties": { "element": "way", "id": 1308666775, "addr:city": null, "addr:city:ar": null, "addr:city:en": null, "addr:city:ks": null, "addr:city:pnb": null, "addr:city:ps": null, "addr:city:sd": null, "addr:city:ur": null, "addr:street": null, "amenity": "school", "healthcare": null, "name": "Islamabad Model for School for Boys G-7/3", "name:en": null, "denomination": null, "name:ar": null, "name:ur": null, "religion": null, "is_in": null, "created_by": null, "name:de": null, "name:es": null, "name:hi": null, "wikidata": null, "wikipedia": null, "emergency": null, "brand": null, "brand:wikidata": null, "brand:wikipedia": null, "building": null, "source": null, "dispensing": null, "addr:postcode": null, "service_times": null, "grades": null, "operator": "Federal Government", "operator:type": "government", "wikimedia_commons": null, "opening_hours": null, "website": null, "phone": null, "shelter_type": null, "description": null, "atm": null, "addr:street:ar": null, "addr:street:en": null, "addr:street:ur": null, "check_date": null, "addr:housenumber": null, "alt_name": null, "healthcare:speciality": null, "long_name": null, "long_name:ar": null, "long_name:ur": null, "name:ks": null, "name:ml": null, "name:pnb": null, "name:sd": null, "internet_access": null, "air_conditioning": null, "education": null, "area": null, "email": null, "name:pa": null, "generator:source": null, "level": null, "power": null, "name:ps": null, "not:name": null, "type": null }, "geometry": { "type": "Polygon", "coordinates": [ [ [ 73.0697139, 33.7094391 ], [ 73.07034, 33.7085682 ], [ 73.071706, 33.709297 ], [ 73.0710738, 33.7101459 ], [ 73.0697139, 33.7094391 ] ] ] } },
{ "type": "Feature", "properties": { "element": "way", "id": 1308666776, "addr:city": null, "addr:city:ar": null, "addr:city:en": null, "addr:city:ks": null, "addr:city:pnb": null, "addr:city:ps": null, "addr:city:sd": null, "addr:city:ur": null, "addr:street": null, "amenity": "school", "healthcare": null, "name": "Islamabad Model School G-7/3", "name:en": null, "denomination": null, "name:ar": null, "name:ur": null, "religion": null, "is_in": null, "created_by": null, "name:de": null, "name:es": null, "name:hi": null, "wikidata": null, "wikipedia": null, "emergency": null, "brand": null, "brand:wikidata": null, "brand:wikipedia": null, "building": null, "source": null, "dispensing": null, "addr:postcode": null, "service_times": null, "grades": "1-5", "operator": "Federal Government", "operator:type": "government", "wikimedia_commons": null, "opening_hours": null, "website": null, "phone": null, "shelter_type": null, "description": null, "atm": null, "addr:street:ar": null, "addr:street:en": null, "addr:street:ur": null, "check_date": null, "addr:housenumber": null, "alt_name": null, "healthcare:speciality": null, "long_name": null, "long_name:ar": null, "long_name:ur": null, "name:ks": null, "name:ml": null, "name:pnb": null, "name:sd": null, "internet_access": null, "air_conditioning": null, "education": null, "area": null, "email": null, "name:pa": null, "generator:source": null, "level": null, "power": null, "name:ps": null, "not:name": null, "type": null }, "geometry": { "type": "Polygon", "coordinates": [ [ [ 73.0678396, 33.7087056 ], [ 73.0682768, 33.7080802 ], [ 73.0694191, 33.7086704 ], [ 73.0689516, 33.7092774 ], [ 73.0682572, 33.7089203 ], [ 73.0678396, 33.7087056 ] ] ] } },
{ "type": "Feature", "properties": { "element": "way", "id": 1308666778, "addr:city": null, "addr:city:ar": null, "addr:city:en": null, "addr:city:ks": null, "addr:city:pnb": null, "addr:city:ps": null, "addr:city:sd": null, "addr:city:ur": null, "addr:street": null, "amenity": "school", "healthcare": null, "name": "Federal Government Primary School No. 5 G-7/3", "name:en": null, "denomination": null, "name:ar": null, "name:ur": null, "religion": null, "is_in": null, "created_by": null, "name:de": null, "name:es": null, "name:hi": null, "wikidata": null, "wikipedia": null, "emergency": null, "brand": null, "brand:wikidata": null, "brand:wikipedia": null, "building": null, "source": null, "dispensing": null, "addr:postcode": null, "service_times": null, "grades": null, "operator": "Federal Government", "operator:type": "government", "wikimedia_commons": null, "opening_hours": null, "website": null, "phone": null, "shelter_type": null, "description": null, "atm": null, "addr:street:ar": null, "addr:street:en": null, "addr:street:ur": null, "check_date": null, "addr:housenumber": null, "alt_name": null, "healthcare:speciality": null, "long_name": null, "long_name:ar": null, "long_name:ur": null, "name:ks": null, "name:ml": null, "name:pnb": null, "name:sd": null, "internet_access": null, "air_conditioning": null, "education": null, "area": null, "email": null, "name:pa": null, "generator:source": null, "level": null, "power": null, "name:ps": null, "not:name": null, "type": null }, "geometry": { "type": "Polygon", "coordinates": [ [ [ 73.0724275, 33.7106508 ], [ 73.0728689, 33.7100396 ], [ 73.0739888, 33.7106317 ], [ 73.0736052, 33.7111583 ], [ 73.0735375, 33.711125 ], [ 73.0734789, 33.7111929 ], [ 73.0729347, 33.7109123 ], [ 73.0724275, 33.7106508 ] ] ] } },
{ "type": "Feature", "properties": { "element": "way", "id": 1308666780, "addr:city": null, "addr:city:ar": null, "addr:city:en": null, "addr:city:ks": null, "addr:city:pnb": null, "addr:city:ps": null, "addr:city:sd": null, "addr:city:ur": null, "addr:street": null, "amenity": "school", "healthcare": null, "name": "Islamabad Model School for Girls G-7/3", "name:en": null, "denomination": null, "name:ar": null, "name:ur": null, "religion": null, "is_in": null, "created_by": null, "name:de": null, "name:es": null, "name:hi": null, "wikidata": null, "wikipedia": null, "emergency": null, "brand": null, "brand:wikidata": null, "brand:wikipedia": null, "building": null, "source": null, "dispensing": null, "addr:postcode": null, "service_times": null, "grades": null, "operator": "Federal Government", "operator:type": "government", "wikimedia_commons": null, "opening_hours": null, "website": null, "phone": null, "shelter_type": null, "description": null, "atm": null, "addr:street:ar": null, "addr:street:en": null, "addr:street:ur": null, "check_date": null, "addr:housenumber": null, "alt_name": null, "healthcare:speciality": null, "long_name": null, "long_name:ar": null, "long_name:ur": null, "name:ks": null, "name:ml": null, "name:pnb": null, "name:sd": null, "internet_access": null, "air_conditioning": null, "education": null, "area": null, "email": null, "name:pa": null, "generator:source": null, "level": null, "power": null, "name:ps": null, "not:name": null, "type": null }, "geometry": { "type": "Polygon", "coordinates": [ [ [ 73.0708198, 33.7135031 ], [ 73.0712822, 33.7129308 ], [ 73.0721459, 33.7133547 ], [ 73.0716711, 33.7140686 ], [ 73.0713305, 33.713908 ], [ 73.0713761, 33.7138366 ], [ 73.0711803, 33.7137741 ], [ 73.0712044, 33.7137027 ], [ 73.0708198, 33.7135031 ] ] ] } },
{ "type": "Feature", "properties": { "element": "way", "id": 1308666783, "addr:city": null, "addr:city:ar": null, "addr:city:en": null, "addr:city:ks": null, "addr:city:pnb": null, "addr:city:ps": null, "addr:city:sd": null, "addr:city:ur": null, "addr:street": null, "amenity": "place_of_worship", "healthcare": null, "name": "Jam-e-Masjid Al-Habib", "name:en": null, "denomination": null, "name:ar": null, "name:ur": null, "religion": "muslim", "is_in": null, "created_by": null, "name:de": null, "name:es": null, "name:hi": null, "wikidata": null, "wikipedia": null, "emergency": null, "brand": null, "brand:wikidata": null, "brand:wikipedia": null, "building": "yes", "source": null, "dispensing": null, "addr:postcode": null, "service_times": null, "grades": null, "operator": null, "operator:type": null, "wikimedia_commons": null, "opening_hours": null, "website": null, "phone": null, "shelter_type": null, "description": null, "atm": null, "addr:street:ar": null, "addr:street:en": null, "addr:street:ur": null, "check_date": null, "addr:housenumber": null, "alt_name": null, "healthcare:speciality": null, "long_name": null, "long_name:ar": null, "long_name:ur": null, "name:ks": null, "name:ml": null, "name:pnb": null, "name:sd": null, "internet_access": null, "air_conditioning": null, "education": null, "area": null, "email": null, "name:pa": null, "generator:source": null, "level": null, "power": null, "name:ps": null, "not:name": null, "type": null }, "geometry": { "type": "Polygon", "coordinates": [ [ [ 73.0696413, 33.7111701 ], [ 73.0698165, 33.7112069 ], [ 73.0698059, 33.7112422 ], [ 73.0699864, 33.7112555 ], [ 73.0701935, 33.7111848 ], [ 73.0703085, 33.7110465 ], [ 73.0702925, 33.7109802 ], [ 73.0699262, 33.7108978 ], [ 73.0697422, 33.7109802 ], [ 73.069675, 33.7110597 ], [ 73.0696413, 33.7111701 ] ] ] } },
{ "type": "Feature", "properties": { "element": "way", "id": 1308666784, "addr:city": null, "addr:city:ar": null, "addr:city:en": null, "addr:city:ks": null, "addr:city:pnb": null, "addr:city:ps": null, "addr:city:sd": null, "addr:city:ur": null, "addr:street": null, "amenity": "school", "healthcare": null, "name": "Islamabad Model School G-7/4 - Blended E-Learning", "name:en": null, "denomination": null, "name:ar": null, "name:ur": null, "religion": null, "is_in": null, "created_by": null, "name:de": null, "name:es": null, "name:hi": null, "wikidata": null, "wikipedia": null, "emergency": null, "brand": null, "brand:wikidata": null, "brand:wikipedia": null, "building": null, "source": null, "dispensing": null, "addr:postcode": null, "service_times": null, "grades": null, "operator": "Federal Government", "operator:type": "government", "wikimedia_commons": null, "opening_hours": null, "website": null, "phone": null, "shelter_type": null, "description": null, "atm": null, "addr:street:ar": null, "addr:street:en": null, "addr:street:ur": null, "check_date": null, "addr:housenumber": null, "alt_name": null, "healthcare:speciality": null, "long_name": null, "long_name:ar": null, "long_name:ur": null, "name:ks": null, "name:ml": null, "name:pnb": null, "name:sd": null, "internet_access": null, "air_conditioning": null, "education": null, "area": null, "email": null, "name:pa": null, "generator:source": null, "level": null, "power": null, "name:ps": null, "not:name": null, "type": null }, "geometry": { "type": "Polygon", "coordinates": [ [ [ 73.0751598, 33.709063 ], [ 73.0757022, 33.708309 ], [ 73.0743546, 33.7076381 ], [ 73.0738121, 33.7083923 ], [ 73.0751598, 33.709063 ] ] ] } },
{ "type": "Feature", "properties": { "element": "way", "id": 1308666786, "addr:city": null, "addr:city:ar": null, "addr:city:en": null, "addr:city:ks": null, "addr:city:pnb": null, "addr:city:ps": null, "addr:city:sd": null, "addr:city:ur": null, "addr:street": null, "amenity": "college", "healthcare": null, "name": "Islamabad Model College For Boys G-7/4", "name:en": null, "denomination": null, "name:ar": null, "name:ur": null, "religion": null, "is_in": null, "created_by": null, "name:de": null, "name:es": null, "name:hi": null, "wikidata": null, "wikipedia": null, "emergency": null, "brand": null, "brand:wikidata": null, "brand:wikipedia": null, "building": null, "source": null, "dispensing": null, "addr:postcode": null, "service_times": null, "grades": null, "operator": "Federal Government", "operator:type": "government", "wikimedia_commons": null, "opening_hours": null, "website": null, "phone": null, "shelter_type": null, "description": null, "atm": null, "addr:street:ar": null, "addr:street:en": null, "addr:street:ur": null, "check_date": null, "addr:housenumber": null, "alt_name": null, "healthcare:speciality": null, "long_name": null, "long_name:ar": null, "long_name:ur": null, "name:ks": null, "name:ml": null, "name:pnb": null, "name:sd": null, "internet_access": null, "air_conditioning": null, "education": null, "area": null, "email": null, "name:pa": null, "generator:source": null, "level": null, "power": null, "name:ps": null, "not:name": null, "type": null }, "geometry": { "type": "Polygon", "coordinates": [ [ [ 73.0739616, 33.7052886 ], [ 73.0744608, 33.7046139 ], [ 73.0728659, 33.7037974 ], [ 73.0723668, 33.7044719 ], [ 73.0739616, 33.7052886 ] ] ] } },
{ "type": "Feature", "properties": { "element": "way", "id": 1308666789, "addr:city": null, "addr:city:ar": null, "addr:city:en": null, "addr:city:ks": null, "addr:city:pnb": null, "addr:city:ps": null, "addr:city:sd": null, "addr:city:ur": null, "addr:street": null, "amenity": "school", "healthcare": null, "name": "Federal Government Primary School G-7/2", "name:en": null, "denomination": null, "name:ar": null, "name:ur": null, "religion": null, "is_in": null, "created_by": null, "name:de": null, "name:es": null, "name:hi": null, "wikidata": null, "wikipedia": null, "emergency": null, "brand": null, "brand:wikidata": null, "brand:wikipedia": null, "building": null, "source": null, "dispensing": null, "addr:postcode": null, "service_times": null, "grades": null, "operator": "Federal Government", "operator:type": "government", "wikimedia_commons": null, "opening_hours": null, "website": null, "phone": null, "shelter_type": null, "description": null, "atm": null, "addr:street:ar": null, "addr:street:en": null, "addr:street:ur": null, "check_date": null, "addr:housenumber": null, "alt_name": null, "healthcare:speciality": null, "long_name": null, "long_name:ar": null, "long_name:ur": null, "name:ks": null, "name:ml": null, "name:pnb": null, "name:sd": null, "internet_access": null, "air_conditioning": null, "education": null, "area": null, "email": null, "name:pa": null, "generator:source": null, "level": null, "power": null, "name:ps": null, "not:name": null, "type": null }, "geometry": { "type": "Polygon", "coordinates": [ [ [ 73.0620348, 33.7025632 ], [ 73.0630732, 33.7030898 ], [ 73.062645, 33.7039292 ], [ 73.0621502, 33.7037227 ], [ 73.061646, 33.7034237 ], [ 73.0615548, 33.7031604 ], [ 73.0620348, 33.7025632 ] ] ] } },
{ "type": "Feature", "properties": { "element": "way", "id": 1308666790, "addr:city": null, "addr:city:ar": null, "addr:city:en": null, "addr:city:ks": null, "addr:city:pnb": null, "addr:city:ps": null, "addr:city:sd": null, "addr:city:ur": null, "addr:street": null, "amenity": "school", "healthcare": null, "name": "Federal Government Middle Model School G-7/3-2", "name:en": null, "denomination": null, "name:ar": null, "name:ur": null, "religion": null, "is_in": null, "created_by": null, "name:de": null, "name:es": null, "name:hi": null, "wikidata": null, "wikipedia": null, "emergency": null, "brand": null, "brand:wikidata": null, "brand:wikipedia": null, "building": null, "source": null, "dispensing": null, "addr:postcode": null, "service_times": null, "grades": null, "operator": "Federal Government", "operator:type": "government", "wikimedia_commons": null, "opening_hours": null, "website": null, "phone": null, "shelter_type": null, "description": null, "atm": null, "addr:street:ar": null, "addr:street:en": null, "addr:street:ur": null, "check_date": null, "addr:housenumber": null, "alt_name": null, "healthcare:speciality": null, "long_name": null, "long_name:ar": null, "long_name:ur": null, "name:ks": null, "name:ml": null, "name:pnb": null, "name:sd": null, "internet_access": null, "air_conditioning": null, "education": null, "area": null, "email": null, "name:pa": null, "generator:source": null, "level": null, "power": null, "name:ps": null, "not:name": null, "type": null }, "geometry": { "type": "Polygon", "coordinates": [ [ [ 73.0660586, 33.7099208 ], [ 73.0662746, 33.7100106 ], [ 73.0668487, 33.7103589 ], [ 73.0673526, 33.7106356 ], [ 73.0677171, 33.7101527 ], [ 73.0675649, 33.7100791 ], [ 73.0677985, 33.7097965 ], [ 73.0668394, 33.7093137 ], [ 73.06662, 33.7095963 ], [ 73.0662625, 33.7094344 ], [ 73.066085, 33.7098462 ], [ 73.0660586, 33.7099208 ] ] ] } },
{ "type": "Feature", "properties": { "element": "way", "id": 1308666791, "addr:city": null, "addr:city:ar": null, "addr:city:en": null, "addr:city:ks": null, "addr:city:pnb": null, "addr:city:ps": null, "addr:city:sd": null, "addr:city:ur": null, "addr:street": null, "amenity": "school", "healthcare": null, "name": "Islamabad Model School for Girls G-7/3-2", "name:en": null, "denomination": null, "name:ar": null, "name:ur": null, "religion": null, "is_in": null, "created_by": null, "name:de": null, "name:es": null, "name:hi": null, "wikidata": null, "wikipedia": null, "emergency": null, "brand": null, "brand:wikidata": null, "brand:wikipedia": null, "building": null, "source": null, "dispensing": null, "addr:postcode": null, "service_times": null, "grades": "1-8", "operator": "Federal Government", "operator:type": "government", "wikimedia_commons": null, "opening_hours": null, "website": null, "phone": null, "shelter_type": null, "description": null, "atm": null, "addr:street:ar": null, "addr:street:en": null, "addr:street:ur": null, "check_date": null, "addr:housenumber": null, "alt_name": null, "healthcare:speciality": null, "long_name": null, "long_name:ar": null, "long_name:ur": null, "name:ks": null, "name:ml": null, "name:pnb": null, "name:sd": null, "internet_access": null, "air_conditioning": null, "education": null, "area": null, "email": null, "name:pa": null, "generator:source": null, "level": null, "power": null, "name:ps": null, "not:name": null, "type": null }, "geometry": { "type": "Polygon", "coordinates": [ [ [ 73.0660445, 33.7099428 ], [ 73.0665327, 33.7102016 ], [ 73.0671335, 33.7105475 ], [ 73.065948, 33.710572 ], [ 73.0660445, 33.7099428 ] ] ] } },
{ "type": "Feature", "properties": { "element": "way", "id": 1308679121, "addr:city": null, "addr:city:ar": null, "addr:city:en": null, "addr:city:ks": null, "addr:city:pnb": null, "addr:city:ps": null, "addr:city:sd": null, "addr:city:ur": null, "addr:street": null, "amenity": "college", "healthcare": null, "name": "Federal Medical College (FMC) G-8/4", "name:en": null, "denomination": null, "name:ar": null, "name:ur": null, "religion": null, "is_in": null, "created_by": null, "name:de": null, "name:es": null, "name:hi": null, "wikidata": null, "wikipedia": null, "emergency": null, "brand": null, "brand:wikidata": null, "brand:wikipedia": null, "building": null, "source": null, "dispensing": null, "addr:postcode": null, "service_times": null, "grades": null, "operator": "Federal Government", "operator:type": "government", "wikimedia_commons": null, "opening_hours": null, "website": null, "phone": null, "shelter_type": null, "description": null, "atm": null, "addr:street:ar": null, "addr:street:en": null, "addr:street:ur": null, "check_date": null, "addr:housenumber": null, "alt_name": null, "healthcare:speciality": null, "long_name": null, "long_name:ar": null, "long_name:ur": null, "name:ks": null, "name:ml": null, "name:pnb": null, "name:sd": null, "internet_access": null, "air_conditioning": null, "education": null, "area": null, "email": null, "name:pa": null, "generator:source": null, "level": null, "power": null, "name:ps": null, "not:name": null, "type": null }, "geometry": { "type": "Polygon", "coordinates": [ [ [ 73.0532441, 33.6980499 ], [ 73.0537966, 33.6973168 ], [ 73.055135, 33.698015 ], [ 73.0545827, 33.698748 ], [ 73.0532441, 33.6980499 ] ] ] } },
{ "type": "Feature", "properties": { "element": "way", "id": 1308679123, "addr:city": null, "addr:city:ar": null, "addr:city:en": null, "addr:city:ks": null, "addr:city:pnb": null, "addr:city:ps": null, "addr:city:sd": null, "addr:city:ur": null, "addr:street": null, "amenity": "school", "healthcare": null, "name": "Islamabad Model School for Boys G-8/1", "name:en": null, "denomination": null, "name:ar": null, "name:ur": null, "religion": null, "is_in": null, "created_by": null, "name:de": null, "name:es": null, "name:hi": null, "wikidata": null, "wikipedia": null, "emergency": null, "brand": null, "brand:wikidata": null, "brand:wikipedia": null, "building": null, "source": null, "dispensing": null, "addr:postcode": null, "service_times": null, "grades": null, "operator": "Federal Government", "operator:type": "government", "wikimedia_commons": null, "opening_hours": null, "website": null, "phone": null, "shelter_type": null, "description": null, "atm": null, "addr:street:ar": null, "addr:street:en": null, "addr:street:ur": null, "check_date": null, "addr:housenumber": null, "alt_name": null, "healthcare:speciality": null, "long_name": null, "long_name:ar": null, "long_name:ur": null, "name:ks": null, "name:ml": null, "name:pnb": null, "name:sd": null, "internet_access": null, "air_conditioning": null, "education": null, "area": null, "email": null, "name:pa": null, "generator:source": null, "level": null, "power": null, "name:ps": null, "not:name": null, "type": null }, "geometry": { "type": "Polygon", "coordinates": [ [ [ 73.0474002, 33.6915769 ], [ 73.046723, 33.6912349 ], [ 73.0464008, 33.6903257 ], [ 73.0465035, 33.6894864 ], [ 73.0478034, 33.6902024 ], [ 73.0481754, 33.6904073 ], [ 73.0474002, 33.6915769 ] ] ] } },
{ "type": "Feature", "properties": { "element": "way", "id": 1308679124, "addr:city": null, "addr:city:ar": null, "addr:city:en": null, "addr:city:ks": null, "addr:city:pnb": null, "addr:city:ps": null, "addr:city:sd": null, "addr:city:ur": null, "addr:street": null, "amenity": "school", "healthcare": null, "name": "Islamabad Model School No.3 G-8/1", "name:en": null, "denomination": null, "name:ar": null, "name:ur": null, "religion": null, "is_in": null, "created_by": null, "name:de": null, "name:es": null, "name:hi": null, "wikidata": null, "wikipedia": null, "emergency": null, "brand": null, "brand:wikidata": null, "brand:wikipedia": null, "building": null, "source": null, "dispensing": null, "addr:postcode": null, "service_times": null, "grades": "1-5", "operator": "Federal Government", "operator:type": "government", "wikimedia_commons": null, "opening_hours": null, "website": null, "phone": null, "shelter_type": null, "description": null, "atm": null, "addr:street:ar": null, "addr:street:en": null, "addr:street:ur": null, "check_date": null, "addr:housenumber": null, "alt_name": null, "healthcare:speciality": null, "long_name": null, "long_name:ar": null, "long_name:ur": null, "name:ks": null, "name:ml": null, "name:pnb": null, "name:sd": null, "internet_access": null, "air_conditioning": null, "education": null, "area": null, "email": null, "name:pa": null, "generator:source": null, "level": null, "power": null, "name:ps": null, "not:name": null, "type": null }, "geometry": { "type": "Polygon", "coordinates": [ [ [ 73.0492489, 33.6891833 ], [ 73.0484172, 33.6887416 ], [ 73.0487814, 33.6881967 ], [ 73.0496786, 33.6886385 ], [ 73.0492489, 33.6891833 ] ] ] } },
{ "type": "Feature", "properties": { "element": "way", "id": 1308679126, "addr:city": null, "addr:city:ar": null, "addr:city:en": null, "addr:city:ks": null, "addr:city:pnb": null, "addr:city:ps": null, "addr:city:sd": null, "addr:city:ur": null, "addr:street": null, "amenity": "school", "healthcare": null, "name": "Federal Government Middle School No.1 G-8/1", "name:en": null, "denomination": null, "name:ar": null, "name:ur": null, "religion": null, "is_in": null, "created_by": null, "name:de": null, "name:es": null, "name:hi": null, "wikidata": null, "wikipedia": null, "emergency": null, "brand": null, "brand:wikidata": null, "brand:wikipedia": null, "building": null, "source": null, "dispensing": null, "addr:postcode": null, "service_times": null, "grades": null, "operator": "Federal Government", "operator:type": "government", "wikimedia_commons": null, "opening_hours": null, "website": null, "phone": null, "shelter_type": null, "description": null, "atm": null, "addr:street:ar": null, "addr:street:en": null, "addr:street:ur": null, "check_date": null, "addr:housenumber": null, "alt_name": null, "healthcare:speciality": null, "long_name": null, "long_name:ar": null, "long_name:ur": null, "name:ks": null, "name:ml": null, "name:pnb": null, "name:sd": null, "internet_access": null, "air_conditioning": null, "education": null, "area": null, "email": null, "name:pa": null, "generator:source": null, "level": null, "power": null, "name:ps": null, "not:name": null, "type": null }, "geometry": { "type": "Polygon", "coordinates": [ [ [ 73.0449842, 33.6897037 ], [ 73.0458808, 33.6901831 ], [ 73.0461057, 33.6898781 ], [ 73.0461704, 33.689573 ], [ 73.0461273, 33.6893269 ], [ 73.045545, 33.6890398 ], [ 73.0449842, 33.6897037 ] ] ] } },
{ "type": "Feature", "properties": { "element": "way", "id": 1308679128, "addr:city": null, "addr:city:ar": null, "addr:city:en": null, "addr:city:ks": null, "addr:city:pnb": null, "addr:city:ps": null, "addr:city:sd": null, "addr:city:ur": null, "addr:street": null, "amenity": "school", "healthcare": null, "name": "Federal Government Junior School No. 34", "name:en": null, "denomination": null, "name:ar": null, "name:ur": null, "religion": null, "is_in": null, "created_by": null, "name:de": null, "name:es": null, "name:hi": null, "wikidata": null, "wikipedia": null, "emergency": null, "brand": null, "brand:wikidata": null, "brand:wikipedia": null, "building": null, "source": null, "dispensing": null, "addr:postcode": null, "service_times": null, "grades": null, "operator": "Federal Government", "operator:type": "government", "wikimedia_commons": null, "opening_hours": null, "website": null, "phone": null, "shelter_type": null, "description": null, "atm": null, "addr:street:ar": null, "addr:street:en": null, "addr:street:ur": null, "check_date": null, "addr:housenumber": null, "alt_name": null, "healthcare:speciality": null, "long_name": null, "long_name:ar": null, "long_name:ur": null, "name:ks": null, "name:ml": null, "name:pnb": null, "name:sd": null, "internet_access": null, "air_conditioning": null, "education": null, "area": null, "email": null, "name:pa": null, "generator:source": null, "level": null, "power": null, "name:ps": null, "not:name": null, "type": null }, "geometry": { "type": "Polygon", "coordinates": [ [ [ 73.0435802, 33.6949648 ], [ 73.0440686, 33.6952229 ], [ 73.0445846, 33.6954955 ], [ 73.0440547, 33.6961697 ], [ 73.0433799, 33.6958979 ], [ 73.0431827, 33.6954468 ], [ 73.0434508, 33.6948982 ], [ 73.0435802, 33.6949648 ] ] ] } },
{ "type": "Feature", "properties": { "element": "way", "id": 1309658628, "addr:city": null, "addr:city:ar": null, "addr:city:en": null, "addr:city:ks": null, "addr:city:pnb": null, "addr:city:ps": null, "addr:city:sd": null, "addr:city:ur": null, "addr:street": null, "amenity": "university", "healthcare": null, "name": "علامہ اقبال اوپن یونیورسٹی", "name:en": "Allama Iqbal Open University", "denomination": null, "name:ar": "جامعة العلامة إقبال المفتوحة", "name:ur": "علامہ اقبال اوپن یونیورسٹی", "religion": null, "is_in": null, "created_by": null, "name:de": null, "name:es": null, "name:hi": null, "wikidata": "Q3694529", "wikipedia": "ur:علامہ اقبال اوپن یونیورسٹی", "emergency": null, "brand": null, "brand:wikidata": null, "brand:wikipedia": null, "building": null, "source": null, "dispensing": null, "addr:postcode": null, "service_times": null, "grades": null, "operator": null, "operator:type": null, "wikimedia_commons": null, "opening_hours": null, "website": null, "phone": null, "shelter_type": null, "description": null, "atm": null, "addr:street:ar": null, "addr:street:en": null, "addr:street:ur": null, "check_date": null, "addr:housenumber": null, "alt_name": null, "healthcare:speciality": null, "long_name": null, "long_name:ar": null, "long_name:ur": null, "name:ks": null, "name:ml": null, "name:pnb": null, "name:sd": null, "internet_access": null, "air_conditioning": null, "education": null, "area": null, "email": null, "name:pa": null, "generator:source": null, "level": null, "power": null, "name:ps": null, "not:name": null, "type": null }, "geometry": { "type": "Polygon", "coordinates": [ [ [ 73.0563676, 33.6865721 ], [ 73.0584598, 33.6837957 ], [ 73.0590069, 33.6829119 ], [ 73.0589586, 33.6817959 ], [ 73.0586368, 33.6812022 ], [ 73.0569309, 33.6813763 ], [ 73.0553269, 33.6806799 ], [ 73.0540556, 33.6799835 ], [ 73.054297, 33.6796666 ], [ 73.0546939, 33.6791264 ], [ 73.0533419, 33.6783822 ], [ 73.0497801, 33.683135 ], [ 73.0563676, 33.6865721 ] ] ] } },
{ "type": "Feature", "properties": { "element": "way", "id": 1309658629, "addr:city": null, "addr:city:ar": null, "addr:city:en": null, "addr:city:ks": null, "addr:city:pnb": null, "addr:city:ps": null, "addr:city:sd": null, "addr:city:ur": null, "addr:street": null, "amenity": "university", "healthcare": null, "name": "Preston University Islamabad", "name:en": null, "denomination": null, "name:ar": null, "name:ur": null, "religion": null, "is_in": null, "created_by": null, "name:de": null, "name:es": null, "name:hi": null, "wikidata": null, "wikipedia": null, "emergency": null, "brand": null, "brand:wikidata": null, "brand:wikipedia": null, "building": null, "source": null, "dispensing": null, "addr:postcode": null, "service_times": null, "grades": null, "operator": null, "operator:type": null, "wikimedia_commons": null, "opening_hours": null, "website": null, "phone": null, "shelter_type": null, "description": null, "atm": null, "addr:street:ar": null, "addr:street:en": null, "addr:street:ur": null, "check_date": null, "addr:housenumber": null, "alt_name": null, "healthcare:speciality": null, "long_name": null, "long_name:ar": null, "long_name:ur": null, "name:ks": null, "name:ml": null, "name:pnb": null, "name:sd": null, "internet_access": null, "air_conditioning": null, "education": null, "area": null, "email": null, "name:pa": null, "generator:source": null, "level": null, "power": null, "name:ps": null, "not:name": null, "type": null }, "geometry": { "type": "Polygon", "coordinates": [ [ [ 73.063792, 33.6743476 ], [ 73.0643606, 33.6746422 ], [ 73.0637786, 33.6753922 ], [ 73.063218, 33.6750976 ], [ 73.063792, 33.6743476 ] ] ] } },
{ "type": "Feature", "properties": { "element": "way", "id": 1309658631, "addr:city": null, "addr:city:ar": null, "addr:city:en": null, "addr:city:ks": null, "addr:city:pnb": null, "addr:city:ps": null, "addr:city:sd": null, "addr:city:ur": null, "addr:street": null, "amenity": "college", "healthcare": null, "name": "Shifa College of Medicine", "name:en": null, "denomination": null, "name:ar": null, "name:ur": null, "religion": null, "is_in": null, "created_by": null, "name:de": null, "name:es": null, "name:hi": null, "wikidata": null, "wikipedia": null, "emergency": null, "brand": null, "brand:wikidata": null, "brand:wikipedia": null, "building": null, "source": null, "dispensing": null, "addr:postcode": null, "service_times": null, "grades": null, "operator": null, "operator:type": null, "wikimedia_commons": null, "opening_hours": null, "website": null, "phone": null, "shelter_type": null, "description": null, "atm": null, "addr:street:ar": null, "addr:street:en": null, "addr:street:ur": null, "check_date": null, "addr:housenumber": null, "alt_name": null, "healthcare:speciality": null, "long_name": null, "long_name:ar": null, "long_name:ur": null, "name:ks": null, "name:ml": null, "name:pnb": null, "name:sd": null, "internet_access": null, "air_conditioning": null, "education": null, "area": null, "email": null, "name:pa": null, "generator:source": null, "level": null, "power": null, "name:ps": null, "not:name": null, "type": null }, "geometry": { "type": "Polygon", "coordinates": [ [ [ 73.0708623, 33.677881 ], [ 73.0715007, 33.6770149 ], [ 73.0721283, 33.6773319 ], [ 73.0714577, 33.6782381 ], [ 73.0708623, 33.677881 ] ] ] } },
{ "type": "Feature", "properties": { "element": "way", "id": 1309658632, "addr:city": null, "addr:city:ar": null, "addr:city:en": null, "addr:city:ks": null, "addr:city:pnb": null, "addr:city:ps": null, "addr:city:sd": null, "addr:city:ur": null, "addr:street": null, "amenity": "college", "healthcare": null, "name": "Shaheed ZulfikarAli Bhutto Institute of Science and Technology SZABIST", "name:en": null, "denomination": null, "name:ar": null, "name:ur": null, "religion": null, "is_in": null, "created_by": null, "name:de": null, "name:es": null, "name:hi": null, "wikidata": null, "wikipedia": null, "emergency": null, "brand": null, "brand:wikidata": null, "brand:wikipedia": null, "building": null, "source": null, "dispensing": null, "addr:postcode": null, "service_times": null, "grades": null, "operator": null, "operator:type": null, "wikimedia_commons": null, "opening_hours": null, "website": null, "phone": null, "shelter_type": null, "description": null, "atm": null, "addr:street:ar": null, "addr:street:en": null, "addr:street:ur": null, "check_date": null, "addr:housenumber": null, "alt_name": null, "healthcare:speciality": null, "long_name": null, "long_name:ar": null, "long_name:ur": null, "name:ks": null, "name:ml": null, "name:pnb": null, "name:sd": null, "internet_access": null, "air_conditioning": null, "education": null, "area": null, "email": null, "name:pa": null, "generator:source": null, "level": null, "power": null, "name:ps": null, "not:name": null, "type": null }, "geometry": { "type": "Polygon", "coordinates": [ [ [ 73.0673754, 33.6767292 ], [ 73.0677348, 33.6762761 ], [ 73.0690947, 33.6770127 ], [ 73.0684161, 33.677939 ], [ 73.06759, 33.6775417 ], [ 73.0679762, 33.6770283 ], [ 73.0673754, 33.6767292 ] ] ] } },
{ "type": "Feature", "properties": { "element": "way", "id": 1309658633, "addr:city": null, "addr:city:ar": null, "addr:city:en": null, "addr:city:ks": null, "addr:city:pnb": null, "addr:city:ps": null, "addr:city:sd": null, "addr:city:ur": null, "addr:street": null, "amenity": "college", "healthcare": null, "name": "Metropolitan United International College MIUC", "name:en": null, "denomination": null, "name:ar": null, "name:ur": null, "religion": null, "is_in": null, "created_by": null, "name:de": null, "name:es": null, "name:hi": null, "wikidata": null, "wikipedia": null, "emergency": null, "brand": null, "brand:wikidata": null, "brand:wikipedia": null, "building": null, "source": null, "dispensing": null, "addr:postcode": null, "service_times": null, "grades": null, "operator": null, "operator:type": null, "wikimedia_commons": null, "opening_hours": null, "website": null, "phone": null, "shelter_type": null, "description": null, "atm": null, "addr:street:ar": null, "addr:street:en": null, "addr:street:ur": null, "check_date": null, "addr:housenumber": null, "alt_name": null, "healthcare:speciality": null, "long_name": null, "long_name:ar": null, "long_name:ur": null, "name:ks": null, "name:ml": null, "name:pnb": null, "name:sd": null, "internet_access": null, "air_conditioning": null, "education": null, "area": null, "email": null, "name:pa": null, "generator:source": null, "level": null, "power": null, "name:ps": null, "not:name": null, "type": null }, "geometry": { "type": "Polygon", "coordinates": [ [ [ 73.0693549, 33.6799255 ], [ 73.0693924, 33.6788675 ], [ 73.0695426, 33.6787381 ], [ 73.0706477, 33.6793229 ], [ 73.0699342, 33.680238 ], [ 73.0693549, 33.6799255 ] ] ] } },
{ "type": "Feature", "properties": { "element": "way", "id": 1309658635, "addr:city": null, "addr:city:ar": null, "addr:city:en": null, "addr:city:ks": null, "addr:city:pnb": null, "addr:city:ps": null, "addr:city:sd": null, "addr:city:ur": null, "addr:street": null, "amenity": "college", "healthcare": null, "name": "Islamabad Model Postgraduate College of Commerce H-8/4", "name:en": null, "denomination": null, "name:ar": null, "name:ur": null, "religion": null, "is_in": null, "created_by": null, "name:de": null, "name:es": null, "name:hi": null, "wikidata": null, "wikipedia": null, "emergency": null, "brand": null, "brand:wikidata": null, "brand:wikipedia": null, "building": null, "source": null, "dispensing": null, "addr:postcode": null, "service_times": null, "grades": null, "operator": null, "operator:type": null, "wikimedia_commons": null, "opening_hours": null, "website": null, "phone": null, "shelter_type": null, "description": null, "atm": null, "addr:street:ar": null, "addr:street:en": null, "addr:street:ur": null, "check_date": null, "addr:housenumber": null, "alt_name": null, "healthcare:speciality": null, "long_name": null, "long_name:ar": null, "long_name:ur": null, "name:ks": null, "name:ml": null, "name:pnb": null, "name:sd": null, "internet_access": null, "air_conditioning": null, "education": null, "area": null, "email": null, "name:pa": null, "generator:source": null, "level": null, "power": null, "name:ps": null, "not:name": null, "type": null }, "geometry": { "type": "Polygon", "coordinates": [ [ [ 73.0683464, 33.6797782 ], [ 73.067928, 33.680488 ], [ 73.0691886, 33.6811709 ], [ 73.069194, 33.6801487 ], [ 73.0683464, 33.6797782 ] ] ] } },
{ "type": "Feature", "properties": { "element": "way", "id": 1309658636, "addr:city": null, "addr:city:ar": null, "addr:city:en": null, "addr:city:ks": null, "addr:city:pnb": null, "addr:city:ps": null, "addr:city:sd": null, "addr:city:ur": null, "addr:street": null, "amenity": "school", "healthcare": null, "name": "JMS School System", "name:en": null, "denomination": null, "name:ar": null, "name:ur": null, "religion": null, "is_in": null, "created_by": null, "name:de": null, "name:es": null, "name:hi": null, "wikidata": null, "wikipedia": null, "emergency": null, "brand": null, "brand:wikidata": null, "brand:wikipedia": null, "building": null, "source": null, "dispensing": null, "addr:postcode": null, "service_times": null, "grades": null, "operator": null, "operator:type": null, "wikimedia_commons": null, "opening_hours": null, "website": null, "phone": null, "shelter_type": null, "description": null, "atm": null, "addr:street:ar": null, "addr:street:en": null, "addr:street:ur": null, "check_date": null, "addr:housenumber": null, "alt_name": null, "healthcare:speciality": null, "long_name": null, "long_name:ar": null, "long_name:ur": null, "name:ks": null, "name:ml": null, "name:pnb": null, "name:sd": null, "internet_access": null, "air_conditioning": null, "education": null, "area": null, "email": null, "name:pa": null, "generator:source": null, "level": null, "power": null, "name:ps": null, "not:name": null, "type": null }, "geometry": { "type": "Polygon", "coordinates": [ [ [ 73.070299, 33.6817111 ], [ 73.0698001, 33.6814923 ], [ 73.0704948, 33.6805259 ], [ 73.0709615, 33.6807759 ], [ 73.070299, 33.6817111 ] ] ] } },
{ "type": "Feature", "properties": { "element": "way", "id": 1309658637, "addr:city": null, "addr:city:ar": null, "addr:city:en": null, "addr:city:ks": null, "addr:city:pnb": null, "addr:city:ps": null, "addr:city:sd": null, "addr:city:ur": null, "addr:street": null, "amenity": "college", "healthcare": null, "name": "OPF Boys College", "name:en": null, "denomination": null, "name:ar": null, "name:ur": null, "religion": null, "is_in": null, "created_by": null, "name:de": null, "name:es": null, "name:hi": null, "wikidata": null, "wikipedia": null, "emergency": null, "brand": null, "brand:wikidata": null, "brand:wikipedia": null, "building": "yes", "source": null, "dispensing": null, "addr:postcode": null, "service_times": null, "grades": null, "operator": null, "operator:type": "government", "wikimedia_commons": null, "opening_hours": null, "website": null, "phone": null, "shelter_type": null, "description": null, "atm": null, "addr:street:ar": null, "addr:street:en": null, "addr:street:ur": null, "check_date": null, "addr:housenumber": null, "alt_name": null, "healthcare:speciality": null, "long_name": null, "long_name:ar": null, "long_name:ur": null, "name:ks": null, "name:ml": null, "name:pnb": null, "name:sd": null, "internet_access": null, "air_conditioning": null, "education": null, "area": null, "email": null, "name:pa": null, "generator:source": null, "level": null, "power": null, "name:ps": null, "not:name": null, "type": null }, "geometry": { "type": "Polygon", "coordinates": [ [ [ 73.0704425, 33.6822624 ], [ 73.0703098, 33.6824331 ], [ 73.0704707, 33.6825056 ], [ 73.070586, 33.6823494 ], [ 73.0704425, 33.6822624 ] ] ] } },
{ "type": "Feature", "properties": { "element": "way", "id": 1309955324, "addr:city": null, "addr:city:ar": null, "addr:city:en": null, "addr:city:ks": null, "addr:city:pnb": null, "addr:city:ps": null, "addr:city:sd": null, "addr:city:ur": null, "addr:street": null, "amenity": "place_of_worship", "healthcare": null, "name": null, "name:en": null, "denomination": null, "name:ar": null, "name:ur": null, "religion": "muslim", "is_in": null, "created_by": null, "name:de": null, "name:es": null, "name:hi": null, "wikidata": null, "wikipedia": null, "emergency": null, "brand": null, "brand:wikidata": null, "brand:wikipedia": null, "building": "yes", "source": null, "dispensing": null, "addr:postcode": null, "service_times": null, "grades": null, "operator": null, "operator:type": null, "wikimedia_commons": null, "opening_hours": null, "website": null, "phone": null, "shelter_type": null, "description": null, "atm": null, "addr:street:ar": null, "addr:street:en": null, "addr:street:ur": null, "check_date": null, "addr:housenumber": null, "alt_name": null, "healthcare:speciality": null, "long_name": null, "long_name:ar": null, "long_name:ur": null, "name:ks": null, "name:ml": null, "name:pnb": null, "name:sd": null, "internet_access": null, "air_conditioning": null, "education": null, "area": null, "email": null, "name:pa": null, "generator:source": null, "level": null, "power": null, "name:ps": null, "not:name": null, "type": null }, "geometry": { "type": "Polygon", "coordinates": [ [ [ 73.0309959, 33.7047704 ], [ 73.0310399, 33.7046183 ], [ 73.031128, 33.7046042 ], [ 73.0313247, 33.7046436 ], [ 73.0312521, 33.7048944 ], [ 73.0310543, 33.7048521 ], [ 73.0310703, 33.70481 ], [ 73.0309914, 33.7047961 ], [ 73.0309959, 33.7047704 ] ] ] } },
{ "type": "Feature", "properties": { "element": "way", "id": 1385381969, "addr:city": null, "addr:city:ar": null, "addr:city:en": null, "addr:city:ks": null, "addr:city:pnb": null, "addr:city:ps": null, "addr:city:sd": null, "addr:city:ur": null, "addr:street": null, "amenity": "school", "healthcare": null, "name": "Islamabad Model School IV", "name:en": null, "denomination": null, "name:ar": null, "name:ur": null, "religion": null, "is_in": null, "created_by": null, "name:de": null, "name:es": null, "name:hi": null, "wikidata": null, "wikipedia": null, "emergency": null, "brand": null, "brand:wikidata": null, "brand:wikipedia": null, "building": null, "source": null, "dispensing": null, "addr:postcode": null, "service_times": null, "grades": null, "operator": "Islamabad Capital Territory", "operator:type": null, "wikimedia_commons": null, "opening_hours": null, "website": null, "phone": null, "shelter_type": null, "description": null, "atm": null, "addr:street:ar": null, "addr:street:en": null, "addr:street:ur": null, "check_date": null, "addr:housenumber": null, "alt_name": null, "healthcare:speciality": null, "long_name": null, "long_name:ar": null, "long_name:ur": null, "name:ks": null, "name:ml": null, "name:pnb": null, "name:sd": null, "internet_access": null, "air_conditioning": null, "education": null, "area": null, "email": null, "name:pa": null, "generator:source": null, "level": null, "power": null, "name:ps": null, "not:name": null, "type": null }, "geometry": { "type": "Polygon", "coordinates": [ [ [ 73.0301445, 33.7120166 ], [ 73.0296838, 33.7126181 ], [ 73.0303779, 33.712986 ], [ 73.0308386, 33.7123844 ], [ 73.0301445, 33.7120166 ] ] ] } },
{ "type": "Feature", "properties": { "element": "way", "id": 1419430251, "addr:city": null, "addr:city:ar": null, "addr:city:en": null, "addr:city:ks": null, "addr:city:pnb": null, "addr:city:ps": null, "addr:city:sd": null, "addr:city:ur": null, "addr:street": null, "amenity": "school", "healthcare": null, "name": null, "name:en": null, "denomination": null, "name:ar": null, "name:ur": null, "religion": null, "is_in": null, "created_by": null, "name:de": null, "name:es": null, "name:hi": null, "wikidata": null, "wikipedia": null, "emergency": null, "brand": null, "brand:wikidata": null, "brand:wikipedia": null, "building": null, "source": null, "dispensing": null, "addr:postcode": null, "service_times": null, "grades": null, "operator": null, "operator:type": null, "wikimedia_commons": null, "opening_hours": null, "website": null, "phone": null, "shelter_type": null, "description": null, "atm": null, "addr:street:ar": null, "addr:street:en": null, "addr:street:ur": null, "check_date": null, "addr:housenumber": null, "alt_name": null, "healthcare:speciality": null, "long_name": null, "long_name:ar": null, "long_name:ur": null, "name:ks": null, "name:ml": null, "name:pnb": null, "name:sd": null, "internet_access": null, "air_conditioning": null, "education": null, "area": null, "email": null, "name:pa": null, "generator:source": null, "level": null, "power": null, "name:ps": null, "not:name": null, "type": null }, "geometry": { "type": "Polygon", "coordinates": [ [ [ 73.0567172, 33.7018694 ], [ 73.0571757, 33.7020903 ], [ 73.0575185, 33.7015928 ], [ 73.0570615, 33.7013546 ], [ 73.0567172, 33.7018694 ] ] ] } },
{ "type": "Feature", "properties": { "element": "way", "id": 1425522904, "addr:city": null, "addr:city:ar": null, "addr:city:en": null, "addr:city:ks": null, "addr:city:pnb": null, "addr:city:ps": null, "addr:city:sd": null, "addr:city:ur": null, "addr:street": null, "amenity": "place_of_worship", "healthcare": null, "name": null, "name:en": null, "denomination": null, "name:ar": null, "name:ur": null, "religion": "christian", "is_in": null, "created_by": null, "name:de": null, "name:es": null, "name:hi": null, "wikidata": null, "wikipedia": null, "emergency": null, "brand": null, "brand:wikidata": null, "brand:wikipedia": null, "building": "yes", "source": null, "dispensing": null, "addr:postcode": null, "service_times": null, "grades": null, "operator": null, "operator:type": null, "wikimedia_commons": null, "opening_hours": null, "website": null, "phone": null, "shelter_type": null, "description": null, "atm": null, "addr:street:ar": null, "addr:street:en": null, "addr:street:ur": null, "check_date": null, "addr:housenumber": null, "alt_name": null, "healthcare:speciality": null, "long_name": null, "long_name:ar": null, "long_name:ur": null, "name:ks": null, "name:ml": null, "name:pnb": null, "name:sd": null, "internet_access": null, "air_conditioning": null, "education": null, "area": null, "email": null, "name:pa": null, "generator:source": null, "level": null, "power": null, "name:ps": null, "not:name": null, "type": null }, "geometry": { "type": "Polygon", "coordinates": [ [ [ 73.0583789, 33.7089584 ], [ 73.0584032, 33.7089272 ], [ 73.0583898, 33.70892 ], [ 73.0584162, 33.7088859 ], [ 73.0583919, 33.7088728 ], [ 73.0584365, 33.7088155 ], [ 73.0584573, 33.7088267 ], [ 73.0584885, 33.7087866 ], [ 73.0585395, 33.708814 ], [ 73.0586682, 33.7086486 ], [ 73.0588444, 33.7087434 ], [ 73.0588309, 33.7087607 ], [ 73.058853, 33.7087726 ], [ 73.0586597, 33.7090209 ], [ 73.0586153, 33.708997 ], [ 73.0585667, 33.7090595 ], [ 73.0583789, 33.7089584 ] ] ] } },
{ "type": "Feature", "properties": { "element": "way", "id": 1517163315, "addr:city": null, "addr:city:ar": null, "addr:city:en": null, "addr:city:ks": null, "addr:city:pnb": null, "addr:city:ps": null, "addr:city:sd": null, "addr:city:ur": null, "addr:street": null, "amenity": "place_of_worship", "healthcare": null, "name": null, "name:en": null, "denomination": null, "name:ar": null, "name:ur": null, "religion": null, "is_in": null, "created_by": null, "name:de": null, "name:es": null, "name:hi": null, "wikidata": null, "wikipedia": null, "emergency": null, "brand": null, "brand:wikidata": null, "brand:wikipedia": null, "building": "yes", "source": null, "dispensing": null, "addr:postcode": null, "service_times": null, "grades": null, "operator": null, "operator:type": null, "wikimedia_commons": null, "opening_hours": null, "website": null, "phone": null, "shelter_type": null, "description": null, "atm": null, "addr:street:ar": null, "addr:street:en": null, "addr:street:ur": null, "check_date": null, "addr:housenumber": null, "alt_name": null, "healthcare:speciality": null, "long_name": null, "long_name:ar": null, "long_name:ur": null, "name:ks": null, "name:ml": null, "name:pnb": null, "name:sd": null, "internet_access": null, "air_conditioning": null, "education": null, "area": null, "email": null, "name:pa": null, "generator:source": null, "level": null, "power": null, "name:ps": null, "not:name": null, "type": null }, "geometry": { "type": "Polygon", "coordinates": [ [ [ 73.0602753, 33.7337709 ], [ 73.0602866, 33.7337285 ], [ 73.0601959, 33.7337089 ], [ 73.0601846, 33.7337535 ], [ 73.0602753, 33.7337709 ] ] ] } },
{ "type": "Feature", "properties": { "element": "way", "id": 1539926023, "addr:city": "اسلام آباد", "addr:city:ar": null, "addr:city:en": null, "addr:city:ks": null, "addr:city:pnb": null, "addr:city:ps": null, "addr:city:sd": null, "addr:city:ur": null, "addr:street": "شاہ عبداللطیف روڈ", "amenity": "place_of_worship", "healthcare": null, "name": "Jamia Masjid", "name:en": null, "denomination": null, "name:ar": null, "name:ur": null, "religion": "muslim", "is_in": null, "created_by": null, "name:de": null, "name:es": null, "name:hi": null, "wikidata": null, "wikipedia": null, "emergency": null, "brand": null, "brand:wikidata": null, "brand:wikipedia": null, "building": "yes", "source": null, "dispensing": null, "addr:postcode": "44000", "service_times": null, "grades": null, "operator": null, "operator:type": null, "wikimedia_commons": null, "opening_hours": null, "website": null, "phone": null, "shelter_type": null, "description": null, "atm": null, "addr:street:ar": null, "addr:street:en": null, "addr:street:ur": null, "check_date": null, "addr:housenumber": null, "alt_name": null, "healthcare:speciality": null, "long_name": null, "long_name:ar": null, "long_name:ur": null, "name:ks": null, "name:ml": null, "name:pnb": null, "name:sd": null, "internet_access": null, "air_conditioning": null, "education": null, "area": null, "email": null, "name:pa": null, "generator:source": null, "level": null, "power": null, "name:ps": null, "not:name": null, "type": null }, "geometry": { "type": "Polygon", "coordinates": [ [ [ 73.0672942, 33.7027654 ], [ 73.0675571, 33.7027825 ], [ 73.067535, 33.7030167 ], [ 73.0675791, 33.7030196 ], [ 73.0675769, 33.7030428 ], [ 73.0673876, 33.7030304 ], [ 73.0673894, 33.7030113 ], [ 73.0672718, 33.7030036 ], [ 73.0672942, 33.7027654 ] ] ] } },
{ "type": "Feature", "properties": { "element": "way", "id": 1539926025, "addr:city": "اسلام آباد", "addr:city:ar": null, "addr:city:en": null, "addr:city:ks": null, "addr:city:pnb": null, "addr:city:ps": null, "addr:city:sd": null, "addr:city:ur": null, "addr:street": "اسٹریٹ 36", "amenity": "place_of_worship", "healthcare": null, "name": "Jammia Masjid Hamza", "name:en": null, "denomination": null, "name:ar": null, "name:ur": null, "religion": "muslim", "is_in": null, "created_by": null, "name:de": null, "name:es": null, "name:hi": null, "wikidata": null, "wikipedia": null, "emergency": null, "brand": null, "brand:wikidata": null, "brand:wikipedia": null, "building": "yes", "source": null, "dispensing": null, "addr:postcode": "44000", "service_times": "Prayer Times", "grades": null, "operator": null, "operator:type": null, "wikimedia_commons": null, "opening_hours": null, "website": null, "phone": null, "shelter_type": null, "description": null, "atm": null, "addr:street:ar": null, "addr:street:en": null, "addr:street:ur": null, "check_date": null, "addr:housenumber": null, "alt_name": null, "healthcare:speciality": null, "long_name": null, "long_name:ar": null, "long_name:ur": null, "name:ks": null, "name:ml": null, "name:pnb": null, "name:sd": null, "internet_access": null, "air_conditioning": null, "education": null, "area": null, "email": null, "name:pa": null, "generator:source": null, "level": null, "power": null, "name:ps": null, "not:name": null, "type": null }, "geometry": { "type": "Polygon", "coordinates": [ [ [ 73.0659943, 33.7064248 ], [ 73.0660554, 33.7062677 ], [ 73.0662078, 33.7063052 ], [ 73.066152, 33.7064676 ], [ 73.0659943, 33.7064248 ] ] ] } },
{ "type": "Feature", "properties": { "element": "way", "id": 1539926026, "addr:city": "اسلام آباد", "addr:city:ar": null, "addr:city:en": null, "addr:city:ks": null, "addr:city:pnb": null, "addr:city:ps": null, "addr:city:sd": null, "addr:city:ur": null, "addr:street": "اسٹریٹ 36", "amenity": "place_of_worship", "healthcare": null, "name": "Faizan-e-Madina", "name:en": null, "denomination": null, "name:ar": null, "name:ur": null, "religion": "muslim", "is_in": null, "created_by": null, "name:de": null, "name:es": null, "name:hi": null, "wikidata": null, "wikipedia": null, "emergency": null, "brand": null, "brand:wikidata": null, "brand:wikipedia": null, "building": "yes", "source": null, "dispensing": null, "addr:postcode": "44000", "service_times": "Prayer Times", "grades": null, "operator": null, "operator:type": null, "wikimedia_commons": null, "opening_hours": null, "website": null, "phone": null, "shelter_type": null, "description": null, "atm": null, "addr:street:ar": null, "addr:street:en": null, "addr:street:ur": null, "check_date": null, "addr:housenumber": null, "alt_name": null, "healthcare:speciality": null, "long_name": null, "long_name:ar": null, "long_name:ur": null, "name:ks": null, "name:ml": null, "name:pnb": null, "name:sd": null, "internet_access": null, "air_conditioning": null, "education": null, "area": null, "email": null, "name:pa": null, "generator:source": null, "level": null, "power": null, "name:ps": null, "not:name": null, "type": null }, "geometry": { "type": "Polygon", "coordinates": [ [ [ 73.0655366, 33.7061627 ], [ 73.0655498, 33.706008 ], [ 73.0652537, 33.70585 ], [ 73.0652151, 33.7059553 ], [ 73.0651807, 33.705974 ], [ 73.0651665, 33.7061408 ], [ 73.0655366, 33.7061627 ] ] ] } },
{ "type": "Feature", "properties": { "element": "way", "id": 1546879891, "addr:city": null, "addr:city:ar": null, "addr:city:en": null, "addr:city:ks": null, "addr:city:pnb": null, "addr:city:ps": null, "addr:city:sd": null, "addr:city:ur": null, "addr:street": null, "amenity": "place_of_worship", "healthcare": null, "name": "Masjid", "name:en": null, "denomination": null, "name:ar": null, "name:ur": null, "religion": "islam", "is_in": null, "created_by": null, "name:de": null, "name:es": null, "name:hi": null, "wikidata": null, "wikipedia": null, "emergency": null, "brand": null, "brand:wikidata": null, "brand:wikipedia": null, "building": "yes", "source": null, "dispensing": null, "addr:postcode": null, "service_times": null, "grades": null, "operator": null, "operator:type": null, "wikimedia_commons": null, "opening_hours": null, "website": null, "phone": null, "shelter_type": null, "description": null, "atm": null, "addr:street:ar": null, "addr:street:en": null, "addr:street:ur": null, "check_date": null, "addr:housenumber": null, "alt_name": null, "healthcare:speciality": null, "long_name": null, "long_name:ar": null, "long_name:ur": null, "name:ks": null, "name:ml": null, "name:pnb": null, "name:sd": null, "internet_access": null, "air_conditioning": null, "education": null, "area": null, "email": null, "name:pa": null, "generator:source": null, "level": null, "power": null, "name:ps": null, "not:name": null, "type": null }, "geometry": { "type": "Polygon", "coordinates": [ [ [ 73.0228213, 33.7135572 ], [ 73.0230619, 33.713649 ], [ 73.0232423, 33.7133634 ], [ 73.0229616, 33.7132529 ], [ 73.0228213, 33.7135572 ] ] ] } }
]
}
