{"type": "FeatureCollection", "properties": {"sink_min_m": 1, "sink_high_m": 2, "sink_severe_m": 3, "road_proximity_m": 50, "far_from_drain_m": 300}, "features": [{"type": "Feature", "properties": {"zone_id": 1, "risk_class": "severe", "max_sink_m": 4, "mean_sink_m": 4, "cells": 5, "area_m2": 3977, "impervious_frac": 0.0, "min_dist_to_drain_m": 79, "centroid_lon": 73.062278, "centroid_lat": 33.730944}, "geometry": {"type": "Polygon", "coordinates": [[[73.06180555558907, 33.730972222218746], [73.06208333336686, 33.730972222218746], [73.06208333336686, 33.73124999999653], [73.06263888892241, 33.73124999999653], [73.06263888892241, 33.73069444444097], [73.06180555558907, 33.73069444444097], [73.06180555558907, 33.730972222218746]]]}}, {"type": "Feature", "properties": {"zone_id": 2, "risk_class": "severe", "max_sink_m": 6, "mean_sink_m": 4, "cells": 5, "area_m2": 3977, "impervious_frac": 0.0, "min_dist_to_drain_m": 140, "centroid_lon": 73.038778, "centroid_lat": 33.728}, "geometry": {"type": "Polygon", "coordinates": [[[73.03875000003352, 33.72791666666319], [73.03819444447797, 33.72791666666319], [73.03819444447797, 33.72819444444097], [73.03930555558908, 33.72819444444097], [73.03930555558908, 33.72791666666319], [73.0390277778113, 33.72791666666319], [73.0390277778113, 33.727638888885416], [73.03875000003352, 33.727638888885416], [73.03875000003352, 33.72791666666319]]]}}, {"type": "Feature", "properties": {"zone_id": 3, "risk_class": "severe", "max_sink_m": 4, "mean_sink_m": 3, "cells": 4, "area_m2": 3182, "impervious_frac": 0.0, "min_dist_to_drain_m": 49, "centroid_lon": 73.064028, "centroid_lat": 33.727361}, "geometry": {"type": "Polygon", "coordinates": [[[73.06375000003352, 33.72708333332986], [73.06375000003352, 33.727638888885416], [73.06430555558907, 33.727638888885416], [73.06430555558907, 33.72708333332986], [73.06375000003352, 33.72708333332986]]]}}, {"type": "Feature", "properties": {"zone_id": 4, "risk_class": "severe", "max_sink_m": 3, "mean_sink_m": 3, "cells": 3, "area_m2": 2386, "impervious_frac": 0.0, "min_dist_to_drain_m": 83, "centroid_lon": 73.042685, "centroid_lat": 33.72713}, "geometry": {"type": "Polygon", "coordinates": [[[73.0429166667002, 33.72680555555208], [73.04263888892241, 33.72680555555208], [73.04263888892241, 33.72708333332986], [73.04236111114463, 33.72708333332986], [73.04236111114463, 33.72736111110763], [73.0429166667002, 33.72736111110763], [73.0429166667002, 33.72680555555208]]]}}, {"type": "Feature", "properties": {"zone_id": 5, "risk_class": "severe", "max_sink_m": 4, "mean_sink_m": 3, "cells": 3, "area_m2": 2386, "impervious_frac": 0.0, "min_dist_to_drain_m": 18, "centroid_lon": 73.043241, "centroid_lat": 33.726204}, "geometry": {"type": "Polygon", "coordinates": [[[73.0429166667002, 33.72597222221875], [73.0429166667002, 33.726249999996526], [73.04319444447796, 33.726249999996526], [73.04319444447796, 33.7265277777743], [73.04347222225574, 33.7265277777743], [73.04347222225574, 33.72597222221875], [73.0429166667002, 33.72597222221875]]]}}, {"type": "Feature", "properties": {"zone_id": 6, "risk_class": "severe", "max_sink_m": 5, "mean_sink_m": 4, "cells": 9, "area_m2": 7159, "impervious_frac": 0.0, "min_dist_to_drain_m": 10, "centroid_lon": 73.06034, "centroid_lat": 33.723765}, "geometry": {"type": "Polygon", "coordinates": [[[73.05986111114463, 33.72319444444097], [73.05986111114463, 33.72430555555208], [73.06013888892241, 33.72430555555208], [73.06013888892241, 33.7240277777743], [73.06097222225574, 33.7240277777743], [73.06097222225574, 33.723472222218746], [73.06041666670019, 33.723472222218746], [73.06041666670019, 33.72374999999653], [73.06013888892241, 33.72374999999653], [73.06013888892241, 33.72319444444097], [73.05986111114463, 33.72319444444097]]]}}, {"type": "Feature", "properties": {"zone_id": 7, "risk_class": "severe", "max_sink_m": 4, "mean_sink_m": 3, "cells": 4, "area_m2": 3182, "impervious_frac": 0.0, "min_dist_to_drain_m": 430, "centroid_lon": 73.080278, "centroid_lat": 33.72375}, "geometry": {"type": "Polygon", "coordinates": [[[73.07986111114464, 33.72374999999653], [73.0801388889224, 33.72374999999653], [73.0801388889224, 33.7240277777743], [73.08069444447797, 33.7240277777743], [73.08069444447797, 33.72374999999653], [73.08041666670019, 33.72374999999653], [73.08041666670019, 33.723472222218746], [73.07986111114464, 33.723472222218746], [73.07986111114464, 33.72374999999653]]]}}, {"type": "Feature", "properties": {"zone_id": 8, "risk_class": "severe", "max_sink_m": 3, "mean_sink_m": 3, "cells": 3, "area_m2": 2386, "impervious_frac": 0.0, "min_dist_to_drain_m": 243, "centroid_lon": 73.027593, "centroid_lat": 33.723426}, "geometry": {"type": "Polygon", "coordinates": [[[73.02736111114463, 33.72319444444097], [73.02736111114463, 33.72374999999653], [73.02763888892241, 33.72374999999653], [73.02763888892241, 33.723472222218746], [73.0279166667002, 33.723472222218746], [73.0279166667002, 33.72319444444097], [73.02736111114463, 33.72319444444097]]]}}, {"type": "Feature", "properties": {"zone_id": 9, "risk_class": "severe", "max_sink_m": 7, "mean_sink_m": 4, "cells": 7, "area_m2": 5568, "impervious_frac": 0.0, "min_dist_to_drain_m": 266, "centroid_lon": 73.032778, "centroid_lat": 33.7225}, "geometry": {"type": "Polygon", "coordinates": [[[73.03236111114464, 33.722083333329856], [73.03236111114464, 33.72263888888541], [73.0326388889224, 33.72263888888541], [73.0326388889224, 33.72291666666319], [73.03319444447797, 33.72291666666319], [73.03319444447797, 33.72236111110764], [73.03291666670019, 33.72236111110764], [73.03291666670019, 33.722083333329856], [73.03236111114464, 33.722083333329856]]]}}, {"type": "Feature", "properties": {"zone_id": 10, "risk_class": "severe", "max_sink_m": 3, "mean_sink_m": 3, "cells": 3, "area_m2": 2386, "impervious_frac": 0.0, "min_dist_to_drain_m": 441, "centroid_lon": 73.020463, "centroid_lat": 33.720093}, "geometry": {"type": "Polygon", "coordinates": [[[73.0201388889224, 33.71986111110763], [73.0201388889224, 33.720138888885415], [73.02041666670019, 33.720138888885415], [73.02041666670019, 33.72041666666319], [73.02069444447797, 33.72041666666319], [73.02069444447797, 33.71986111110763], [73.0201388889224, 33.71986111110763]]]}}, {"type": "Feature", "properties": {"zone_id": 11, "risk_class": "severe", "max_sink_m": 3, "mean_sink_m": 3, "cells": 3, "area_m2": 2386, "impervious_frac": 0.0, "min_dist_to_drain_m": 80, "centroid_lon": 73.046481, "centroid_lat": 33.719074}, "geometry": {"type": "Polygon", "coordinates": [[[73.04652777781129, 33.718749999996525], [73.04625000003352, 33.718749999996525], [73.04625000003352, 33.71930555555208], [73.04680555558907, 33.71930555555208], [73.04680555558907, 33.7190277777743], [73.04652777781129, 33.7190277777743], [73.04652777781129, 33.718749999996525]]]}}, {"type": "Feature", "properties": {"zone_id": 12, "risk_class": "severe", "max_sink_m": 4, "mean_sink_m": 4, "cells": 4, "area_m2": 3182, "impervious_frac": 0.0, "min_dist_to_drain_m": 405, "centroid_lon": 73.068333, "centroid_lat": 33.717292}, "geometry": {"type": "Polygon", "coordinates": [[[73.06791666670019, 33.717361111107635], [73.06819444447797, 33.717361111107635], [73.06819444447797, 33.71763888888541], [73.06847222225575, 33.71763888888541], [73.06847222225575, 33.717361111107635], [73.06875000003352, 33.717361111107635], [73.06875000003352, 33.71708333332986], [73.06791666670019, 33.71708333332986], [73.06791666670019, 33.717361111107635]]]}}, {"type": "Feature", "properties": {"zone_id": 13, "risk_class": "severe", "max_sink_m": 3, "mean_sink_m": 3, "cells": 6, "area_m2": 4773, "impervious_frac": 0.0, "min_dist_to_drain_m": 341, "centroid_lon": 73.066713, "centroid_lat": 33.716667}, "geometry": {"type": "Polygon", "coordinates": [[[73.06625000003352, 33.7165277777743], [73.0665277778113, 33.7165277777743], [73.0665277778113, 33.71708333332986], [73.06708333336685, 33.71708333332986], [73.06708333336685, 33.7165277777743], [73.06680555558907, 33.7165277777743], [73.06680555558907, 33.71624999999652], [73.06625000003352, 33.71624999999652], [73.06625000003352, 33.7165277777743]]]}}, {"type": "Feature", "properties": {"zone_id": 14, "risk_class": "severe", "max_sink_m": 7, "mean_sink_m": 5, "cells": 4, "area_m2": 3182, "impervious_frac": 0.0, "min_dist_to_drain_m": 381, "centroid_lon": 73.053194, "centroid_lat": 33.71625}, "geometry": {"type": "Polygon", "coordinates": [[[73.05291666670018, 33.715972222218745], [73.05291666670018, 33.7165277777743], [73.05347222225575, 33.7165277777743], [73.05347222225575, 33.715972222218745], [73.05291666670018, 33.715972222218745]]]}}, {"type": "Feature", "properties": {"zone_id": 15, "risk_class": "severe", "max_sink_m": 6, "mean_sink_m": 4, "cells": 6, "area_m2": 4773, "impervious_frac": 0.0, "min_dist_to_drain_m": 102, "centroid_lon": 73.065324, "centroid_lat": 33.714769}, "geometry": {"type": "Polygon", "coordinates": [[[73.0651388889224, 33.71430555555208], [73.0651388889224, 33.714583333329855], [73.06486111114464, 33.714583333329855], [73.06486111114464, 33.71486111110764], [73.0651388889224, 33.71486111110764], [73.0651388889224, 33.71513888888541], [73.06569444447797, 33.71513888888541], [73.06569444447797, 33.714583333329855], [73.06541666670019, 33.714583333329855], [73.06541666670019, 33.71430555555208], [73.0651388889224, 33.71430555555208]]]}}, {"type": "Feature", "properties": {"zone_id": 16, "risk_class": "severe", "max_sink_m": 8, "mean_sink_m": 5, "cells": 8, "area_m2": 6364, "impervious_frac": 0.0, "min_dist_to_drain_m": 50, "centroid_lon": 73.063611, "centroid_lat": 33.71375}, "geometry": {"type": "Polygon", "coordinates": [[[73.06319444447797, 33.71374999999652], [73.06319444447797, 33.7140277777743], [73.06430555558907, 33.7140277777743], [73.06430555558907, 33.71374999999652], [73.0640277778113, 33.71374999999652], [73.0640277778113, 33.71347222221875], [73.06291666670019, 33.71347222221875], [73.06291666670019, 33.71374999999652], [73.06319444447797, 33.71374999999652]]]}}, {"type": "Feature", "properties": {"zone_id": 17, "risk_class": "severe", "max_sink_m": 5, "mean_sink_m": 4, "cells": 3, "area_m2": 2386, "impervious_frac": 0.0, "min_dist_to_drain_m": 470, "centroid_lon": 73.050093, "centroid_lat": 33.713519}, "geometry": {"type": "Polygon", "coordinates": [[[73.0501388889224, 33.713194444440965], [73.04986111114464, 33.713194444440965], [73.04986111114464, 33.71374999999652], [73.05041666670019, 33.71374999999652], [73.05041666670019, 33.71347222221875], [73.0501388889224, 33.71347222221875], [73.0501388889224, 33.713194444440965]]]}}, {"type": "Feature", "properties": {"zone_id": 18, "risk_class": "severe", "max_sink_m": 6, "mean_sink_m": 4, "cells": 28, "area_m2": 22273, "impervious_frac": 0.041, "min_dist_to_drain_m": 19, "centroid_lon": 73.05879, "centroid_lat": 33.712312}, "geometry": {"type": "Polygon", "coordinates": [[[73.05763888892241, 33.711805555552075], [73.05763888892241, 33.71208333332986], [73.0579166667002, 33.71208333332986], [73.0579166667002, 33.712638888885415], [73.05763888892241, 33.712638888885415], [73.05763888892241, 33.71291666666319], [73.0579166667002, 33.71291666666319], [73.0579166667002, 33.713194444440965], [73.05847222225574, 33.713194444440965], [73.05847222225574, 33.71236111110763], [73.05875000003353, 33.71236111110763], [73.05875000003353, 33.712638888885415], [73.05986111114463, 33.712638888885415], [73.05986111114463, 33.71236111110763], [73.06041666670019, 33.71236111110763], [73.06041666670019, 33.71208333332986], [73.06013888892241, 33.71208333332986], [73.06013888892241, 33.711805555552075], [73.05958333336686, 33.711805555552075], [73.05958333336686, 33.71208333332986], [73.0590277778113, 33.71208333332986], [73.0590277778113, 33.711805555552075], [73.05819444447796, 33.711805555552075], [73.05819444447796, 33.7115277777743], [73.0579166667002, 33.7115277777743], [73.0579166667002, 33.711805555552075], [73.05763888892241, 33.711805555552075]]]}}, {"type": "Feature", "properties": {"zone_id": 19, "risk_class": "severe", "max_sink_m": 3, "mean_sink_m": 3, "cells": 7, "area_m2": 5568, "impervious_frac": 0.0, "min_dist_to_drain_m": 536, "centroid_lon": 73.053254, "centroid_lat": 33.71}, "geometry": {"type": "Polygon", "coordinates": [[[73.05263888892242, 33.709861111107635], [73.05291666670018, 33.709861111107635], [73.05291666670018, 33.71013888888541], [73.05319444447797, 33.71013888888541], [73.05319444447797, 33.71041666666319], [73.05375000003352, 33.71041666666319], [73.05375000003352, 33.709861111107635], [73.05319444447797, 33.709861111107635], [73.05319444447797, 33.70958333332985], [73.05263888892242, 33.70958333332985], [73.05263888892242, 33.709861111107635]]]}}, {"type": "Feature", "properties": {"zone_id": 20, "risk_class": "severe", "max_sink_m": 11, "mean_sink_m": 5, "cells": 7, "area_m2": 5568, "impervious_frac": 0.0, "min_dist_to_drain_m": 339, "centroid_lon": 73.040952, "centroid_lat": 33.708373}, "geometry": {"type": "Polygon", "coordinates": [[[73.04125000003351, 33.70819444444097], [73.04125000003351, 33.70791666666319], [73.04069444447796, 33.70791666666319], [73.04069444447796, 33.70819444444097], [73.04041666670018, 33.70819444444097], [73.04041666670018, 33.708472222218745], [73.04069444447796, 33.708472222218745], [73.04069444447796, 33.70874999999652], [73.0415277778113, 33.70874999999652], [73.0415277778113, 33.708472222218745], [73.04097222225575, 33.708472222218745], [73.04097222225575, 33.70819444444097], [73.04125000003351, 33.70819444444097]]]}}, {"type": "Feature", "properties": {"zone_id": 21, "risk_class": "severe", "max_sink_m": 4, "mean_sink_m": 3, "cells": 7, "area_m2": 5568, "impervious_frac": 0.0, "min_dist_to_drain_m": 396, "centroid_lon": 73.050754, "centroid_lat": 33.707341}, "geometry": {"type": "Polygon", "coordinates": [[[73.0501388889224, 33.70736111110763], [73.05041666670019, 33.70736111110763], [73.05041666670019, 33.70763888888541], [73.05125000003352, 33.70763888888541], [73.05125000003352, 33.707083333329855], [73.0501388889224, 33.707083333329855], [73.0501388889224, 33.70736111110763]]]}}, {"type": "Feature", "properties": {"zone_id": 22, "risk_class": "severe", "max_sink_m": 7, "mean_sink_m": 4, "cells": 8, "area_m2": 6364, "impervious_frac": 0.125, "min_dist_to_drain_m": 19, "centroid_lon": 73.03625, "centroid_lat": 33.706632}, "geometry": {"type": "Polygon", "coordinates": [[[73.03597222225574, 33.7065277777743], [73.03597222225574, 33.707083333329855], [73.0365277778113, 33.707083333329855], [73.0365277778113, 33.70680555555208], [73.03680555558907, 33.70680555555208], [73.03680555558907, 33.7065277777743], [73.0365277778113, 33.7065277777743], [73.0365277778113, 33.70624999999652], [73.03569444447797, 33.70624999999652], [73.03569444447797, 33.7065277777743], [73.03597222225574, 33.7065277777743]]]}}, {"type": "Feature", "properties": {"zone_id": 23, "risk_class": "severe", "max_sink_m": 4, "mean_sink_m": 3, "cells": 3, "area_m2": 2386, "impervious_frac": 0.0, "min_dist_to_drain_m": 8, "centroid_lon": 73.06463, "centroid_lat": 33.706574}, "geometry": {"type": "Polygon", "coordinates": [[[73.06486111114464, 33.70624999999652], [73.06458333336685, 33.70624999999652], [73.06458333336685, 33.7065277777743], [73.06430555558907, 33.7065277777743], [73.06430555558907, 33.70680555555208], [73.06486111114464, 33.70680555555208], [73.06486111114464, 33.70624999999652]]]}}, {"type": "Feature", "properties": {"zone_id": 24, "risk_class": "severe", "max_sink_m": 4, "mean_sink_m": 3, "cells": 6, "area_m2": 4773, "impervious_frac": 0.0, "min_dist_to_drain_m": 12, "centroid_lon": 73.065833, "centroid_lat": 33.700417}, "geometry": {"type": "Polygon", "coordinates": [[[73.06541666670019, 33.70013888888541], [73.06541666670019, 33.70069444444096], [73.06625000003352, 33.70069444444096], [73.06625000003352, 33.70013888888541], [73.06541666670019, 33.70013888888541]]]}}, {"type": "Feature", "properties": {"zone_id": 25, "risk_class": "severe", "max_sink_m": 6, "mean_sink_m": 4, "cells": 4, "area_m2": 3182, "impervious_frac": 0.0, "min_dist_to_drain_m": 7, "centroid_lon": 73.067014, "centroid_lat": 33.7}, "geometry": {"type": "Polygon", "coordinates": [[[73.06680555558907, 33.699583333329855], [73.06680555558907, 33.70041666666319], [73.06708333336685, 33.70041666666319], [73.06708333336685, 33.70013888888541], [73.06736111114463, 33.70013888888541], [73.06736111114463, 33.69986111110763], [73.06708333336685, 33.69986111110763], [73.06708333336685, 33.699583333329855], [73.06680555558907, 33.699583333329855]]]}}, {"type": "Feature", "properties": {"zone_id": 26, "risk_class": "severe", "max_sink_m": 6, "mean_sink_m": 4, "cells": 12, "area_m2": 9546, "impervious_frac": 0.0, "min_dist_to_drain_m": 10, "centroid_lon": 73.042269, "centroid_lat": 33.697454}, "geometry": {"type": "Polygon", "coordinates": [[[73.04208333336685, 33.696805555552075], [73.04208333336685, 33.69708333332985], [73.0415277778113, 33.69708333332985], [73.0415277778113, 33.69736111110763], [73.04208333336685, 33.69736111110763], [73.04208333336685, 33.698194444440965], [73.04263888892241, 33.698194444440965], [73.04263888892241, 33.696805555552075], [73.04208333336685, 33.696805555552075]]]}}, {"type": "Feature", "properties": {"zone_id": 27, "risk_class": "severe", "max_sink_m": 4, "mean_sink_m": 4, "cells": 3, "area_m2": 2386, "impervious_frac": 0.0, "min_dist_to_drain_m": 11, "centroid_lon": 73.045741, "centroid_lat": 33.697315}, "geometry": {"type": "Polygon", "coordinates": [[[73.04541666670019, 33.69708333332985], [73.04541666670019, 33.69736111110763], [73.04569444447796, 33.69736111110763], [73.04569444447796, 33.69763888888541], [73.04597222225574, 33.69763888888541], [73.04597222225574, 33.69708333332985], [73.04541666670019, 33.69708333332985]]]}}, {"type": "Feature", "properties": {"zone_id": 28, "risk_class": "severe", "max_sink_m": 3, "mean_sink_m": 3, "cells": 4, "area_m2": 3182, "impervious_frac": 0.057, "min_dist_to_drain_m": 370, "centroid_lon": 73.010694, "centroid_lat": 33.695417}, "geometry": {"type": "Polygon", "coordinates": [[[73.01041666670018, 33.69513888888541], [73.01041666670018, 33.69569444444097], [73.01097222225575, 33.69569444444097], [73.01097222225575, 33.69513888888541], [73.01041666670018, 33.69513888888541]]]}}, {"type": "Feature", "properties": {"zone_id": 29, "risk_class": "severe", "max_sink_m": 3, "mean_sink_m": 3, "cells": 3, "area_m2": 2386, "impervious_frac": 0.0, "min_dist_to_drain_m": 11, "centroid_lon": 73.031296, "centroid_lat": 33.694815}, "geometry": {"type": "Polygon", "coordinates": [[[73.03097222225574, 33.69458333332985], [73.03097222225574, 33.69486111110763], [73.03125000003352, 33.69486111110763], [73.03125000003352, 33.69513888888541], [73.03152777781129, 33.69513888888541], [73.03152777781129, 33.69458333332985], [73.03097222225574, 33.69458333332985]]]}}, {"type": "Feature", "properties": {"zone_id": 30, "risk_class": "severe", "max_sink_m": 4, "mean_sink_m": 3, "cells": 6, "area_m2": 4773, "impervious_frac": 0.0, "min_dist_to_drain_m": 16, "centroid_lon": 73.063472, "centroid_lat": 33.694537}, "geometry": {"type": "Polygon", "coordinates": [[[73.06291666670019, 33.69458333332985], [73.06319444447797, 33.69458333332985], [73.06319444447797, 33.69486111110763], [73.06375000003352, 33.69486111110763], [73.06375000003352, 33.69458333332985], [73.0640277778113, 33.69458333332985], [73.0640277778113, 33.69430555555208], [73.06291666670019, 33.69430555555208], [73.06291666670019, 33.69458333332985]]]}}, {"type": "Feature", "properties": {"zone_id": 31, "risk_class": "severe", "max_sink_m": 7, "mean_sink_m": 4, "cells": 16, "area_m2": 12728, "impervious_frac": 0.0, "min_dist_to_drain_m": 10, "centroid_lon": 73.048819, "centroid_lat": 33.693976}, "geometry": {"type": "Polygon", "coordinates": [[[73.04847222225574, 33.693472222218745], [73.04847222225574, 33.69374999999652], [73.0476388889224, 33.69374999999652], [73.0476388889224, 33.694027777774295], [73.04847222225574, 33.694027777774295], [73.04847222225574, 33.69430555555208], [73.04875000003352, 33.69430555555208], [73.04875000003352, 33.69458333332985], [73.04930555558907, 33.69458333332985], [73.04930555558907, 33.69430555555208], [73.04958333336685, 33.69430555555208], [73.04958333336685, 33.69374999999652], [73.04930555558907, 33.69374999999652], [73.04930555558907, 33.693472222218745], [73.04847222225574, 33.693472222218745]]]}}, {"type": "Feature", "properties": {"zone_id": 32, "risk_class": "severe", "max_sink_m": 5, "mean_sink_m": 4, "cells": 7, "area_m2": 5568, "impervious_frac": 0.0, "min_dist_to_drain_m": 718, "centroid_lon": 73.016151, "centroid_lat": 33.693413}, "geometry": {"type": "Polygon", "coordinates": [[[73.01652777781129, 33.69291666666319], [73.01625000003352, 33.69291666666319], [73.01625000003352, 33.69319444444096], [73.01569444447796, 33.69319444444096], [73.01569444447796, 33.69374999999652], [73.01652777781129, 33.69374999999652], [73.01652777781129, 33.69291666666319]]]}}, {"type": "Feature", "properties": {"zone_id": 33, "risk_class": "severe", "max_sink_m": 4, "mean_sink_m": 4, "cells": 3, "area_m2": 2386, "impervious_frac": 0.0, "min_dist_to_drain_m": 16, "centroid_lon": 73.043148, "centroid_lat": 33.693241}, "geometry": {"type": "Polygon", "coordinates": [[[73.04319444447796, 33.69291666666319], [73.0429166667002, 33.69291666666319], [73.0429166667002, 33.693472222218745], [73.04347222225574, 33.693472222218745], [73.04347222225574, 33.69319444444096], [73.04319444447796, 33.69319444444096], [73.04319444447796, 33.69291666666319]]]}}, {"type": "Feature", "properties": {"zone_id": 34, "risk_class": "severe", "max_sink_m": 3, "mean_sink_m": 3, "cells": 3, "area_m2": 2386, "impervious_frac": 0.0, "min_dist_to_drain_m": 23, "centroid_lon": 73.062685, "centroid_lat": 33.693148}, "geometry": {"type": "Polygon", "coordinates": [[[73.06236111114464, 33.69291666666319], [73.06236111114464, 33.69319444444096], [73.06263888892241, 33.69319444444096], [73.06263888892241, 33.693472222218745], [73.06291666670019, 33.693472222218745], [73.06291666670019, 33.69291666666319], [73.06236111114464, 33.69291666666319]]]}}, {"type": "Feature", "properties": {"zone_id": 35, "risk_class": "severe", "max_sink_m": 3, "mean_sink_m": 3, "cells": 3, "area_m2": 2386, "impervious_frac": 0.0, "min_dist_to_drain_m": 30, "centroid_lon": 73.044537, "centroid_lat": 33.69287}, "geometry": {"type": "Polygon", "coordinates": [[[73.04430555558908, 33.692638888885405], [73.04430555558908, 33.69319444444096], [73.04458333336686, 33.69319444444096], [73.04458333336686, 33.69291666666319], [73.04486111114463, 33.69291666666319], [73.04486111114463, 33.692638888885405], [73.04430555558908, 33.692638888885405]]]}}, {"type": "Feature", "properties": {"zone_id": 36, "risk_class": "severe", "max_sink_m": 3, "mean_sink_m": 3, "cells": 3, "area_m2": 2386, "impervious_frac": 0.0, "min_dist_to_drain_m": 141, "centroid_lon": 73.05287, "centroid_lat": 33.691574}, "geometry": {"type": "Polygon", "coordinates": [[[73.05291666670018, 33.69124999999652], [73.05263888892242, 33.69124999999652], [73.05263888892242, 33.69180555555207], [73.05319444447797, 33.69180555555207], [73.05319444447797, 33.6915277777743], [73.05291666670018, 33.6915277777743], [73.05291666670018, 33.69124999999652]]]}}, {"type": "Feature", "properties": {"zone_id": 37, "risk_class": "severe", "max_sink_m": 4, "mean_sink_m": 3, "cells": 3, "area_m2": 2386, "impervious_frac": 0.0, "min_dist_to_drain_m": 106, "centroid_lon": 73.045278, "centroid_lat": 33.691389}, "geometry": {"type": "Polygon", "coordinates": [[[73.04486111114463, 33.69124999999652], [73.04486111114463, 33.6915277777743], [73.04569444447796, 33.6915277777743], [73.04569444447796, 33.69124999999652], [73.04486111114463, 33.69124999999652]]]}}, {"type": "Feature", "properties": {"zone_id": 38, "risk_class": "severe", "max_sink_m": 5, "mean_sink_m": 4, "cells": 31, "area_m2": 24660, "impervious_frac": 0.0, "min_dist_to_drain_m": 2, "centroid_lon": 73.051389, "centroid_lat": 33.69043}, "geometry": {"type": "Polygon", "coordinates": [[[73.05069444447797, 33.68986111110763], [73.05069444447797, 33.69041666666318], [73.0501388889224, 33.69041666666318], [73.0501388889224, 33.69097222221874], [73.05208333336685, 33.69097222221874], [73.05208333336685, 33.69124999999652], [73.05236111114463, 33.69124999999652], [73.05236111114463, 33.68986111110763], [73.0515277778113, 33.68986111110763], [73.0515277778113, 33.68958333332985], [73.05097222225574, 33.68958333332985], [73.05097222225574, 33.68986111110763], [73.05069444447797, 33.68986111110763]]]}}, {"type": "Feature", "properties": {"zone_id": 39, "risk_class": "severe", "max_sink_m": 4, "mean_sink_m": 4, "cells": 3, "area_m2": 2386, "impervious_frac": 0.0, "min_dist_to_drain_m": 789, "centroid_lon": 73.017315, "centroid_lat": 33.690741}, "geometry": {"type": "Polygon", "coordinates": [[[73.01736111114462, 33.69041666666318], [73.01708333336686, 33.69041666666318], [73.01708333336686, 33.69097222221874], [73.0176388889224, 33.69097222221874], [73.0176388889224, 33.690694444440965], [73.01736111114462, 33.690694444440965], [73.01736111114462, 33.69041666666318]]]}}, {"type": "Feature", "properties": {"zone_id": 40, "risk_class": "severe", "max_sink_m": 4, "mean_sink_m": 4, "cells": 3, "area_m2": 2386, "impervious_frac": 0.333, "min_dist_to_drain_m": 307, "centroid_lon": 73.04037, "centroid_lat": 33.688426}, "geometry": {"type": "Polygon", "coordinates": [[[73.04013888892241, 33.68819444444096], [73.04013888892241, 33.68874999999652], [73.04041666670018, 33.68874999999652], [73.04041666670018, 33.68847222221874], [73.04069444447796, 33.68847222221874], [73.04069444447796, 33.68819444444096], [73.04013888892241, 33.68819444444096]]]}}, {"type": "Feature", "properties": {"zone_id": 41, "risk_class": "severe", "max_sink_m": 3, "mean_sink_m": 3, "cells": 3, "area_m2": 2386, "impervious_frac": 0.0, "min_dist_to_drain_m": 174, "centroid_lon": 73.069259, "centroid_lat": 33.688148}, "geometry": {"type": "Polygon", "coordinates": [[[73.0690277778113, 33.687916666663185], [73.0690277778113, 33.68847222221874], [73.06930555558908, 33.68847222221874], [73.06930555558908, 33.68819444444096], [73.06958333336685, 33.68819444444096], [73.06958333336685, 33.687916666663185], [73.0690277778113, 33.687916666663185]]]}}, {"type": "Feature", "properties": {"zone_id": 42, "risk_class": "severe", "max_sink_m": 5, "mean_sink_m": 4, "cells": 13, "area_m2": 10341, "impervious_frac": 0.0, "min_dist_to_drain_m": 26, "centroid_lon": 73.052051, "centroid_lat": 33.687222}, "geometry": {"type": "Polygon", "coordinates": [[[73.05180555558907, 33.68680555555208], [73.0515277778113, 33.68680555555208], [73.0515277778113, 33.68763888888541], [73.05180555558907, 33.68763888888541], [73.05180555558907, 33.687916666663185], [73.05208333336685, 33.687916666663185], [73.05208333336685, 33.68763888888541], [73.05236111114463, 33.68763888888541], [73.05236111114463, 33.68736111110763], [73.05291666670018, 33.68736111110763], [73.05291666670018, 33.68708333332985], [73.05236111114463, 33.68708333332985], [73.05236111114463, 33.68680555555208], [73.05208333336685, 33.68680555555208], [73.05208333336685, 33.686527777774295], [73.05180555558907, 33.686527777774295], [73.05180555558907, 33.68680555555208]]]}}, {"type": "Feature", "properties": {"zone_id": 43, "risk_class": "severe", "max_sink_m": 4, "mean_sink_m": 3, "cells": 7, "area_m2": 5568, "impervious_frac": 0.0, "min_dist_to_drain_m": 3, "centroid_lon": 73.036389, "centroid_lat": 33.686905}, "geometry": {"type": "Polygon", "coordinates": [[[73.03625000003352, 33.68624999999652], [73.03625000003352, 33.68708333332985], [73.03597222225574, 33.68708333332985], [73.03597222225574, 33.68736111110763], [73.03625000003352, 33.68736111110763], [73.03625000003352, 33.68763888888541], [73.0365277778113, 33.68763888888541], [73.0365277778113, 33.686527777774295], [73.03680555558907, 33.686527777774295], [73.03680555558907, 33.68624999999652], [73.03625000003352, 33.68624999999652]]]}}, {"type": "Feature", "properties": {"zone_id": 44, "risk_class": "severe", "max_sink_m": 4, "mean_sink_m": 3, "cells": 10, "area_m2": 7955, "impervious_frac": 0.0, "min_dist_to_drain_m": 306, "centroid_lon": 73.048333, "centroid_lat": 33.684028}, "geometry": {"type": "Polygon", "coordinates": [[[73.04791666670019, 33.683749999996515], [73.04791666670019, 33.684583333329854], [73.04847222225574, 33.684583333329854], [73.04847222225574, 33.68430555555207], [73.04875000003352, 33.68430555555207], [73.04875000003352, 33.68347222221874], [73.04819444447797, 33.68347222221874], [73.04819444447797, 33.683749999996515], [73.04791666670019, 33.683749999996515]]]}}, {"type": "Feature", "properties": {"zone_id": 45, "risk_class": "severe", "max_sink_m": 4, "mean_sink_m": 3, "cells": 4, "area_m2": 3182, "impervious_frac": 0.0, "min_dist_to_drain_m": 801, "centroid_lon": 73.025417, "centroid_lat": 33.683194}, "geometry": {"type": "Polygon", "coordinates": [[[73.02513888892241, 33.68291666666318], [73.02513888892241, 33.68347222221874], [73.02569444447796, 33.68347222221874], [73.02569444447796, 33.68291666666318], [73.02513888892241, 33.68291666666318]]]}}, {"type": "Feature", "properties": {"zone_id": 46, "risk_class": "severe", "max_sink_m": 4, "mean_sink_m": 4, "cells": 6, "area_m2": 4773, "impervious_frac": 0.0, "min_dist_to_drain_m": 867, "centroid_lon": 73.026528, "centroid_lat": 33.683241}, "geometry": {"type": "Polygon", "coordinates": [[[73.02680555558908, 33.68291666666318], [73.02625000003351, 33.68291666666318], [73.02625000003351, 33.683194444440964], [73.02597222225575, 33.683194444440964], [73.02597222225575, 33.68347222221874], [73.02708333336685, 33.68347222221874], [73.02708333336685, 33.683194444440964], [73.02680555558908, 33.683194444440964], [73.02680555558908, 33.68291666666318]]]}}, {"type": "Feature", "properties": {"zone_id": 47, "risk_class": "severe", "max_sink_m": 4, "mean_sink_m": 4, "cells": 6, "area_m2": 4773, "impervious_frac": 0.0, "min_dist_to_drain_m": 9, "centroid_lon": 73.011157, "centroid_lat": 33.682963}, "geometry": {"type": "Polygon", "coordinates": [[[73.01069444447796, 33.68263888888541], [73.01069444447796, 33.683194444440964], [73.01180555558908, 33.683194444440964], [73.01180555558908, 33.68291666666318], [73.01125000003351, 33.68291666666318], [73.01125000003351, 33.68263888888541], [73.01069444447796, 33.68263888888541]]]}}, {"type": "Feature", "properties": {"zone_id": 48, "risk_class": "severe", "max_sink_m": 4, "mean_sink_m": 3, "cells": 7, "area_m2": 5568, "impervious_frac": 0.0, "min_dist_to_drain_m": 755, "centroid_lon": 73.028254, "centroid_lat": 33.681865}, "geometry": {"type": "Polygon", "coordinates": [[[73.02763888892241, 33.681805555552074], [73.0279166667002, 33.681805555552074], [73.0279166667002, 33.68208333332985], [73.02847222225574, 33.68208333332985], [73.02847222225574, 33.68236111110763], [73.02875000003353, 33.68236111110763], [73.02875000003353, 33.681805555552074], [73.02847222225574, 33.681805555552074], [73.02847222225574, 33.68152777777429], [73.02763888892241, 33.68152777777429], [73.02763888892241, 33.681805555552074]]]}}, {"type": "Feature", "properties": {"zone_id": 49, "risk_class": "severe", "max_sink_m": 5, "mean_sink_m": 4, "cells": 5, "area_m2": 3977, "impervious_frac": 0.0, "min_dist_to_drain_m": 118, "centroid_lon": 73.065611, "centroid_lat": 33.680833}, "geometry": {"type": "Polygon", "coordinates": [[[73.06569444447797, 33.680416666663184], [73.06541666670019, 33.680416666663184], [73.06541666670019, 33.68069444444096], [73.0651388889224, 33.68069444444096], [73.0651388889224, 33.68097222221874], [73.06569444447797, 33.68097222221874], [73.06569444447797, 33.68124999999652], [73.06597222225574, 33.68124999999652], [73.06597222225574, 33.68069444444096], [73.06569444447797, 33.68069444444096], [73.06569444447797, 33.680416666663184]]]}}, {"type": "Feature", "properties": {"zone_id": 50, "risk_class": "severe", "max_sink_m": 4, "mean_sink_m": 3, "cells": 8, "area_m2": 6364, "impervious_frac": 0.0, "min_dist_to_drain_m": 11, "centroid_lon": 73.041076, "centroid_lat": 33.680625}, "geometry": {"type": "Polygon", "coordinates": [[[73.0415277778113, 33.68013888888541], [73.04125000003351, 33.68013888888541], [73.04125000003351, 33.680416666663184], [73.04041666670018, 33.680416666663184], [73.04041666670018, 33.68069444444096], [73.04069444447796, 33.68069444444096], [73.04069444447796, 33.68097222221874], [73.0415277778113, 33.68097222221874], [73.0415277778113, 33.68013888888541]]]}}, {"type": "Feature", "properties": {"zone_id": 51, "risk_class": "severe", "max_sink_m": 5, "mean_sink_m": 4, "cells": 3, "area_m2": 2386, "impervious_frac": 0.0, "min_dist_to_drain_m": 4, "centroid_lon": 73.042685, "centroid_lat": 33.680741}, "geometry": {"type": "Polygon", "coordinates": [[[73.0429166667002, 33.680416666663184], [73.04263888892241, 33.680416666663184], [73.04263888892241, 33.68069444444096], [73.04236111114463, 33.68069444444096], [73.04236111114463, 33.68097222221874], [73.0429166667002, 33.68097222221874], [73.0429166667002, 33.680416666663184]]]}}, {"type": "Feature", "properties": {"zone_id": 52, "risk_class": "severe", "max_sink_m": 3, "mean_sink_m": 3, "cells": 3, "area_m2": 2386, "impervious_frac": 0.0, "min_dist_to_drain_m": 734, "centroid_lon": 73.075463, "centroid_lat": 33.680093}, "geometry": {"type": "Polygon", "coordinates": [[[73.07513888892241, 33.67986111110763], [73.07513888892241, 33.68013888888541], [73.07541666670019, 33.68013888888541], [73.07541666670019, 33.680416666663184], [73.07569444447796, 33.680416666663184], [73.07569444447796, 33.67986111110763], [73.07513888892241, 33.67986111110763]]]}}, {"type": "Feature", "properties": {"zone_id": 53, "risk_class": "severe", "max_sink_m": 3, "mean_sink_m": 3, "cells": 3, "area_m2": 2386, "impervious_frac": 0.0, "min_dist_to_drain_m": 34, "centroid_lon": 73.06713, "centroid_lat": 33.679815}, "geometry": {"type": "Polygon", "coordinates": [[[73.06680555558907, 33.67958333332985], [73.06680555558907, 33.67986111110763], [73.06708333336685, 33.67986111110763], [73.06708333336685, 33.68013888888541], [73.06736111114463, 33.68013888888541], [73.06736111114463, 33.67958333332985], [73.06680555558907, 33.67958333332985]]]}}, {"type": "Feature", "properties": {"zone_id": 54, "risk_class": "severe", "max_sink_m": 4, "mean_sink_m": 3, "cells": 6, "area_m2": 4773, "impervious_frac": 0.0, "min_dist_to_drain_m": 7, "centroid_lon": 73.060972, "centroid_lat": 33.679306}, "geometry": {"type": "Polygon", "coordinates": [[[73.06069444447796, 33.67930555555207], [73.06041666670019, 33.67930555555207], [73.06041666670019, 33.67958333332985], [73.06125000003352, 33.67958333332985], [73.06125000003352, 33.67930555555207], [73.06152777781129, 33.67930555555207], [73.06152777781129, 33.679027777774294], [73.06069444447796, 33.679027777774294], [73.06069444447796, 33.67930555555207]]]}}, {"type": "Feature", "properties": {"zone_id": 55, "risk_class": "severe", "max_sink_m": 3, "mean_sink_m": 3, "cells": 3, "area_m2": 2386, "impervious_frac": 0.0, "min_dist_to_drain_m": 839, "centroid_lon": 73.077778, "centroid_lat": 33.677778}, "geometry": {"type": "Polygon", "coordinates": [[[73.07736111114463, 33.677638888885404], [73.07736111114463, 33.67791666666319], [73.07819444447797, 33.67791666666319], [73.07819444447797, 33.677638888885404], [73.07736111114463, 33.677638888885404]]]}}, {"type": "Feature", "properties": {"zone_id": 56, "risk_class": "severe", "max_sink_m": 7, "mean_sink_m": 4, "cells": 18, "area_m2": 14319, "impervious_frac": 0.0, "min_dist_to_drain_m": 4, "centroid_lon": 73.062392, "centroid_lat": 33.676389}, "geometry": {"type": "Polygon", "coordinates": [[[73.06208333336686, 33.676249999996514], [73.06208333336686, 33.67736111110763], [73.06291666670019, 33.67736111110763], [73.06291666670019, 33.67708333332985], [73.06263888892241, 33.67708333332985], [73.06263888892241, 33.676249999996514], [73.06291666670019, 33.676249999996514], [73.06291666670019, 33.675694444440964], [73.06263888892241, 33.675694444440964], [73.06263888892241, 33.67541666666318], [73.06236111114464, 33.67541666666318], [73.06236111114464, 33.675694444440964], [73.06180555558907, 33.675694444440964], [73.06180555558907, 33.676249999996514], [73.06208333336686, 33.676249999996514]]]}}, {"type": "Feature", "properties": {"zone_id": 57, "risk_class": "severe", "max_sink_m": 5, "mean_sink_m": 4, "cells": 10, "area_m2": 7955, "impervious_frac": 0.0, "min_dist_to_drain_m": 542, "centroid_lon": 73.036889, "centroid_lat": 33.676194}, "geometry": {"type": "Polygon", "coordinates": [[[73.03625000003352, 33.676249999996514], [73.03680555558907, 33.676249999996514], [73.03680555558907, 33.6765277777743], [73.03708333336685, 33.6765277777743], [73.03708333336685, 33.67680555555207], [73.03763888892242, 33.67680555555207], [73.03763888892242, 33.6765277777743], [73.03736111114463, 33.6765277777743], [73.03736111114463, 33.676249999996514], [73.03708333336685, 33.676249999996514], [73.03708333336685, 33.675694444440964], [73.03625000003352, 33.675694444440964], [73.03625000003352, 33.676249999996514]]]}}, {"type": "Feature", "properties": {"zone_id": 58, "risk_class": "severe", "max_sink_m": 5, "mean_sink_m": 4, "cells": 13, "area_m2": 10341, "impervious_frac": 0.025, "min_dist_to_drain_m": 293, "centroid_lon": 73.072863, "centroid_lat": 33.676197}, "geometry": {"type": "Polygon", "coordinates": [[[73.07208333336685, 33.67541666666318], [73.07208333336685, 33.67597222221874], [73.07236111114463, 33.67597222221874], [73.07236111114463, 33.676249999996514], [73.07263888892241, 33.676249999996514], [73.07263888892241, 33.6765277777743], [73.0729166667002, 33.6765277777743], [73.0729166667002, 33.67680555555207], [73.07375000003353, 33.67680555555207], [73.07375000003353, 33.6765277777743], [73.07347222225575, 33.6765277777743], [73.07347222225575, 33.676249999996514], [73.07319444447796, 33.676249999996514], [73.07319444447796, 33.67597222221874], [73.0729166667002, 33.67597222221874], [73.0729166667002, 33.675694444440964], [73.07236111114463, 33.675694444440964], [73.07236111114463, 33.67541666666318], [73.07208333336685, 33.67541666666318]]]}}, {"type": "Feature", "properties": {"zone_id": 59, "risk_class": "severe", "max_sink_m": 5, "mean_sink_m": 4, "cells": 6, "area_m2": 4773, "impervious_frac": 0.0, "min_dist_to_drain_m": 61, "centroid_lon": 73.018565, "centroid_lat": 33.676157}, "geometry": {"type": "Polygon", "coordinates": [[[73.01847222225574, 33.675694444440964], [73.01847222225574, 33.67597222221874], [73.01819444447797, 33.67597222221874], [73.01819444447797, 33.6765277777743], [73.01875000003352, 33.6765277777743], [73.01875000003352, 33.676249999996514], [73.0190277778113, 33.676249999996514], [73.0190277778113, 33.67597222221874], [73.01875000003352, 33.67597222221874], [73.01875000003352, 33.675694444440964], [73.01847222225574, 33.675694444440964]]]}}, {"type": "Feature", "properties": {"zone_id": 60, "risk_class": "severe", "max_sink_m": 8, "mean_sink_m": 5, "cells": 17, "area_m2": 13523, "impervious_frac": 0.0, "min_dist_to_drain_m": 7, "centroid_lon": 73.020229, "centroid_lat": 33.675147}, "geometry": {"type": "Polygon", "coordinates": [[[73.01958333336685, 33.67513888888541], [73.02041666670019, 33.67513888888541], [73.02041666670019, 33.67541666666318], [73.02069444447797, 33.67541666666318], [73.02069444447797, 33.675694444440964], [73.02125000003352, 33.675694444440964], [73.02125000003352, 33.674861111107624], [73.02097222225574, 33.674861111107624], [73.02097222225574, 33.67458333332985], [73.02069444447797, 33.67458333332985], [73.02069444447797, 33.674861111107624], [73.0190277778113, 33.674861111107624], [73.0190277778113, 33.67513888888541], [73.01875000003352, 33.67513888888541], [73.01875000003352, 33.67541666666318], [73.01958333336685, 33.67541666666318], [73.01958333336685, 33.67513888888541]]]}}, {"type": "Feature", "properties": {"zone_id": 61, "risk_class": "severe", "max_sink_m": 4, "mean_sink_m": 4, "cells": 3, "area_m2": 2386, "impervious_frac": 0.0, "min_dist_to_drain_m": 121, "centroid_lon": 73.022315, "centroid_lat": 33.674907}, "geometry": {"type": "Polygon", "coordinates": [[[73.02236111114463, 33.67458333332985], [73.02208333336685, 33.67458333332985], [73.02208333336685, 33.67513888888541], [73.02263888892242, 33.67513888888541], [73.02263888892242, 33.674861111107624], [73.02236111114463, 33.674861111107624], [73.02236111114463, 33.67458333332985]]]}}, {"type": "Feature", "properties": {"zone_id": 62, "risk_class": "severe", "max_sink_m": 6, "mean_sink_m": 4, "cells": 7, "area_m2": 5568, "impervious_frac": 0.0, "min_dist_to_drain_m": 458, "centroid_lon": 73.029643, "centroid_lat": 33.674762}, "geometry": {"type": "Polygon", "coordinates": [[[73.02930555558908, 33.674305555552074], [73.02930555558908, 33.67513888888541], [73.03013888892241, 33.67513888888541], [73.03013888892241, 33.674861111107624], [73.02986111114463, 33.674861111107624], [73.02986111114463, 33.674305555552074], [73.02930555558908, 33.674305555552074]]]}}, {"type": "Feature", "properties": {"zone_id": 63, "risk_class": "severe", "max_sink_m": 9, "mean_sink_m": 6, "cells": 9, "area_m2": 7159, "impervious_frac": 0.0, "min_dist_to_drain_m": 18, "centroid_lon": 73.024444, "centroid_lat": 33.673426}, "geometry": {"type": "Polygon", "coordinates": [[[73.0240277778113, 33.672916666663184], [73.0240277778113, 33.67374999999652], [73.02458333336685, 33.67374999999652], [73.02458333336685, 33.67402777777429], [73.02486111114463, 33.67402777777429], [73.02486111114463, 33.67319444444096], [73.02458333336685, 33.67319444444096], [73.02458333336685, 33.672916666663184], [73.0240277778113, 33.672916666663184]]]}}, {"type": "Feature", "properties": {"zone_id": 64, "risk_class": "high", "max_sink_m": 2, "mean_sink_m": 2, "cells": 3, "area_m2": 2386, "impervious_frac": 0.0, "min_dist_to_drain_m": 26, "centroid_lon": 73.063981, "centroid_lat": 33.728704}, "geometry": {"type": "Polygon", "coordinates": [[[73.06375000003352, 33.72847222221875], [73.06375000003352, 33.729027777774306], [73.0640277778113, 33.729027777774306], [73.0640277778113, 33.72874999999652], [73.06430555558907, 33.72874999999652], [73.06430555558907, 33.72847222221875], [73.06375000003352, 33.72847222221875]]]}}, {"type": "Feature", "properties": {"zone_id": 65, "risk_class": "high", "max_sink_m": 2, "mean_sink_m": 2, "cells": 4, "area_m2": 3182, "impervious_frac": 0.0, "min_dist_to_drain_m": 72, "centroid_lon": 73.049514, "centroid_lat": 33.727847}, "geometry": {"type": "Polygon", "coordinates": [[[73.04930555558907, 33.72736111110763], [73.04930555558907, 33.72819444444097], [73.04986111114464, 33.72819444444097], [73.04986111114464, 33.72791666666319], [73.04958333336685, 33.72791666666319], [73.04958333336685, 33.72736111110763], [73.04930555558907, 33.72736111110763]]]}}, {"type": "Feature", "properties": {"zone_id": 66, "risk_class": "high", "max_sink_m": 2, "mean_sink_m": 2, "cells": 3, "area_m2": 2386, "impervious_frac": 0.0, "min_dist_to_drain_m": 94, "centroid_lon": 73.042685, "centroid_lat": 33.727593}, "geometry": {"type": "Polygon", "coordinates": [[[73.04236111114463, 33.72736111110763], [73.04236111114463, 33.727638888885416], [73.04263888892241, 33.727638888885416], [73.04263888892241, 33.72791666666319], [73.0429166667002, 33.72791666666319], [73.0429166667002, 33.72736111110763], [73.04236111114463, 33.72736111110763]]]}}, {"type": "Feature", "properties": {"zone_id": 67, "risk_class": "high", "max_sink_m": 2, "mean_sink_m": 2, "cells": 3, "area_m2": 2386, "impervious_frac": 0.481, "min_dist_to_drain_m": 28, "centroid_lon": 73.072222, "centroid_lat": 33.726944}, "geometry": {"type": "Polygon", "coordinates": [[[73.07180555558908, 33.72680555555208], [73.07180555558908, 33.72708333332986], [73.07263888892241, 33.72708333332986], [73.07263888892241, 33.72680555555208], [73.07180555558908, 33.72680555555208]]]}}, {"type": "Feature", "properties": {"zone_id": 68, "risk_class": "high", "max_sink_m": 2, "mean_sink_m": 2, "cells": 3, "area_m2": 2386, "impervious_frac": 0.0, "min_dist_to_drain_m": 479, "centroid_lon": 73.079259, "centroid_lat": 33.725185}, "geometry": {"type": "Polygon", "coordinates": [[[73.07930555558907, 33.724861111107636], [73.0790277778113, 33.724861111107636], [73.0790277778113, 33.72541666666319], [73.07958333336686, 33.72541666666319], [73.07958333336686, 33.72513888888541], [73.07930555558907, 33.72513888888541], [73.07930555558907, 33.724861111107636]]]}}, {"type": "Feature", "properties": {"zone_id": 69, "risk_class": "high", "max_sink_m": 2, "mean_sink_m": 2, "cells": 5, "area_m2": 3977, "impervious_frac": 0.0, "min_dist_to_drain_m": 28, "centroid_lon": 73.044778, "centroid_lat": 33.724444}, "geometry": {"type": "Polygon", "coordinates": [[[73.04486111114463, 33.72430555555208], [73.04430555558908, 33.72430555555208], [73.04430555558908, 33.72458333332986], [73.04458333336686, 33.72458333332986], [73.04458333336686, 33.724861111107636], [73.04486111114463, 33.724861111107636], [73.04486111114463, 33.72458333332986], [73.04513888892241, 33.72458333332986], [73.04513888892241, 33.7240277777743], [73.04486111114463, 33.7240277777743], [73.04486111114463, 33.72430555555208]]]}}, {"type": "Feature", "properties": {"zone_id": 70, "risk_class": "high", "max_sink_m": 2, "mean_sink_m": 2, "cells": 3, "area_m2": 2386, "impervious_frac": 0.0, "min_dist_to_drain_m": 58, "centroid_lon": 73.070463, "centroid_lat": 33.724537}, "geometry": {"type": "Polygon", "coordinates": [[[73.07013888892241, 33.72430555555208], [73.07013888892241, 33.72458333332986], [73.07041666670018, 33.72458333332986], [73.07041666670018, 33.724861111107636], [73.07069444447797, 33.724861111107636], [73.07069444447797, 33.72430555555208], [73.07013888892241, 33.72430555555208]]]}}, {"type": "Feature", "properties": {"zone_id": 71, "risk_class": "high", "max_sink_m": 2, "mean_sink_m": 2, "cells": 3, "area_m2": 2386, "impervious_frac": 0.0, "min_dist_to_drain_m": 531, "centroid_lon": 73.036389, "centroid_lat": 33.723611}, "geometry": {"type": "Polygon", "coordinates": [[[73.03597222225574, 33.723472222218746], [73.03597222225574, 33.72374999999653], [73.03680555558907, 33.72374999999653], [73.03680555558907, 33.723472222218746], [73.03597222225574, 33.723472222218746]]]}}, {"type": "Feature", "properties": {"zone_id": 72, "risk_class": "high", "max_sink_m": 2, "mean_sink_m": 2, "cells": 4, "area_m2": 3182, "impervious_frac": 0.0, "min_dist_to_drain_m": 199, "centroid_lon": 73.074306, "centroid_lat": 33.723472}, "geometry": {"type": "Polygon", "coordinates": [[[73.0740277778113, 33.72319444444097], [73.0740277778113, 33.72374999999653], [73.07458333336686, 33.72374999999653], [73.07458333336686, 33.72319444444097], [73.0740277778113, 33.72319444444097]]]}}, {"type": "Feature", "properties": {"zone_id": 73, "risk_class": "high", "max_sink_m": 2, "mean_sink_m": 2, "cells": 3, "area_m2": 2386, "impervious_frac": 0.0, "min_dist_to_drain_m": 550, "centroid_lon": 73.079167, "centroid_lat": 33.723333}, "geometry": {"type": "Polygon", "coordinates": [[[73.07875000003352, 33.72319444444097], [73.07875000003352, 33.723472222218746], [73.07958333336686, 33.723472222218746], [73.07958333336686, 33.72319444444097], [73.07875000003352, 33.72319444444097]]]}}, {"type": "Feature", "properties": {"zone_id": 74, "risk_class": "high", "max_sink_m": 2, "mean_sink_m": 2, "cells": 5, "area_m2": 3977, "impervious_frac": 0.0, "min_dist_to_drain_m": 26, "centroid_lon": 73.047611, "centroid_lat": 33.721056}, "geometry": {"type": "Polygon", "coordinates": [[[73.04736111114462, 33.720694444440966], [73.04736111114462, 33.721527777774305], [73.0476388889224, 33.721527777774305], [73.0476388889224, 33.72124999999652], [73.04791666670019, 33.72124999999652], [73.04791666670019, 33.720694444440966], [73.04736111114462, 33.720694444440966]]]}}, {"type": "Feature", "properties": {"zone_id": 75, "risk_class": "high", "max_sink_m": 2, "mean_sink_m": 2, "cells": 6, "area_m2": 4773, "impervious_frac": 0.0, "min_dist_to_drain_m": 523, "centroid_lon": 73.035139, "centroid_lat": 33.719815}, "geometry": {"type": "Polygon", "coordinates": [[[73.03486111114464, 33.71958333332986], [73.0351388889224, 33.71958333332986], [73.0351388889224, 33.71986111110763], [73.03486111114464, 33.71986111110763], [73.03486111114464, 33.72041666666319], [73.0351388889224, 33.72041666666319], [73.0351388889224, 33.720138888885415], [73.03541666670019, 33.720138888885415], [73.03541666670019, 33.71930555555208], [73.03486111114464, 33.71930555555208], [73.03486111114464, 33.71958333332986]]]}}, {"type": "Feature", "properties": {"zone_id": 76, "risk_class": "high", "max_sink_m": 2, "mean_sink_m": 2, "cells": 3, "area_m2": 2386, "impervious_frac": 0.0, "min_dist_to_drain_m": 67, "centroid_lon": 73.071296, "centroid_lat": 33.719352}, "geometry": {"type": "Polygon", "coordinates": [[[73.0715277778113, 33.7190277777743], [73.07125000003352, 33.7190277777743], [73.07125000003352, 33.71930555555208], [73.07097222225575, 33.71930555555208], [73.07097222225575, 33.71958333332986], [73.0715277778113, 33.71958333332986], [73.0715277778113, 33.7190277777743]]]}}, {"type": "Feature", "properties": {"zone_id": 77, "risk_class": "high", "max_sink_m": 2, "mean_sink_m": 2, "cells": 3, "area_m2": 2386, "impervious_frac": 0.0, "min_dist_to_drain_m": 67, "centroid_lon": 73.013981, "centroid_lat": 33.717315}, "geometry": {"type": "Polygon", "coordinates": [[[73.01375000003353, 33.71708333332986], [73.01375000003353, 33.71763888888541], [73.0140277778113, 33.71763888888541], [73.0140277778113, 33.717361111107635], [73.01430555558908, 33.717361111107635], [73.01430555558908, 33.71708333332986], [73.01375000003353, 33.71708333332986]]]}}, {"type": "Feature", "properties": {"zone_id": 78, "risk_class": "high", "max_sink_m": 2, "mean_sink_m": 2, "cells": 7, "area_m2": 5568, "impervious_frac": 0.0, "min_dist_to_drain_m": 11, "centroid_lon": 73.076032, "centroid_lat": 33.716825}, "geometry": {"type": "Polygon", "coordinates": [[[73.07569444447796, 33.71624999999652], [73.07569444447796, 33.71708333332986], [73.07597222225574, 33.71708333332986], [73.07597222225574, 33.717361111107635], [73.07625000003353, 33.717361111107635], [73.07625000003353, 33.71708333332986], [73.0765277778113, 33.71708333332986], [73.0765277778113, 33.71680555555208], [73.07625000003353, 33.71680555555208], [73.07625000003353, 33.7165277777743], [73.07597222225574, 33.7165277777743], [73.07597222225574, 33.71624999999652], [73.07569444447796, 33.71624999999652]]]}}, {"type": "Feature", "properties": {"zone_id": 79, "risk_class": "high", "max_sink_m": 2, "mean_sink_m": 2, "cells": 3, "area_m2": 2386, "impervious_frac": 0.0, "min_dist_to_drain_m": 191, "centroid_lon": 73.047778, "centroid_lat": 33.716944}, "geometry": {"type": "Polygon", "coordinates": [[[73.04736111114462, 33.71680555555208], [73.04736111114462, 33.71708333332986], [73.04819444447797, 33.71708333332986], [73.04819444447797, 33.71680555555208], [73.04736111114462, 33.71680555555208]]]}}, {"type": "Feature", "properties": {"zone_id": 80, "risk_class": "high", "max_sink_m": 2, "mean_sink_m": 2, "cells": 8, "area_m2": 6364, "impervious_frac": 0.0, "min_dist_to_drain_m": 297, "centroid_lon": 73.066632, "centroid_lat": 33.716076}, "geometry": {"type": "Polygon", "coordinates": [[[73.06680555558907, 33.71541666666319], [73.06680555558907, 33.715972222218745], [73.06597222225574, 33.715972222218745], [73.06597222225574, 33.7165277777743], [73.06625000003352, 33.7165277777743], [73.06625000003352, 33.71624999999652], [73.06680555558907, 33.71624999999652], [73.06680555558907, 33.7165277777743], [73.06708333336685, 33.7165277777743], [73.06708333336685, 33.71541666666319], [73.06680555558907, 33.71541666666319]]]}}, {"type": "Feature", "properties": {"zone_id": 81, "risk_class": "high", "max_sink_m": 2, "mean_sink_m": 2, "cells": 4, "area_m2": 3182, "impervious_frac": 0.0, "min_dist_to_drain_m": 82, "centroid_lon": 73.015139, "centroid_lat": 33.715972}, "geometry": {"type": "Polygon", "coordinates": [[[73.01486111114463, 33.71569444444097], [73.01486111114463, 33.71624999999652], [73.01541666670019, 33.71624999999652], [73.01541666670019, 33.71569444444097], [73.01486111114463, 33.71569444444097]]]}}, {"type": "Feature", "properties": {"zone_id": 82, "risk_class": "high", "max_sink_m": 2, "mean_sink_m": 2, "cells": 3, "area_m2": 2386, "impervious_frac": 0.0, "min_dist_to_drain_m": 416, "centroid_lon": 73.05287, "centroid_lat": 33.715926}, "geometry": {"type": "Polygon", "coordinates": [[[73.05263888892242, 33.71569444444097], [73.05263888892242, 33.71624999999652], [73.05291666670018, 33.71624999999652], [73.05291666670018, 33.715972222218745], [73.05319444447797, 33.715972222218745], [73.05319444447797, 33.71569444444097], [73.05263888892242, 33.71569444444097]]]}}, {"type": "Feature", "properties": {"zone_id": 83, "risk_class": "high", "max_sink_m": 2, "mean_sink_m": 2, "cells": 4, "area_m2": 3182, "impervious_frac": 0.0, "min_dist_to_drain_m": 11, "centroid_lon": 73.062778, "centroid_lat": 33.715347}, "geometry": {"type": "Polygon", "coordinates": [[[73.06236111114464, 33.71541666666319], [73.06263888892241, 33.71541666666319], [73.06263888892241, 33.71569444444097], [73.06291666670019, 33.71569444444097], [73.06291666670019, 33.71541666666319], [73.06319444447797, 33.71541666666319], [73.06319444447797, 33.71513888888541], [73.06236111114464, 33.71513888888541], [73.06236111114464, 33.71541666666319]]]}}, {"type": "Feature", "properties": {"zone_id": 84, "risk_class": "high", "max_sink_m": 2, "mean_sink_m": 2, "cells": 3, "area_m2": 2386, "impervious_frac": 0.0, "min_dist_to_drain_m": 147, "centroid_lon": 73.064907, "centroid_lat": 33.715093}, "geometry": {"type": "Polygon", "coordinates": [[[73.06458333336685, 33.71486111110764], [73.06458333336685, 33.71513888888541], [73.06486111114464, 33.71513888888541], [73.06486111114464, 33.71541666666319], [73.0651388889224, 33.71541666666319], [73.0651388889224, 33.71486111110764], [73.06458333336685, 33.71486111110764]]]}}, {"type": "Feature", "properties": {"zone_id": 85, "risk_class": "high", "max_sink_m": 2, "mean_sink_m": 2, "cells": 3, "area_m2": 2386, "impervious_frac": 0.0, "min_dist_to_drain_m": 125, "centroid_lon": 73.074444, "centroid_lat": 33.714444}, "geometry": {"type": "Polygon", "coordinates": [[[73.0740277778113, 33.71430555555208], [73.0740277778113, 33.714583333329855], [73.07486111114463, 33.714583333329855], [73.07486111114463, 33.71430555555208], [73.0740277778113, 33.71430555555208]]]}}, {"type": "Feature", "properties": {"zone_id": 86, "risk_class": "high", "max_sink_m": 2, "mean_sink_m": 2, "cells": 3, "area_m2": 2386, "impervious_frac": 0.0, "min_dist_to_drain_m": 447, "centroid_lon": 73.071019, "centroid_lat": 33.713704}, "geometry": {"type": "Polygon", "coordinates": [[[73.07069444447797, 33.71347222221875], [73.07069444447797, 33.71374999999652], [73.07097222225575, 33.71374999999652], [73.07097222225575, 33.7140277777743], [73.07125000003352, 33.7140277777743], [73.07125000003352, 33.71347222221875], [73.07069444447797, 33.71347222221875]]]}}, {"type": "Feature", "properties": {"zone_id": 87, "risk_class": "high", "max_sink_m": 2, "mean_sink_m": 2, "cells": 3, "area_m2": 2386, "impervious_frac": 0.244, "min_dist_to_drain_m": 152, "centroid_lon": 73.042593, "centroid_lat": 33.712315}, "geometry": {"type": "Polygon", "coordinates": [[[73.04236111114463, 33.71208333332986], [73.04236111114463, 33.712638888885415], [73.04263888892241, 33.712638888885415], [73.04263888892241, 33.71236111110763], [73.0429166667002, 33.71236111110763], [73.0429166667002, 33.71208333332986], [73.04236111114463, 33.71208333332986]]]}}, {"type": "Feature", "properties": {"zone_id": 88, "risk_class": "high", "max_sink_m": 2, "mean_sink_m": 2, "cells": 3, "area_m2": 2386, "impervious_frac": 0.0, "min_dist_to_drain_m": 102, "centroid_lon": 73.060278, "centroid_lat": 33.7125}, "geometry": {"type": "Polygon", "coordinates": [[[73.05986111114463, 33.71236111110763], [73.05986111114463, 33.712638888885415], [73.06069444447796, 33.712638888885415], [73.06069444447796, 33.71236111110763], [73.05986111114463, 33.71236111110763]]]}}, {"type": "Feature", "properties": {"zone_id": 89, "risk_class": "high", "max_sink_m": 2, "mean_sink_m": 2, "cells": 3, "area_m2": 2386, "impervious_frac": 0.259, "min_dist_to_drain_m": 120, "centroid_lon": 73.042685, "centroid_lat": 33.710741}, "geometry": {"type": "Polygon", "coordinates": [[[73.0429166667002, 33.71041666666319], [73.04263888892241, 33.71041666666319], [73.04263888892241, 33.71069444444097], [73.04236111114463, 33.71069444444097], [73.04236111114463, 33.71097222221874], [73.0429166667002, 33.71097222221874], [73.0429166667002, 33.71041666666319]]]}}, {"type": "Feature", "properties": {"zone_id": 90, "risk_class": "high", "max_sink_m": 2, "mean_sink_m": 2, "cells": 3, "area_m2": 2386, "impervious_frac": 0.0, "min_dist_to_drain_m": 295, "centroid_lon": 73.020648, "centroid_lat": 33.710185}, "geometry": {"type": "Polygon", "coordinates": [[[73.02069444447797, 33.709861111107635], [73.02041666670019, 33.709861111107635], [73.02041666670019, 33.71041666666319], [73.02097222225574, 33.71041666666319], [73.02097222225574, 33.71013888888541], [73.02069444447797, 33.71013888888541], [73.02069444447797, 33.709861111107635]]]}}, {"type": "Feature", "properties": {"zone_id": 91, "risk_class": "high", "max_sink_m": 2, "mean_sink_m": 2, "cells": 4, "area_m2": 3182, "impervious_frac": 0.0, "min_dist_to_drain_m": 87, "centroid_lon": 73.06, "centroid_lat": 33.710069}, "geometry": {"type": "Polygon", "coordinates": [[[73.05958333336686, 33.71013888888541], [73.05986111114463, 33.71013888888541], [73.05986111114463, 33.71041666666319], [73.06013888892241, 33.71041666666319], [73.06013888892241, 33.71013888888541], [73.06041666670019, 33.71013888888541], [73.06041666670019, 33.709861111107635], [73.05958333336686, 33.709861111107635], [73.05958333336686, 33.71013888888541]]]}}, {"type": "Feature", "properties": {"zone_id": 92, "risk_class": "high", "max_sink_m": 2, "mean_sink_m": 2, "cells": 4, "area_m2": 3182, "impervious_frac": 0.0, "min_dist_to_drain_m": 636, "centroid_lon": 73.052222, "centroid_lat": 33.709861}, "geometry": {"type": "Polygon", "coordinates": [[[73.05208333336685, 33.709861111107635], [73.05180555558907, 33.709861111107635], [73.05180555558907, 33.71013888888541], [73.05236111114463, 33.71013888888541], [73.05236111114463, 33.709861111107635], [73.05263888892242, 33.709861111107635], [73.05263888892242, 33.70958333332985], [73.05208333336685, 33.70958333332985], [73.05208333336685, 33.709861111107635]]]}}, {"type": "Feature", "properties": {"zone_id": 93, "risk_class": "high", "max_sink_m": 2, "mean_sink_m": 2, "cells": 4, "area_m2": 3182, "impervious_frac": 0.0, "min_dist_to_drain_m": 488, "centroid_lon": 73.051528, "centroid_lat": 33.707083}, "geometry": {"type": "Polygon", "coordinates": [[[73.05125000003352, 33.70680555555208], [73.05125000003352, 33.70736111110763], [73.05180555558907, 33.70736111110763], [73.05180555558907, 33.70680555555208], [73.05125000003352, 33.70680555555208]]]}}, {"type": "Feature", "properties": {"zone_id": 94, "risk_class": "high", "max_sink_m": 2, "mean_sink_m": 2, "cells": 3, "area_m2": 2386, "impervious_frac": 0.0, "min_dist_to_drain_m": 57, "centroid_lon": 73.035741, "centroid_lat": 33.706852}, "geometry": {"type": "Polygon", "coordinates": [[[73.03597222225574, 33.7065277777743], [73.03569444447797, 33.7065277777743], [73.03569444447797, 33.70680555555208], [73.03541666670019, 33.70680555555208], [73.03541666670019, 33.707083333329855], [73.03597222225574, 33.707083333329855], [73.03597222225574, 33.7065277777743]]]}}, {"type": "Feature", "properties": {"zone_id": 95, "risk_class": "high", "max_sink_m": 2, "mean_sink_m": 2, "cells": 3, "area_m2": 2386, "impervious_frac": 0.0, "min_dist_to_drain_m": 33, "centroid_lon": 73.070185, "centroid_lat": 33.706852}, "geometry": {"type": "Polygon", "coordinates": [[[73.07041666670018, 33.7065277777743], [73.07013888892241, 33.7065277777743], [73.07013888892241, 33.70680555555208], [73.06986111114463, 33.70680555555208], [73.06986111114463, 33.707083333329855], [73.07041666670018, 33.707083333329855], [73.07041666670018, 33.7065277777743]]]}}, {"type": "Feature", "properties": {"zone_id": 96, "risk_class": "high", "max_sink_m": 2, "mean_sink_m": 2, "cells": 4, "area_m2": 3182, "impervious_frac": 0.2, "min_dist_to_drain_m": 565, "centroid_lon": 73.057083, "centroid_lat": 33.702917}, "geometry": {"type": "Polygon", "coordinates": [[[73.05680555558908, 33.70263888888541], [73.05680555558908, 33.70319444444097], [73.05736111114463, 33.70319444444097], [73.05736111114463, 33.70263888888541], [73.05680555558908, 33.70263888888541]]]}}, {"type": "Feature", "properties": {"zone_id": 97, "risk_class": "high", "max_sink_m": 2, "mean_sink_m": 2, "cells": 3, "area_m2": 2386, "impervious_frac": 0.0, "min_dist_to_drain_m": 48, "centroid_lon": 73.067963, "centroid_lat": 33.702963}, "geometry": {"type": "Polygon", "coordinates": [[[73.06819444447797, 33.70263888888541], [73.06791666670019, 33.70263888888541], [73.06791666670019, 33.702916666663185], [73.06763888892242, 33.702916666663185], [73.06763888892242, 33.70319444444097], [73.06819444447797, 33.70319444444097], [73.06819444447797, 33.70263888888541]]]}}, {"type": "Feature", "properties": {"zone_id": 98, "risk_class": "high", "max_sink_m": 2, "mean_sink_m": 2, "cells": 7, "area_m2": 5568, "impervious_frac": 0.0, "min_dist_to_drain_m": 130, "centroid_lon": 73.04877, "centroid_lat": 33.700357}, "geometry": {"type": "Polygon", "coordinates": [[[73.04847222225574, 33.69986111110763], [73.04847222225574, 33.70069444444096], [73.04875000003352, 33.70069444444096], [73.04875000003352, 33.700972222218745], [73.0490277778113, 33.700972222218745], [73.0490277778113, 33.69986111110763], [73.04847222225574, 33.69986111110763]]]}}, {"type": "Feature", "properties": {"zone_id": 99, "risk_class": "high", "max_sink_m": 2, "mean_sink_m": 2, "cells": 5, "area_m2": 3977, "impervious_frac": 0.0, "min_dist_to_drain_m": 15, "centroid_lon": 73.045611, "centroid_lat": 33.699889}, "geometry": {"type": "Polygon", "coordinates": [[[73.04541666670019, 33.69986111110763], [73.04513888892241, 33.69986111110763], [73.04513888892241, 33.70013888888541], [73.04597222225574, 33.70013888888541], [73.04597222225574, 33.699583333329855], [73.04541666670019, 33.699583333329855], [73.04541666670019, 33.69986111110763]]]}}, {"type": "Feature", "properties": {"zone_id": 100, "risk_class": "high", "max_sink_m": 2, "mean_sink_m": 2, "cells": 4, "area_m2": 3182, "impervious_frac": 0.0, "min_dist_to_drain_m": 731, "centroid_lon": 73.056667, "centroid_lat": 33.699583}, "geometry": {"type": "Polygon", "coordinates": [[[73.05625000003351, 33.699583333329855], [73.0565277778113, 33.699583333329855], [73.0565277778113, 33.69986111110763], [73.05708333336685, 33.69986111110763], [73.05708333336685, 33.699583333329855], [73.05680555558908, 33.699583333329855], [73.05680555558908, 33.69930555555207], [73.05625000003351, 33.69930555555207], [73.05625000003351, 33.699583333329855]]]}}, {"type": "Feature", "properties": {"zone_id": 101, "risk_class": "high", "max_sink_m": 2, "mean_sink_m": 2, "cells": 7, "area_m2": 5568, "impervious_frac": 0.0, "min_dist_to_drain_m": 678, "centroid_lon": 73.056151, "centroid_lat": 33.697143}, "geometry": {"type": "Polygon", "coordinates": [[[73.05597222225575, 33.6965277777743], [73.05597222225575, 33.69736111110763], [73.05569444447796, 33.69736111110763], [73.05569444447796, 33.69763888888541], [73.05625000003351, 33.69763888888541], [73.05625000003351, 33.69736111110763], [73.0565277778113, 33.69736111110763], [73.0565277778113, 33.696805555552075], [73.05625000003351, 33.696805555552075], [73.05625000003351, 33.6965277777743], [73.05597222225575, 33.6965277777743]]]}}, {"type": "Feature", "properties": {"zone_id": 102, "risk_class": "high", "max_sink_m": 2, "mean_sink_m": 2, "cells": 3, "area_m2": 2386, "impervious_frac": 0.0, "min_dist_to_drain_m": 779, "centroid_lon": 73.016667, "centroid_lat": 33.693333}, "geometry": {"type": "Polygon", "coordinates": [[[73.01680555558907, 33.69291666666319], [73.01652777781129, 33.69291666666319], [73.01652777781129, 33.69374999999652], [73.01680555558907, 33.69374999999652], [73.01680555558907, 33.69291666666319]]]}}, {"type": "Feature", "properties": {"zone_id": 103, "risk_class": "high", "max_sink_m": 2, "mean_sink_m": 2, "cells": 6, "area_m2": 4773, "impervious_frac": 0.0, "min_dist_to_drain_m": 11, "centroid_lon": 73.043796, "centroid_lat": 33.693056}, "geometry": {"type": "Polygon", "coordinates": [[[73.0440277778113, 33.69291666666319], [73.04319444447796, 33.69291666666319], [73.04319444447796, 33.69319444444096], [73.04347222225574, 33.69319444444096], [73.04347222225574, 33.693472222218745], [73.04375000003353, 33.693472222218745], [73.04375000003353, 33.69319444444096], [73.04430555558908, 33.69319444444096], [73.04430555558908, 33.692638888885405], [73.0440277778113, 33.692638888885405], [73.0440277778113, 33.69291666666319]]]}}, {"type": "Feature", "properties": {"zone_id": 104, "risk_class": "high", "max_sink_m": 2, "mean_sink_m": 2, "cells": 3, "area_m2": 2386, "impervious_frac": 0.0, "min_dist_to_drain_m": 729, "centroid_lon": 73.016389, "centroid_lat": 33.6925}, "geometry": {"type": "Polygon", "coordinates": [[[73.01652777781129, 33.692083333329855], [73.01625000003352, 33.692083333329855], [73.01625000003352, 33.69291666666319], [73.01652777781129, 33.69291666666319], [73.01652777781129, 33.692083333329855]]]}}, {"type": "Feature", "properties": {"zone_id": 105, "risk_class": "high", "max_sink_m": 2, "mean_sink_m": 2, "cells": 8, "area_m2": 6364, "impervious_frac": 0.0, "min_dist_to_drain_m": 3, "centroid_lon": 73.062535, "centroid_lat": 33.692535}, "geometry": {"type": "Polygon", "coordinates": [[[73.06208333336686, 33.69236111110763], [73.06208333336686, 33.69291666666319], [73.06291666670019, 33.69291666666319], [73.06291666670019, 33.692083333329855], [73.06236111114464, 33.692083333329855], [73.06236111114464, 33.69236111110763], [73.06208333336686, 33.69236111110763]]]}}, {"type": "Feature", "properties": {"zone_id": 106, "risk_class": "high", "max_sink_m": 2, "mean_sink_m": 2, "cells": 5, "area_m2": 3977, "impervious_frac": 0.0, "min_dist_to_drain_m": 13, "centroid_lon": 73.049056, "centroid_lat": 33.691722}, "geometry": {"type": "Polygon", "coordinates": [[[73.04847222225574, 33.69180555555207], [73.0490277778113, 33.69180555555207], [73.0490277778113, 33.692083333329855], [73.04930555558907, 33.692083333329855], [73.04930555558907, 33.69180555555207], [73.04958333336685, 33.69180555555207], [73.04958333336685, 33.6915277777743], [73.04847222225574, 33.6915277777743], [73.04847222225574, 33.69180555555207]]]}}, {"type": "Feature", "properties": {"zone_id": 107, "risk_class": "high", "max_sink_m": 2, "mean_sink_m": 2, "cells": 4, "area_m2": 3182, "impervious_frac": 0.0, "min_dist_to_drain_m": 71, "centroid_lon": 73.044931, "centroid_lat": 33.691597}, "geometry": {"type": "Polygon", "coordinates": [[[73.04458333336686, 33.69124999999652], [73.04458333336686, 33.69180555555207], [73.04541666670019, 33.69180555555207], [73.04541666670019, 33.6915277777743], [73.04486111114463, 33.6915277777743], [73.04486111114463, 33.69124999999652], [73.04458333336686, 33.69124999999652]]]}}, {"type": "Feature", "properties": {"zone_id": 108, "risk_class": "high", "max_sink_m": 2, "mean_sink_m": 2, "cells": 3, "area_m2": 2386, "impervious_frac": 0.0, "min_dist_to_drain_m": 106, "centroid_lon": 73.0525, "centroid_lat": 33.691389}, "geometry": {"type": "Polygon", "coordinates": [[[73.05263888892242, 33.69097222221874], [73.05236111114463, 33.69097222221874], [73.05236111114463, 33.69180555555207], [73.05263888892242, 33.69180555555207], [73.05263888892242, 33.69097222221874]]]}}, {"type": "Feature", "properties": {"zone_id": 109, "risk_class": "high", "max_sink_m": 2, "mean_sink_m": 2, "cells": 3, "area_m2": 2386, "impervious_frac": 0.0, "min_dist_to_drain_m": 14, "centroid_lon": 73.036574, "centroid_lat": 33.690463}, "geometry": {"type": "Polygon", "coordinates": [[[73.03680555558907, 33.69013888888541], [73.0365277778113, 33.69013888888541], [73.0365277778113, 33.69041666666318], [73.03625000003352, 33.69041666666318], [73.03625000003352, 33.690694444440965], [73.03680555558907, 33.690694444440965], [73.03680555558907, 33.69013888888541]]]}}, {"type": "Feature", "properties": {"zone_id": 110, "risk_class": "high", "max_sink_m": 2, "mean_sink_m": 2, "cells": 3, "area_m2": 2386, "impervious_frac": 0.0, "min_dist_to_drain_m": 445, "centroid_lon": 73.057778, "centroid_lat": 33.689722}, "geometry": {"type": "Polygon", "coordinates": [[[73.05736111114463, 33.68958333332985], [73.05736111114463, 33.68986111110763], [73.05819444447796, 33.68986111110763], [73.05819444447796, 33.68958333332985], [73.05736111114463, 33.68958333332985]]]}}, {"type": "Feature", "properties": {"zone_id": 111, "risk_class": "high", "max_sink_m": 2, "mean_sink_m": 2, "cells": 3, "area_m2": 2386, "impervious_frac": 0.0, "min_dist_to_drain_m": 884, "centroid_lon": 73.02, "centroid_lat": 33.689444}, "geometry": {"type": "Polygon", "coordinates": [[[73.01958333336685, 33.689305555552075], [73.01958333336685, 33.68958333332985], [73.02041666670019, 33.68958333332985], [73.02041666670019, 33.689305555552075], [73.01958333336685, 33.689305555552075]]]}}, {"type": "Feature", "properties": {"zone_id": 112, "risk_class": "high", "max_sink_m": 2, "mean_sink_m": 2, "cells": 3, "area_m2": 2386, "impervious_frac": 0.0, "min_dist_to_drain_m": 340, "centroid_lon": 73.046574, "centroid_lat": 33.689259}, "geometry": {"type": "Polygon", "coordinates": [[[73.04625000003352, 33.6890277777743], [73.04625000003352, 33.689305555552075], [73.04652777781129, 33.689305555552075], [73.04652777781129, 33.68958333332985], [73.04680555558907, 33.68958333332985], [73.04680555558907, 33.6890277777743], [73.04625000003352, 33.6890277777743]]]}}, {"type": "Feature", "properties": {"zone_id": 113, "risk_class": "high", "max_sink_m": 2, "mean_sink_m": 2, "cells": 6, "area_m2": 4773, "impervious_frac": 0.0, "min_dist_to_drain_m": 715, "centroid_lon": 73.019028, "centroid_lat": 33.688472}, "geometry": {"type": "Polygon", "coordinates": [[[73.01875000003352, 33.687916666663185], [73.01875000003352, 33.68874999999652], [73.0190277778113, 33.68874999999652], [73.0190277778113, 33.6890277777743], [73.01930555558907, 33.6890277777743], [73.01930555558907, 33.68819444444096], [73.0190277778113, 33.68819444444096], [73.0190277778113, 33.687916666663185], [73.01875000003352, 33.687916666663185]]]}}, {"type": "Feature", "properties": {"zone_id": 114, "risk_class": "high", "max_sink_m": 2, "mean_sink_m": 2, "cells": 4, "area_m2": 3182, "impervious_frac": 0.0, "min_dist_to_drain_m": 7, "centroid_lon": 73.036597, "centroid_lat": 33.688333}, "geometry": {"type": "Polygon", "coordinates": [[[73.03680555558907, 33.687916666663185], [73.0365277778113, 33.687916666663185], [73.0365277778113, 33.68819444444096], [73.03625000003352, 33.68819444444096], [73.03625000003352, 33.68847222221874], [73.0365277778113, 33.68847222221874], [73.0365277778113, 33.68874999999652], [73.03680555558907, 33.68874999999652], [73.03680555558907, 33.687916666663185]]]}}, {"type": "Feature", "properties": {"zone_id": 115, "risk_class": "high", "max_sink_m": 2, "mean_sink_m": 2, "cells": 6, "area_m2": 4773, "impervious_frac": 0.0, "min_dist_to_drain_m": 151, "centroid_lon": 73.06912, "centroid_lat": 33.688426}, "geometry": {"type": "Polygon", "coordinates": [[[73.06875000003352, 33.687916666663185], [73.06875000003352, 33.68874999999652], [73.06958333336685, 33.68874999999652], [73.06958333336685, 33.68819444444096], [73.06930555558908, 33.68819444444096], [73.06930555558908, 33.68847222221874], [73.0690277778113, 33.68847222221874], [73.0690277778113, 33.687916666663185], [73.06875000003352, 33.687916666663185]]]}}, {"type": "Feature", "properties": {"zone_id": 116, "risk_class": "high", "max_sink_m": 2, "mean_sink_m": 2, "cells": 3, "area_m2": 2386, "impervious_frac": 0.0, "min_dist_to_drain_m": 25, "centroid_lon": 73.037037, "centroid_lat": 33.686481}, "geometry": {"type": "Polygon", "coordinates": [[[73.03680555558907, 33.68624999999652], [73.03680555558907, 33.68680555555208], [73.03708333336685, 33.68680555555208], [73.03708333336685, 33.686527777774295], [73.03736111114463, 33.686527777774295], [73.03736111114463, 33.68624999999652], [73.03680555558907, 33.68624999999652]]]}}, {"type": "Feature", "properties": {"zone_id": 117, "risk_class": "high", "max_sink_m": 2, "mean_sink_m": 2, "cells": 3, "area_m2": 2386, "impervious_frac": 0.0, "min_dist_to_drain_m": 372, "centroid_lon": 73.05713, "centroid_lat": 33.685926}, "geometry": {"type": "Polygon", "coordinates": [[[73.05680555558908, 33.68569444444096], [73.05680555558908, 33.68597222221874], [73.05708333336685, 33.68597222221874], [73.05708333336685, 33.68624999999652], [73.05736111114463, 33.68624999999652], [73.05736111114463, 33.68569444444096], [73.05680555558908, 33.68569444444096]]]}}, {"type": "Feature", "properties": {"zone_id": 118, "risk_class": "high", "max_sink_m": 2, "mean_sink_m": 2, "cells": 4, "area_m2": 3182, "impervious_frac": 0.0, "min_dist_to_drain_m": 223, "centroid_lon": 73.011111, "centroid_lat": 33.685139}, "geometry": {"type": "Polygon", "coordinates": [[[73.01069444447796, 33.685138888885405], [73.01097222225575, 33.685138888885405], [73.01097222225575, 33.68541666666319], [73.0115277778113, 33.68541666666319], [73.0115277778113, 33.685138888885405], [73.01125000003351, 33.685138888885405], [73.01125000003351, 33.68486111110763], [73.01069444447796, 33.68486111110763], [73.01069444447796, 33.685138888885405]]]}}, {"type": "Feature", "properties": {"zone_id": 119, "risk_class": "high", "max_sink_m": 2, "mean_sink_m": 2, "cells": 3, "area_m2": 2386, "impervious_frac": 0.0, "min_dist_to_drain_m": 932, "centroid_lon": 73.026111, "centroid_lat": 33.684167}, "geometry": {"type": "Polygon", "coordinates": [[[73.02569444447796, 33.6840277777743], [73.02569444447796, 33.68430555555207], [73.0265277778113, 33.68430555555207], [73.0265277778113, 33.6840277777743], [73.02569444447796, 33.6840277777743]]]}}, {"type": "Feature", "properties": {"zone_id": 120, "risk_class": "high", "max_sink_m": 2, "mean_sink_m": 2, "cells": 7, "area_m2": 5568, "impervious_frac": 0.0, "min_dist_to_drain_m": 797, "centroid_lon": 73.02496, "centroid_lat": 33.683532}, "geometry": {"type": "Polygon", "coordinates": [[[73.02513888892241, 33.683194444440964], [73.02458333336685, 33.683194444440964], [73.02458333336685, 33.68347222221874], [73.02430555558908, 33.68347222221874], [73.02430555558908, 33.683749999996515], [73.02569444447796, 33.683749999996515], [73.02569444447796, 33.68347222221874], [73.02513888892241, 33.68347222221874], [73.02513888892241, 33.683194444440964]]]}}, {"type": "Feature", "properties": {"zone_id": 121, "risk_class": "high", "max_sink_m": 2, "mean_sink_m": 2, "cells": 4, "area_m2": 3182, "impervious_frac": 0.0, "min_dist_to_drain_m": 844, "centroid_lon": 73.026736, "centroid_lat": 33.682847}, "geometry": {"type": "Polygon", "coordinates": [[[73.02625000003351, 33.68291666666318], [73.02680555558908, 33.68291666666318], [73.02680555558908, 33.683194444440964], [73.02708333336685, 33.683194444440964], [73.02708333336685, 33.68263888888541], [73.02625000003351, 33.68263888888541], [73.02625000003351, 33.68291666666318]]]}}, {"type": "Feature", "properties": {"zone_id": 122, "risk_class": "high", "max_sink_m": 2, "mean_sink_m": 2, "cells": 4, "area_m2": 3182, "impervious_frac": 0.0, "min_dist_to_drain_m": 13, "centroid_lon": 73.037292, "centroid_lat": 33.682847}, "geometry": {"type": "Polygon", "coordinates": [[[73.03708333336685, 33.68236111110763], [73.03708333336685, 33.683194444440964], [73.03763888892242, 33.683194444440964], [73.03763888892242, 33.68291666666318], [73.03736111114463, 33.68291666666318], [73.03736111114463, 33.68236111110763], [73.03708333336685, 33.68236111110763]]]}}, {"type": "Feature", "properties": {"zone_id": 123, "risk_class": "high", "max_sink_m": 2, "mean_sink_m": 2, "cells": 3, "area_m2": 2386, "impervious_frac": 0.0, "min_dist_to_drain_m": 24, "centroid_lon": 73.048426, "centroid_lat": 33.681019}, "geometry": {"type": "Polygon", "coordinates": [[[73.04847222225574, 33.68069444444096], [73.04819444447797, 33.68069444444096], [73.04819444447797, 33.68124999999652], [73.04875000003352, 33.68124999999652], [73.04875000003352, 33.68097222221874], [73.04847222225574, 33.68097222221874], [73.04847222225574, 33.68069444444096]]]}}, {"type": "Feature", "properties": {"zone_id": 124, "risk_class": "high", "max_sink_m": 2, "mean_sink_m": 2, "cells": 5, "area_m2": 3977, "impervious_frac": 0.0, "min_dist_to_drain_m": 678, "centroid_lon": 73.026944, "centroid_lat": 33.68}, "geometry": {"type": "Polygon", "coordinates": [[[73.02708333336685, 33.67958333332985], [73.02680555558908, 33.67958333332985], [73.02680555558908, 33.67986111110763], [73.0265277778113, 33.67986111110763], [73.0265277778113, 33.68013888888541], [73.02680555558908, 33.68013888888541], [73.02680555558908, 33.680416666663184], [73.02708333336685, 33.680416666663184], [73.02708333336685, 33.68013888888541], [73.02736111114463, 33.68013888888541], [73.02736111114463, 33.67986111110763], [73.02708333336685, 33.67986111110763], [73.02708333336685, 33.67958333332985]]]}}, {"type": "Feature", "properties": {"zone_id": 125, "risk_class": "high", "max_sink_m": 2, "mean_sink_m": 2, "cells": 4, "area_m2": 3182, "impervious_frac": 0.0, "min_dist_to_drain_m": 41, "centroid_lon": 73.040903, "centroid_lat": 33.680208}, "geometry": {"type": "Polygon", "coordinates": [[[73.04097222225575, 33.68013888888541], [73.04041666670018, 33.68013888888541], [73.04041666670018, 33.680416666663184], [73.04125000003351, 33.680416666663184], [73.04125000003351, 33.67986111110763], [73.04097222225575, 33.67986111110763], [73.04097222225575, 33.68013888888541]]]}}, {"type": "Feature", "properties": {"zone_id": 126, "risk_class": "high", "max_sink_m": 2, "mean_sink_m": 2, "cells": 5, "area_m2": 3977, "impervious_frac": 0.0, "min_dist_to_drain_m": 6, "centroid_lon": 73.0165, "centroid_lat": 33.6795}, "geometry": {"type": "Polygon", "coordinates": [[[73.01597222225574, 33.67958333332985], [73.01625000003352, 33.67958333332985], [73.01625000003352, 33.67986111110763], [73.01652777781129, 33.67986111110763], [73.01652777781129, 33.67958333332985], [73.01708333336686, 33.67958333332985], [73.01708333336686, 33.67930555555207], [73.01597222225574, 33.67930555555207], [73.01597222225574, 33.67958333332985]]]}}, {"type": "Feature", "properties": {"zone_id": 127, "risk_class": "high", "max_sink_m": 2, "mean_sink_m": 2, "cells": 3, "area_m2": 2386, "impervious_frac": 0.0, "min_dist_to_drain_m": 129, "centroid_lon": 73.047037, "centroid_lat": 33.679537}, "geometry": {"type": "Polygon", "coordinates": [[[73.04680555558907, 33.67930555555207], [73.04680555558907, 33.67986111110763], [73.04708333336686, 33.67986111110763], [73.04708333336686, 33.67958333332985], [73.04736111114462, 33.67958333332985], [73.04736111114462, 33.67930555555207], [73.04680555558907, 33.67930555555207]]]}}, {"type": "Feature", "properties": {"zone_id": 128, "risk_class": "high", "max_sink_m": 2, "mean_sink_m": 2, "cells": 3, "area_m2": 2386, "impervious_frac": 0.0, "min_dist_to_drain_m": 389, "centroid_lon": 73.034352, "centroid_lat": 33.679259}, "geometry": {"type": "Polygon", "coordinates": [[[73.0340277778113, 33.679027777774294], [73.0340277778113, 33.67930555555207], [73.03430555558907, 33.67930555555207], [73.03430555558907, 33.67958333332985], [73.03458333336685, 33.67958333332985], [73.03458333336685, 33.679027777774294], [73.0340277778113, 33.679027777774294]]]}}, {"type": "Feature", "properties": {"zone_id": 129, "risk_class": "high", "max_sink_m": 2, "mean_sink_m": 2, "cells": 3, "area_m2": 2386, "impervious_frac": 0.0, "min_dist_to_drain_m": 24, "centroid_lon": 73.061574, "centroid_lat": 33.679352}, "geometry": {"type": "Polygon", "coordinates": [[[73.06180555558907, 33.679027777774294], [73.06152777781129, 33.679027777774294], [73.06152777781129, 33.67930555555207], [73.06125000003352, 33.67930555555207], [73.06125000003352, 33.67958333332985], [73.06180555558907, 33.67958333332985], [73.06180555558907, 33.679027777774294]]]}}, {"type": "Feature", "properties": {"zone_id": 130, "risk_class": "high", "max_sink_m": 2, "mean_sink_m": 2, "cells": 3, "area_m2": 2386, "impervious_frac": 0.0, "min_dist_to_drain_m": 525, "centroid_lon": 73.073148, "centroid_lat": 33.678519}, "geometry": {"type": "Polygon", "coordinates": [[[73.07319444447796, 33.67819444444096], [73.0729166667002, 33.67819444444096], [73.0729166667002, 33.67874999999652], [73.07347222225575, 33.67874999999652], [73.07347222225575, 33.67847222221874], [73.07319444447796, 33.67847222221874], [73.07319444447796, 33.67819444444096]]]}}, {"type": "Feature", "properties": {"zone_id": 131, "risk_class": "high", "max_sink_m": 2, "mean_sink_m": 2, "cells": 8, "area_m2": 6364, "impervious_frac": 0.0, "min_dist_to_drain_m": 6, "centroid_lon": 73.066944, "centroid_lat": 33.677882}, "geometry": {"type": "Polygon", "coordinates": [[[73.0665277778113, 33.67736111110763], [73.0665277778113, 33.67819444444096], [73.06708333336685, 33.67819444444096], [73.06708333336685, 33.67847222221874], [73.06736111114463, 33.67847222221874], [73.06736111114463, 33.677638888885404], [73.06708333336685, 33.677638888885404], [73.06708333336685, 33.67736111110763], [73.0665277778113, 33.67736111110763]], [[73.06708333336685, 33.67791666666319], [73.06680555558907, 33.67791666666319], [73.06680555558907, 33.677638888885404], [73.06708333336685, 33.677638888885404], [73.06708333336685, 33.67791666666319]]]}}, {"type": "Feature", "properties": {"zone_id": 132, "risk_class": "high", "max_sink_m": 2, "mean_sink_m": 2, "cells": 6, "area_m2": 4773, "impervious_frac": 0.0, "min_dist_to_drain_m": 263, "centroid_lon": 73.057407, "centroid_lat": 33.677963}, "geometry": {"type": "Polygon", "coordinates": [[[73.05736111114463, 33.677638888885404], [73.05708333336685, 33.677638888885404], [73.05708333336685, 33.67791666666319], [73.05680555558908, 33.67791666666319], [73.05680555558908, 33.67819444444096], [73.0579166667002, 33.67819444444096], [73.0579166667002, 33.677638888885404], [73.05763888892241, 33.677638888885404], [73.05763888892241, 33.67791666666319], [73.05736111114463, 33.67791666666319], [73.05736111114463, 33.677638888885404]]]}}, {"type": "Feature", "properties": {"zone_id": 133, "risk_class": "high", "max_sink_m": 2, "mean_sink_m": 2, "cells": 8, "area_m2": 6364, "impervious_frac": 0.286, "min_dist_to_drain_m": 20, "centroid_lon": 73.011597, "centroid_lat": 33.677257}, "geometry": {"type": "Polygon", "coordinates": [[[73.01125000003351, 33.67680555555207], [73.01125000003351, 33.67791666666319], [73.0115277778113, 33.67791666666319], [73.0115277778113, 33.677638888885404], [73.01180555558908, 33.677638888885404], [73.01180555558908, 33.67736111110763], [73.01208333336685, 33.67736111110763], [73.01208333336685, 33.67680555555207], [73.01125000003351, 33.67680555555207]], [[73.0115277778113, 33.67736111110763], [73.0115277778113, 33.67708333332985], [73.01180555558908, 33.67708333332985], [73.01180555558908, 33.67736111110763], [73.0115277778113, 33.67736111110763]]]}}, {"type": "Feature", "properties": {"zone_id": 134, "risk_class": "high", "max_sink_m": 2, "mean_sink_m": 2, "cells": 3, "area_m2": 2386, "impervious_frac": 0.0, "min_dist_to_drain_m": 848, "centroid_lon": 73.078056, "centroid_lat": 33.6775}, "geometry": {"type": "Polygon", "coordinates": [[[73.07763888892241, 33.67736111110763], [73.07763888892241, 33.677638888885404], [73.07847222225574, 33.677638888885404], [73.07847222225574, 33.67736111110763], [73.07763888892241, 33.67736111110763]]]}}, {"type": "Feature", "properties": {"zone_id": 135, "risk_class": "high", "max_sink_m": 2, "mean_sink_m": 2, "cells": 3, "area_m2": 2386, "impervious_frac": 0.0, "min_dist_to_drain_m": 490, "centroid_lon": 73.073704, "centroid_lat": 33.677037}, "geometry": {"type": "Polygon", "coordinates": [[[73.07347222225575, 33.67680555555207], [73.07347222225575, 33.67736111110763], [73.07375000003353, 33.67736111110763], [73.07375000003353, 33.67708333332985], [73.0740277778113, 33.67708333332985], [73.0740277778113, 33.67680555555207], [73.07347222225575, 33.67680555555207]]]}}, {"type": "Feature", "properties": {"zone_id": 136, "risk_class": "high", "max_sink_m": 2, "mean_sink_m": 2, "cells": 3, "area_m2": 2386, "impervious_frac": 0.0, "min_dist_to_drain_m": 568, "centroid_lon": 73.037407, "centroid_lat": 33.676204}, "geometry": {"type": "Polygon", "coordinates": [[[73.03708333336685, 33.67597222221874], [73.03708333336685, 33.676249999996514], [73.03736111114463, 33.676249999996514], [73.03736111114463, 33.6765277777743], [73.03763888892242, 33.6765277777743], [73.03763888892242, 33.67597222221874], [73.03708333336685, 33.67597222221874]]]}}, {"type": "Feature", "properties": {"zone_id": 137, "risk_class": "high", "max_sink_m": 2, "mean_sink_m": 2, "cells": 3, "area_m2": 2386, "impervious_frac": 0.0, "min_dist_to_drain_m": 43, "centroid_lon": 73.018796, "centroid_lat": 33.675648}, "geometry": {"type": "Polygon", "coordinates": [[[73.01847222225574, 33.67541666666318], [73.01847222225574, 33.675694444440964], [73.01875000003352, 33.675694444440964], [73.01875000003352, 33.67597222221874], [73.0190277778113, 33.67597222221874], [73.0190277778113, 33.67541666666318], [73.01847222225574, 33.67541666666318]]]}}, {"type": "Feature", "properties": {"zone_id": 138, "risk_class": "high", "max_sink_m": 2, "mean_sink_m": 2, "cells": 3, "area_m2": 2386, "impervious_frac": 0.0, "min_dist_to_drain_m": 38, "centroid_lon": 73.068796, "centroid_lat": 33.675185}, "geometry": {"type": "Polygon", "coordinates": [[[73.0690277778113, 33.674861111107624], [73.06875000003352, 33.674861111107624], [73.06875000003352, 33.67513888888541], [73.06847222225575, 33.67513888888541], [73.06847222225575, 33.67541666666318], [73.0690277778113, 33.67541666666318], [73.0690277778113, 33.674861111107624]]]}}, {"type": "Feature", "properties": {"zone_id": 139, "risk_class": "high", "max_sink_m": 2, "mean_sink_m": 2, "cells": 3, "area_m2": 2386, "impervious_frac": 0.0, "min_dist_to_drain_m": 943, "centroid_lon": 73.079815, "centroid_lat": 33.675185}, "geometry": {"type": "Polygon", "coordinates": [[[73.07986111114464, 33.674861111107624], [73.07958333336686, 33.674861111107624], [73.07958333336686, 33.67541666666318], [73.0801388889224, 33.67541666666318], [73.0801388889224, 33.67513888888541], [73.07986111114464, 33.67513888888541], [73.07986111114464, 33.674861111107624]]]}}, {"type": "Feature", "properties": {"zone_id": 140, "risk_class": "high", "max_sink_m": 2, "mean_sink_m": 2, "cells": 4, "area_m2": 3182, "impervious_frac": 0.0, "min_dist_to_drain_m": 541, "centroid_lon": 73.031667, "centroid_lat": 33.672569}, "geometry": {"type": "Polygon", "coordinates": [[[73.03125000003352, 33.6726388888854], [73.03152777781129, 33.6726388888854], [73.03152777781129, 33.672916666663184], [73.03180555558907, 33.672916666663184], [73.03180555558907, 33.6726388888854], [73.03208333336686, 33.6726388888854], [73.03208333336686, 33.67236111110763], [73.03125000003352, 33.67236111110763], [73.03125000003352, 33.6726388888854]]]}}, {"type": "Feature", "properties": {"zone_id": 141, "risk_class": "high", "max_sink_m": 2, "mean_sink_m": 2, "cells": 3, "area_m2": 2386, "impervious_frac": 0.0, "min_dist_to_drain_m": 162, "centroid_lon": 73.064907, "centroid_lat": 33.672685}, "geometry": {"type": "Polygon", "coordinates": [[[73.0651388889224, 33.67236111110763], [73.06486111114464, 33.67236111110763], [73.06486111114464, 33.6726388888854], [73.06458333336685, 33.6726388888854], [73.06458333336685, 33.672916666663184], [73.0651388889224, 33.672916666663184], [73.0651388889224, 33.67236111110763]]]}}, {"type": "Feature", "properties": {"zone_id": 142, "risk_class": "high", "max_sink_m": 2, "mean_sink_m": 2, "cells": 3, "area_m2": 2386, "impervious_frac": 0.0, "min_dist_to_drain_m": 46, "centroid_lon": 73.061852, "centroid_lat": 33.672037}, "geometry": {"type": "Polygon", "coordinates": [[[73.06152777781129, 33.67180555555207], [73.06152777781129, 33.67208333332985], [73.06180555558907, 33.67208333332985], [73.06180555558907, 33.67236111110763], [73.06208333336686, 33.67236111110763], [73.06208333336686, 33.67180555555207], [73.06152777781129, 33.67180555555207]]]}}, {"type": "Feature", "properties": {"zone_id": 143, "risk_class": "high", "max_sink_m": 2, "mean_sink_m": 2, "cells": 4, "area_m2": 3182, "impervious_frac": 0.0, "min_dist_to_drain_m": 245, "centroid_lon": 73.045069, "centroid_lat": 33.671736}, "geometry": {"type": "Polygon", "coordinates": [[[73.04458333336686, 33.67180555555207], [73.04513888892241, 33.67180555555207], [73.04513888892241, 33.67208333332985], [73.04541666670019, 33.67208333332985], [73.04541666670019, 33.671527777774294], [73.04458333336686, 33.671527777774294], [73.04458333336686, 33.67180555555207]]]}}, {"type": "Feature", "properties": {"zone_id": 144, "risk_class": "moderate", "max_sink_m": 1, "mean_sink_m": 1, "cells": 5, "area_m2": 3977, "impervious_frac": 0.0, "min_dist_to_drain_m": 329, "centroid_lon": 73.036611, "centroid_lat": 33.728056}, "geometry": {"type": "Polygon", "coordinates": [[[73.03680555558907, 33.727638888885416], [73.0365277778113, 33.727638888885416], [73.0365277778113, 33.72791666666319], [73.03625000003352, 33.72791666666319], [73.03625000003352, 33.72847222221875], [73.0365277778113, 33.72847222221875], [73.0365277778113, 33.72819444444097], [73.03708333336685, 33.72819444444097], [73.03708333336685, 33.72791666666319], [73.03680555558907, 33.72791666666319], [73.03680555558907, 33.727638888885416]]]}}, {"type": "Feature", "properties": {"zone_id": 145, "risk_class": "moderate", "max_sink_m": 1, "mean_sink_m": 1, "cells": 3, "area_m2": 2386, "impervious_frac": 0.0, "min_dist_to_drain_m": 389, "centroid_lon": 73.077593, "centroid_lat": 33.728241}, "geometry": {"type": "Polygon", "coordinates": [[[73.07763888892241, 33.72791666666319], [73.07736111114463, 33.72791666666319], [73.07736111114463, 33.72847222221875], [73.07791666670019, 33.72847222221875], [73.07791666670019, 33.72819444444097], [73.07763888892241, 33.72819444444097], [73.07763888892241, 33.72791666666319]]]}}, {"type": "Feature", "properties": {"zone_id": 146, "risk_class": "moderate", "max_sink_m": 1, "mean_sink_m": 1, "cells": 7, "area_m2": 5568, "impervious_frac": 0.0, "min_dist_to_drain_m": 430, "centroid_lon": 73.019484, "centroid_lat": 33.725873}, "geometry": {"type": "Polygon", "coordinates": [[[73.0201388889224, 33.72569444444097], [73.0201388889224, 33.72541666666319], [73.01958333336685, 33.72541666666319], [73.01958333336685, 33.72569444444097], [73.01930555558907, 33.72569444444097], [73.01930555558907, 33.72597222221875], [73.01875000003352, 33.72597222221875], [73.01875000003352, 33.726249999996526], [73.01958333336685, 33.726249999996526], [73.01958333336685, 33.72597222221875], [73.01986111114464, 33.72597222221875], [73.01986111114464, 33.72569444444097], [73.0201388889224, 33.72569444444097]]]}}, {"type": "Feature", "properties": {"zone_id": 147, "risk_class": "moderate", "max_sink_m": 1, "mean_sink_m": 1, "cells": 6, "area_m2": 4773, "impervious_frac": 0.314, "min_dist_to_drain_m": 316, "centroid_lon": 73.076667, "centroid_lat": 33.725694}, "geometry": {"type": "Polygon", "coordinates": [[[73.07625000003353, 33.72541666666319], [73.07625000003353, 33.72597222221875], [73.07708333336686, 33.72597222221875], [73.07708333336686, 33.72541666666319], [73.07625000003353, 33.72541666666319]]]}}, {"type": "Feature", "properties": {"zone_id": 148, "risk_class": "moderate", "max_sink_m": 1, "mean_sink_m": 1, "cells": 6, "area_m2": 4773, "impervious_frac": 0.0, "min_dist_to_drain_m": 366, "centroid_lon": 73.014306, "centroid_lat": 33.724722}, "geometry": {"type": "Polygon", "coordinates": [[[73.0140277778113, 33.72430555555208], [73.0140277778113, 33.72513888888541], [73.01458333336686, 33.72513888888541], [73.01458333336686, 33.72430555555208], [73.0140277778113, 33.72430555555208]]]}}, {"type": "Feature", "properties": {"zone_id": 149, "risk_class": "moderate", "max_sink_m": 1, "mean_sink_m": 1, "cells": 3, "area_m2": 2386, "impervious_frac": 0.0, "min_dist_to_drain_m": 486, "centroid_lon": 73.079352, "centroid_lat": 33.724815}, "geometry": {"type": "Polygon", "coordinates": [[[73.0790277778113, 33.72458333332986], [73.0790277778113, 33.724861111107636], [73.07930555558907, 33.724861111107636], [73.07930555558907, 33.72513888888541], [73.07958333336686, 33.72513888888541], [73.07958333336686, 33.72458333332986], [73.0790277778113, 33.72458333332986]]]}}, {"type": "Feature", "properties": {"zone_id": 150, "risk_class": "moderate", "max_sink_m": 1, "mean_sink_m": 1, "cells": 6, "area_m2": 4773, "impervious_frac": 0.0, "min_dist_to_drain_m": 443, "centroid_lon": 73.025185, "centroid_lat": 33.724583}, "geometry": {"type": "Polygon", "coordinates": [[[73.02486111114463, 33.72458333332986], [73.02458333336685, 33.72458333332986], [73.02458333336685, 33.724861111107636], [73.02513888892241, 33.724861111107636], [73.02513888892241, 33.72458333332986], [73.02541666670018, 33.72458333332986], [73.02541666670018, 33.724861111107636], [73.02569444447796, 33.724861111107636], [73.02569444447796, 33.72430555555208], [73.02486111114463, 33.72430555555208], [73.02486111114463, 33.72458333332986]]]}}, {"type": "Feature", "properties": {"zone_id": 151, "risk_class": "moderate", "max_sink_m": 1, "mean_sink_m": 1, "cells": 11, "area_m2": 8750, "impervious_frac": 0.0, "min_dist_to_drain_m": 314, "centroid_lon": 73.039722, "centroid_lat": 33.724192}, "geometry": {"type": "Polygon", "coordinates": [[[73.0390277778113, 33.72430555555208], [73.03930555558908, 33.72430555555208], [73.03930555558908, 33.72458333332986], [73.04041666670018, 33.72458333332986], [73.04041666670018, 33.7240277777743], [73.03986111114463, 33.7240277777743], [73.03986111114463, 33.72374999999653], [73.0390277778113, 33.72374999999653], [73.0390277778113, 33.72430555555208]], [[73.03930555558908, 33.7240277777743], [73.03958333336685, 33.7240277777743], [73.03958333336685, 33.72430555555208], [73.03930555558908, 33.72430555555208], [73.03930555558908, 33.7240277777743]]]}}, {"type": "Feature", "properties": {"zone_id": 152, "risk_class": "moderate", "max_sink_m": 1, "mean_sink_m": 1, "cells": 3, "area_m2": 2386, "impervious_frac": 0.0, "min_dist_to_drain_m": 319, "centroid_lon": 73.066296, "centroid_lat": 33.724074}, "geometry": {"type": "Polygon", "coordinates": [[[73.0665277778113, 33.72374999999653], [73.06625000003352, 33.72374999999653], [73.06625000003352, 33.7240277777743], [73.06597222225574, 33.7240277777743], [73.06597222225574, 33.72430555555208], [73.0665277778113, 33.72430555555208], [73.0665277778113, 33.72374999999653]]]}}, {"type": "Feature", "properties": {"zone_id": 153, "risk_class": "moderate", "max_sink_m": 1, "mean_sink_m": 1, "cells": 6, "area_m2": 4773, "impervious_frac": 0.0, "min_dist_to_drain_m": 443, "centroid_lon": 73.079769, "centroid_lat": 33.724074}, "geometry": {"type": "Polygon", "coordinates": [[[73.07930555558907, 33.72374999999653], [73.07930555558907, 33.72430555555208], [73.08041666670019, 33.72430555555208], [73.08041666670019, 33.7240277777743], [73.07986111114464, 33.7240277777743], [73.07986111114464, 33.72374999999653], [73.07930555558907, 33.72374999999653]]]}}, {"type": "Feature", "properties": {"zone_id": 154, "risk_class": "moderate", "max_sink_m": 1, "mean_sink_m": 1, "cells": 3, "area_m2": 2386, "impervious_frac": 0.0, "min_dist_to_drain_m": 491, "centroid_lon": 73.037037, "centroid_lat": 33.723704}, "geometry": {"type": "Polygon", "coordinates": [[[73.03680555558907, 33.723472222218746], [73.03680555558907, 33.7240277777743], [73.03708333336685, 33.7240277777743], [73.03708333336685, 33.72374999999653], [73.03736111114463, 33.72374999999653], [73.03736111114463, 33.723472222218746], [73.03680555558907, 33.723472222218746]]]}}, {"type": "Feature", "properties": {"zone_id": 155, "risk_class": "moderate", "max_sink_m": 1, "mean_sink_m": 1, "cells": 4, "area_m2": 3182, "impervious_frac": 0.0, "min_dist_to_drain_m": 483, "centroid_lon": 73.077778, "centroid_lat": 33.723472}, "geometry": {"type": "Polygon", "coordinates": [[[73.07736111114463, 33.723472222218746], [73.07763888892241, 33.723472222218746], [73.07763888892241, 33.72374999999653], [73.07819444447797, 33.72374999999653], [73.07819444447797, 33.723472222218746], [73.07791666670019, 33.723472222218746], [73.07791666670019, 33.72319444444097], [73.07736111114463, 33.72319444444097], [73.07736111114463, 33.723472222218746]]]}}, {"type": "Feature", "properties": {"zone_id": 156, "risk_class": "moderate", "max_sink_m": 1, "mean_sink_m": 1, "cells": 3, "area_m2": 2386, "impervious_frac": 0.0, "min_dist_to_drain_m": 555, "centroid_lon": 73.036296, "centroid_lat": 33.72287}, "geometry": {"type": "Polygon", "coordinates": [[[73.03597222225574, 33.72263888888541], [73.03597222225574, 33.72291666666319], [73.03625000003352, 33.72291666666319], [73.03625000003352, 33.72319444444097], [73.0365277778113, 33.72319444444097], [73.0365277778113, 33.72263888888541], [73.03597222225574, 33.72263888888541]]]}}, {"type": "Feature", "properties": {"zone_id": 157, "risk_class": "moderate", "max_sink_m": 1, "mean_sink_m": 1, "cells": 4, "area_m2": 3182, "impervious_frac": 0.0, "min_dist_to_drain_m": 434, "centroid_lon": 73.077847, "centroid_lat": 33.722222}, "geometry": {"type": "Polygon", "coordinates": [[[73.07763888892241, 33.72180555555208], [73.07763888892241, 33.72263888888541], [73.07791666670019, 33.72263888888541], [73.07791666670019, 33.72236111110764], [73.07819444447797, 33.72236111110764], [73.07819444447797, 33.722083333329856], [73.07791666670019, 33.722083333329856], [73.07791666670019, 33.72180555555208], [73.07763888892241, 33.72180555555208]]]}}, {"type": "Feature", "properties": {"zone_id": 158, "risk_class": "moderate", "max_sink_m": 1, "mean_sink_m": 1, "cells": 4, "area_m2": 3182, "impervious_frac": 0.0, "min_dist_to_drain_m": 632, "centroid_lon": 73.037222, "centroid_lat": 33.722014}, "geometry": {"type": "Polygon", "coordinates": [[[73.03680555558907, 33.722083333329856], [73.03708333336685, 33.722083333329856], [73.03708333336685, 33.72236111110764], [73.03736111114463, 33.72236111110764], [73.03736111114463, 33.722083333329856], [73.03763888892242, 33.722083333329856], [73.03763888892242, 33.72180555555208], [73.03680555558907, 33.72180555555208], [73.03680555558907, 33.722083333329856]]]}}, {"type": "Feature", "properties": {"zone_id": 159, "risk_class": "moderate", "max_sink_m": 1, "mean_sink_m": 1, "cells": 5, "area_m2": 3977, "impervious_frac": 0.0, "min_dist_to_drain_m": 541, "centroid_lon": 73.017, "centroid_lat": 33.7215}, "geometry": {"type": "Polygon", "coordinates": [[[73.01652777781129, 33.721527777774305], [73.01680555558907, 33.721527777774305], [73.01680555558907, 33.72180555555208], [73.01736111114462, 33.72180555555208], [73.01736111114462, 33.72124999999652], [73.01652777781129, 33.72124999999652], [73.01652777781129, 33.721527777774305]]]}}, {"type": "Feature", "properties": {"zone_id": 160, "risk_class": "moderate", "max_sink_m": 1, "mean_sink_m": 1, "cells": 4, "area_m2": 3182, "impervious_frac": 0.0, "min_dist_to_drain_m": 369, "centroid_lon": 73.067083, "centroid_lat": 33.721389}, "geometry": {"type": "Polygon", "coordinates": [[[73.06736111114463, 33.72097222221875], [73.06708333336685, 33.72097222221875], [73.06708333336685, 33.72124999999652], [73.06680555558907, 33.72124999999652], [73.06680555558907, 33.72180555555208], [73.06708333336685, 33.72180555555208], [73.06708333336685, 33.721527777774305], [73.06736111114463, 33.721527777774305], [73.06736111114463, 33.72097222221875]]]}}, {"type": "Feature", "properties": {"zone_id": 161, "risk_class": "moderate", "max_sink_m": 1, "mean_sink_m": 1, "cells": 7, "area_m2": 5568, "impervious_frac": 0.0, "min_dist_to_drain_m": 553, "centroid_lon": 73.039762, "centroid_lat": 33.720476}, "geometry": {"type": "Polygon", "coordinates": [[[73.03930555558908, 33.720138888885415], [73.03930555558908, 33.720694444440966], [73.03986111114463, 33.720694444440966], [73.03986111114463, 33.72097222221875], [73.04013888892241, 33.72097222221875], [73.04013888892241, 33.720138888885415], [73.03930555558908, 33.720138888885415]]]}}, {"type": "Feature", "properties": {"zone_id": 162, "risk_class": "moderate", "max_sink_m": 1, "mean_sink_m": 1, "cells": 3, "area_m2": 2386, "impervious_frac": 0.0, "min_dist_to_drain_m": 581, "centroid_lon": 73.035556, "centroid_lat": 33.719722}, "geometry": {"type": "Polygon", "coordinates": [[[73.03569444447797, 33.71930555555208], [73.03541666670019, 33.71930555555208], [73.03541666670019, 33.720138888885415], [73.03569444447797, 33.720138888885415], [73.03569444447797, 33.71930555555208]]]}}, {"type": "Feature", "properties": {"zone_id": 163, "risk_class": "moderate", "max_sink_m": 1, "mean_sink_m": 1, "cells": 4, "area_m2": 3182, "impervious_frac": 0.0, "min_dist_to_drain_m": 350, "centroid_lon": 73.017639, "centroid_lat": 33.719028}, "geometry": {"type": "Polygon", "coordinates": [[[73.01736111114462, 33.718749999996525], [73.01736111114462, 33.71930555555208], [73.01791666670019, 33.71930555555208], [73.01791666670019, 33.718749999996525], [73.01736111114462, 33.718749999996525]]]}}, {"type": "Feature", "properties": {"zone_id": 164, "risk_class": "moderate", "max_sink_m": 1, "mean_sink_m": 1, "cells": 3, "area_m2": 2386, "impervious_frac": 0.353, "min_dist_to_drain_m": 435, "centroid_lon": 73.042315, "centroid_lat": 33.718796}, "geometry": {"type": "Polygon", "coordinates": [[[73.04236111114463, 33.71847222221874], [73.04208333336685, 33.71847222221874], [73.04208333336685, 33.7190277777743], [73.04263888892241, 33.7190277777743], [73.04263888892241, 33.718749999996525], [73.04236111114463, 33.718749999996525], [73.04236111114463, 33.71847222221874]]]}}, {"type": "Feature", "properties": {"zone_id": 165, "risk_class": "moderate", "max_sink_m": 1, "mean_sink_m": 1, "cells": 6, "area_m2": 4773, "impervious_frac": 0.0, "min_dist_to_drain_m": 327, "centroid_lon": 73.052824, "centroid_lat": 33.718056}, "geometry": {"type": "Polygon", "coordinates": [[[73.05236111114463, 33.71763888888541], [73.05236111114463, 33.71819444444097], [73.05263888892242, 33.71819444444097], [73.05263888892242, 33.71847222221874], [73.05291666670018, 33.71847222221874], [73.05291666670018, 33.71819444444097], [73.05347222225575, 33.71819444444097], [73.05347222225575, 33.71791666666319], [73.05263888892242, 33.71791666666319], [73.05263888892242, 33.71763888888541], [73.05236111114463, 33.71763888888541]]]}}, {"type": "Feature", "properties": {"zone_id": 166, "risk_class": "moderate", "max_sink_m": 1, "mean_sink_m": 1, "cells": 4, "area_m2": 3182, "impervious_frac": 0.122, "min_dist_to_drain_m": 641, "centroid_lon": 73.083472, "centroid_lat": 33.717222}, "geometry": {"type": "Polygon", "coordinates": [[[73.08375000003352, 33.71680555555208], [73.08347222225575, 33.71680555555208], [73.08347222225575, 33.71708333332986], [73.08319444447797, 33.71708333332986], [73.08319444447797, 33.71763888888541], [73.08347222225575, 33.71763888888541], [73.08347222225575, 33.717361111107635], [73.08375000003352, 33.717361111107635], [73.08375000003352, 33.71680555555208]]]}}, {"type": "Feature", "properties": {"zone_id": 167, "risk_class": "moderate", "max_sink_m": 1, "mean_sink_m": 1, "cells": 9, "area_m2": 7159, "impervious_frac": 0.0, "min_dist_to_drain_m": 317, "centroid_lon": 73.06713, "centroid_lat": 33.71713}, "geometry": {"type": "Polygon", "coordinates": [[[73.06763888892242, 33.71708333332986], [73.06819444447797, 33.71708333332986], [73.06819444447797, 33.71680555555208], [73.06736111114463, 33.71680555555208], [73.06736111114463, 33.71708333332986], [73.06597222225574, 33.71708333332986], [73.06597222225574, 33.717361111107635], [73.06763888892242, 33.717361111107635], [73.06763888892242, 33.71708333332986]]]}}, {"type": "Feature", "properties": {"zone_id": 168, "risk_class": "moderate", "max_sink_m": 1, "mean_sink_m": 1, "cells": 4, "area_m2": 3182, "impervious_frac": 0.0, "min_dist_to_drain_m": 696, "centroid_lon": 73.083958, "centroid_lat": 33.716181}, "geometry": {"type": "Polygon", "coordinates": [[[73.08375000003352, 33.71569444444097], [73.08375000003352, 33.7165277777743], [73.08430555558908, 33.7165277777743], [73.08430555558908, 33.71624999999652], [73.0840277778113, 33.71624999999652], [73.0840277778113, 33.71569444444097], [73.08375000003352, 33.71569444444097]]]}}, {"type": "Feature", "properties": {"zone_id": 169, "risk_class": "moderate", "max_sink_m": 1, "mean_sink_m": 1, "cells": 3, "area_m2": 2386, "impervious_frac": 0.0, "min_dist_to_drain_m": 622, "centroid_lon": 73.083056, "centroid_lat": 33.714722}, "geometry": {"type": "Polygon", "coordinates": [[[73.08263888892242, 33.714583333329855], [73.08263888892242, 33.71486111110764], [73.08347222225575, 33.71486111110764], [73.08347222225575, 33.714583333329855], [73.08263888892242, 33.714583333329855]]]}}, {"type": "Feature", "properties": {"zone_id": 170, "risk_class": "moderate", "max_sink_m": 1, "mean_sink_m": 1, "cells": 7, "area_m2": 5568, "impervious_frac": 0.0, "min_dist_to_drain_m": 461, "centroid_lon": 73.050635, "centroid_lat": 33.71369}, "geometry": {"type": "Polygon", "coordinates": [[[73.05041666670019, 33.713194444440965], [73.05041666670019, 33.7140277777743], [73.0501388889224, 33.7140277777743], [73.0501388889224, 33.71430555555208], [73.05069444447797, 33.71430555555208], [73.05069444447797, 33.71347222221875], [73.05125000003352, 33.71347222221875], [73.05125000003352, 33.713194444440965], [73.05041666670019, 33.713194444440965]]]}}, {"type": "Feature", "properties": {"zone_id": 171, "risk_class": "moderate", "max_sink_m": 1, "mean_sink_m": 1, "cells": 4, "area_m2": 3182, "impervious_frac": 0.0, "min_dist_to_drain_m": 476, "centroid_lon": 73.070694, "centroid_lat": 33.713889}, "geometry": {"type": "Polygon", "coordinates": [[[73.07041666670018, 33.71347222221875], [73.07041666670018, 33.7140277777743], [73.07069444447797, 33.7140277777743], [73.07069444447797, 33.71430555555208], [73.07097222225575, 33.71430555555208], [73.07097222225575, 33.71374999999652], [73.07069444447797, 33.71374999999652], [73.07069444447797, 33.71347222221875], [73.07041666670018, 33.71347222221875]]]}}, {"type": "Feature", "properties": {"zone_id": 172, "risk_class": "moderate", "max_sink_m": 1, "mean_sink_m": 1, "cells": 4, "area_m2": 3182, "impervious_frac": 0.0, "min_dist_to_drain_m": 345, "centroid_lon": 73.04875, "centroid_lat": 33.713194}, "geometry": {"type": "Polygon", "coordinates": [[[73.04847222225574, 33.71291666666319], [73.04847222225574, 33.71347222221875], [73.0490277778113, 33.71347222221875], [73.0490277778113, 33.71291666666319], [73.04847222225574, 33.71291666666319]]]}}, {"type": "Feature", "properties": {"zone_id": 173, "risk_class": "moderate", "max_sink_m": 1, "mean_sink_m": 1, "cells": 3, "area_m2": 2386, "impervious_frac": 0.0, "min_dist_to_drain_m": 388, "centroid_lon": 73.01963, "centroid_lat": 33.712593}, "geometry": {"type": "Polygon", "coordinates": [[[73.01930555558907, 33.71236111110763], [73.01930555558907, 33.712638888885415], [73.01958333336685, 33.712638888885415], [73.01958333336685, 33.71291666666319], [73.01986111114464, 33.71291666666319], [73.01986111114464, 33.71236111110763], [73.01930555558907, 33.71236111110763]]]}}, {"type": "Feature", "properties": {"zone_id": 174, "risk_class": "moderate", "max_sink_m": 1, "mean_sink_m": 1, "cells": 9, "area_m2": 7159, "impervious_frac": 0.158, "min_dist_to_drain_m": 378, "centroid_lon": 73.053858, "centroid_lat": 33.712562}, "geometry": {"type": "Polygon", "coordinates": [[[73.05347222225575, 33.71236111110763], [73.05347222225575, 33.712638888885415], [73.05319444447797, 33.712638888885415], [73.05319444447797, 33.71291666666319], [73.05430555558908, 33.71291666666319], [73.05430555558908, 33.71208333332986], [73.05375000003352, 33.71208333332986], [73.05375000003352, 33.71236111110763], [73.05347222225575, 33.71236111110763]]]}}, {"type": "Feature", "properties": {"zone_id": 175, "risk_class": "moderate", "max_sink_m": 1, "mean_sink_m": 1, "cells": 3, "area_m2": 2386, "impervious_frac": 0.42, "min_dist_to_drain_m": 303, "centroid_lon": 73.047685, "centroid_lat": 33.712037}, "geometry": {"type": "Polygon", "coordinates": [[[73.04736111114462, 33.711805555552075], [73.04736111114462, 33.71208333332986], [73.0476388889224, 33.71208333332986], [73.0476388889224, 33.71236111110763], [73.04791666670019, 33.71236111110763], [73.04791666670019, 33.711805555552075], [73.04736111114462, 33.711805555552075]]]}}, {"type": "Feature", "properties": {"zone_id": 176, "risk_class": "moderate", "max_sink_m": 1, "mean_sink_m": 1, "cells": 7, "area_m2": 5568, "impervious_frac": 0.0, "min_dist_to_drain_m": 402, "centroid_lon": 73.010833, "centroid_lat": 33.711071}, "geometry": {"type": "Polygon", "coordinates": [[[73.01041666670018, 33.71069444444097], [73.01041666670018, 33.711249999996525], [73.01069444447796, 33.711249999996525], [73.01069444447796, 33.7115277777743], [73.01125000003351, 33.7115277777743], [73.01125000003351, 33.711249999996525], [73.01097222225575, 33.711249999996525], [73.01097222225575, 33.71097222221874], [73.01125000003351, 33.71097222221874], [73.01125000003351, 33.71069444444097], [73.01041666670018, 33.71069444444097]]]}}, {"type": "Feature", "properties": {"zone_id": 177, "risk_class": "moderate", "max_sink_m": 1, "mean_sink_m": 1, "cells": 3, "area_m2": 2386, "impervious_frac": 0.0, "min_dist_to_drain_m": 341, "centroid_lon": 73.019815, "centroid_lat": 33.711204}, "geometry": {"type": "Polygon", "coordinates": [[[73.01958333336685, 33.71097222221874], [73.01958333336685, 33.7115277777743], [73.01986111114464, 33.7115277777743], [73.01986111114464, 33.711249999996525], [73.0201388889224, 33.711249999996525], [73.0201388889224, 33.71097222221874], [73.01958333336685, 33.71097222221874]]]}}, {"type": "Feature", "properties": {"zone_id": 178, "risk_class": "moderate", "max_sink_m": 1, "mean_sink_m": 1, "cells": 3, "area_m2": 2386, "impervious_frac": 0.0, "min_dist_to_drain_m": 377, "centroid_lon": 73.011852, "centroid_lat": 33.709259}, "geometry": {"type": "Polygon", "coordinates": [[[73.0115277778113, 33.7090277777743], [73.0115277778113, 33.70930555555208], [73.01180555558908, 33.70930555555208], [73.01180555558908, 33.70958333332985], [73.01208333336685, 33.70958333332985], [73.01208333336685, 33.7090277777743], [73.0115277778113, 33.7090277777743]]]}}, {"type": "Feature", "properties": {"zone_id": 179, "risk_class": "moderate", "max_sink_m": 1, "mean_sink_m": 1, "cells": 3, "area_m2": 2386, "impervious_frac": 0.0, "min_dist_to_drain_m": 416, "centroid_lon": 73.055556, "centroid_lat": 33.709444}, "geometry": {"type": "Polygon", "coordinates": [[[73.05513888892241, 33.70930555555208], [73.05513888892241, 33.70958333332985], [73.05597222225575, 33.70958333332985], [73.05597222225575, 33.70930555555208], [73.05513888892241, 33.70930555555208]]]}}, {"type": "Feature", "properties": {"zone_id": 180, "risk_class": "moderate", "max_sink_m": 1, "mean_sink_m": 1, "cells": 4, "area_m2": 3182, "impervious_frac": 0.0, "min_dist_to_drain_m": 445, "centroid_lon": 73.011667, "centroid_lat": 33.707917}, "geometry": {"type": "Polygon", "coordinates": [[[73.01125000003351, 33.70791666666319], [73.0115277778113, 33.70791666666319], [73.0115277778113, 33.70819444444097], [73.01208333336685, 33.70819444444097], [73.01208333336685, 33.70791666666319], [73.01180555558908, 33.70791666666319], [73.01180555558908, 33.70763888888541], [73.01125000003351, 33.70763888888541], [73.01125000003351, 33.70791666666319]]]}}, {"type": "Feature", "properties": {"zone_id": 181, "risk_class": "moderate", "max_sink_m": 1, "mean_sink_m": 1, "cells": 3, "area_m2": 2386, "impervious_frac": 0.0, "min_dist_to_drain_m": 514, "centroid_lon": 73.055185, "centroid_lat": 33.70787}, "geometry": {"type": "Polygon", "coordinates": [[[73.05486111114463, 33.70763888888541], [73.05486111114463, 33.70791666666319], [73.05513888892241, 33.70791666666319], [73.05513888892241, 33.70819444444097], [73.05541666670018, 33.70819444444097], [73.05541666670018, 33.70763888888541], [73.05486111114463, 33.70763888888541]]]}}, {"type": "Feature", "properties": {"zone_id": 182, "risk_class": "moderate", "max_sink_m": 1, "mean_sink_m": 1, "cells": 5, "area_m2": 3977, "impervious_frac": 0.0, "min_dist_to_drain_m": 451, "centroid_lon": 73.011944, "centroid_lat": 33.707056}, "geometry": {"type": "Polygon", "coordinates": [[[73.01180555558908, 33.7065277777743], [73.01180555558908, 33.707083333329855], [73.0115277778113, 33.707083333329855], [73.0115277778113, 33.70736111110763], [73.01236111114463, 33.70736111110763], [73.01236111114463, 33.707083333329855], [73.01208333336685, 33.707083333329855], [73.01208333336685, 33.7065277777743], [73.01180555558908, 33.7065277777743]]]}}, {"type": "Feature", "properties": {"zone_id": 183, "risk_class": "moderate", "max_sink_m": 1, "mean_sink_m": 1, "cells": 8, "area_m2": 6364, "impervious_frac": 0.0, "min_dist_to_drain_m": 646, "centroid_lon": 73.080833, "centroid_lat": 33.705972}, "geometry": {"type": "Polygon", "coordinates": [[[73.08041666670019, 33.70597222221875], [73.08069444447797, 33.70597222221875], [73.08069444447797, 33.7065277777743], [73.08125000003352, 33.7065277777743], [73.08125000003352, 33.70597222221875], [73.08097222225574, 33.70597222221875], [73.08097222225574, 33.70541666666319], [73.08041666670019, 33.70541666666319], [73.08041666670019, 33.70597222221875]]]}}, {"type": "Feature", "properties": {"zone_id": 184, "risk_class": "moderate", "max_sink_m": 1, "mean_sink_m": 1, "cells": 5, "area_m2": 3977, "impervious_frac": 0.0, "min_dist_to_drain_m": 516, "centroid_lon": 73.012444, "centroid_lat": 33.705667}, "geometry": {"type": "Polygon", "coordinates": [[[73.01208333336685, 33.70541666666319], [73.01208333336685, 33.70597222221875], [73.01263888892241, 33.70597222221875], [73.01263888892241, 33.705694444440965], [73.01291666670019, 33.705694444440965], [73.01291666670019, 33.70541666666319], [73.01208333336685, 33.70541666666319]]]}}, {"type": "Feature", "properties": {"zone_id": 185, "risk_class": "moderate", "max_sink_m": 1, "mean_sink_m": 1, "cells": 3, "area_m2": 2386, "impervious_frac": 0.0, "min_dist_to_drain_m": 413, "centroid_lon": 73.057778, "centroid_lat": 33.705278}, "geometry": {"type": "Polygon", "coordinates": [[[73.05736111114463, 33.70513888888541], [73.05736111114463, 33.70541666666319], [73.05819444447796, 33.70541666666319], [73.05819444447796, 33.70513888888541], [73.05736111114463, 33.70513888888541]]]}}, {"type": "Feature", "properties": {"zone_id": 186, "risk_class": "moderate", "max_sink_m": 1, "mean_sink_m": 1, "cells": 3, "area_m2": 2386, "impervious_frac": 0.0, "min_dist_to_drain_m": 555, "centroid_lon": 73.056574, "centroid_lat": 33.704352}, "geometry": {"type": "Polygon", "coordinates": [[[73.05680555558908, 33.7040277777743], [73.0565277778113, 33.7040277777743], [73.0565277778113, 33.704305555552075], [73.05625000003351, 33.704305555552075], [73.05625000003351, 33.70458333332986], [73.05680555558908, 33.70458333332986], [73.05680555558908, 33.7040277777743]]]}}, {"type": "Feature", "properties": {"zone_id": 187, "risk_class": "moderate", "max_sink_m": 1, "mean_sink_m": 1, "cells": 4, "area_m2": 3182, "impervious_frac": 0.0, "min_dist_to_drain_m": 433, "centroid_lon": 73.074375, "centroid_lat": 33.702431}, "geometry": {"type": "Polygon", "coordinates": [[[73.0740277778113, 33.702361111107635], [73.07430555558908, 33.702361111107635], [73.07430555558908, 33.702916666663185], [73.07458333336686, 33.702916666663185], [73.07458333336686, 33.70208333332985], [73.0740277778113, 33.70208333332985], [73.0740277778113, 33.702361111107635]]]}}, {"type": "Feature", "properties": {"zone_id": 188, "risk_class": "moderate", "max_sink_m": 1, "mean_sink_m": 1, "cells": 3, "area_m2": 2386, "impervious_frac": 0.0, "min_dist_to_drain_m": 823, "centroid_lon": 73.078981, "centroid_lat": 33.702407}, "geometry": {"type": "Polygon", "coordinates": [[[73.0790277778113, 33.70208333332985], [73.07875000003352, 33.70208333332985], [73.07875000003352, 33.70263888888541], [73.07930555558907, 33.70263888888541], [73.07930555558907, 33.702361111107635], [73.0790277778113, 33.702361111107635], [73.0790277778113, 33.70208333332985]]]}}, {"type": "Feature", "properties": {"zone_id": 189, "risk_class": "moderate", "max_sink_m": 1, "mean_sink_m": 1, "cells": 3, "area_m2": 2386, "impervious_frac": 0.0, "min_dist_to_drain_m": 771, "centroid_lon": 73.077685, "centroid_lat": 33.701204}, "geometry": {"type": "Polygon", "coordinates": [[[73.07736111114463, 33.700972222218745], [73.07736111114463, 33.70124999999652], [73.07763888892241, 33.70124999999652], [73.07763888892241, 33.701527777774295], [73.07791666670019, 33.701527777774295], [73.07791666670019, 33.700972222218745], [73.07736111114463, 33.700972222218745]]]}}, {"type": "Feature", "properties": {"zone_id": 190, "risk_class": "moderate", "max_sink_m": 1, "mean_sink_m": 1, "cells": 6, "area_m2": 4773, "impervious_frac": 0.0, "min_dist_to_drain_m": 694, "centroid_lon": 73.056667, "centroid_lat": 33.7}, "geometry": {"type": "Polygon", "coordinates": [[[73.05625000003351, 33.699583333329855], [73.05625000003351, 33.70041666666319], [73.0565277778113, 33.70041666666319], [73.0565277778113, 33.70013888888541], [73.05736111114463, 33.70013888888541], [73.05736111114463, 33.69986111110763], [73.0565277778113, 33.69986111110763], [73.0565277778113, 33.699583333329855], [73.05625000003351, 33.699583333329855]]]}}, {"type": "Feature", "properties": {"zone_id": 191, "risk_class": "moderate", "max_sink_m": 1, "mean_sink_m": 1, "cells": 4, "area_m2": 3182, "impervious_frac": 0.0, "min_dist_to_drain_m": 517, "centroid_lon": 73.059028, "centroid_lat": 33.700139}, "geometry": {"type": "Polygon", "coordinates": [[[73.05875000003353, 33.69986111110763], [73.05875000003353, 33.70041666666319], [73.05930555558908, 33.70041666666319], [73.05930555558908, 33.69986111110763], [73.05875000003353, 33.69986111110763]]]}}, {"type": "Feature", "properties": {"zone_id": 192, "risk_class": "moderate", "max_sink_m": 1, "mean_sink_m": 1, "cells": 3, "area_m2": 2386, "impervious_frac": 0.0, "min_dist_to_drain_m": 718, "centroid_lon": 73.055926, "centroid_lat": 33.69787}, "geometry": {"type": "Polygon", "coordinates": [[[73.05569444447796, 33.69763888888541], [73.05569444447796, 33.698194444440965], [73.05597222225575, 33.698194444440965], [73.05597222225575, 33.69791666666319], [73.05625000003351, 33.69791666666319], [73.05625000003351, 33.69763888888541], [73.05569444447796, 33.69763888888541]]]}}, {"type": "Feature", "properties": {"zone_id": 193, "risk_class": "moderate", "max_sink_m": 1, "mean_sink_m": 1, "cells": 8, "area_m2": 6364, "impervious_frac": 0.0, "min_dist_to_drain_m": 306, "centroid_lon": 73.051563, "centroid_lat": 33.696771}, "geometry": {"type": "Polygon", "coordinates": [[[73.05125000003352, 33.69624999999652], [73.05125000003352, 33.69736111110763], [73.0515277778113, 33.69736111110763], [73.0515277778113, 33.69708333332985], [73.05208333336685, 33.69708333332985], [73.05208333336685, 33.696805555552075], [73.05180555558907, 33.696805555552075], [73.05180555558907, 33.69624999999652], [73.05125000003352, 33.69624999999652]]]}}, {"type": "Feature", "properties": {"zone_id": 194, "risk_class": "moderate", "max_sink_m": 1, "mean_sink_m": 1, "cells": 5, "area_m2": 3977, "impervious_frac": 0.0, "min_dist_to_drain_m": 645, "centroid_lon": 73.056389, "centroid_lat": 33.696111}, "geometry": {"type": "Polygon", "coordinates": [[[73.0565277778113, 33.69597222221874], [73.05597222225575, 33.69597222221874], [73.05597222225575, 33.6965277777743], [73.05625000003351, 33.6965277777743], [73.05625000003351, 33.69624999999652], [73.05680555558908, 33.69624999999652], [73.05680555558908, 33.69569444444097], [73.0565277778113, 33.69569444444097], [73.0565277778113, 33.69597222221874]]]}}, {"type": "Feature", "properties": {"zone_id": 195, "risk_class": "moderate", "max_sink_m": 1, "mean_sink_m": 1, "cells": 3, "area_m2": 2386, "impervious_frac": 0.0, "min_dist_to_drain_m": 611, "centroid_lon": 73.056111, "centroid_lat": 33.695556}, "geometry": {"type": "Polygon", "coordinates": [[[73.05569444447796, 33.695416666663185], [73.05569444447796, 33.69569444444097], [73.0565277778113, 33.69569444444097], [73.0565277778113, 33.695416666663185], [73.05569444447796, 33.695416666663185]]]}}, {"type": "Feature", "properties": {"zone_id": 196, "risk_class": "moderate", "max_sink_m": 1, "mean_sink_m": 1, "cells": 3, "area_m2": 2386, "impervious_frac": 0.0, "min_dist_to_drain_m": 704, "centroid_lon": 73.014537, "centroid_lat": 33.695093}, "geometry": {"type": "Polygon", "coordinates": [[[73.01430555558908, 33.69486111110763], [73.01430555558908, 33.695416666663185], [73.01458333336686, 33.695416666663185], [73.01458333336686, 33.69513888888541], [73.01486111114463, 33.69513888888541], [73.01486111114463, 33.69486111110763], [73.01430555558908, 33.69486111110763]]]}}, {"type": "Feature", "properties": {"zone_id": 197, "risk_class": "moderate", "max_sink_m": 1, "mean_sink_m": 1, "cells": 3, "area_m2": 2386, "impervious_frac": 0.0, "min_dist_to_drain_m": 363, "centroid_lon": 73.053611, "centroid_lat": 33.694722}, "geometry": {"type": "Polygon", "coordinates": [[[73.05319444447797, 33.69458333332985], [73.05319444447797, 33.69486111110763], [73.0540277778113, 33.69486111110763], [73.0540277778113, 33.69458333332985], [73.05319444447797, 33.69458333332985]]]}}, {"type": "Feature", "properties": {"zone_id": 198, "risk_class": "moderate", "max_sink_m": 1, "mean_sink_m": 1, "cells": 7, "area_m2": 5568, "impervious_frac": 0.242, "min_dist_to_drain_m": 486, "centroid_lon": 73.012778, "centroid_lat": 33.694087}, "geometry": {"type": "Polygon", "coordinates": [[[73.01236111114463, 33.69374999999652], [73.01236111114463, 33.69430555555208], [73.01263888892241, 33.69430555555208], [73.01263888892241, 33.69458333332985], [73.01291666670019, 33.69458333332985], [73.01291666670019, 33.69430555555208], [73.01319444447796, 33.69430555555208], [73.01319444447796, 33.69374999999652], [73.01236111114463, 33.69374999999652]]]}}, {"type": "Feature", "properties": {"zone_id": 199, "risk_class": "moderate", "max_sink_m": 1, "mean_sink_m": 1, "cells": 3, "area_m2": 2386, "impervious_frac": 0.0, "min_dist_to_drain_m": 438, "centroid_lon": 73.05787, "centroid_lat": 33.693148}, "geometry": {"type": "Polygon", "coordinates": [[[73.05763888892241, 33.69291666666319], [73.05763888892241, 33.693472222218745], [73.0579166667002, 33.693472222218745], [73.0579166667002, 33.69319444444096], [73.05819444447796, 33.69319444444096], [73.05819444447796, 33.69291666666319], [73.05763888892241, 33.69291666666319]]]}}, {"type": "Feature", "properties": {"zone_id": 200, "risk_class": "moderate", "max_sink_m": 1, "mean_sink_m": 1, "cells": 3, "area_m2": 2386, "impervious_frac": 0.0, "min_dist_to_drain_m": 550, "centroid_lon": 73.024259, "centroid_lat": 33.692963}, "geometry": {"type": "Polygon", "coordinates": [[[73.02430555558908, 33.692638888885405], [73.0240277778113, 33.692638888885405], [73.0240277778113, 33.69319444444096], [73.02458333336685, 33.69319444444096], [73.02458333336685, 33.69291666666319], [73.02430555558908, 33.69291666666319], [73.02430555558908, 33.692638888885405]]]}}, {"type": "Feature", "properties": {"zone_id": 201, "risk_class": "moderate", "max_sink_m": 1, "mean_sink_m": 1, "cells": 3, "area_m2": 2386, "impervious_frac": 0.0, "min_dist_to_drain_m": 394, "centroid_lon": 73.055, "centroid_lat": 33.693056}, "geometry": {"type": "Polygon", "coordinates": [[[73.05458333336685, 33.69291666666319], [73.05458333336685, 33.69319444444096], [73.05541666670018, 33.69319444444096], [73.05541666670018, 33.69291666666319], [73.05458333336685, 33.69291666666319]]]}}, {"type": "Feature", "properties": {"zone_id": 202, "risk_class": "moderate", "max_sink_m": 1, "mean_sink_m": 1, "cells": 4, "area_m2": 3182, "impervious_frac": 0.0, "min_dist_to_drain_m": 687, "centroid_lon": 73.016042, "centroid_lat": 33.6925}, "geometry": {"type": "Polygon", "coordinates": [[[73.01625000003352, 33.692083333329855], [73.01597222225574, 33.692083333329855], [73.01597222225574, 33.69236111110763], [73.01569444447796, 33.69236111110763], [73.01569444447796, 33.692638888885405], [73.01597222225574, 33.692638888885405], [73.01597222225574, 33.69291666666319], [73.01625000003352, 33.69291666666319], [73.01625000003352, 33.692083333329855]]]}}, {"type": "Feature", "properties": {"zone_id": 203, "risk_class": "moderate", "max_sink_m": 1, "mean_sink_m": 1, "cells": 4, "area_m2": 3182, "impervious_frac": 0.0, "min_dist_to_drain_m": 540, "centroid_lon": 73.014444, "centroid_lat": 33.692361}, "geometry": {"type": "Polygon", "coordinates": [[[73.01430555558908, 33.69236111110763], [73.0140277778113, 33.69236111110763], [73.0140277778113, 33.692638888885405], [73.01458333336686, 33.692638888885405], [73.01458333336686, 33.69236111110763], [73.01486111114463, 33.69236111110763], [73.01486111114463, 33.692083333329855], [73.01430555558908, 33.692083333329855], [73.01430555558908, 33.69236111110763]]]}}, {"type": "Feature", "properties": {"zone_id": 204, "risk_class": "moderate", "max_sink_m": 1, "mean_sink_m": 1, "cells": 3, "area_m2": 2386, "impervious_frac": 0.0, "min_dist_to_drain_m": 748, "centroid_lon": 73.0225, "centroid_lat": 33.691944}, "geometry": {"type": "Polygon", "coordinates": [[[73.02208333336685, 33.69180555555207], [73.02208333336685, 33.692083333329855], [73.02291666670018, 33.692083333329855], [73.02291666670018, 33.69180555555207], [73.02208333336685, 33.69180555555207]]]}}, {"type": "Feature", "properties": {"zone_id": 205, "risk_class": "moderate", "max_sink_m": 1, "mean_sink_m": 1, "cells": 4, "area_m2": 3182, "impervious_frac": 0.0, "min_dist_to_drain_m": 389, "centroid_lon": 73.056944, "centroid_lat": 33.690486}, "geometry": {"type": "Polygon", "coordinates": [[[73.05708333336685, 33.69013888888541], [73.05680555558908, 33.69013888888541], [73.05680555558908, 33.69041666666318], [73.0565277778113, 33.69041666666318], [73.0565277778113, 33.690694444440965], [73.05736111114463, 33.690694444440965], [73.05736111114463, 33.69041666666318], [73.05708333336685, 33.69041666666318], [73.05708333336685, 33.69013888888541]]]}}, {"type": "Feature", "properties": {"zone_id": 206, "risk_class": "moderate", "max_sink_m": 1, "mean_sink_m": 1, "cells": 3, "area_m2": 2386, "impervious_frac": 0.0, "min_dist_to_drain_m": 537, "centroid_lon": 73.028241, "centroid_lat": 33.690185}, "geometry": {"type": "Polygon", "coordinates": [[[73.02847222225574, 33.68986111110763], [73.02819444447796, 33.68986111110763], [73.02819444447796, 33.69013888888541], [73.0279166667002, 33.69013888888541], [73.0279166667002, 33.69041666666318], [73.02847222225574, 33.69041666666318], [73.02847222225574, 33.68986111110763]]]}}, {"type": "Feature", "properties": {"zone_id": 207, "risk_class": "moderate", "max_sink_m": 1, "mean_sink_m": 1, "cells": 3, "area_m2": 2386, "impervious_frac": 0.0, "min_dist_to_drain_m": 697, "centroid_lon": 73.016296, "centroid_lat": 33.68963}, "geometry": {"type": "Polygon", "coordinates": [[[73.01652777781129, 33.689305555552075], [73.01625000003352, 33.689305555552075], [73.01625000003352, 33.68958333332985], [73.01597222225574, 33.68958333332985], [73.01597222225574, 33.68986111110763], [73.01652777781129, 33.68986111110763], [73.01652777781129, 33.689305555552075]]]}}, {"type": "Feature", "properties": {"zone_id": 208, "risk_class": "moderate", "max_sink_m": 1, "mean_sink_m": 1, "cells": 10, "area_m2": 7955, "impervious_frac": 0.0, "min_dist_to_drain_m": 840, "centroid_lon": 73.019556, "centroid_lat": 33.689361}, "geometry": {"type": "Polygon", "coordinates": [[[73.01958333336685, 33.689305555552075], [73.02069444447797, 33.689305555552075], [73.02069444447797, 33.6890277777743], [73.01930555558907, 33.6890277777743], [73.01930555558907, 33.689305555552075], [73.01875000003352, 33.689305555552075], [73.01875000003352, 33.68986111110763], [73.01930555558907, 33.68986111110763], [73.01930555558907, 33.68958333332985], [73.01958333336685, 33.68958333332985], [73.01958333336685, 33.689305555552075]]]}}, {"type": "Feature", "properties": {"zone_id": 209, "risk_class": "moderate", "max_sink_m": 1, "mean_sink_m": 1, "cells": 4, "area_m2": 3182, "impervious_frac": 0.0, "min_dist_to_drain_m": 304, "centroid_lon": 73.047014, "centroid_lat": 33.689375}, "geometry": {"type": "Polygon", "coordinates": [[[73.04680555558907, 33.6890277777743], [73.04680555558907, 33.68986111110763], [73.04708333336686, 33.68986111110763], [73.04708333336686, 33.689305555552075], [73.04736111114462, 33.689305555552075], [73.04736111114462, 33.6890277777743], [73.04680555558907, 33.6890277777743]]]}}, {"type": "Feature", "properties": {"zone_id": 210, "risk_class": "moderate", "max_sink_m": 1, "mean_sink_m": 1, "cells": 3, "area_m2": 2386, "impervious_frac": 0.0, "min_dist_to_drain_m": 652, "centroid_lon": 73.016481, "centroid_lat": 33.688704}, "geometry": {"type": "Polygon", "coordinates": [[[73.01625000003352, 33.68847222221874], [73.01625000003352, 33.6890277777743], [73.01652777781129, 33.6890277777743], [73.01652777781129, 33.68874999999652], [73.01680555558907, 33.68874999999652], [73.01680555558907, 33.68847222221874], [73.01625000003352, 33.68847222221874]]]}}, {"type": "Feature", "properties": {"zone_id": 211, "risk_class": "moderate", "max_sink_m": 1, "mean_sink_m": 1, "cells": 3, "area_m2": 2386, "impervious_frac": 0.0, "min_dist_to_drain_m": 974, "centroid_lon": 73.022315, "centroid_lat": 33.688704}, "geometry": {"type": "Polygon", "coordinates": [[[73.02208333336685, 33.68847222221874], [73.02208333336685, 33.6890277777743], [73.02236111114463, 33.6890277777743], [73.02236111114463, 33.68874999999652], [73.02263888892242, 33.68874999999652], [73.02263888892242, 33.68847222221874], [73.02208333336685, 33.68847222221874]]]}}, {"type": "Feature", "properties": {"zone_id": 212, "risk_class": "moderate", "max_sink_m": 1, "mean_sink_m": 1, "cells": 5, "area_m2": 3977, "impervious_frac": 0.0, "min_dist_to_drain_m": 675, "centroid_lon": 73.018667, "centroid_lat": 33.688111}, "geometry": {"type": "Polygon", "coordinates": [[[73.01847222225574, 33.68763888888541], [73.01847222225574, 33.68874999999652], [73.01875000003352, 33.68874999999652], [73.01875000003352, 33.687916666663185], [73.0190277778113, 33.687916666663185], [73.0190277778113, 33.68763888888541], [73.01847222225574, 33.68763888888541]]]}}, {"type": "Feature", "properties": {"zone_id": 213, "risk_class": "moderate", "max_sink_m": 1, "mean_sink_m": 1, "cells": 3, "area_m2": 2386, "impervious_frac": 0.0, "min_dist_to_drain_m": 456, "centroid_lon": 73.046204, "centroid_lat": 33.687593}, "geometry": {"type": "Polygon", "coordinates": [[[73.04597222225574, 33.68736111110763], [73.04597222225574, 33.687916666663185], [73.04625000003352, 33.687916666663185], [73.04625000003352, 33.68763888888541], [73.04652777781129, 33.68763888888541], [73.04652777781129, 33.68736111110763], [73.04597222225574, 33.68736111110763]]]}}, {"type": "Feature", "properties": {"zone_id": 214, "risk_class": "moderate", "max_sink_m": 1, "mean_sink_m": 1, "cells": 3, "area_m2": 2386, "impervious_frac": 0.0, "min_dist_to_drain_m": 891, "centroid_lon": 73.026389, "centroid_lat": 33.686667}, "geometry": {"type": "Polygon", "coordinates": [[[73.02597222225575, 33.686527777774295], [73.02597222225575, 33.68680555555208], [73.02680555558908, 33.68680555555208], [73.02680555558908, 33.686527777774295], [73.02597222225575, 33.686527777774295]]]}}, {"type": "Feature", "properties": {"zone_id": 215, "risk_class": "moderate", "max_sink_m": 1, "mean_sink_m": 1, "cells": 3, "area_m2": 2386, "impervious_frac": 0.0, "min_dist_to_drain_m": 728, "centroid_lon": 73.021852, "centroid_lat": 33.68537}, "geometry": {"type": "Polygon", "coordinates": [[[73.0215277778113, 33.685138888885405], [73.0215277778113, 33.68541666666319], [73.02180555558907, 33.68541666666319], [73.02180555558907, 33.68569444444096], [73.02208333336685, 33.68569444444096], [73.02208333336685, 33.685138888885405], [73.0215277778113, 33.685138888885405]]]}}, {"type": "Feature", "properties": {"zone_id": 216, "risk_class": "moderate", "max_sink_m": 1, "mean_sink_m": 1, "cells": 3, "area_m2": 2386, "impervious_frac": 0.0, "min_dist_to_drain_m": 766, "centroid_lon": 73.022778, "centroid_lat": 33.684722}, "geometry": {"type": "Polygon", "coordinates": [[[73.02236111114463, 33.684583333329854], [73.02236111114463, 33.68486111110763], [73.02319444447797, 33.68486111110763], [73.02319444447797, 33.684583333329854], [73.02236111114463, 33.684583333329854]]]}}, {"type": "Feature", "properties": {"zone_id": 217, "risk_class": "moderate", "max_sink_m": 1, "mean_sink_m": 1, "cells": 3, "area_m2": 2386, "impervious_frac": 0.0, "min_dist_to_drain_m": 555, "centroid_lon": 73.03037, "centroid_lat": 33.68463}, "geometry": {"type": "Polygon", "coordinates": [[[73.03041666670019, 33.68430555555207], [73.03013888892241, 33.68430555555207], [73.03013888892241, 33.68486111110763], [73.03069444447796, 33.68486111110763], [73.03069444447796, 33.684583333329854], [73.03041666670019, 33.684583333329854], [73.03041666670019, 33.68430555555207]]]}}, {"type": "Feature", "properties": {"zone_id": 218, "risk_class": "moderate", "max_sink_m": 1, "mean_sink_m": 1, "cells": 4, "area_m2": 3182, "impervious_frac": 0.0, "min_dist_to_drain_m": 342, "centroid_lon": 73.059444, "centroid_lat": 33.684514}, "geometry": {"type": "Polygon", "coordinates": [[[73.0590277778113, 33.684583333329854], [73.05930555558908, 33.684583333329854], [73.05930555558908, 33.68486111110763], [73.05958333336686, 33.68486111110763], [73.05958333336686, 33.684583333329854], [73.05986111114463, 33.684583333329854], [73.05986111114463, 33.68430555555207], [73.0590277778113, 33.68430555555207], [73.0590277778113, 33.684583333329854]]]}}, {"type": "Feature", "properties": {"zone_id": 219, "risk_class": "moderate", "max_sink_m": 1, "mean_sink_m": 1, "cells": 3, "area_m2": 2386, "impervious_frac": 0.0, "min_dist_to_drain_m": 936, "centroid_lon": 73.026111, "centroid_lat": 33.684444}, "geometry": {"type": "Polygon", "coordinates": [[[73.02569444447796, 33.68430555555207], [73.02569444447796, 33.684583333329854], [73.0265277778113, 33.684583333329854], [73.0265277778113, 33.68430555555207], [73.02569444447796, 33.68430555555207]]]}}, {"type": "Feature", "properties": {"zone_id": 220, "risk_class": "moderate", "max_sink_m": 1, "mean_sink_m": 1, "cells": 5, "area_m2": 3977, "impervious_frac": 0.0, "min_dist_to_drain_m": 375, "centroid_lon": 73.043, "centroid_lat": 33.684333}, "geometry": {"type": "Polygon", "coordinates": [[[73.04263888892241, 33.6840277777743], [73.04263888892241, 33.684583333329854], [73.04347222225574, 33.684583333329854], [73.04347222225574, 33.68430555555207], [73.04319444447796, 33.68430555555207], [73.04319444447796, 33.6840277777743], [73.04263888892241, 33.6840277777743]]]}}, {"type": "Feature", "properties": {"zone_id": 221, "risk_class": "moderate", "max_sink_m": 1, "mean_sink_m": 1, "cells": 3, "area_m2": 2386, "impervious_frac": 0.0, "min_dist_to_drain_m": 306, "centroid_lon": 73.047778, "centroid_lat": 33.683889}, "geometry": {"type": "Polygon", "coordinates": [[[73.04791666670019, 33.68347222221874], [73.0476388889224, 33.68347222221874], [73.0476388889224, 33.68430555555207], [73.04791666670019, 33.68430555555207], [73.04791666670019, 33.68347222221874]]]}}, {"type": "Feature", "properties": {"zone_id": 222, "risk_class": "moderate", "max_sink_m": 1, "mean_sink_m": 1, "cells": 5, "area_m2": 3977, "impervious_frac": 0.0, "min_dist_to_drain_m": 805, "centroid_lon": 73.027556, "centroid_lat": 33.682167}, "geometry": {"type": "Polygon", "coordinates": [[[73.02708333336685, 33.681805555552074], [73.02708333336685, 33.68236111110763], [73.02819444447796, 33.68236111110763], [73.02819444447796, 33.68208333332985], [73.02736111114463, 33.68208333332985], [73.02736111114463, 33.681805555552074], [73.02708333336685, 33.681805555552074]]]}}, {"type": "Feature", "properties": {"zone_id": 223, "risk_class": "moderate", "max_sink_m": 1, "mean_sink_m": 1, "cells": 9, "area_m2": 7159, "impervious_frac": 0.0, "min_dist_to_drain_m": 499, "centroid_lon": 73.031512, "centroid_lat": 33.681728}, "geometry": {"type": "Polygon", "coordinates": [[[73.03125000003352, 33.681805555552074], [73.03097222225574, 33.681805555552074], [73.03097222225574, 33.68208333332985], [73.03125000003352, 33.68208333332985], [73.03125000003352, 33.68236111110763], [73.03152777781129, 33.68236111110763], [73.03152777781129, 33.68208333332985], [73.03180555558907, 33.68208333332985], [73.03180555558907, 33.68152777777429], [73.03208333336686, 33.68152777777429], [73.03208333336686, 33.68124999999652], [73.03125000003352, 33.68124999999652], [73.03125000003352, 33.681805555552074]]]}}, {"type": "Feature", "properties": {"zone_id": 224, "risk_class": "moderate", "max_sink_m": 1, "mean_sink_m": 1, "cells": 10, "area_m2": 7955, "impervious_frac": 0.0, "min_dist_to_drain_m": 480, "centroid_lon": 73.023694, "centroid_lat": 33.681167}, "geometry": {"type": "Polygon", "coordinates": [[[73.02319444447797, 33.68097222221874], [73.02319444447797, 33.68152777777429], [73.02347222225575, 33.68152777777429], [73.02347222225575, 33.68124999999652], [73.02375000003352, 33.68124999999652], [73.02375000003352, 33.681805555552074], [73.0240277778113, 33.681805555552074], [73.0240277778113, 33.68124999999652], [73.02458333336685, 33.68124999999652], [73.02458333336685, 33.68097222221874], [73.02347222225575, 33.68097222221874], [73.02347222225575, 33.68069444444096], [73.02291666670018, 33.68069444444096], [73.02291666670018, 33.68097222221874], [73.02319444447797, 33.68097222221874]]]}}, {"type": "Feature", "properties": {"zone_id": 225, "risk_class": "moderate", "max_sink_m": 1, "mean_sink_m": 1, "cells": 7, "area_m2": 5568, "impervious_frac": 0.0, "min_dist_to_drain_m": 619, "centroid_lon": 73.07496, "centroid_lat": 33.681468}, "geometry": {"type": "Polygon", "coordinates": [[[73.07430555558908, 33.68152777777429], [73.07458333336686, 33.68152777777429], [73.07458333336686, 33.681805555552074], [73.07513888892241, 33.681805555552074], [73.07513888892241, 33.68152777777429], [73.07569444447796, 33.68152777777429], [73.07569444447796, 33.68124999999652], [73.07430555558908, 33.68124999999652], [73.07430555558908, 33.68152777777429]]]}}, {"type": "Feature", "properties": {"zone_id": 226, "risk_class": "moderate", "max_sink_m": 1, "mean_sink_m": 1, "cells": 3, "area_m2": 2386, "impervious_frac": 0.0, "min_dist_to_drain_m": 523, "centroid_lon": 73.031759, "centroid_lat": 33.680463}, "geometry": {"type": "Polygon", "coordinates": [[[73.03180555558907, 33.68013888888541], [73.03152777781129, 33.68013888888541], [73.03152777781129, 33.68069444444096], [73.03208333336686, 33.68069444444096], [73.03208333336686, 33.680416666663184], [73.03180555558907, 33.680416666663184], [73.03180555558907, 33.68013888888541]]]}}, {"type": "Feature", "properties": {"zone_id": 227, "risk_class": "moderate", "max_sink_m": 1, "mean_sink_m": 1, "cells": 4, "area_m2": 3182, "impervious_frac": 0.0, "min_dist_to_drain_m": 403, "centroid_lon": 73.033125, "centroid_lat": 33.680486}, "geometry": {"type": "Polygon", "coordinates": [[[73.03319444447797, 33.680416666663184], [73.0326388889224, 33.680416666663184], [73.0326388889224, 33.68069444444096], [73.03347222225574, 33.68069444444096], [73.03347222225574, 33.68013888888541], [73.03319444447797, 33.68013888888541], [73.03319444447797, 33.680416666663184]]]}}, {"type": "Feature", "properties": {"zone_id": 228, "risk_class": "moderate", "max_sink_m": 1, "mean_sink_m": 1, "cells": 6, "area_m2": 4773, "impervious_frac": 0.0, "min_dist_to_drain_m": 320, "centroid_lon": 73.021667, "centroid_lat": 33.680046}, "geometry": {"type": "Polygon", "coordinates": [[[73.02208333336685, 33.67958333332985], [73.02180555558907, 33.67958333332985], [73.02180555558907, 33.67986111110763], [73.02125000003352, 33.67986111110763], [73.02125000003352, 33.680416666663184], [73.02180555558907, 33.680416666663184], [73.02180555558907, 33.68013888888541], [73.02208333336685, 33.68013888888541], [73.02208333336685, 33.67958333332985]]]}}, {"type": "Feature", "properties": {"zone_id": 229, "risk_class": "moderate", "max_sink_m": 1, "mean_sink_m": 1, "cells": 3, "area_m2": 2386, "impervious_frac": 0.0, "min_dist_to_drain_m": 308, "centroid_lon": 73.052037, "centroid_lat": 33.679537}, "geometry": {"type": "Polygon", "coordinates": [[[73.05180555558907, 33.67930555555207], [73.05180555558907, 33.67986111110763], [73.05208333336685, 33.67986111110763], [73.05208333336685, 33.67958333332985], [73.05236111114463, 33.67958333332985], [73.05236111114463, 33.67930555555207], [73.05180555558907, 33.67930555555207]]]}}, {"type": "Feature", "properties": {"zone_id": 230, "risk_class": "moderate", "max_sink_m": 1, "mean_sink_m": 1, "cells": 3, "area_m2": 2386, "impervious_frac": 0.0, "min_dist_to_drain_m": 317, "centroid_lon": 73.052407, "centroid_lat": 33.678981}, "geometry": {"type": "Polygon", "coordinates": [[[73.05208333336685, 33.67874999999652], [73.05208333336685, 33.679027777774294], [73.05236111114463, 33.679027777774294], [73.05236111114463, 33.67930555555207], [73.05263888892242, 33.67930555555207], [73.05263888892242, 33.67874999999652], [73.05208333336685, 33.67874999999652]]]}}, {"type": "Feature", "properties": {"zone_id": 231, "risk_class": "moderate", "max_sink_m": 1, "mean_sink_m": 1, "cells": 5, "area_m2": 3977, "impervious_frac": 0.0, "min_dist_to_drain_m": 436, "centroid_lon": 73.034444, "centroid_lat": 33.678667}, "geometry": {"type": "Polygon", "coordinates": [[[73.03430555558907, 33.67819444444096], [73.03430555558907, 33.67874999999652], [73.0340277778113, 33.67874999999652], [73.0340277778113, 33.679027777774294], [73.03458333336685, 33.679027777774294], [73.03458333336685, 33.67874999999652], [73.03486111114464, 33.67874999999652], [73.03486111114464, 33.67847222221874], [73.03458333336685, 33.67847222221874], [73.03458333336685, 33.67819444444096], [73.03430555558907, 33.67819444444096]]]}}, {"type": "Feature", "properties": {"zone_id": 232, "risk_class": "moderate", "max_sink_m": 1, "mean_sink_m": 1, "cells": 4, "area_m2": 3182, "impervious_frac": 0.0, "min_dist_to_drain_m": 494, "centroid_lon": 73.027847, "centroid_lat": 33.677569}, "geometry": {"type": "Polygon", "coordinates": [[[73.02736111114463, 33.677638888885404], [73.0279166667002, 33.677638888885404], [73.0279166667002, 33.67791666666319], [73.02819444447796, 33.67791666666319], [73.02819444447796, 33.67736111110763], [73.02736111114463, 33.67736111110763], [73.02736111114463, 33.677638888885404]]]}}, {"type": "Feature", "properties": {"zone_id": 233, "risk_class": "moderate", "max_sink_m": 1, "mean_sink_m": 1, "cells": 3, "area_m2": 2386, "impervious_frac": 0.0, "min_dist_to_drain_m": 589, "centroid_lon": 73.074722, "centroid_lat": 33.6775}, "geometry": {"type": "Polygon", "coordinates": [[[73.07430555558908, 33.67736111110763], [73.07430555558908, 33.677638888885404], [73.07513888892241, 33.677638888885404], [73.07513888892241, 33.67736111110763], [73.07430555558908, 33.67736111110763]]]}}, {"type": "Feature", "properties": {"zone_id": 234, "risk_class": "moderate", "max_sink_m": 1, "mean_sink_m": 1, "cells": 3, "area_m2": 2386, "impervious_frac": 0.0, "min_dist_to_drain_m": 493, "centroid_lon": 73.037407, "centroid_lat": 33.67713}, "geometry": {"type": "Polygon", "coordinates": [[[73.03763888892242, 33.67680555555207], [73.03736111114463, 33.67680555555207], [73.03736111114463, 33.67708333332985], [73.03708333336685, 33.67708333332985], [73.03708333336685, 33.67736111110763], [73.03763888892242, 33.67736111110763], [73.03763888892242, 33.67680555555207]]]}}, {"type": "Feature", "properties": {"zone_id": 235, "risk_class": "moderate", "max_sink_m": 1, "mean_sink_m": 1, "cells": 3, "area_m2": 2386, "impervious_frac": 0.0, "min_dist_to_drain_m": 834, "centroid_lon": 73.078056, "centroid_lat": 33.677222}, "geometry": {"type": "Polygon", "coordinates": [[[73.07763888892241, 33.67708333332985], [73.07763888892241, 33.67736111110763], [73.07847222225574, 33.67736111110763], [73.07847222225574, 33.67708333332985], [73.07763888892241, 33.67708333332985]]]}}, {"type": "Feature", "properties": {"zone_id": 236, "risk_class": "moderate", "max_sink_m": 1, "mean_sink_m": 1, "cells": 4, "area_m2": 3182, "impervious_frac": 0.0, "min_dist_to_drain_m": 530, "centroid_lon": 73.074583, "centroid_lat": 33.676944}, "geometry": {"type": "Polygon", "coordinates": [[[73.0740277778113, 33.67708333332985], [73.07513888892241, 33.67708333332985], [73.07513888892241, 33.67680555555207], [73.0740277778113, 33.67680555555207], [73.0740277778113, 33.67708333332985]]]}}, {"type": "Feature", "properties": {"zone_id": 237, "risk_class": "moderate", "max_sink_m": 1, "mean_sink_m": 1, "cells": 3, "area_m2": 2386, "impervious_frac": 0.0, "min_dist_to_drain_m": 448, "centroid_lon": 73.039815, "centroid_lat": 33.675926}, "geometry": {"type": "Polygon", "coordinates": [[[73.03958333336685, 33.675694444440964], [73.03958333336685, 33.676249999996514], [73.03986111114463, 33.676249999996514], [73.03986111114463, 33.67597222221874], [73.04013888892241, 33.67597222221874], [73.04013888892241, 33.675694444440964], [73.03958333336685, 33.675694444440964]]]}}, {"type": "Feature", "properties": {"zone_id": 238, "risk_class": "moderate", "max_sink_m": 1, "mean_sink_m": 1, "cells": 4, "area_m2": 3182, "impervious_frac": 0.0, "min_dist_to_drain_m": 476, "centroid_lon": 73.053403, "centroid_lat": 33.675556}, "geometry": {"type": "Polygon", "coordinates": [[[73.05319444447797, 33.67513888888541], [73.05319444447797, 33.67597222221874], [73.05347222225575, 33.67597222221874], [73.05347222225575, 33.675694444440964], [73.05375000003352, 33.675694444440964], [73.05375000003352, 33.67541666666318], [73.05347222225575, 33.67541666666318], [73.05347222225575, 33.67513888888541], [73.05319444447797, 33.67513888888541]]]}}, {"type": "Feature", "properties": {"zone_id": 239, "risk_class": "moderate", "max_sink_m": 1, "mean_sink_m": 1, "cells": 9, "area_m2": 7159, "impervious_frac": 0.0, "min_dist_to_drain_m": 951, "centroid_lon": 73.080309, "centroid_lat": 33.675432}, "geometry": {"type": "Polygon", "coordinates": [[[73.0801388889224, 33.67513888888541], [73.0801388889224, 33.67541666666318], [73.07958333336686, 33.67541666666318], [73.07958333336686, 33.675694444440964], [73.08069444447797, 33.675694444440964], [73.08069444447797, 33.67597222221874], [73.08097222225574, 33.67597222221874], [73.08097222225574, 33.67541666666318], [73.08041666670019, 33.67541666666318], [73.08041666670019, 33.674861111107624], [73.07986111114464, 33.674861111107624], [73.07986111114464, 33.67513888888541], [73.0801388889224, 33.67513888888541]]]}}, {"type": "Feature", "properties": {"zone_id": 240, "risk_class": "moderate", "max_sink_m": 1, "mean_sink_m": 1, "cells": 5, "area_m2": 3977, "impervious_frac": 0.0, "min_dist_to_drain_m": 309, "centroid_lon": 73.051333, "centroid_lat": 33.675111}, "geometry": {"type": "Polygon", "coordinates": [[[73.05097222225574, 33.674861111107624], [73.05097222225574, 33.67541666666318], [73.0515277778113, 33.67541666666318], [73.0515277778113, 33.67513888888541], [73.05180555558907, 33.67513888888541], [73.05180555558907, 33.674861111107624], [73.05097222225574, 33.674861111107624]]]}}, {"type": "Feature", "properties": {"zone_id": 241, "risk_class": "moderate", "max_sink_m": 1, "mean_sink_m": 1, "cells": 4, "area_m2": 3182, "impervious_frac": 0.0, "min_dist_to_drain_m": 479, "centroid_lon": 73.075, "centroid_lat": 33.674792}, "geometry": {"type": "Polygon", "coordinates": [[[73.07458333336686, 33.674861111107624], [73.07486111114463, 33.674861111107624], [73.07486111114463, 33.67513888888541], [73.07513888892241, 33.67513888888541], [73.07513888892241, 33.674861111107624], [73.07541666670019, 33.674861111107624], [73.07541666670019, 33.67458333332985], [73.07458333336686, 33.67458333332985], [73.07458333336686, 33.674861111107624]]]}}, {"type": "Feature", "properties": {"zone_id": 242, "risk_class": "moderate", "max_sink_m": 1, "mean_sink_m": 1, "cells": 3, "area_m2": 2386, "impervious_frac": 0.0, "min_dist_to_drain_m": 345, "centroid_lon": 73.043148, "centroid_lat": 33.674074}, "geometry": {"type": "Polygon", "coordinates": [[[73.04319444447796, 33.67374999999652], [73.0429166667002, 33.67374999999652], [73.0429166667002, 33.674305555552074], [73.04347222225574, 33.674305555552074], [73.04347222225574, 33.67402777777429], [73.04319444447796, 33.67402777777429], [73.04319444447796, 33.67374999999652]]]}}, {"type": "Feature", "properties": {"zone_id": 243, "risk_class": "moderate", "max_sink_m": 1, "mean_sink_m": 1, "cells": 4, "area_m2": 3182, "impervious_frac": 0.0, "min_dist_to_drain_m": 677, "centroid_lon": 73.0325, "centroid_lat": 33.67375}, "geometry": {"type": "Polygon", "coordinates": [[[73.03208333336686, 33.67374999999652], [73.03236111114464, 33.67374999999652], [73.03236111114464, 33.67402777777429], [73.03291666670019, 33.67402777777429], [73.03291666670019, 33.67374999999652], [73.0326388889224, 33.67374999999652], [73.0326388889224, 33.67347222221874], [73.03208333336686, 33.67347222221874], [73.03208333336686, 33.67374999999652]]]}}, {"type": "Feature", "properties": {"zone_id": 244, "risk_class": "moderate", "max_sink_m": 1, "mean_sink_m": 1, "cells": 11, "area_m2": 8750, "impervious_frac": 0.0, "min_dist_to_drain_m": 454, "centroid_lon": 73.056212, "centroid_lat": 33.673308}, "geometry": {"type": "Polygon", "coordinates": [[[73.05569444447796, 33.67347222221874], [73.05569444447796, 33.67374999999652], [73.0565277778113, 33.67374999999652], [73.0565277778113, 33.67347222221874], [73.05680555558908, 33.67347222221874], [73.05680555558908, 33.672916666663184], [73.0565277778113, 33.672916666663184], [73.0565277778113, 33.6726388888854], [73.05625000003351, 33.6726388888854], [73.05625000003351, 33.67319444444096], [73.05541666670018, 33.67319444444096], [73.05541666670018, 33.67347222221874], [73.05569444447796, 33.67347222221874]]]}}, {"type": "Feature", "properties": {"zone_id": 245, "risk_class": "moderate", "max_sink_m": 1, "mean_sink_m": 1, "cells": 4, "area_m2": 3182, "impervious_frac": 0.0, "min_dist_to_drain_m": 656, "centroid_lon": 73.076875, "centroid_lat": 33.673333}, "geometry": {"type": "Polygon", "coordinates": [[[73.07708333336686, 33.672916666663184], [73.07680555558908, 33.672916666663184], [73.07680555558908, 33.67319444444096], [73.0765277778113, 33.67319444444096], [73.0765277778113, 33.67347222221874], [73.07680555558908, 33.67347222221874], [73.07680555558908, 33.67374999999652], [73.07708333336686, 33.67374999999652], [73.07708333336686, 33.672916666663184]]]}}, {"type": "Feature", "properties": {"zone_id": 246, "risk_class": "moderate", "max_sink_m": 1, "mean_sink_m": 1, "cells": 3, "area_m2": 2386, "impervious_frac": 0.0, "min_dist_to_drain_m": 1015, "centroid_lon": 73.080648, "centroid_lat": 33.673148}, "geometry": {"type": "Polygon", "coordinates": [[[73.08041666670019, 33.672916666663184], [73.08041666670019, 33.67347222221874], [73.08069444447797, 33.67347222221874], [73.08069444447797, 33.67319444444096], [73.08097222225574, 33.67319444444096], [73.08097222225574, 33.672916666663184], [73.08041666670019, 33.672916666663184]]]}}, {"type": "Feature", "properties": {"zone_id": 247, "risk_class": "moderate", "max_sink_m": 1, "mean_sink_m": 1, "cells": 5, "area_m2": 3977, "impervious_frac": 0.0, "min_dist_to_drain_m": 301, "centroid_lon": 73.073, "centroid_lat": 33.672944}, "geometry": {"type": "Polygon", "coordinates": [[[73.07263888892241, 33.6726388888854], [73.07263888892241, 33.67319444444096], [73.07347222225575, 33.67319444444096], [73.07347222225575, 33.672916666663184], [73.07319444447796, 33.672916666663184], [73.07319444447796, 33.6726388888854], [73.07263888892241, 33.6726388888854]]]}}, {"type": "Feature", "properties": {"zone_id": 248, "risk_class": "moderate", "max_sink_m": 1, "mean_sink_m": 1, "cells": 3, "area_m2": 2386, "impervious_frac": 0.0, "min_dist_to_drain_m": 459, "centroid_lon": 73.03037, "centroid_lat": 33.672593}, "geometry": {"type": "Polygon", "coordinates": [[[73.03013888892241, 33.67236111110763], [73.03013888892241, 33.672916666663184], [73.03041666670019, 33.672916666663184], [73.03041666670019, 33.6726388888854], [73.03069444447796, 33.6726388888854], [73.03069444447796, 33.67236111110763], [73.03013888892241, 33.67236111110763]]]}}, {"type": "Feature", "properties": {"zone_id": 249, "risk_class": "moderate", "max_sink_m": 1, "mean_sink_m": 1, "cells": 3, "area_m2": 2386, "impervious_frac": 0.0, "min_dist_to_drain_m": 1096, "centroid_lon": 73.081574, "centroid_lat": 33.672685}, "geometry": {"type": "Polygon", "coordinates": [[[73.08180555558907, 33.67236111110763], [73.0815277778113, 33.67236111110763], [73.0815277778113, 33.6726388888854], [73.08125000003352, 33.6726388888854], [73.08125000003352, 33.672916666663184], [73.08180555558907, 33.672916666663184], [73.08180555558907, 33.67236111110763]]]}}, {"type": "Feature", "properties": {"zone_id": 250, "risk_class": "moderate", "max_sink_m": 1, "mean_sink_m": 1, "cells": 5, "area_m2": 3977, "impervious_frac": 0.0, "min_dist_to_drain_m": 529, "centroid_lon": 73.031944, "centroid_lat": 33.671944}, "geometry": {"type": "Polygon", "coordinates": [[[73.03180555558907, 33.671527777774294], [73.03180555558907, 33.67208333332985], [73.03152777781129, 33.67208333332985], [73.03152777781129, 33.67236111110763], [73.03208333336686, 33.67236111110763], [73.03208333336686, 33.67180555555207], [73.03236111114464, 33.67180555555207], [73.03236111114464, 33.671527777774294], [73.03180555558907, 33.671527777774294]]]}}, {"type": "Feature", "properties": {"zone_id": 251, "risk_class": "moderate", "max_sink_m": 1, "mean_sink_m": 1, "cells": 9, "area_m2": 7159, "impervious_frac": 0.0, "min_dist_to_drain_m": 322, "centroid_lon": 73.043858, "centroid_lat": 33.671698}, "geometry": {"type": "Polygon", "coordinates": [[[73.04458333336686, 33.67124999999652], [73.0440277778113, 33.67124999999652], [73.0440277778113, 33.671527777774294], [73.04347222225574, 33.671527777774294], [73.04347222225574, 33.67180555555207], [73.0429166667002, 33.67180555555207], [73.0429166667002, 33.67208333332985], [73.04375000003353, 33.67208333332985], [73.04375000003353, 33.67180555555207], [73.04458333336686, 33.67180555555207], [73.04458333336686, 33.67124999999652]]]}}, {"type": "Feature", "properties": {"zone_id": 252, "risk_class": "moderate", "max_sink_m": 1, "mean_sink_m": 1, "cells": 6, "area_m2": 4773, "impervious_frac": 0.0, "min_dist_to_drain_m": 372, "centroid_lon": 73.056528, "centroid_lat": 33.67162}, "geometry": {"type": "Polygon", "coordinates": [[[73.0565277778113, 33.671527777774294], [73.05597222225575, 33.671527777774294], [73.05597222225575, 33.67180555555207], [73.05625000003351, 33.67180555555207], [73.05625000003351, 33.67208333332985], [73.0565277778113, 33.67208333332985], [73.0565277778113, 33.67180555555207], [73.05680555558908, 33.67180555555207], [73.05680555558908, 33.671527777774294], [73.05708333336685, 33.671527777774294], [73.05708333336685, 33.67124999999652], [73.0565277778113, 33.67124999999652], [73.0565277778113, 33.671527777774294]]]}}]}