{
"type": "FeatureCollection",
"name": "greenery",
"crs": { "type": "name", "properties": { "name": "urn:ogc:def:crs:OGC:1.3:CRS84" } },
"features": [
{ "type": "Feature", "properties": { "element": "node", "id": 659733380, "is_in": "Islamabad", "leisure": "playground", "name": "Punjab Cricket Ground", "sport": "cricket", "name:en": null, "name:ur": null, "addr:city": null, "addr:city:ar": null, "addr:city:en": null, "addr:city:ks": null, "addr:city:pnb": null, "addr:city:ps": null, "addr:city:sd": null, "addr:city:ur": null, "addr:street": null, "operator": null, "alt_name": null, "alt_name:ar": null, "alt_name:ur": null, "alt_name:zh-Hans": null, "name:ar": null, "name:etymology": null, "name:etymology:wikidata": null, "name:etymology:wikipedia": null, "name:hi": null, "name:pnb": null, "tourism": null, "wikidata": null, "wikimedia_commons": null, "wikipedia": null, "wikipedia:pnb": null, "name:ml": null, "area": null, "landuse": null, "operator:short": null, "operator:type": null, "operator:wikidata": null, "created_by": null, "shop": null, "natural": null, "brand": null, "brand:ar": null, "brand:pnb": null, "brand:ps": null, "brand:ur": null, "brand:wikidata": null, "brand:wikipedia": null, "brand:wikipedia:ar": null, "brand:wikipedia:pnb": null, "brand:wikipedia:ps": null, "brand:wikipedia:ur": null, "surface": null, "type": null, "access": null, "barrier": null, "boundary": null, "operator:ur": null, "max_age": null, "min_age": null, "playground:theme": null }, "geometry": { "type": "Point", "coordinates": [ 73.0193948, 33.6897746 ] } },
{ "type": "Feature", "properties": { "element": "node", "id": 4407772499, "is_in": null, "leisure": "playground", "name": "باغ", "sport": null, "name:en": "Park", "name:ur": "باغ", "addr:city": null, "addr:city:ar": null, "addr:city:en": null, "addr:city:ks": null, "addr:city:pnb": null, "addr:city:ps": null, "addr:city:sd": null, "addr:city:ur": null, "addr:street": null, "operator": null, "alt_name": null, "alt_name:ar": null, "alt_name:ur": null, "alt_name:zh-Hans": null, "name:ar": null, "name:etymology": null, "name:etymology:wikidata": null, "name:etymology:wikipedia": null, "name:hi": null, "name:pnb": null, "tourism": null, "wikidata": null, "wikimedia_commons": null, "wikipedia": null, "wikipedia:pnb": null, "name:ml": null, "area": null, "landuse": null, "operator:short": null, "operator:type": null, "operator:wikidata": null, "created_by": null, "shop": null, "natural": null, "brand": null, "brand:ar": null, "brand:pnb": null, "brand:ps": null, "brand:ur": null, "brand:wikidata": null, "brand:wikipedia": null, "brand:wikipedia:ar": null, "brand:wikipedia:pnb": null, "brand:wikipedia:ps": null, "brand:wikipedia:ur": null, "surface": null, "type": null, "access": null, "barrier": null, "boundary": null, "operator:ur": null, "max_age": null, "min_age": null, "playground:theme": null }, "geometry": { "type": "Point", "coordinates": [ 73.0197037, 33.6862476 ] } },
{ "type": "Feature", "properties": { "element": "node", "id": 4899052829, "is_in": null, "leisure": "pitch", "name": "National Cricket Academy", "sport": "cricket", "name:en": null, "name:ur": null, "addr:city": "اسلام آباد", "addr:city:ar": "إسلام آباد", "addr:city:en": "Islamabad", "addr:city:ks": "اِسلام آبادٖ", "addr:city:pnb": "اسلام آباد", "addr:city:ps": "اسلام آباد", "addr:city:sd": "اسلام آباد", "addr:city:ur": "اسلام آباد", "addr:street": "Service Road West G8", "operator": null, "alt_name": null, "alt_name:ar": null, "alt_name:ur": null, "alt_name:zh-Hans": null, "name:ar": null, "name:etymology": null, "name:etymology:wikidata": null, "name:etymology:wikipedia": null, "name:hi": null, "name:pnb": null, "tourism": null, "wikidata": null, "wikimedia_commons": null, "wikipedia": null, "wikipedia:pnb": null, "name:ml": null, "area": null, "landuse": null, "operator:short": null, "operator:type": null, "operator:wikidata": null, "created_by": null, "shop": null, "natural": null, "brand": null, "brand:ar": null, "brand:pnb": null, "brand:ps": null, "brand:ur": null, "brand:wikidata": null, "brand:wikipedia": null, "brand:wikipedia:ar": null, "brand:wikipedia:pnb": null, "brand:wikipedia:ps": null, "brand:wikipedia:ur": null, "surface": null, "type": null, "access": null, "barrier": null, "boundary": null, "operator:ur": null, "max_age": null, "min_age": null, "playground:theme": null }, "geometry": { "type": "Point", "coordinates": [ 73.0384907, 33.6977455 ] } },
{ "type": "Feature", "properties": { "element": "node", "id": 4956514624, "is_in": null, "leisure": "park", "name": "Fun City", "sport": null, "name:en": null, "name:ur": null, "addr:city": "اسلام آباد", "addr:city:ar": "إسلام آباد", "addr:city:en": "Islamabad", "addr:city:ks": "اِسلام آبادٖ", "addr:city:pnb": "اسلام آباد", "addr:city:ps": "اسلام آباد", "addr:city:sd": "اسلام آباد", "addr:city:ur": "اسلام آباد", "addr:street": "Nazim ud Din Road", "operator": null, "alt_name": null, "alt_name:ar": null, "alt_name:ur": null, "alt_name:zh-Hans": null, "name:ar": null, "name:etymology": null, "name:etymology:wikidata": null, "name:etymology:wikipedia": null, "name:hi": null, "name:pnb": null, "tourism": null, "wikidata": null, "wikimedia_commons": null, "wikipedia": null, "wikipedia:pnb": null, "name:ml": null, "area": null, "landuse": null, "operator:short": null, "operator:type": null, "operator:wikidata": null, "created_by": null, "shop": null, "natural": null, "brand": null, "brand:ar": null, "brand:pnb": null, "brand:ps": null, "brand:ur": null, "brand:wikidata": null, "brand:wikipedia": null, "brand:wikipedia:ar": null, "brand:wikipedia:pnb": null, "brand:wikipedia:ps": null, "brand:wikipedia:ur": null, "surface": null, "type": null, "access": null, "barrier": null, "boundary": null, "operator:ur": null, "max_age": null, "min_age": null, "playground:theme": null }, "geometry": { "type": "Point", "coordinates": [ 73.0505992, 33.7081004 ] } },
{ "type": "Feature", "properties": { "element": "node", "id": 4963837818, "is_in": null, "leisure": "pitch", "name": "Shalimar cricket academy, F/8-1", "sport": "cricket", "name:en": null, "name:ur": null, "addr:city": "اسلام آباد", "addr:city:ar": "إسلام آباد", "addr:city:en": "Islamabad", "addr:city:ks": "اِسلام آبادٖ", "addr:city:pnb": "اسلام آباد", "addr:city:ps": "اسلام آباد", "addr:city:sd": "اسلام آباد", "addr:city:ur": "اسلام آباد", "addr:street": "Street 44", "operator": null, "alt_name": null, "alt_name:ar": null, "alt_name:ur": null, "alt_name:zh-Hans": null, "name:ar": null, "name:etymology": null, "name:etymology:wikidata": null, "name:etymology:wikipedia": null, "name:hi": null, "name:pnb": null, "tourism": null, "wikidata": null, "wikimedia_commons": null, "wikipedia": null, "wikipedia:pnb": null, "name:ml": null, "area": null, "landuse": null, "operator:short": null, "operator:type": null, "operator:wikidata": null, "created_by": null, "shop": null, "natural": null, "brand": null, "brand:ar": null, "brand:pnb": null, "brand:ps": null, "brand:ur": null, "brand:wikidata": null, "brand:wikipedia": null, "brand:wikipedia:ar": null, "brand:wikipedia:pnb": null, "brand:wikipedia:ps": null, "brand:wikipedia:ur": null, "surface": null, "type": null, "access": null, "barrier": null, "boundary": null, "operator:ur": null, "max_age": null, "min_age": null, "playground:theme": null }, "geometry": { "type": "Point", "coordinates": [ 73.0358833, 33.7077441 ] } },
{ "type": "Feature", "properties": { "element": "node", "id": 4965289180, "is_in": null, "leisure": "park", "name": "AHQ park", "sport": null, "name:en": null, "name:ur": null, "addr:city": "اسلام آباد", "addr:city:ar": "إسلام آباد", "addr:city:en": "Islamabad", "addr:city:ks": "اِسلام آبادٖ", "addr:city:pnb": "اسلام آباد", "addr:city:ps": "اسلام آباد", "addr:city:sd": "اسلام آباد", "addr:city:ur": "اسلام آباد", "addr:street": "Margalla Avenue", "operator": null, "alt_name": null, "alt_name:ar": null, "alt_name:ur": null, "alt_name:zh-Hans": null, "name:ar": null, "name:etymology": null, "name:etymology:wikidata": null, "name:etymology:wikipedia": null, "name:hi": null, "name:pnb": null, "tourism": null, "wikidata": null, "wikimedia_commons": null, "wikipedia": null, "wikipedia:pnb": null, "name:ml": null, "area": null, "landuse": null, "operator:short": null, "operator:type": null, "operator:wikidata": null, "created_by": null, "shop": null, "natural": null, "brand": null, "brand:ar": null, "brand:pnb": null, "brand:ps": null, "brand:ur": null, "brand:wikidata": null, "brand:wikipedia": null, "brand:wikipedia:ar": null, "brand:wikipedia:pnb": null, "brand:wikipedia:ps": null, "brand:wikipedia:ur": null, "surface": null, "type": null, "access": null, "barrier": null, "boundary": null, "operator:ur": null, "max_age": null, "min_age": null, "playground:theme": null }, "geometry": { "type": "Point", "coordinates": [ 73.0107324, 33.7216139 ] } },
{ "type": "Feature", "properties": { "element": "node", "id": 4967695191, "is_in": null, "leisure": "playground", "name": "Akbar Football Ground", "sport": null, "name:en": null, "name:ur": null, "addr:city": "اسلام آباد", "addr:city:ar": "إسلام آباد", "addr:city:en": "Islamabad", "addr:city:ks": "اِسلام آبادٖ", "addr:city:pnb": "اسلام آباد", "addr:city:ps": "اسلام آباد", "addr:city:sd": "اسلام آباد", "addr:city:ur": "اسلام آباد", "addr:street": "Street 26", "operator": null, "alt_name": null, "alt_name:ar": null, "alt_name:ur": null, "alt_name:zh-Hans": null, "name:ar": null, "name:etymology": null, "name:etymology:wikidata": null, "name:etymology:wikipedia": null, "name:hi": null, "name:pnb": null, "tourism": null, "wikidata": null, "wikimedia_commons": null, "wikipedia": null, "wikipedia:pnb": null, "name:ml": null, "area": null, "landuse": null, "operator:short": null, "operator:type": null, "operator:wikidata": null, "created_by": null, "shop": null, "natural": null, "brand": null, "brand:ar": null, "brand:pnb": null, "brand:ps": null, "brand:ur": null, "brand:wikidata": null, "brand:wikipedia": null, "brand:wikipedia:ar": null, "brand:wikipedia:pnb": null, "brand:wikipedia:ps": null, "brand:wikipedia:ur": null, "surface": null, "type": null, "access": null, "barrier": null, "boundary": null, "operator:ur": null, "max_age": null, "min_age": null, "playground:theme": null }, "geometry": { "type": "Point", "coordinates": [ 73.0580422, 33.694887 ] } },
{ "type": "Feature", "properties": { "element": "node", "id": 6452831180, "is_in": null, "leisure": "park", "name": "FG", "sport": null, "name:en": null, "name:ur": null, "addr:city": null, "addr:city:ar": null, "addr:city:en": null, "addr:city:ks": null, "addr:city:pnb": null, "addr:city:ps": null, "addr:city:sd": null, "addr:city:ur": null, "addr:street": null, "operator": "DSF", "alt_name": null, "alt_name:ar": null, "alt_name:ur": null, "alt_name:zh-Hans": null, "name:ar": null, "name:etymology": null, "name:etymology:wikidata": null, "name:etymology:wikipedia": null, "name:hi": null, "name:pnb": null, "tourism": null, "wikidata": null, "wikimedia_commons": null, "wikipedia": null, "wikipedia:pnb": null, "name:ml": null, "area": null, "landuse": null, "operator:short": null, "operator:type": null, "operator:wikidata": null, "created_by": null, "shop": null, "natural": null, "brand": null, "brand:ar": null, "brand:pnb": null, "brand:ps": null, "brand:ur": null, "brand:wikidata": null, "brand:wikipedia": null, "brand:wikipedia:ar": null, "brand:wikipedia:pnb": null, "brand:wikipedia:ps": null, "brand:wikipedia:ur": null, "surface": null, "type": null, "access": null, "barrier": null, "boundary": null, "operator:ur": null, "max_age": null, "min_age": null, "playground:theme": null }, "geometry": { "type": "Point", "coordinates": [ 73.0184542, 33.672375 ] } },
{ "type": "Feature", "properties": { "element": "node", "id": 6452832189, "is_in": null, "leisure": "park", "name": "F;LKL;MKKM;", "sport": null, "name:en": null, "name:ur": null, "addr:city": null, "addr:city:ar": null, "addr:city:en": null, "addr:city:ks": null, "addr:city:pnb": null, "addr:city:ps": null, "addr:city:sd": null, "addr:city:ur": null, "addr:street": null, "operator": null, "alt_name": null, "alt_name:ar": null, "alt_name:ur": null, "alt_name:zh-Hans": null, "name:ar": null, "name:etymology": null, "name:etymology:wikidata": null, "name:etymology:wikipedia": null, "name:hi": null, "name:pnb": null, "tourism": null, "wikidata": null, "wikimedia_commons": null, "wikipedia": null, "wikipedia:pnb": null, "name:ml": null, "area": null, "landuse": null, "operator:short": null, "operator:type": null, "operator:wikidata": null, "created_by": null, "shop": null, "natural": null, "brand": null, "brand:ar": null, "brand:pnb": null, "brand:ps": null, "brand:ur": null, "brand:wikidata": null, "brand:wikipedia": null, "brand:wikipedia:ar": null, "brand:wikipedia:pnb": null, "brand:wikipedia:ps": null, "brand:wikipedia:ur": null, "surface": null, "type": null, "access": null, "barrier": null, "boundary": null, "operator:ur": null, "max_age": null, "min_age": null, "playground:theme": null }, "geometry": { "type": "Point", "coordinates": [ 73.0133624, 33.6760059 ] } },
{ "type": "Feature", "properties": { "element": "node", "id": 7285174703, "is_in": null, "leisure": "pitch", "name": "New Shalimar Cricket Academy", "sport": "cricket", "name:en": null, "name:ur": null, "addr:city": null, "addr:city:ar": null, "addr:city:en": null, "addr:city:ks": null, "addr:city:pnb": null, "addr:city:ps": null, "addr:city:sd": null, "addr:city:ur": null, "addr:street": null, "operator": null, "alt_name": null, "alt_name:ar": null, "alt_name:ur": null, "alt_name:zh-Hans": null, "name:ar": null, "name:etymology": null, "name:etymology:wikidata": null, "name:etymology:wikipedia": null, "name:hi": null, "name:pnb": null, "tourism": null, "wikidata": null, "wikimedia_commons": null, "wikipedia": null, "wikipedia:pnb": null, "name:ml": null, "area": null, "landuse": null, "operator:short": null, "operator:type": null, "operator:wikidata": null, "created_by": null, "shop": null, "natural": null, "brand": null, "brand:ar": null, "brand:pnb": null, "brand:ps": null, "brand:ur": null, "brand:wikidata": null, "brand:wikipedia": null, "brand:wikipedia:ar": null, "brand:wikipedia:pnb": null, "brand:wikipedia:ps": null, "brand:wikipedia:ur": null, "surface": null, "type": null, "access": null, "barrier": null, "boundary": null, "operator:ur": null, "max_age": null, "min_age": null, "playground:theme": null }, "geometry": { "type": "Point", "coordinates": [ 73.0190108, 33.6733698 ] } },
{ "type": "Feature", "properties": { "element": "node", "id": 7577900885, "is_in": null, "leisure": "park", "name": "فاطمہ جناح پارک", "sport": null, "name:en": "Fatima Jinnah Park", "name:ur": "فاطمہ جناح پارک", "addr:city": "اسلام آباد", "addr:city:ar": "إسلام آباد", "addr:city:en": null, "addr:city:ks": "اِسلام آبادٖ", "addr:city:pnb": "اسلام آباد", "addr:city:ps": "اسلام آباد", "addr:city:sd": "اسلام آباد", "addr:city:ur": "اسلام آباد", "addr:street": null, "operator": null, "alt_name": "ایف-9 پارک;ایف-9", "alt_name:ar": "متنزه إف-9;إف-9", "alt_name:ur": "ایف-9 پارک;ایف-9", "alt_name:zh-Hans": "F9公园", "name:ar": "متنزه فاطمة جناح", "name:etymology": "فاطمة جناح", "name:etymology:wikidata": "Q464947", "name:etymology:wikipedia": "ar:فاطمة جناح", "name:hi": "फातिमा जिन्ना पार्क", "name:pnb": "کیپیٹل پارک اسلام آباد", "tourism": "attraction", "wikidata": "Q3305506", "wikimedia_commons": "Category:Fatima Jinnah Park", "wikipedia": "pnb:کیپیٹل پارک اسلام آباد", "wikipedia:pnb": "کیپیٹل پارک اسلام آباد", "name:ml": null, "area": null, "landuse": null, "operator:short": null, "operator:type": null, "operator:wikidata": null, "created_by": null, "shop": null, "natural": null, "brand": null, "brand:ar": null, "brand:pnb": null, "brand:ps": null, "brand:ur": null, "brand:wikidata": null, "brand:wikipedia": null, "brand:wikipedia:ar": null, "brand:wikipedia:pnb": null, "brand:wikipedia:ps": null, "brand:wikipedia:ur": null, "surface": null, "type": null, "access": null, "barrier": null, "boundary": null, "operator:ur": null, "max_age": null, "min_age": null, "playground:theme": null }, "geometry": { "type": "Point", "coordinates": [ 73.0209926, 33.7021194 ] } },
{ "type": "Feature", "properties": { "element": "relation", "id": 5755518, "is_in": null, "leisure": null, "name": "مارگلہ ہل قومی پارک", "sport": null, "name:en": "Margalla Hills National Park", "name:ur": "مارگلہ ہل قومی پارک", "addr:city": "اسلام  آباد", "addr:city:ar": null, "addr:city:en": null, "addr:city:ks": null, "addr:city:pnb": null, "addr:city:ps": null, "addr:city:sd": null, "addr:city:ur": null, "addr:street": null, "operator": "کیپیٹل ڈویلپمنٹ اتھارٹی", "alt_name": null, "alt_name:ar": null, "alt_name:ur": "مارگلہ ھلز نیشنل پارک", "alt_name:zh-Hans": null, "name:ar": null, "name:etymology": null, "name:etymology:wikidata": null, "name:etymology:wikipedia": null, "name:hi": "मार्गल्ला हिल्स राष्ट्रीय उद्यान", "name:pnb": null, "tourism": null, "wikidata": "Q3243503", "wikimedia_commons": null, "wikipedia": null, "wikipedia:pnb": null, "name:ml": "മാർഗല്ല ഹിൽസ് ദേശീയോദ്യാനം", "area": null, "landuse": "forest", "operator:short": null, "operator:type": null, "operator:wikidata": null, "created_by": null, "shop": null, "natural": null, "brand": null, "brand:ar": null, "brand:pnb": null, "brand:ps": null, "brand:ur": null, "brand:wikidata": null, "brand:wikipedia": null, "brand:wikipedia:ar": null, "brand:wikipedia:pnb": null, "brand:wikipedia:ps": null, "brand:wikipedia:ur": null, "surface": null, "type": "multipolygon", "access": null, "barrier": null, "boundary": "national_park", "operator:ur": "کیپیٹل ڈویلپمنٹ اتھارٹی", "max_age": null, "min_age": null, "playground:theme": null }, "geometry": { "type": "Polygon", "coordinates": [ [ [ 72.9301119, 33.7561917 ], [ 72.9303127, 33.7563208 ], [ 72.9338948, 33.7586239 ], [ 72.9363914, 33.7591271 ], [ 72.939922, 33.7562127 ], [ 72.9415108, 33.7561498 ], [ 72.9444362, 33.7586868 ], [ 72.9467816, 33.7595045 ], [ 72.9497574, 33.7576804 ], [ 72.9519262, 33.7581207 ], [ 72.9522778, 33.7581849 ], [ 72.9526294, 33.758249 ], [ 72.9550281, 33.7586868 ], [ 72.9574594, 33.7569395 ], [ 72.9580039, 33.7565482 ], [ 72.9603241, 33.756632 ], [ 72.9633251, 33.7582255 ], [ 72.9648167, 33.7580902 ], [ 72.9674862, 33.7578481 ], [ 72.9690315, 33.75664 ], [ 72.9691758, 33.7565272 ], [ 72.9693048, 33.7547757 ], [ 72.9694028, 33.753445 ], [ 72.9681923, 33.7512643 ], [ 72.9675366, 33.750132 ], [ 72.9655479, 33.7481375 ], [ 72.9647536, 33.747879 ], [ 72.9644237, 33.7476088 ], [ 72.9639247, 33.7471325 ], [ 72.9638211, 33.7465294 ], [ 72.9640817, 33.7461853 ], [ 72.9645376, 33.7457258 ], [ 72.9646168, 33.745791 ], [ 72.9647052, 33.7455257 ], [ 72.9651334, 33.7454326 ], [ 72.9652126, 33.7454838 ], [ 72.9659277, 33.7452947 ], [ 72.9665494, 33.7450649 ], [ 72.967171, 33.7448065 ], [ 72.9675163, 33.7442896 ], [ 72.9674818, 33.7436291 ], [ 72.9674627, 33.7431798 ], [ 72.9673436, 33.742624 ], [ 72.9674127, 33.7419348 ], [ 72.9679998, 33.7413892 ], [ 72.9685869, 33.741102 ], [ 72.9694157, 33.741102 ], [ 72.9700719, 33.7412456 ], [ 72.9714187, 33.7416189 ], [ 72.972213, 33.7419348 ], [ 72.9730764, 33.7423369 ], [ 72.973698, 33.7426815 ], [ 72.9754592, 33.7438588 ], [ 72.9767025, 33.7445193 ], [ 72.977255, 33.7449213 ], [ 72.977773, 33.7453808 ], [ 72.9783601, 33.7458403 ], [ 72.9790163, 33.7460987 ], [ 72.9797415, 33.7471899 ], [ 72.9795688, 33.7477929 ], [ 72.9789818, 33.7482523 ], [ 72.9774622, 33.7489415 ], [ 72.9770478, 33.7494584 ], [ 72.9769097, 33.7501188 ], [ 72.9769097, 33.7508654 ], [ 72.9771169, 33.7514396 ], [ 72.9774277, 33.7519565 ], [ 72.9778421, 33.7531337 ], [ 72.9778421, 33.7537654 ], [ 72.9774622, 33.7542535 ], [ 72.9774622, 33.7553438 ], [ 72.9774622, 33.7563209 ], [ 72.9775313, 33.7569812 ], [ 72.9780148, 33.7574406 ], [ 72.9786364, 33.7579574 ], [ 72.9799142, 33.7586178 ], [ 72.9806739, 33.7588762 ], [ 72.9809007, 33.758961 ], [ 72.9820553, 33.759393 ], [ 72.9825733, 33.7595653 ], [ 72.983264, 33.7595653 ], [ 72.9839547, 33.7596227 ], [ 72.9846454, 33.759795 ], [ 72.9853016, 33.7600821 ], [ 72.9860613, 33.7604553 ], [ 72.9866829, 33.760685 ], [ 72.9888586, 33.7614028 ], [ 72.9894457, 33.7617186 ], [ 72.9901364, 33.7621205 ], [ 72.9905835, 33.7624923 ], [ 72.9906544, 33.7625512 ], [ 72.9909652, 33.7630967 ], [ 72.9914141, 33.7636422 ], [ 72.9918976, 33.763958 ], [ 72.992774, 33.763958 ], [ 72.9949367, 33.763958 ], [ 72.9956619, 33.7641589 ], [ 72.9963871, 33.7644747 ], [ 72.9969742, 33.7647905 ], [ 72.9976303, 33.7649628 ], [ 72.9990808, 33.7652212 ], [ 72.9993424, 33.7654848 ], [ 73.0001514, 33.7656518 ], [ 73.0008421, 33.7660825 ], [ 73.0013255, 33.7665418 ], [ 73.0017745, 33.7670011 ], [ 73.0032477, 33.7674827 ], [ 73.0039501, 33.7675753 ], [ 73.0055387, 33.7674892 ], [ 73.0064021, 33.7673456 ], [ 73.006638, 33.7673756 ], [ 73.0078525, 33.7677476 ], [ 73.0084742, 33.7674031 ], [ 73.0089922, 33.7670011 ], [ 73.0095793, 33.7666279 ], [ 73.0100973, 33.7661973 ], [ 73.0105462, 33.7655944 ], [ 73.0112369, 33.7645034 ], [ 73.0120346, 33.7642165 ], [ 73.0128929, 33.7641095 ], [ 73.0136198, 33.7643599 ], [ 73.0142414, 33.7645896 ], [ 73.0149666, 33.7649628 ], [ 73.0156919, 33.765336 ], [ 73.0163135, 33.7655944 ], [ 73.0171078, 33.7657667 ], [ 73.0177639, 33.7658241 ], [ 73.0195166, 33.7658241 ], [ 73.0201468, 33.7658241 ], [ 73.020872, 33.7657379 ], [ 73.0216663, 33.7657667 ], [ 73.0223915, 33.7658815 ], [ 73.0243945, 33.7659963 ], [ 73.0275026, 33.7672021 ], [ 73.0281933, 33.7672595 ], [ 73.0295402, 33.7674892 ], [ 73.0296438, 33.7674911 ], [ 73.0311288, 33.7675179 ], [ 73.0319576, 33.7674031 ], [ 73.0333735, 33.766915 ], [ 73.0341678, 33.7666853 ], [ 73.0349621, 33.7665705 ], [ 73.0356528, 33.7665418 ], [ 73.0357698, 33.7665407 ], [ 73.0385882, 33.7665131 ], [ 73.0397278, 33.7656231 ], [ 73.0411437, 33.7656231 ], [ 73.0412808, 33.7656492 ], [ 73.0428014, 33.7659389 ], [ 73.0443554, 33.7662834 ], [ 73.0451152, 33.7663983 ], [ 73.0455181, 33.7665368 ], [ 73.0463239, 33.766427 ], [ 73.0470146, 33.766226 ], [ 73.0477744, 33.7659963 ], [ 73.0483614, 33.7656231 ], [ 73.0486722, 33.7651063 ], [ 73.048914, 33.7645896 ], [ 73.0491826, 33.7637372 ], [ 73.0492939, 33.7633838 ], [ 73.0497083, 33.7628383 ], [ 73.049881, 33.762666 ], [ 73.0507443, 33.762666 ], [ 73.0516255, 33.762619 ], [ 73.0522638, 33.7629244 ], [ 73.0528509, 33.7632689 ], [ 73.0535416, 33.7635847 ], [ 73.0542668, 33.763757 ], [ 73.054992, 33.7638431 ], [ 73.0557518, 33.7638718 ], [ 73.0565461, 33.7638718 ], [ 73.0582038, 33.7637857 ], [ 73.0591362, 33.763757 ], [ 73.0600686, 33.7636996 ], [ 73.0607938, 33.7636709 ], [ 73.0615104, 33.7636461 ], [ 73.0616227, 33.7636422 ], [ 73.0646617, 33.7631828 ], [ 73.0664575, 33.763068 ], [ 73.0674935, 33.7638718 ], [ 73.0679972, 33.7646336 ], [ 73.0683352, 33.7649324 ], [ 73.0680991, 33.7656147 ], [ 73.0683727, 33.7659358 ], [ 73.0686141, 33.7667965 ], [ 73.0682533, 33.7679485 ], [ 73.0694274, 33.7688672 ], [ 73.0705325, 33.7696136 ], [ 73.0718449, 33.7703026 ], [ 73.07295, 33.7711638 ], [ 73.0738479, 33.7720824 ], [ 73.0745311, 33.7723617 ], [ 73.0746866, 33.7727185 ], [ 73.074869, 33.7732402 ], [ 73.0758024, 33.7736549 ], [ 73.0766106, 33.7747234 ], [ 73.0781301, 33.7756994 ], [ 73.0795115, 33.7763883 ], [ 73.0822052, 33.777881 ], [ 73.0827913, 33.7780196 ], [ 73.0838169, 33.7780196 ], [ 73.084989, 33.7779384 ], [ 73.0871868, 33.7772483 ], [ 73.0882124, 33.7770859 ], [ 73.0891892, 33.7770453 ], [ 73.0902148, 33.7770859 ], [ 73.0911916, 33.7772889 ], [ 73.0921195, 33.7777355 ], [ 73.0930963, 33.7781414 ], [ 73.0942196, 33.7785068 ], [ 73.0951964, 33.7788721 ], [ 73.0962708, 33.7791563 ], [ 73.0969587, 33.7791595 ], [ 73.0978825, 33.7795216 ], [ 73.0983221, 33.7795622 ], [ 73.0993477, 33.7795622 ], [ 73.1010571, 33.7802929 ], [ 73.1016431, 33.7810642 ], [ 73.1023269, 33.7817543 ], [ 73.1028153, 33.7825255 ], [ 73.104427, 33.7837839 ], [ 73.1055014, 33.7841898 ], [ 73.106527, 33.7843522 ], [ 73.1075527, 33.7847175 ], [ 73.1086271, 33.7851234 ], [ 73.1095551, 33.7855294 ], [ 73.1122901, 33.7868689 ], [ 73.1139506, 33.7873154 ], [ 73.1156111, 33.7882083 ], [ 73.1163925, 33.7888172 ], [ 73.1167344, 33.7895884 ], [ 73.1172716, 33.7904408 ], [ 73.1176624, 33.7913337 ], [ 73.1179554, 33.7921455 ], [ 73.1184438, 33.7938096 ], [ 73.1191764, 33.7945402 ], [ 73.1201043, 33.7949866 ], [ 73.1216976, 33.7973232 ], [ 73.1225951, 33.7986394 ], [ 73.1234572, 33.7987902 ], [ 73.123523, 33.7988017 ], [ 73.1252939, 33.7992669 ], [ 73.1257117, 33.7999983 ], [ 73.1257658, 33.8001527 ], [ 73.1258879, 33.8002565 ], [ 73.1265616, 33.8004323 ], [ 73.1273325, 33.8010339 ], [ 73.1274958, 33.8013053 ], [ 73.1279186, 33.8020079 ], [ 73.1279915, 33.8020584 ], [ 73.1287977, 33.8026166 ], [ 73.1297744, 33.8033471 ], [ 73.1307512, 33.8039153 ], [ 73.1315326, 33.8044428 ], [ 73.1333654, 33.80538 ], [ 73.1334374, 33.8054168 ], [ 73.1347072, 33.8059038 ], [ 73.1362212, 33.8063502 ], [ 73.1386061, 33.8015822 ], [ 73.139469, 33.7998569 ], [ 73.1361113, 33.7990249 ], [ 73.1355252, 33.798964 ], [ 73.1350857, 33.7987611 ], [ 73.1345485, 33.7985785 ], [ 73.1327414, 33.798477 ], [ 73.1316914, 33.7980712 ], [ 73.1311541, 33.7978479 ], [ 73.1306902, 33.7976653 ], [ 73.1302262, 33.7974421 ], [ 73.129518, 33.796813 ], [ 73.1292006, 33.7964274 ], [ 73.1293471, 33.7956157 ], [ 73.1299332, 33.7953925 ], [ 73.1304704, 33.7952707 ], [ 73.1309588, 33.7952504 ], [ 73.1319844, 33.7952504 ], [ 73.1324728, 33.795291 ], [ 73.1329612, 33.7953925 ], [ 73.1333763, 33.7955751 ], [ 73.1337915, 33.7958795 ], [ 73.1346461, 33.7966507 ], [ 73.1350368, 33.7969145 ], [ 73.1355008, 33.7969754 ], [ 73.1360869, 33.7969754 ], [ 73.1365753, 33.7968942 ], [ 73.1371369, 33.7968536 ], [ 73.1376986, 33.796326 ], [ 73.1376986, 33.7958998 ], [ 73.1376253, 33.7953722 ], [ 73.13743, 33.7945807 ], [ 73.1373323, 33.7939314 ], [ 73.1383823, 33.7915367 ], [ 73.1389928, 33.7914961 ], [ 73.1402382, 33.7911714 ], [ 73.1406778, 33.7907655 ], [ 73.1408731, 33.7902784 ], [ 73.1413127, 33.7886954 ], [ 73.1415569, 33.7877213 ], [ 73.1420697, 33.785367 ], [ 73.1537422, 33.7839928 ], [ 73.1548266, 33.7822006 ], [ 73.1539944, 33.7807962 ], [ 73.15349, 33.7793307 ], [ 73.1518495, 33.7767517 ], [ 73.1530676, 33.7740182 ], [ 73.1568664, 33.7749943 ], [ 73.1581097, 33.7756832 ], [ 73.1605271, 33.7774055 ], [ 73.1617703, 33.778037 ], [ 73.1630826, 33.7783815 ], [ 73.1661907, 33.7783815 ], [ 73.1675721, 33.77775 ], [ 73.1686081, 33.776774 ], [ 73.1697132, 33.7759128 ], [ 73.1710255, 33.7753961 ], [ 73.1723378, 33.774822 ], [ 73.1728904, 33.7737312 ], [ 73.1733048, 33.7723533 ], [ 73.1733739, 33.7709753 ], [ 73.1733048, 33.7697518 ], [ 73.1726832, 33.768449 ], [ 73.1717853, 33.7675304 ], [ 73.1711379, 33.7669538 ], [ 73.1708183, 33.7666691 ], [ 73.1699204, 33.7654633 ], [ 73.1699204, 33.7642001 ], [ 73.1705421, 33.7630517 ], [ 73.1717853, 33.762133 ], [ 73.173512, 33.7620182 ], [ 73.1739557, 33.7618031 ], [ 73.1750096, 33.7612919 ], [ 73.175064, 33.7612218 ], [ 73.1741336, 33.7601807 ], [ 73.1726832, 33.7590897 ], [ 73.1713709, 33.7584006 ], [ 73.1700586, 33.7575967 ], [ 73.1689535, 33.7567927 ], [ 73.1680556, 33.7558165 ], [ 73.1672958, 33.7545532 ], [ 73.1667433, 33.7533472 ], [ 73.1661506, 33.7528544 ], [ 73.1655, 33.7523135 ], [ 73.1641187, 33.7527155 ], [ 73.1639323, 33.7527284 ], [ 73.162461, 33.7528304 ], [ 73.1611487, 33.7524284 ], [ 73.1601515, 33.7516577 ], [ 73.1569176, 33.7515723 ], [ 73.1560376, 33.7531175 ], [ 73.1560376, 33.7557017 ], [ 73.1548634, 33.755874 ], [ 73.1530676, 33.7562185 ], [ 73.151479, 33.7562185 ], [ 73.1499595, 33.7561611 ], [ 73.1485782, 33.7559888 ], [ 73.1467824, 33.7555294 ], [ 73.145401, 33.7550126 ], [ 73.1442268, 33.7544383 ], [ 73.1416713, 33.7526581 ], [ 73.1400136, 33.751969 ], [ 73.1387013, 33.752371 ], [ 73.1372509, 33.7529452 ], [ 73.1357313, 33.7530601 ], [ 73.135386, 33.7528304 ], [ 73.134419, 33.7520264 ], [ 73.133383, 33.7511076 ], [ 73.1309656, 33.7496719 ], [ 73.1297914, 33.7488104 ], [ 73.1284791, 33.7480638 ], [ 73.1273049, 33.747547 ], [ 73.1258545, 33.7471449 ], [ 73.124335, 33.7469727 ], [ 73.1228845, 33.7467429 ], [ 73.1211578, 33.7463409 ], [ 73.1197764, 33.7459389 ], [ 73.1184641, 33.7457666 ], [ 73.1170137, 33.7458815 ], [ 73.1157704, 33.7463983 ], [ 73.1147344, 33.7473747 ], [ 73.1181145, 33.7484562 ], [ 73.1163973, 33.7496657 ], [ 73.1202067, 33.7507712 ], [ 73.1191143, 33.7523542 ], [ 73.1129624, 33.7509447 ], [ 73.1126405, 33.7518163 ], [ 73.1157912, 33.752659 ], [ 73.1165739, 33.7558638 ], [ 73.1152179, 33.7570799 ], [ 73.1159086, 33.7582858 ], [ 73.1168065, 33.7593768 ], [ 73.1174972, 33.760353 ], [ 73.1175033, 33.7646785 ], [ 73.1152567, 33.7649627 ], [ 73.114231, 33.7648409 ], [ 73.1135473, 33.7642319 ], [ 73.1130589, 33.7634604 ], [ 73.1129612, 33.7624454 ], [ 73.1129612, 33.7596032 ], [ 73.1130101, 33.7586693 ], [ 73.1130101, 33.7576542 ], [ 73.1129822, 33.7573637 ], [ 73.1129124, 33.7568421 ], [ 73.1125705, 33.7559894 ], [ 73.1119844, 33.7550148 ], [ 73.1111542, 33.7542433 ], [ 73.1097867, 33.7540403 ], [ 73.1087611, 33.7539185 ], [ 73.1077354, 33.7539185 ], [ 73.1067587, 33.7539997 ], [ 73.1057819, 33.7539997 ], [ 73.1050005, 33.7534718 ], [ 73.1045121, 33.7526597 ], [ 73.1041214, 33.7516851 ], [ 73.1036818, 33.750873 ], [ 73.1030469, 33.7500202 ], [ 73.1023143, 33.7494517 ], [ 73.1001654, 33.749208 ], [ 73.0990421, 33.7491268 ], [ 73.0976258, 33.7472182 ], [ 73.0909836, 33.7457968 ], [ 73.0885417, 33.7453501 ], [ 73.087415, 33.7451167 ], [ 73.0854028, 33.7444451 ], [ 73.085143, 33.7445146 ], [ 73.0847229, 33.7441089 ], [ 73.0843904, 33.7440506 ], [ 73.0836544, 33.7434931 ], [ 73.0827907, 33.7429489 ], [ 73.0821712, 33.7429174 ], [ 73.0819912, 33.7427702 ], [ 73.0814929, 33.7423973 ], [ 73.0813134, 33.742505 ], [ 73.0811385, 33.7425943 ], [ 73.0804832, 33.742548 ], [ 73.079985, 33.7427551 ], [ 73.0796041, 33.7429135 ], [ 73.0786762, 33.7429947 ], [ 73.0778948, 33.7429135 ], [ 73.076918, 33.7427104 ], [ 73.0757459, 33.7427104 ], [ 73.0747202, 33.7428322 ], [ 73.0738411, 33.7431571 ], [ 73.0729132, 33.7435632 ], [ 73.0719364, 33.7441318 ], [ 73.0713015, 33.7448628 ], [ 73.0704712, 33.7453501 ], [ 73.0695433, 33.7457156 ], [ 73.0691037, 33.746406 ], [ 73.0686642, 33.7471776 ], [ 73.06842, 33.7480304 ], [ 73.0682735, 33.7483958 ], [ 73.0678828, 33.7488222 ], [ 73.0675409, 33.7491268 ], [ 73.0672723, 33.7494923 ], [ 73.0672479, 33.7504669 ], [ 73.066906, 33.7507917 ], [ 73.0663688, 33.7509136 ], [ 73.0657827, 33.750873 ], [ 73.0653187, 33.7506496 ], [ 73.0649768, 33.7503044 ], [ 73.0650637, 33.7498678 ], [ 73.0656322, 33.749562 ], [ 73.066, 33.7490615 ], [ 73.0662675, 33.7485054 ], [ 73.0666353, 33.7479493 ], [ 73.0670701, 33.7474766 ], [ 73.0673376, 33.7469205 ], [ 73.067371, 33.7462532 ], [ 73.067371, 33.7448629 ], [ 73.0672373, 33.7443068 ], [ 73.0662341, 33.7433892 ], [ 73.065699, 33.7429999 ], [ 73.0643614, 33.7427774 ], [ 73.0636258, 33.742694 ], [ 73.0632579, 33.7422213 ], [ 73.0630238, 33.7416374 ], [ 73.0630238, 33.7410256 ], [ 73.0636592, 33.7399967 ], [ 73.0641608, 33.7395518 ], [ 73.064863, 33.7392737 ], [ 73.0655318, 33.7388844 ], [ 73.0660334, 33.7383005 ], [ 73.0659666, 33.7376887 ], [ 73.0657659, 33.7370769 ], [ 73.0655318, 33.7364929 ], [ 73.0649299, 33.736187 ], [ 73.0642611, 33.7363817 ], [ 73.0635923, 33.7364651 ], [ 73.0622213, 33.7364651 ], [ 73.0615859, 33.7362983 ], [ 73.0597131, 33.7355255 ], [ 73.0565919, 33.7348372 ], [ 73.0567101, 33.7320842 ], [ 73.0574194, 33.7315926 ], [ 73.058397, 33.7319927 ], [ 73.0587436, 33.7313763 ], [ 73.0583889, 33.730688 ], [ 73.058445, 33.7300692 ], [ 73.05733, 33.7295136 ], [ 73.0561662, 33.7308453 ], [ 73.051579, 33.7299211 ], [ 73.0513898, 33.73057 ], [ 73.0521938, 33.7310223 ], [ 73.0516972, 33.7321825 ], [ 73.0500893, 33.7319072 ], [ 73.050444, 33.730393 ], [ 73.0488361, 33.7299997 ], [ 73.0489071, 33.7295278 ], [ 73.0416006, 33.7281119 ], [ 73.0403264, 33.7319604 ], [ 73.0442679, 33.7328933 ], [ 73.0440054, 33.7337596 ], [ 73.04249, 33.7334421 ], [ 73.0424148, 33.7335686 ], [ 73.0400086, 33.7330586 ], [ 73.0378819, 33.7326079 ], [ 73.0356892, 33.7321432 ], [ 73.0354764, 33.7313566 ], [ 73.0328514, 33.7298054 ], [ 73.0327808, 33.7297637 ], [ 73.0344407, 33.7264289 ], [ 73.0292685, 33.7254033 ], [ 73.0275885, 33.725093 ], [ 73.0260183, 33.7247821 ], [ 73.0242077, 33.7279831 ], [ 73.0234653, 33.7292373 ], [ 73.0231807, 33.7298621 ], [ 73.0227551, 33.7297637 ], [ 73.021691, 33.7293311 ], [ 73.0211708, 33.7292131 ], [ 73.0205797, 33.7292918 ], [ 73.020225, 33.7295474 ], [ 73.0198703, 33.7298424 ], [ 73.0191013, 33.7303907 ], [ 73.0190427, 33.7304324 ], [ 73.0190001, 33.7304726 ], [ 73.0186881, 33.7307667 ], [ 73.0186218, 33.730932 ], [ 73.0185225, 33.7311796 ], [ 73.0180496, 33.731278 ], [ 73.0171038, 33.730865 ], [ 73.0165836, 33.7305503 ], [ 73.0161816, 33.7301767 ], [ 73.0160547, 33.7300259 ], [ 73.0158506, 33.7297834 ], [ 73.0155432, 33.7294688 ], [ 73.0152122, 33.7290951 ], [ 73.0144555, 33.7278955 ], [ 73.0140772, 33.7275219 ], [ 73.012753, 33.7272662 ], [ 73.011287, 33.7267746 ], [ 73.0108377, 33.7266959 ], [ 73.0102702, 33.7266959 ], [ 73.0097737, 33.7267549 ], [ 73.0097289, 33.7267549 ], [ 73.0092062, 33.7267549 ], [ 73.0087096, 33.7267353 ], [ 73.0082131, 33.7266369 ], [ 73.0077638, 33.7264206 ], [ 73.0070072, 33.7257716 ], [ 73.0066052, 33.7255356 ], [ 73.0062032, 33.7252996 ], [ 73.0057303, 33.725103 ], [ 73.005281, 33.7250046 ], [ 73.0035076, 33.7251226 ], [ 73.0024672, 33.7253586 ], [ 73.0015687, 33.725752 ], [ 73.0010958, 33.7259879 ], [ 72.9994879, 33.7271286 ], [ 72.998944, 33.7273646 ], [ 72.9977618, 33.7274236 ], [ 72.9973361, 33.7272466 ], [ 72.9969342, 33.7270106 ], [ 72.9966268, 33.7266566 ], [ 72.9962957, 33.7263223 ], [ 72.9958701, 33.7260469 ], [ 72.9940021, 33.7261256 ], [ 72.9925597, 33.7259093 ], [ 72.9920868, 33.7259486 ], [ 72.9917794, 33.7262633 ], [ 72.9913775, 33.7270106 ], [ 72.9910464, 33.7273252 ], [ 72.9905735, 33.7275809 ], [ 72.988871, 33.7271876 ], [ 72.9884454, 33.7269516 ], [ 72.9880671, 33.7266763 ], [ 72.9875942, 33.7265189 ], [ 72.9864592, 33.7264206 ], [ 72.9854424, 33.7262239 ], [ 72.9849932, 33.7262239 ], [ 72.9844257, 33.7263026 ], [ 72.9834562, 33.7266369 ], [ 72.9829124, 33.7266369 ], [ 72.9819665, 33.7264403 ], [ 72.9816355, 33.7261649 ], [ 72.9813045, 33.7257716 ], [ 72.9810138, 33.7252325 ], [ 72.9807797, 33.7246484 ], [ 72.9804286, 33.7240226 ], [ 72.9802447, 33.7236472 ], [ 72.9800106, 33.7232717 ], [ 72.9796595, 33.7231605 ], [ 72.9787733, 33.7231883 ], [ 72.9784222, 33.7233412 ], [ 72.9778991, 33.7237445 ], [ 72.9772518, 33.7241756 ], [ 72.976466, 33.7248431 ], [ 72.9761148, 33.7250378 ], [ 72.9757303, 33.7250517 ], [ 72.9752956, 33.7248987 ], [ 72.974794, 33.7245372 ], [ 72.9744261, 33.7240087 ], [ 72.9739245, 33.7235915 ], [ 72.9733561, 33.7233412 ], [ 72.9727541, 33.722924 ], [ 72.9722525, 33.7225068 ], [ 72.9717844, 33.7219784 ], [ 72.9715169, 33.7212831 ], [ 72.9719181, 33.7207824 ], [ 72.9724532, 33.7203652 ], [ 72.9725869, 33.7197811 ], [ 72.972286, 33.7192805 ], [ 72.9712494, 33.718446 ], [ 72.9703465, 33.7172778 ], [ 72.9698114, 33.716944 ], [ 72.9692095, 33.7166659 ], [ 72.9669691, 33.7158314 ], [ 72.9662334, 33.7154698 ], [ 72.9658623, 33.7153228 ], [ 72.9655311, 33.7151917 ], [ 72.9648866, 33.715064 ], [ 72.9648289, 33.7150526 ], [ 72.9640598, 33.7148857 ], [ 72.9587763, 33.7148857 ], [ 72.9584419, 33.7149135 ], [ 72.9560342, 33.7149135 ], [ 72.9529578, 33.7151082 ], [ 72.9512523, 33.7151082 ], [ 72.9503829, 33.7152751 ], [ 72.9498479, 33.7156645 ], [ 72.9497264, 33.7161698 ], [ 72.9497141, 33.7162208 ], [ 72.9501823, 33.7173613 ], [ 72.9503722, 33.7176917 ], [ 72.9505501, 33.718001 ], [ 72.9506838, 33.7185295 ], [ 72.9505166, 33.7191136 ], [ 72.9498813, 33.7193083 ], [ 72.9494664, 33.7193726 ], [ 72.9479083, 33.7196142 ], [ 72.9460691, 33.719642 ], [ 72.9448988, 33.719503 ], [ 72.9426313, 33.7192379 ], [ 72.9419769, 33.7191438 ], [ 72.9410914, 33.7188034 ], [ 72.9395818, 33.718752 ], [ 72.9388127, 33.7185573 ], [ 72.9386701, 33.7185526 ], [ 72.9379767, 33.7185295 ], [ 72.937241, 33.7186129 ], [ 72.9366057, 33.7189189 ], [ 72.9360372, 33.7192805 ], [ 72.9351009, 33.7200871 ], [ 72.9344655, 33.7204486 ], [ 72.932526, 33.7212552 ], [ 72.9318907, 33.7214221 ], [ 72.9311884, 33.721589 ], [ 72.9305531, 33.721589 ], [ 72.9292489, 33.7219684 ], [ 72.9291603, 33.7277084 ], [ 72.9291366, 33.7304173 ], [ 72.9290956, 33.7350972 ], [ 72.9290091, 33.742513 ], [ 72.9289693, 33.7430328 ], [ 72.9285584, 33.7484021 ], [ 72.9285389, 33.7486574 ], [ 72.9284735, 33.7495117 ], [ 72.9279431, 33.7564433 ], [ 72.9298028, 33.7562276 ], [ 72.9301119, 33.7561917 ] ], [ [ 73.0653155, 33.7573409 ], [ 73.06494, 33.7570287 ], [ 73.064307, 33.7564399 ], [ 73.0638778, 33.7562615 ], [ 73.063513, 33.7559939 ], [ 73.0629766, 33.7558512 ], [ 73.0626011, 33.755878 ], [ 73.0619252, 33.7557442 ], [ 73.0619895, 33.7555747 ], [ 73.0622041, 33.755432 ], [ 73.0632234, 33.755432 ], [ 73.0634165, 33.7555212 ], [ 73.0639915, 33.7556396 ], [ 73.0650258, 33.756203 ], [ 73.0657391, 33.7564551 ], [ 73.0660601, 33.7566182 ], [ 73.0667021, 33.7571222 ], [ 73.0669517, 33.7573298 ], [ 73.0675402, 33.7577746 ], [ 73.0677363, 33.7580266 ], [ 73.0678255, 33.7586938 ], [ 73.067986, 33.7589903 ], [ 73.0682891, 33.7591534 ], [ 73.0683961, 33.7591682 ], [ 73.0691808, 33.7591534 ], [ 73.0695552, 33.7590644 ], [ 73.0699119, 33.758931 ], [ 73.0702685, 33.7588272 ], [ 73.0706608, 33.7587827 ], [ 73.0710175, 33.7588124 ], [ 73.0715592, 33.7590391 ], [ 73.0718735, 33.759272 ], [ 73.0720874, 33.759524 ], [ 73.0723838, 33.7603423 ], [ 73.0723371, 33.76071 ], [ 73.0721588, 33.7610213 ], [ 73.0716951, 33.7611251 ], [ 73.0704469, 33.7612141 ], [ 73.0700189, 33.7612141 ], [ 73.0684318, 33.7609472 ], [ 73.0680217, 33.7609027 ], [ 73.0676115, 33.7609027 ], [ 73.0674996, 33.760881 ], [ 73.067124, 33.760837 ], [ 73.0667377, 33.7608286 ], [ 73.0658996, 33.7606655 ], [ 73.0654895, 33.7606359 ], [ 73.065115, 33.7606359 ], [ 73.0649741, 33.7605781 ], [ 73.0648159, 33.7605313 ], [ 73.0641699, 33.7606804 ], [ 73.0627433, 33.7606804 ], [ 73.0623153, 33.7605914 ], [ 73.061495, 33.7603394 ], [ 73.060853, 33.7600725 ], [ 73.0609065, 33.7597908 ], [ 73.061067, 33.7595092 ], [ 73.0613702, 33.759272 ], [ 73.0617447, 33.7591237 ], [ 73.062137, 33.7590644 ], [ 73.0629573, 33.7589903 ], [ 73.0637062, 33.7589754 ], [ 73.0641031, 33.7589018 ], [ 73.0643606, 33.7585629 ], [ 73.064425, 33.7582418 ], [ 73.0650365, 33.7576531 ], [ 73.0653155, 33.7573409 ] ], [ [ 73.1412401, 33.7711224 ], [ 73.1408917, 33.7718301 ], [ 73.1384023, 33.7718703 ], [ 73.1379384, 33.7720327 ], [ 73.1368883, 33.7721139 ], [ 73.1363755, 33.7722966 ], [ 73.1360092, 33.772601 ], [ 73.1348615, 33.7737784 ], [ 73.1344464, 33.7740016 ], [ 73.1338847, 33.7740016 ], [ 73.1334207, 33.7738596 ], [ 73.1329324, 33.7735551 ], [ 73.1325661, 33.77321 ], [ 73.1321754, 33.7723372 ], [ 73.13198, 33.77185 ], [ 73.1317114, 33.7714237 ], [ 73.1313451, 33.7710583 ], [ 73.13093, 33.7708147 ], [ 73.1305148, 33.770632 ], [ 73.1299532, 33.7704696 ], [ 73.1288787, 33.770084 ], [ 73.1292734, 33.7694251 ], [ 73.1299296, 33.7697122 ], [ 73.1306893, 33.7700854 ], [ 73.13138, 33.7701141 ], [ 73.1320016, 33.7697696 ], [ 73.1324851, 33.7693103 ], [ 73.1329686, 33.7687648 ], [ 73.1331413, 33.7681907 ], [ 73.1334521, 33.7676165 ], [ 73.1336247, 33.7669849 ], [ 73.1336247, 33.7655782 ], [ 73.133832, 33.7649179 ], [ 73.1343845, 33.7645159 ], [ 73.1350061, 33.7648892 ], [ 73.1354896, 33.7654346 ], [ 73.1357659, 33.7659801 ], [ 73.1358349, 33.766583 ], [ 73.1358349, 33.7673294 ], [ 73.1360767, 33.767961 ], [ 73.1367328, 33.7683055 ], [ 73.1372854, 33.7687648 ], [ 73.1383214, 33.7699419 ], [ 73.1388394, 33.7703438 ], [ 73.1394956, 33.770717 ], [ 73.1403935, 33.771004 ], [ 73.1407388, 33.7710615 ], [ 73.1412401, 33.7711224 ] ] ] } },
{ "type": "Feature", "properties": { "element": "relation", "id": 7936468, "is_in": null, "leisure": "playground", "name": "Japanese Children Park", "sport": null, "name:en": null, "name:ur": null, "addr:city": null, "addr:city:ar": null, "addr:city:en": null, "addr:city:ks": null, "addr:city:pnb": null, "addr:city:ps": null, "addr:city:sd": null, "addr:city:ur": null, "addr:street": null, "operator": "CDA", "alt_name": null, "alt_name:ar": null, "alt_name:ur": null, "alt_name:zh-Hans": null, "name:ar": null, "name:etymology": null, "name:etymology:wikidata": null, "name:etymology:wikipedia": null, "name:hi": null, "name:pnb": null, "tourism": null, "wikidata": null, "wikimedia_commons": null, "wikipedia": null, "wikipedia:pnb": null, "name:ml": null, "area": null, "landuse": null, "operator:short": null, "operator:type": null, "operator:wikidata": null, "created_by": null, "shop": null, "natural": null, "brand": null, "brand:ar": null, "brand:pnb": null, "brand:ps": null, "brand:ur": null, "brand:wikidata": null, "brand:wikipedia": null, "brand:wikipedia:ar": null, "brand:wikipedia:pnb": null, "brand:wikipedia:ps": null, "brand:wikipedia:ur": null, "surface": "sand", "type": "multipolygon", "access": "yes", "barrier": null, "boundary": null, "operator:ur": null, "max_age": "18", "min_age": "0", "playground:theme": "play" }, "geometry": { "type": "Polygon", "coordinates": [ [ [ 73.061453, 33.7349051 ], [ 73.0614147, 33.7349239 ], [ 73.0613933, 33.7349408 ], [ 73.0613842, 33.7349633 ], [ 73.0613899, 33.7349839 ], [ 73.0613995, 33.7349977 ], [ 73.061418, 33.7350033 ], [ 73.0615128, 33.7350336 ], [ 73.0615421, 33.7350449 ], [ 73.0615952, 33.7350746 ], [ 73.0616424, 33.7351131 ], [ 73.0616936, 33.7351638 ], [ 73.0617271, 33.7351893 ], [ 73.0617456, 33.7351997 ], [ 73.0617567, 33.7352223 ], [ 73.0617532, 33.7353201 ], [ 73.0617425, 33.7354004 ], [ 73.0617237, 33.735494 ], [ 73.0616754, 33.7356747 ], [ 73.0616057, 33.7358532 ], [ 73.0615493, 33.7359468 ], [ 73.0615263, 33.735985 ], [ 73.0615275, 33.7360075 ], [ 73.0615399, 33.7360253 ], [ 73.0615635, 33.7360356 ], [ 73.0616075, 33.7360384 ], [ 73.061656, 33.736045 ], [ 73.0616773, 33.7360581 ], [ 73.0616944, 33.7360849 ], [ 73.0617267, 33.736103 ], [ 73.0617712, 33.736122 ], [ 73.0618262, 33.7361677 ], [ 73.0618528, 33.736204 ], [ 73.0618793, 33.7362229 ], [ 73.0619002, 33.7362221 ], [ 73.0619315, 33.7362095 ], [ 73.0619467, 33.7362063 ], [ 73.0619505, 33.7362182 ], [ 73.0619811, 33.7362608 ], [ 73.0620209, 33.7363397 ], [ 73.0620494, 33.7364028 ], [ 73.0620456, 33.7364422 ], [ 73.0620551, 33.736469 ], [ 73.0620797, 33.7364982 ], [ 73.0621072, 33.7365163 ], [ 73.0621528, 33.7365337 ], [ 73.0621831, 33.7365424 ], [ 73.0622163, 33.7365471 ], [ 73.0622552, 33.7365495 ], [ 73.0623111, 33.7365471 ], [ 73.0623424, 33.7365432 ], [ 73.062368, 33.7365361 ], [ 73.0623813, 33.7365258 ], [ 73.062411, 33.7364868 ], [ 73.0624365, 33.7364384 ], [ 73.062458, 33.7363807 ], [ 73.0624644, 33.7363396 ], [ 73.0624692, 33.736315 ], [ 73.0624764, 33.7363044 ], [ 73.0624923, 33.7362898 ], [ 73.0625019, 33.7362825 ], [ 73.0625011, 33.7362679 ], [ 73.0625019, 33.7362547 ], [ 73.0625083, 33.7362348 ], [ 73.0625194, 33.7362182 ], [ 73.0625314, 33.7362069 ], [ 73.062537, 33.7361996 ], [ 73.0625402, 33.7361917 ], [ 73.0625338, 33.7361837 ], [ 73.0625253, 33.7361735 ], [ 73.0625206, 33.7361601 ], [ 73.0625227, 33.7361467 ], [ 73.0625307, 33.736135 ], [ 73.0625421, 33.7361222 ], [ 73.0625562, 33.7361088 ], [ 73.0625768, 33.7360998 ], [ 73.0626141, 33.7360914 ], [ 73.0626671, 33.736081 ], [ 73.0626998, 33.7360782 ], [ 73.0627618, 33.7360754 ], [ 73.0628103, 33.7360754 ], [ 73.062852, 33.7360792 ], [ 73.0628768, 33.7360895 ], [ 73.0628926, 33.7361035 ], [ 73.0629174, 33.7361261 ], [ 73.0629394, 33.736158 ], [ 73.0629601, 33.7361826 ], [ 73.0629976, 33.7362104 ], [ 73.0630311, 33.7362224 ], [ 73.0630699, 33.736237 ], [ 73.0631015, 33.7362593 ], [ 73.0631229, 33.7362844 ], [ 73.063133, 33.7363117 ], [ 73.0631444, 33.7363379 ], [ 73.0631571, 33.7363675 ], [ 73.0631766, 33.7363998 ], [ 73.0632007, 33.7364238 ], [ 73.0632327, 33.7364498 ], [ 73.0632829, 33.7364883 ], [ 73.0633172, 33.7365181 ], [ 73.0633467, 33.736538 ], [ 73.0633822, 33.7365681 ], [ 73.0634005, 33.7365959 ], [ 73.0634133, 33.7366218 ], [ 73.0634213, 33.7366384 ], [ 73.0634316, 33.736653 ], [ 73.0634452, 33.7366656 ], [ 73.0634635, 33.7366748 ], [ 73.0634851, 33.7366755 ], [ 73.0635066, 33.7366702 ], [ 73.0635249, 33.7366576 ], [ 73.0635337, 33.7366457 ], [ 73.0635433, 33.7366271 ], [ 73.0635465, 33.7366118 ], [ 73.0635489, 33.7365959 ], [ 73.0635584, 33.736582 ], [ 73.0635704, 33.7365654 ], [ 73.0635799, 33.7365462 ], [ 73.0635855, 33.7365227 ], [ 73.0635887, 33.7364908 ], [ 73.0635911, 33.7364391 ], [ 73.0635911, 33.7363894 ], [ 73.0635911, 33.7363549 ], [ 73.0635863, 33.7363231 ], [ 73.0635767, 33.7362945 ], [ 73.0635592, 33.7362572 ], [ 73.0635456, 33.7362313 ], [ 73.0635257, 33.7362147 ], [ 73.0635009, 33.7361968 ], [ 73.0634722, 33.7361823 ], [ 73.0634539, 33.736175 ], [ 73.063434, 33.7361604 ], [ 73.0634276, 33.7361411 ], [ 73.0634276, 33.7361252 ], [ 73.063434, 33.7361086 ], [ 73.0634507, 33.736096 ], [ 73.0634802, 33.7360907 ], [ 73.0635265, 33.7361 ], [ 73.0635615, 33.7361146 ], [ 73.0635847, 33.7361219 ], [ 73.0636118, 33.7361272 ], [ 73.0636261, 33.7361263 ], [ 73.0636373, 33.7361197 ], [ 73.063639, 33.7361084 ], [ 73.0636356, 33.7360958 ], [ 73.0636294, 33.7360869 ], [ 73.0636176, 33.7360747 ], [ 73.0636046, 33.736062 ], [ 73.063595, 33.7360479 ], [ 73.0635918, 33.7360328 ], [ 73.0636039, 33.7360149 ], [ 73.0636857, 33.7359558 ], [ 73.0637085, 33.7359358 ], [ 73.0637448, 33.735902 ], [ 73.0637751, 33.7358582 ], [ 73.0638102, 33.7358012 ], [ 73.0638309, 33.7357508 ], [ 73.0638475, 33.7357075 ], [ 73.0638555, 33.7356744 ], [ 73.0638602, 33.7356306 ], [ 73.0638491, 33.7355815 ], [ 73.0638147, 33.7354866 ], [ 73.0638096, 33.7354476 ], [ 73.0638051, 33.735382 ], [ 73.0638051, 33.7353351 ], [ 73.0638006, 33.7352769 ], [ 73.063795, 33.7352207 ], [ 73.0637871, 33.7351597 ], [ 73.0637837, 33.7351053 ], [ 73.0637837, 33.7350453 ], [ 73.0637837, 33.7349937 ], [ 73.0637848, 33.7349543 ], [ 73.0637837, 33.7348812 ], [ 73.0637837, 33.734824 ], [ 73.0637837, 33.7347881 ], [ 73.063781, 33.7347524 ], [ 73.0637757, 33.7347223 ], [ 73.0637743, 33.7346911 ], [ 73.0637851, 33.7346788 ], [ 73.0637973, 33.7346775 ], [ 73.0638058, 33.7346799 ], [ 73.0638129, 33.7346803 ], [ 73.0638219, 33.7346787 ], [ 73.0638281, 33.7346744 ], [ 73.0638314, 33.7346692 ], [ 73.063831, 33.7346613 ], [ 73.0638321, 33.7346521 ], [ 73.0638345, 33.7346441 ], [ 73.0638397, 33.7346381 ], [ 73.0638424, 33.7346355 ], [ 73.063844, 33.7346308 ], [ 73.0638424, 33.7346269 ], [ 73.0638389, 33.7346202 ], [ 73.0638333, 33.7346116 ], [ 73.0638286, 33.7346022 ], [ 73.0638252, 33.7345935 ], [ 73.0638235, 33.7345849 ], [ 73.0638249, 33.7345787 ], [ 73.0638324, 33.73457 ], [ 73.0638437, 33.7345611 ], [ 73.0638544, 33.7345522 ], [ 73.0638607, 33.7345477 ], [ 73.0638654, 33.7345398 ], [ 73.0638683, 33.7345295 ], [ 73.0638646, 33.7345174 ], [ 73.0638606, 33.7345041 ], [ 73.0638599, 33.7344935 ], [ 73.0638591, 33.7344756 ], [ 73.0638611, 33.734457 ], [ 73.0638601, 33.7344444 ], [ 73.0638573, 33.7344334 ], [ 73.0638554, 33.7344199 ], [ 73.0638609, 33.7343681 ], [ 73.063878, 33.734279 ], [ 73.0638846, 33.7342198 ], [ 73.0638979, 33.7341426 ], [ 73.0639007, 33.7340905 ], [ 73.0639017, 33.7340385 ], [ 73.0639007, 33.7340195 ], [ 73.0639045, 33.7340061 ], [ 73.0639117, 33.7339894 ], [ 73.0639245, 33.7339749 ], [ 73.0639413, 33.7339621 ], [ 73.0639486, 33.7339577 ], [ 73.0639553, 33.7339521 ], [ 73.063958, 33.7339437 ], [ 73.063954, 33.7339231 ], [ 73.063954, 33.7339169 ], [ 73.0639587, 33.7339108 ], [ 73.0639754, 33.7339031 ], [ 73.063982, 33.7339015 ], [ 73.0639908, 33.7339015 ], [ 73.0640135, 33.7339028 ], [ 73.0640179, 33.7339028 ], [ 73.0640226, 33.7339015 ], [ 73.0640258, 33.7338992 ], [ 73.064034, 33.7338916 ], [ 73.0640425, 33.7338812 ], [ 73.0640507, 33.7338709 ], [ 73.064063, 33.733854 ], [ 73.0640706, 33.7338407 ], [ 73.0640764, 33.7338308 ], [ 73.0640801, 33.7338253 ], [ 73.0640841, 33.733823 ], [ 73.0640901, 33.73382 ], [ 73.0640961, 33.7338163 ], [ 73.0641002, 33.7338119 ], [ 73.0641018, 33.7338068 ], [ 73.0641035, 33.733799 ], [ 73.0641041, 33.7337903 ], [ 73.0641049, 33.7337793 ], [ 73.0641065, 33.7337677 ], [ 73.0641085, 33.7337558 ], [ 73.0641109, 33.7337492 ], [ 73.0641145, 33.7337415 ], [ 73.0641193, 33.7337329 ], [ 73.0641261, 33.733725 ], [ 73.0641348, 33.7337183 ], [ 73.064144, 33.7337127 ], [ 73.06415, 33.7337077 ], [ 73.0641552, 33.7337011 ], [ 73.0641592, 33.7336931 ], [ 73.0641588, 33.7336855 ], [ 73.0641568, 33.7336678 ], [ 73.0641592, 33.7336518 ], [ 73.0641639, 33.7336379 ], [ 73.0641703, 33.7336253 ], [ 73.0641831, 33.7336014 ], [ 73.0641903, 33.7335842 ], [ 73.064203, 33.7335457 ], [ 73.0642131, 33.7335219 ], [ 73.0642198, 33.7335041 ], [ 73.0642266, 33.7334797 ], [ 73.0642323, 33.7334572 ], [ 73.064245, 33.733417 ], [ 73.0642666, 33.733349 ], [ 73.0642864, 33.7333105 ], [ 73.0643148, 33.7332734 ], [ 73.0643452, 33.733245 ], [ 73.0643092, 33.7332009 ], [ 73.0642798, 33.7331699 ], [ 73.0642363, 33.7331403 ], [ 73.0642064, 33.733124 ], [ 73.064064, 33.7330541 ], [ 73.0638917, 33.7329673 ], [ 73.0633553, 33.7326943 ], [ 73.0629681, 33.7324957 ], [ 73.0629433, 33.7324857 ], [ 73.0628827, 33.7326184 ], [ 73.0628049, 33.7327848 ], [ 73.0627394, 33.7328727 ], [ 73.0627173, 33.732895 ], [ 73.0626884, 33.7329162 ], [ 73.0626086, 33.7329664 ], [ 73.0625832, 33.732982 ], [ 73.0625161, 33.7330266 ], [ 73.062449, 33.7330701 ], [ 73.0624068, 33.733098 ], [ 73.0623813, 33.7331192 ], [ 73.0623337, 33.7331739 ], [ 73.0623129, 33.7332051 ], [ 73.0623022, 33.7332307 ], [ 73.0622935, 33.733255 ], [ 73.0622879, 33.7332775 ], [ 73.0622836, 33.7333087 ], [ 73.0622813, 33.7333402 ], [ 73.0622813, 33.7333725 ], [ 73.0622813, 33.733411 ], [ 73.0622813, 33.7334522 ], [ 73.062283, 33.7335127 ], [ 73.0622847, 33.733554 ], [ 73.0622864, 33.7335718 ], [ 73.0622892, 33.7335924 ], [ 73.0622994, 33.7336225 ], [ 73.0623084, 33.733652 ], [ 73.0623118, 33.7336703 ], [ 73.0623174, 33.733689 ], [ 73.0623261, 33.7337265 ], [ 73.0623259, 33.7337385 ], [ 73.0623199, 33.7337474 ], [ 73.0623091, 33.7337507 ], [ 73.0622575, 33.7337658 ], [ 73.0622515, 33.7337753 ], [ 73.0622515, 33.733787 ], [ 73.0622572, 33.733963 ], [ 73.0622572, 33.7339696 ], [ 73.0622552, 33.7339769 ], [ 73.0622393, 33.734033 ], [ 73.0622134, 33.7341253 ], [ 73.0621772, 33.7342203 ], [ 73.0621593, 33.7342552 ], [ 73.0621184, 33.734335 ], [ 73.0620814, 33.7343965 ], [ 73.0620416, 33.7344485 ], [ 73.0619591, 33.7345471 ], [ 73.0618349, 33.7346725 ], [ 73.0617514, 33.7347403 ], [ 73.0616604, 33.7347963 ], [ 73.0615418, 33.7348602 ], [ 73.061453, 33.7349051 ] ] ] } },
{ "type": "Feature", "properties": { "element": "relation", "id": 18358582, "is_in": null, "leisure": null, "name": null, "sport": null, "name:en": null, "name:ur": null, "addr:city": null, "addr:city:ar": null, "addr:city:en": null, "addr:city:ks": null, "addr:city:pnb": null, "addr:city:ps": null, "addr:city:sd": null, "addr:city:ur": null, "addr:street": null, "operator": null, "alt_name": null, "alt_name:ar": null, "alt_name:ur": null, "alt_name:zh-Hans": null, "name:ar": null, "name:etymology": null, "name:etymology:wikidata": null, "name:etymology:wikipedia": null, "name:hi": null, "name:pnb": null, "tourism": null, "wikidata": null, "wikimedia_commons": null, "wikipedia": null, "wikipedia:pnb": null, "name:ml": null, "area": null, "landuse": "grass", "operator:short": null, "operator:type": null, "operator:wikidata": null, "created_by": null, "shop": null, "natural": null, "brand": null, "brand:ar": null, "brand:pnb": null, "brand:ps": null, "brand:ur": null, "brand:wikidata": null, "brand:wikipedia": null, "brand:wikipedia:ar": null, "brand:wikipedia:pnb": null, "brand:wikipedia:ps": null, "brand:wikipedia:ur": null, "surface": null, "type": "multipolygon", "access": null, "barrier": null, "boundary": null, "operator:ur": null, "max_age": null, "min_age": null, "playground:theme": null }, "geometry": { "type": "MultiPolygon", "coordinates": [ [ [ [ 73.0593952, 33.7018744 ], [ 73.059457, 33.7020183 ], [ 73.0595682, 33.7021032 ], [ 73.0597482, 33.7021425 ], [ 73.0598327, 33.7021227 ], [ 73.0613085, 33.7001193 ], [ 73.0608673, 33.6998979 ], [ 73.0593952, 33.7018744 ] ] ], [ [ [ 73.0576122, 33.7043544 ], [ 73.0569658, 33.7052246 ], [ 73.0555925, 33.7070633 ], [ 73.055158, 33.7077416 ], [ 73.0552981, 33.7079137 ], [ 73.0556705, 33.7082107 ], [ 73.0559754, 33.7083338 ], [ 73.0561486, 33.7082885 ], [ 73.0562478, 33.7081675 ], [ 73.0561854, 33.7081001 ], [ 73.0558516, 33.7079317 ], [ 73.0556844, 33.707827 ], [ 73.0556775, 33.7077539 ], [ 73.0557212, 33.7076925 ], [ 73.0564964, 33.7066505 ], [ 73.0573708, 33.7054857 ], [ 73.0586583, 33.7037342 ], [ 73.05959, 33.7024384 ], [ 73.0596011, 33.7024 ], [ 73.0595801, 33.7023379 ], [ 73.0595228, 33.7022893 ], [ 73.0594775, 33.7022533 ], [ 73.0594201, 33.7022174 ], [ 73.05934, 33.7021962 ], [ 73.05926, 33.7021886 ], [ 73.059171, 33.7022 ], [ 73.0577407, 33.7041351 ], [ 73.0576122, 33.7043544 ] ] ] ] } },
{ "type": "Feature", "properties": { "element": "relation", "id": 18358583, "is_in": null, "leisure": null, "name": null, "sport": null, "name:en": null, "name:ur": null, "addr:city": null, "addr:city:ar": null, "addr:city:en": null, "addr:city:ks": null, "addr:city:pnb": null, "addr:city:ps": null, "addr:city:sd": null, "addr:city:ur": null, "addr:street": null, "operator": null, "alt_name": null, "alt_name:ar": null, "alt_name:ur": null, "alt_name:zh-Hans": null, "name:ar": null, "name:etymology": null, "name:etymology:wikidata": null, "name:etymology:wikipedia": null, "name:hi": null, "name:pnb": null, "tourism": null, "wikidata": null, "wikimedia_commons": null, "wikipedia": null, "wikipedia:pnb": null, "name:ml": null, "area": null, "landuse": "grass", "operator:short": null, "operator:type": null, "operator:wikidata": null, "created_by": null, "shop": null, "natural": null, "brand": null, "brand:ar": null, "brand:pnb": null, "brand:ps": null, "brand:ur": null, "brand:wikidata": null, "brand:wikipedia": null, "brand:wikipedia:ar": null, "brand:wikipedia:pnb": null, "brand:wikipedia:ps": null, "brand:wikipedia:ur": null, "surface": null, "type": "multipolygon", "access": null, "barrier": null, "boundary": null, "operator:ur": null, "max_age": null, "min_age": null, "playground:theme": null }, "geometry": { "type": "MultiPolygon", "coordinates": [ [ [ [ 73.0630224, 33.6978598 ], [ 73.0632579, 33.6973626 ], [ 73.063357, 33.6971997 ], [ 73.0634751, 33.6969435 ], [ 73.063526, 33.6967936 ], [ 73.0632055, 33.6969679 ], [ 73.0629159, 33.6972345 ], [ 73.0626279, 33.6976585 ], [ 73.0630224, 33.6978598 ] ] ], [ [ [ 73.0624903, 33.697799 ], [ 73.061039, 33.6996563 ], [ 73.0614862, 33.6998981 ], [ 73.0629168, 33.6979954 ], [ 73.0624903, 33.697799 ] ] ] ] } },
{ "type": "Feature", "properties": { "element": "relation", "id": 18358622, "is_in": null, "leisure": null, "name": null, "sport": null, "name:en": null, "name:ur": null, "addr:city": null, "addr:city:ar": null, "addr:city:en": null, "addr:city:ks": null, "addr:city:pnb": null, "addr:city:ps": null, "addr:city:sd": null, "addr:city:ur": null, "addr:street": null, "operator": null, "alt_name": null, "alt_name:ar": null, "alt_name:ur": null, "alt_name:zh-Hans": null, "name:ar": null, "name:etymology": null, "name:etymology:wikidata": null, "name:etymology:wikipedia": null, "name:hi": null, "name:pnb": null, "tourism": null, "wikidata": null, "wikimedia_commons": null, "wikipedia": null, "wikipedia:pnb": null, "name:ml": null, "area": null, "landuse": "grass", "operator:short": null, "operator:type": null, "operator:wikidata": null, "created_by": null, "shop": null, "natural": null, "brand": null, "brand:ar": null, "brand:pnb": null, "brand:ps": null, "brand:ur": null, "brand:wikidata": null, "brand:wikipedia": null, "brand:wikipedia:ar": null, "brand:wikipedia:pnb": null, "brand:wikipedia:ps": null, "brand:wikipedia:ur": null, "surface": null, "type": "multipolygon", "access": null, "barrier": null, "boundary": null, "operator:ur": null, "max_age": null, "min_age": null, "playground:theme": null }, "geometry": { "type": "MultiPolygon", "coordinates": [ [ [ [ 73.0621285, 33.6974365 ], [ 73.0625181, 33.6969827 ], [ 73.062678, 33.6966384 ], [ 73.0627415, 33.6962276 ], [ 73.0626662, 33.6958501 ], [ 73.0624053, 33.6950597 ], [ 73.0621772, 33.694109 ], [ 73.0621654, 33.6932463 ], [ 73.0621443, 33.6929509 ], [ 73.0620573, 33.6926829 ], [ 73.0619185, 33.6925127 ], [ 73.061848, 33.6926633 ], [ 73.0617606, 33.6931725 ], [ 73.0618283, 33.6935194 ], [ 73.061953, 33.6939908 ], [ 73.0619851, 33.6943318 ], [ 73.0621241, 33.6949071 ], [ 73.0623771, 33.6957432 ], [ 73.0624245, 33.6960978 ], [ 73.0623878, 33.6964578 ], [ 73.0621882, 33.6967815 ], [ 73.0619673, 33.6972317 ], [ 73.0619074, 33.6973016 ], [ 73.0621285, 33.6974365 ] ] ], [ [ [ 73.0612814, 33.6986063 ], [ 73.0620016, 33.6975996 ], [ 73.061977, 33.697547 ], [ 73.0619, 33.6975136 ], [ 73.0618184, 33.6974945 ], [ 73.0617003, 33.6975048 ], [ 73.0615964, 33.6975672 ], [ 73.0609998, 33.698231 ], [ 73.0606059, 33.6987112 ], [ 73.0602244, 33.6992968 ], [ 73.0606093, 33.6994937 ], [ 73.0612814, 33.6986063 ] ] ], [ [ [ 73.0591806, 33.7008093 ], [ 73.0592101, 33.7009384 ], [ 73.0592101, 33.7010745 ], [ 73.0591377, 33.7012039 ], [ 73.0591711, 33.7012858 ], [ 73.0593173, 33.701279 ], [ 73.059793, 33.7006172 ], [ 73.0604876, 33.6996544 ], [ 73.0604754, 33.6994789 ], [ 73.0603351, 33.6994731 ], [ 73.0600948, 33.6994702 ], [ 73.0593196, 33.7005426 ], [ 73.0591806, 33.7008093 ] ] ] ] } },
{ "type": "Feature", "properties": { "element": "way", "id": 8058334, "is_in": null, "leisure": "park", "name": "فاطمہ جناح پارک", "sport": null, "name:en": "Fatima Jinnah Park", "name:ur": "فاطمہ جناح پارک", "addr:city": "اسلام آباد", "addr:city:ar": "إسلام آباد", "addr:city:en": null, "addr:city:ks": "اِسلام آبادٖ", "addr:city:pnb": "اسلام آباد", "addr:city:ps": "اسلام آباد", "addr:city:sd": "اسلام آباد", "addr:city:ur": "اسلام آباد", "addr:street": null, "operator": null, "alt_name": "ایف-9 پارک", "alt_name:ar": "متنزه إف-9", "alt_name:ur": "ایف-9 پارک", "alt_name:zh-Hans": null, "name:ar": "متنزه فاطمة جناح", "name:etymology": "فاطمة جناح", "name:etymology:wikidata": "Q464947", "name:etymology:wikipedia": "ar:فاطمة جناح", "name:hi": "फातिमा जिन्ना पार्क", "name:pnb": "کیپیٹل پارک اسلام آباد", "tourism": null, "wikidata": "Q3305506", "wikimedia_commons": "Category:Fatima Jinnah Park", "wikipedia": "pnb:کیپیٹل پارک اسلام آباد", "wikipedia:pnb": "کیپیٹل پارک اسلام آباد", "name:ml": "ഫാത്തിമ ജിന്ന പാർക്ക്", "area": null, "landuse": null, "operator:short": null, "operator:type": null, "operator:wikidata": null, "created_by": null, "shop": null, "natural": null, "brand": null, "brand:ar": null, "brand:pnb": null, "brand:ps": null, "brand:ur": null, "brand:wikidata": null, "brand:wikipedia": null, "brand:wikipedia:ar": null, "brand:wikipedia:pnb": null, "brand:wikipedia:ps": null, "brand:wikipedia:ur": null, "surface": null, "type": null, "access": null, "barrier": null, "boundary": null, "operator:ur": null, "max_age": null, "min_age": null, "playground:theme": null }, "geometry": { "type": "Polygon", "coordinates": [ [ [ 73.0263612, 33.712489 ], [ 73.0261638, 33.7125961 ], [ 73.0138948, 33.7060929 ], [ 73.0085085, 33.7033712 ], [ 73.0143612, 33.6954258 ], [ 73.0173019, 33.6914334 ], [ 73.0176326, 33.6910378 ], [ 73.0180424, 33.6908968 ], [ 73.0183516, 33.6908343 ], [ 73.0186731, 33.6908312 ], [ 73.0190962, 33.6908775 ], [ 73.0195384, 33.6910696 ], [ 73.0222135, 33.6925073 ], [ 73.0229935, 33.6930208 ], [ 73.0239148, 33.6933906 ], [ 73.035405, 33.6994488 ], [ 73.0356888, 33.6996117 ], [ 73.0357698, 33.6997527 ], [ 73.026593, 33.7122962 ], [ 73.0263612, 33.712489 ] ] ] } },
{ "type": "Feature", "properties": { "element": "way", "id": 19094922, "is_in": null, "leisure": null, "name": "park", "sport": null, "name:en": "park", "name:ur": null, "addr:city": null, "addr:city:ar": null, "addr:city:en": null, "addr:city:ks": null, "addr:city:pnb": null, "addr:city:ps": null, "addr:city:sd": null, "addr:city:ur": null, "addr:street": null, "operator": null, "alt_name": null, "alt_name:ar": null, "alt_name:ur": null, "alt_name:zh-Hans": null, "name:ar": null, "name:etymology": null, "name:etymology:wikidata": null, "name:etymology:wikipedia": null, "name:hi": null, "name:pnb": null, "tourism": null, "wikidata": null, "wikimedia_commons": null, "wikipedia": null, "wikipedia:pnb": null, "name:ml": null, "area": "yes", "landuse": "forest", "operator:short": null, "operator:type": null, "operator:wikidata": null, "created_by": null, "shop": null, "natural": null, "brand": null, "brand:ar": null, "brand:pnb": null, "brand:ps": null, "brand:ur": null, "brand:wikidata": null, "brand:wikipedia": null, "brand:wikipedia:ar": null, "brand:wikipedia:pnb": null, "brand:wikipedia:ps": null, "brand:wikipedia:ur": null, "surface": null, "type": null, "access": null, "barrier": null, "boundary": null, "operator:ur": null, "max_age": null, "min_age": null, "playground:theme": null }, "geometry": { "type": "Polygon", "coordinates": [ [ [ 73.0195507, 33.6884749 ], [ 73.0288138, 33.6760974 ], [ 73.0289435, 33.6760429 ], [ 73.0299664, 33.6765633 ], [ 73.0300177, 33.6766545 ], [ 73.0299669, 33.6767471 ], [ 73.0204946, 33.6892484 ], [ 73.0197018, 33.688834 ], [ 73.0195838, 33.6886588 ], [ 73.0195507, 33.6884749 ] ] ] } },
{ "type": "Feature", "properties": { "element": "way", "id": 19094984, "is_in": null, "leisure": "park", "name": "Jogging Park", "sport": null, "name:en": null, "name:ur": null, "addr:city": "اسلام آباد", "addr:city:ar": null, "addr:city:en": null, "addr:city:ks": null, "addr:city:pnb": null, "addr:city:ps": null, "addr:city:sd": null, "addr:city:ur": null, "addr:street": null, "operator": "CDA", "alt_name": null, "alt_name:ar": null, "alt_name:ur": null, "alt_name:zh-Hans": null, "name:ar": null, "name:etymology": null, "name:etymology:wikidata": null, "name:etymology:wikipedia": null, "name:hi": null, "name:pnb": null, "tourism": null, "wikidata": null, "wikimedia_commons": null, "wikipedia": null, "wikipedia:pnb": null, "name:ml": null, "area": null, "landuse": null, "operator:short": null, "operator:type": null, "operator:wikidata": null, "created_by": null, "shop": null, "natural": null, "brand": null, "brand:ar": null, "brand:pnb": null, "brand:ps": null, "brand:ur": null, "brand:wikidata": null, "brand:wikipedia": null, "brand:wikipedia:ar": null, "brand:wikipedia:pnb": null, "brand:wikipedia:ps": null, "brand:wikipedia:ur": null, "surface": null, "type": null, "access": null, "barrier": null, "boundary": null, "operator:ur": null, "max_age": null, "min_age": null, "playground:theme": null }, "geometry": { "type": "Polygon", "coordinates": [ [ [ 73.0017062, 33.6794353 ], [ 73.002577, 33.6783037 ], [ 73.0106958, 33.6674623 ], [ 73.0109381, 33.6675854 ], [ 73.0113587, 33.6674337 ], [ 73.0118846, 33.6674499 ], [ 73.0121069, 33.6672554 ], [ 73.0122058, 33.667395 ], [ 73.0121903, 33.6675814 ], [ 73.0113552, 33.668776 ], [ 73.0100389, 33.6705772 ], [ 73.0093081, 33.6715426 ], [ 73.0085955, 33.6724839 ], [ 73.0075675, 33.6738613 ], [ 73.0029688, 33.6800223 ], [ 73.0029165, 33.6800924 ], [ 73.0028355, 33.6800484 ], [ 73.0017062, 33.6794353 ] ] ] } },
{ "type": "Feature", "properties": { "element": "way", "id": 19803219, "is_in": null, "leisure": "park", "name": "CDA Public Park", "sport": "cricket", "name:en": null, "name:ur": null, "addr:city": "اسلام آباد", "addr:city:ar": "إسلام آباد", "addr:city:en": "Islamabad", "addr:city:ks": "اِسلام آبادٖ", "addr:city:pnb": "اسلام آباد", "addr:city:ps": "اسلام آباد", "addr:city:sd": "اسلام آباد", "addr:city:ur": "اسلام آباد", "addr:street": "Rohtas Road", "operator": "Capital Development Authority", "alt_name": null, "alt_name:ar": null, "alt_name:ur": null, "alt_name:zh-Hans": null, "name:ar": null, "name:etymology": null, "name:etymology:wikidata": null, "name:etymology:wikipedia": null, "name:hi": null, "name:pnb": null, "tourism": null, "wikidata": null, "wikimedia_commons": null, "wikipedia": null, "wikipedia:pnb": null, "name:ml": null, "area": null, "landuse": null, "operator:short": "CDA", "operator:type": "public", "operator:wikidata": "Q5035545", "created_by": null, "shop": null, "natural": null, "brand": null, "brand:ar": null, "brand:pnb": null, "brand:ps": null, "brand:ur": null, "brand:wikidata": null, "brand:wikipedia": null, "brand:wikipedia:ar": null, "brand:wikipedia:pnb": null, "brand:wikipedia:ps": null, "brand:wikipedia:ur": null, "surface": null, "type": null, "access": null, "barrier": null, "boundary": null, "operator:ur": null, "max_age": null, "min_age": null, "playground:theme": null }, "geometry": { "type": "Polygon", "coordinates": [ [ [ 73.0333473, 33.6859603 ], [ 73.0344522, 33.6865106 ], [ 73.0352121, 33.6855217 ], [ 73.0340877, 33.6849231 ], [ 73.0333473, 33.6859603 ] ] ] } },
{ "type": "Feature", "properties": { "element": "way", "id": 21057276, "is_in": null, "leisure": "park", "name": "Community Park", "sport": null, "name:en": null, "name:ur": null, "addr:city": "اسلام آباد", "addr:city:ar": "إسلام آباد", "addr:city:en": "Islamabad", "addr:city:ks": "اِسلام آبادٖ", "addr:city:pnb": "اسلام آباد", "addr:city:ps": "اسلام آباد", "addr:city:sd": "اسلام آباد", "addr:city:ur": "اسلام آباد", "addr:street": "Gali 128", "operator": null, "alt_name": null, "alt_name:ar": null, "alt_name:ur": null, "alt_name:zh-Hans": null, "name:ar": null, "name:etymology": null, "name:etymology:wikidata": null, "name:etymology:wikipedia": null, "name:hi": null, "name:pnb": null, "tourism": null, "wikidata": null, "wikimedia_commons": null, "wikipedia": null, "wikipedia:pnb": null, "name:ml": null, "area": "yes", "landuse": null, "operator:short": null, "operator:type": null, "operator:wikidata": null, "created_by": null, "shop": null, "natural": null, "brand": null, "brand:ar": null, "brand:pnb": null, "brand:ps": null, "brand:ur": null, "brand:wikidata": null, "brand:wikipedia": null, "brand:wikipedia:ar": null, "brand:wikipedia:pnb": null, "brand:wikipedia:ps": null, "brand:wikipedia:ur": null, "surface": null, "type": null, "access": null, "barrier": null, "boundary": null, "operator:ur": null, "max_age": null, "min_age": null, "playground:theme": null }, "geometry": { "type": "Polygon", "coordinates": [ [ [ 73.0357257, 33.6968572 ], [ 73.0365153, 33.6972642 ], [ 73.0366526, 33.6970785 ], [ 73.035873, 33.6966437 ], [ 73.0357257, 33.6968572 ] ] ] } },
{ "type": "Feature", "properties": { "element": "way", "id": 22328902, "is_in": null, "leisure": "park", "name": "Kachnar Park", "sport": null, "name:en": null, "name:ur": null, "addr:city": null, "addr:city:ar": null, "addr:city:en": null, "addr:city:ks": null, "addr:city:pnb": null, "addr:city:ps": null, "addr:city:sd": null, "addr:city:ur": null, "addr:street": null, "operator": null, "alt_name": null, "alt_name:ar": null, "alt_name:ur": null, "alt_name:zh-Hans": null, "name:ar": null, "name:etymology": null, "name:etymology:wikidata": null, "name:etymology:wikipedia": null, "name:hi": null, "name:pnb": null, "tourism": null, "wikidata": null, "wikimedia_commons": null, "wikipedia": null, "wikipedia:pnb": null, "name:ml": null, "area": null, "landuse": null, "operator:short": null, "operator:type": null, "operator:wikidata": null, "created_by": null, "shop": null, "natural": null, "brand": null, "brand:ar": null, "brand:pnb": null, "brand:ps": null, "brand:ur": null, "brand:wikidata": null, "brand:wikipedia": null, "brand:wikipedia:ar": null, "brand:wikipedia:pnb": null, "brand:wikipedia:ps": null, "brand:wikipedia:ur": null, "surface": null, "type": null, "access": null, "barrier": null, "boundary": null, "operator:ur": null, "max_age": null, "min_age": null, "playground:theme": null }, "geometry": { "type": "Polygon", "coordinates": [ [ [ 73.0636039, 33.6917349 ], [ 73.063036, 33.6919424 ], [ 73.063165, 33.6915828 ], [ 73.0632792, 33.6911689 ], [ 73.0633969, 33.6910136 ], [ 73.0635879, 33.6908149 ], [ 73.0639128, 33.6907755 ], [ 73.0641166, 33.6908304 ], [ 73.0642401, 33.6908185 ], [ 73.0642913, 33.6908037 ], [ 73.0643963, 33.69077 ], [ 73.0646681, 33.690494 ], [ 73.0647613, 33.6901684 ], [ 73.0648083, 33.6899482 ], [ 73.0648897, 33.6897315 ], [ 73.0650608, 33.6895691 ], [ 73.0653675, 33.6894871 ], [ 73.0656739, 33.6895119 ], [ 73.0658997, 33.6895476 ], [ 73.0659956, 33.6895388 ], [ 73.0664076, 33.6893452 ], [ 73.0661069, 33.6890895 ], [ 73.0661961, 33.6883248 ], [ 73.0665532, 33.6877771 ], [ 73.0673821, 33.6874818 ], [ 73.067132, 33.6870074 ], [ 73.0668476, 33.6863855 ], [ 73.0674312, 33.6860334 ], [ 73.0674295, 33.6853691 ], [ 73.0678661, 33.684908 ], [ 73.0685549, 33.6848432 ], [ 73.0682406, 33.6842765 ], [ 73.0678232, 33.6841129 ], [ 73.0675204, 33.6837593 ], [ 73.06738, 33.6830482 ], [ 73.0682362, 33.6836545 ], [ 73.0692922, 33.6845014 ], [ 73.0696956, 33.6847013 ], [ 73.0700647, 33.6845585 ], [ 73.0750362, 33.6778897 ], [ 73.075138, 33.6777532 ], [ 73.0786239, 33.6730836 ], [ 73.0814015, 33.6693626 ], [ 73.0817636, 33.6695655 ], [ 73.0822379, 33.6698312 ], [ 73.0828479, 33.6700825 ], [ 73.0768796, 33.6779169 ], [ 73.0765011, 33.6784137 ], [ 73.0759561, 33.6791412 ], [ 73.0746207, 33.6808899 ], [ 73.0677732, 33.6898087 ], [ 73.0668926, 33.6910312 ], [ 73.0665117, 33.6912499 ], [ 73.0661694, 33.6913456 ], [ 73.0658036, 33.6914017 ], [ 73.0653423, 33.6913213 ], [ 73.0645645, 33.6911115 ], [ 73.0639918, 33.6914139 ], [ 73.0636039, 33.6917349 ] ] ] } },
{ "type": "Feature", "properties": { "element": "way", "id": 22337754, "is_in": null, "leisure": "park", "name": "Children's Park", "sport": null, "name:en": null, "name:ur": null, "addr:city": "اسلام آباد", "addr:city:ar": "إسلام آباد", "addr:city:en": "Islamabad", "addr:city:ks": "اِسلام آبادٖ", "addr:city:pnb": "اسلام آباد", "addr:city:ps": "اسلام آباد", "addr:city:sd": "اسلام آباد", "addr:city:ur": "اسلام آباد", "addr:street": "Street 3", "operator": null, "alt_name": null, "alt_name:ar": null, "alt_name:ur": null, "alt_name:zh-Hans": null, "name:ar": null, "name:etymology": null, "name:etymology:wikidata": null, "name:etymology:wikipedia": null, "name:hi": null, "name:pnb": null, "tourism": null, "wikidata": null, "wikimedia_commons": null, "wikipedia": null, "wikipedia:pnb": null, "name:ml": null, "area": "yes", "landuse": null, "operator:short": null, "operator:type": null, "operator:wikidata": null, "created_by": null, "shop": null, "natural": null, "brand": null, "brand:ar": null, "brand:pnb": null, "brand:ps": null, "brand:ur": null, "brand:wikidata": null, "brand:wikipedia": null, "brand:wikipedia:ar": null, "brand:wikipedia:pnb": null, "brand:wikipedia:ps": null, "brand:wikipedia:ur": null, "surface": null, "type": null, "access": null, "barrier": null, "boundary": null, "operator:ur": null, "max_age": null, "min_age": null, "playground:theme": null }, "geometry": { "type": "Polygon", "coordinates": [ [ [ 73.0781118, 33.7350309 ], [ 73.0775476, 33.7347206 ], [ 73.0771528, 33.7352169 ], [ 73.077717, 33.7355273 ], [ 73.0781118, 33.7350309 ] ] ] } },
{ "type": "Feature", "properties": { "element": "way", "id": 22724025, "is_in": "F-8/2, Islamabad", "leisure": null, "name": null, "sport": null, "name:en": null, "name:ur": null, "addr:city": null, "addr:city:ar": null, "addr:city:en": null, "addr:city:ks": null, "addr:city:pnb": null, "addr:city:ps": null, "addr:city:sd": null, "addr:city:ur": null, "addr:street": null, "operator": null, "alt_name": null, "alt_name:ar": null, "alt_name:ur": null, "alt_name:zh-Hans": null, "name:ar": null, "name:etymology": null, "name:etymology:wikidata": null, "name:etymology:wikipedia": null, "name:hi": null, "name:pnb": null, "tourism": null, "wikidata": null, "wikimedia_commons": null, "wikipedia": null, "wikipedia:pnb": null, "name:ml": null, "area": null, "landuse": "grass", "operator:short": null, "operator:type": null, "operator:wikidata": null, "created_by": null, "shop": null, "natural": null, "brand": null, "brand:ar": null, "brand:pnb": null, "brand:ps": null, "brand:ur": null, "brand:wikidata": null, "brand:wikipedia": null, "brand:wikipedia:ar": null, "brand:wikipedia:pnb": null, "brand:wikipedia:ps": null, "brand:wikipedia:ur": null, "surface": null, "type": null, "access": null, "barrier": null, "boundary": null, "operator:ur": null, "max_age": null, "min_age": null, "playground:theme": null }, "geometry": { "type": "Polygon", "coordinates": [ [ [ 73.0340225, 33.7146378 ], [ 73.0339609, 33.7150591 ], [ 73.0338912, 33.7153556 ], [ 73.0340822, 33.7154611 ], [ 73.0348894, 33.7144808 ], [ 73.0343401, 33.7142023 ], [ 73.0340225, 33.7146378 ] ] ] } },
{ "type": "Feature", "properties": { "element": "way", "id": 22777269, "is_in": null, "leisure": "park", "name": "Chota Park", "sport": null, "name:en": null, "name:ur": null, "addr:city": "اسلام آباد", "addr:city:ar": "إسلام آباد", "addr:city:en": "Islamabad", "addr:city:ks": "اِسلام آبادٖ", "addr:city:pnb": "اسلام آباد", "addr:city:ps": "اسلام آباد", "addr:city:sd": "اسلام آباد", "addr:city:ur": "اسلام آباد", "addr:street": "Street 1", "operator": null, "alt_name": null, "alt_name:ar": null, "alt_name:ur": null, "alt_name:zh-Hans": null, "name:ar": null, "name:etymology": null, "name:etymology:wikidata": null, "name:etymology:wikipedia": null, "name:hi": null, "name:pnb": null, "tourism": null, "wikidata": null, "wikimedia_commons": null, "wikipedia": null, "wikipedia:pnb": null, "name:ml": null, "area": "yes", "landuse": null, "operator:short": null, "operator:type": null, "operator:wikidata": null, "created_by": null, "shop": null, "natural": null, "brand": null, "brand:ar": null, "brand:pnb": null, "brand:ps": null, "brand:ur": null, "brand:wikidata": null, "brand:wikipedia": null, "brand:wikipedia:ar": null, "brand:wikipedia:pnb": null, "brand:wikipedia:ps": null, "brand:wikipedia:ur": null, "surface": null, "type": null, "access": null, "barrier": null, "boundary": null, "operator:ur": null, "max_age": null, "min_age": null, "playground:theme": null }, "geometry": { "type": "Polygon", "coordinates": [ [ [ 73.0167823, 33.6853755 ], [ 73.0170569, 33.6855183 ], [ 73.0179141, 33.6843376 ], [ 73.0176566, 33.6842019 ], [ 73.0167823, 33.6853755 ] ] ] } },
{ "type": "Feature", "properties": { "element": "way", "id": 22777277, "is_in": null, "leisure": "park", "name": null, "sport": null, "name:en": null, "name:ur": null, "addr:city": null, "addr:city:ar": null, "addr:city:en": null, "addr:city:ks": null, "addr:city:pnb": null, "addr:city:ps": null, "addr:city:sd": null, "addr:city:ur": null, "addr:street": null, "operator": null, "alt_name": null, "alt_name:ar": null, "alt_name:ur": null, "alt_name:zh-Hans": null, "name:ar": null, "name:etymology": null, "name:etymology:wikidata": null, "name:etymology:wikipedia": null, "name:hi": null, "name:pnb": null, "tourism": null, "wikidata": null, "wikimedia_commons": null, "wikipedia": null, "wikipedia:pnb": null, "name:ml": null, "area": "yes", "landuse": null, "operator:short": null, "operator:type": null, "operator:wikidata": null, "created_by": "Potlatch 0.6c", "shop": null, "natural": null, "brand": null, "brand:ar": null, "brand:pnb": null, "brand:ps": null, "brand:ur": null, "brand:wikidata": null, "brand:wikipedia": null, "brand:wikipedia:ar": null, "brand:wikipedia:pnb": null, "brand:wikipedia:ps": null, "brand:wikipedia:ur": null, "surface": null, "type": null, "access": null, "barrier": null, "boundary": null, "operator:ur": null, "max_age": null, "min_age": null, "playground:theme": null }, "geometry": { "type": "Polygon", "coordinates": [ [ [ 73.0173402, 33.6846256 ], [ 73.0176148, 33.6847756 ], [ 73.0179324, 33.6843328 ], [ 73.0176663, 33.6841899 ], [ 73.0173402, 33.6846256 ] ] ] } },
{ "type": "Feature", "properties": { "element": "way", "id": 22812010, "is_in": null, "leisure": "park", "name": null, "sport": null, "name:en": null, "name:ur": null, "addr:city": null, "addr:city:ar": null, "addr:city:en": null, "addr:city:ks": null, "addr:city:pnb": null, "addr:city:ps": null, "addr:city:sd": null, "addr:city:ur": null, "addr:street": null, "operator": null, "alt_name": null, "alt_name:ar": null, "alt_name:ur": null, "alt_name:zh-Hans": null, "name:ar": null, "name:etymology": null, "name:etymology:wikidata": null, "name:etymology:wikipedia": null, "name:hi": null, "name:pnb": null, "tourism": null, "wikidata": null, "wikimedia_commons": null, "wikipedia": null, "wikipedia:pnb": null, "name:ml": null, "area": null, "landuse": null, "operator:short": null, "operator:type": null, "operator:wikidata": null, "created_by": null, "shop": null, "natural": null, "brand": null, "brand:ar": null, "brand:pnb": null, "brand:ps": null, "brand:ur": null, "brand:wikidata": null, "brand:wikipedia": null, "brand:wikipedia:ar": null, "brand:wikipedia:pnb": null, "brand:wikipedia:ps": null, "brand:wikipedia:ur": null, "surface": null, "type": null, "access": null, "barrier": null, "boundary": null, "operator:ur": null, "max_age": null, "min_age": null, "playground:theme": null }, "geometry": { "type": "Polygon", "coordinates": [ [ [ 73.0403037, 33.727207 ], [ 73.0439028, 33.7224539 ], [ 73.0439998, 33.7224401 ], [ 73.044421, 33.7226614 ], [ 73.0408919, 33.7274378 ], [ 73.0407364, 33.727537 ], [ 73.0406127, 33.7276183 ], [ 73.0404275, 33.72749 ], [ 73.0403444, 33.7273763 ], [ 73.0403037, 33.727207 ] ] ] } },
{ "type": "Feature", "properties": { "element": "way", "id": 22812025, "is_in": null, "leisure": "park", "name": null, "sport": null, "name:en": null, "name:ur": null, "addr:city": null, "addr:city:ar": null, "addr:city:en": null, "addr:city:ks": null, "addr:city:pnb": null, "addr:city:ps": null, "addr:city:sd": null, "addr:city:ur": null, "addr:street": null, "operator": null, "alt_name": null, "alt_name:ar": null, "alt_name:ur": null, "alt_name:zh-Hans": null, "name:ar": null, "name:etymology": null, "name:etymology:wikidata": null, "name:etymology:wikipedia": null, "name:hi": null, "name:pnb": null, "tourism": null, "wikidata": null, "wikimedia_commons": null, "wikipedia": null, "wikipedia:pnb": null, "name:ml": null, "area": null, "landuse": null, "operator:short": null, "operator:type": null, "operator:wikidata": null, "created_by": null, "shop": null, "natural": null, "brand": null, "brand:ar": null, "brand:pnb": null, "brand:ps": null, "brand:ur": null, "brand:wikidata": null, "brand:wikipedia": null, "brand:wikipedia:ar": null, "brand:wikipedia:pnb": null, "brand:wikipedia:ps": null, "brand:wikipedia:ur": null, "surface": null, "type": null, "access": null, "barrier": null, "boundary": null, "operator:ur": null, "max_age": null, "min_age": null, "playground:theme": null }, "geometry": { "type": "Polygon", "coordinates": [ [ [ 73.0442821, 33.7221204 ], [ 73.05025, 33.7141633 ], [ 73.0531495, 33.7105194 ], [ 73.0534467, 33.7106585 ], [ 73.0506223, 33.7143418 ], [ 73.04955, 33.7158562 ], [ 73.0446742, 33.7223417 ], [ 73.0442821, 33.7221204 ] ] ] } },
{ "type": "Feature", "properties": { "element": "way", "id": 22812891, "is_in": null, "leisure": "park", "name": null, "sport": null, "name:en": null, "name:ur": null, "addr:city": null, "addr:city:ar": null, "addr:city:en": null, "addr:city:ks": null, "addr:city:pnb": null, "addr:city:ps": null, "addr:city:sd": null, "addr:city:ur": null, "addr:street": null, "operator": null, "alt_name": null, "alt_name:ar": null, "alt_name:ur": null, "alt_name:zh-Hans": null, "name:ar": null, "name:etymology": null, "name:etymology:wikidata": null, "name:etymology:wikipedia": null, "name:hi": null, "name:pnb": null, "tourism": null, "wikidata": null, "wikimedia_commons": null, "wikipedia": null, "wikipedia:pnb": null, "name:ml": null, "area": null, "landuse": null, "operator:short": null, "operator:type": null, "operator:wikidata": null, "created_by": null, "shop": null, "natural": null, "brand": null, "brand:ar": null, "brand:pnb": null, "brand:ps": null, "brand:ur": null, "brand:wikidata": null, "brand:wikipedia": null, "brand:wikipedia:ar": null, "brand:wikipedia:pnb": null, "brand:wikipedia:ps": null, "brand:wikipedia:ur": null, "surface": null, "type": null, "access": null, "barrier": null, "boundary": null, "operator:ur": null, "max_age": null, "min_age": null, "playground:theme": null }, "geometry": { "type": "Polygon", "coordinates": [ [ [ 73.0442815, 33.7230878 ], [ 73.0446334, 33.7226309 ], [ 73.048264, 33.7245584 ], [ 73.0479464, 33.7249938 ], [ 73.0442815, 33.7230878 ] ] ] } },
{ "type": "Feature", "properties": { "element": "way", "id": 22812903, "is_in": null, "leisure": null, "name": null, "sport": null, "name:en": null, "name:ur": null, "addr:city": null, "addr:city:ar": null, "addr:city:en": null, "addr:city:ks": null, "addr:city:pnb": null, "addr:city:ps": null, "addr:city:sd": null, "addr:city:ur": null, "addr:street": null, "operator": null, "alt_name": null, "alt_name:ar": null, "alt_name:ur": null, "alt_name:zh-Hans": null, "name:ar": null, "name:etymology": null, "name:etymology:wikidata": null, "name:etymology:wikipedia": null, "name:hi": null, "name:pnb": null, "tourism": null, "wikidata": null, "wikimedia_commons": null, "wikipedia": null, "wikipedia:pnb": null, "name:ml": null, "area": "yes", "landuse": "forest", "operator:short": null, "operator:type": null, "operator:wikidata": null, "created_by": null, "shop": null, "natural": null, "brand": null, "brand:ar": null, "brand:pnb": null, "brand:ps": null, "brand:ur": null, "brand:wikidata": null, "brand:wikipedia": null, "brand:wikipedia:ar": null, "brand:wikipedia:pnb": null, "brand:wikipedia:ps": null, "brand:wikipedia:ur": null, "surface": null, "type": null, "access": null, "barrier": null, "boundary": null, "operator:ur": null, "max_age": null, "min_age": null, "playground:theme": null }, "geometry": { "type": "Polygon", "coordinates": [ [ [ 73.0480151, 33.7250367 ], [ 73.0483498, 33.7245869 ], [ 73.0568337, 33.7290611 ], [ 73.05692, 33.7291681 ], [ 73.0568581, 33.7292696 ], [ 73.0566259, 33.7295513 ], [ 73.0480151, 33.7250367 ] ] ] } },
{ "type": "Feature", "properties": { "element": "way", "id": 22813843, "is_in": null, "leisure": "park", "name": "Deer Enclosure", "sport": null, "name:en": null, "name:ur": null, "addr:city": "اسلام آباد", "addr:city:ar": "إسلام آباد", "addr:city:en": "Islamabad", "addr:city:ks": "اِسلام آبادٖ", "addr:city:pnb": "اسلام آباد", "addr:city:ps": "اسلام آباد", "addr:city:sd": "اسلام آباد", "addr:city:ur": "اسلام آباد", "addr:street": "Ismail Zabeeh Road", "operator": null, "alt_name": null, "alt_name:ar": null, "alt_name:ur": null, "alt_name:zh-Hans": null, "name:ar": null, "name:etymology": null, "name:etymology:wikidata": null, "name:etymology:wikipedia": null, "name:hi": null, "name:pnb": null, "tourism": null, "wikidata": null, "wikimedia_commons": null, "wikipedia": null, "wikipedia:pnb": null, "name:ml": null, "area": null, "landuse": null, "operator:short": null, "operator:type": null, "operator:wikidata": null, "created_by": null, "shop": null, "natural": null, "brand": null, "brand:ar": null, "brand:pnb": null, "brand:ps": null, "brand:ur": null, "brand:wikidata": null, "brand:wikipedia": null, "brand:wikipedia:ar": null, "brand:wikipedia:pnb": null, "brand:wikipedia:ps": null, "brand:wikipedia:ur": null, "surface": null, "type": null, "access": null, "barrier": null, "boundary": null, "operator:ur": null, "max_age": null, "min_age": null, "playground:theme": null }, "geometry": { "type": "Polygon", "coordinates": [ [ [ 73.0525324, 33.7101036 ], [ 73.0521695, 33.70991 ], [ 73.0499015, 33.7130483 ], [ 73.0484224, 33.7149402 ], [ 73.0434227, 33.7216541 ], [ 73.0438438, 33.7218786 ], [ 73.0479479, 33.7163516 ], [ 73.0476131, 33.7161795 ], [ 73.0479028, 33.7157894 ], [ 73.0482376, 33.7159615 ], [ 73.0499727, 33.7136247 ], [ 73.0525324, 33.7101036 ] ] ] } },
{ "type": "Feature", "properties": { "element": "way", "id": 22888161, "is_in": null, "leisure": null, "name": null, "sport": null, "name:en": null, "name:ur": null, "addr:city": null, "addr:city:ar": null, "addr:city:en": null, "addr:city:ks": null, "addr:city:pnb": null, "addr:city:ps": null, "addr:city:sd": null, "addr:city:ur": null, "addr:street": null, "operator": null, "alt_name": null, "alt_name:ar": null, "alt_name:ur": null, "alt_name:zh-Hans": null, "name:ar": null, "name:etymology": null, "name:etymology:wikidata": null, "name:etymology:wikipedia": null, "name:hi": null, "name:pnb": null, "tourism": null, "wikidata": null, "wikimedia_commons": null, "wikipedia": null, "wikipedia:pnb": null, "name:ml": null, "area": "yes", "landuse": "forest", "operator:short": null, "operator:type": null, "operator:wikidata": null, "created_by": null, "shop": null, "natural": null, "brand": null, "brand:ar": null, "brand:pnb": null, "brand:ps": null, "brand:ur": null, "brand:wikidata": null, "brand:wikipedia": null, "brand:wikipedia:ar": null, "brand:wikipedia:pnb": null, "brand:wikipedia:ps": null, "brand:wikipedia:ur": null, "surface": null, "type": null, "access": null, "barrier": null, "boundary": null, "operator:ur": null, "max_age": null, "min_age": null, "playground:theme": null }, "geometry": { "type": "Polygon", "coordinates": [ [ [ 73.0353882, 33.7012808 ], [ 73.035681, 33.7013623 ], [ 73.0357191, 33.7016276 ], [ 73.0332357, 33.7048887 ], [ 73.0328411, 33.7045818 ], [ 73.0353882, 33.7012808 ] ] ] } },
{ "type": "Feature", "properties": { "element": "way", "id": 22888175, "is_in": null, "leisure": null, "name": null, "sport": null, "name:en": null, "name:ur": null, "addr:city": null, "addr:city:ar": null, "addr:city:en": null, "addr:city:ks": null, "addr:city:pnb": null, "addr:city:ps": null, "addr:city:sd": null, "addr:city:ur": null, "addr:street": null, "operator": null, "alt_name": null, "alt_name:ar": null, "alt_name:ur": null, "alt_name:zh-Hans": null, "name:ar": null, "name:etymology": null, "name:etymology:wikidata": null, "name:etymology:wikipedia": null, "name:hi": null, "name:pnb": null, "tourism": null, "wikidata": null, "wikimedia_commons": null, "wikipedia": null, "wikipedia:pnb": null, "name:ml": null, "area": "yes", "landuse": "grass", "operator:short": null, "operator:type": null, "operator:wikidata": null, "created_by": null, "shop": null, "natural": null, "brand": null, "brand:ar": null, "brand:pnb": null, "brand:ps": null, "brand:ur": null, "brand:wikidata": null, "brand:wikipedia": null, "brand:wikipedia:ar": null, "brand:wikipedia:pnb": null, "brand:wikipedia:ps": null, "brand:wikipedia:ur": null, "surface": null, "type": null, "access": null, "barrier": null, "boundary": null, "operator:ur": null, "max_age": null, "min_age": null, "playground:theme": null }, "geometry": { "type": "Polygon", "coordinates": [ [ [ 73.0291488, 33.7095421 ], [ 73.0294691, 33.7097336 ], [ 73.0294452, 33.7099491 ], [ 73.0280123, 33.711859 ], [ 73.027584, 33.7121987 ], [ 73.0272131, 33.7126942 ], [ 73.0270833, 33.7127593 ], [ 73.0269739, 33.7127336 ], [ 73.0269171, 33.7126617 ], [ 73.02689, 33.7125634 ], [ 73.0269093, 33.7125009 ], [ 73.0291488, 33.7095421 ] ] ] } },
{ "type": "Feature", "properties": { "element": "way", "id": 22888199, "is_in": null, "leisure": null, "name": null, "sport": null, "name:en": null, "name:ur": null, "addr:city": null, "addr:city:ar": null, "addr:city:en": null, "addr:city:ks": null, "addr:city:pnb": null, "addr:city:ps": null, "addr:city:sd": null, "addr:city:ur": null, "addr:street": null, "operator": null, "alt_name": null, "alt_name:ar": null, "alt_name:ur": null, "alt_name:zh-Hans": null, "name:ar": null, "name:etymology": null, "name:etymology:wikidata": null, "name:etymology:wikipedia": null, "name:hi": null, "name:pnb": null, "tourism": null, "wikidata": null, "wikimedia_commons": null, "wikipedia": null, "wikipedia:pnb": null, "name:ml": null, "area": "yes", "landuse": "forest", "operator:short": null, "operator:type": null, "operator:wikidata": null, "created_by": "Potlatch 0.7", "shop": null, "natural": null, "brand": null, "brand:ar": null, "brand:pnb": null, "brand:ps": null, "brand:ur": null, "brand:wikidata": null, "brand:wikipedia": null, "brand:wikipedia:ar": null, "brand:wikipedia:pnb": null, "brand:wikipedia:ps": null, "brand:wikipedia:ur": null, "surface": null, "type": null, "access": null, "barrier": null, "boundary": null, "operator:ur": null, "max_age": null, "min_age": null, "playground:theme": null }, "geometry": { "type": "Polygon", "coordinates": [ [ [ 73.0355131, 33.7009021 ], [ 73.0360796, 33.7012021 ], [ 73.0366776, 33.7002995 ], [ 73.0367222, 33.7002026 ], [ 73.0367213, 33.7001199 ], [ 73.036686, 33.7000536 ], [ 73.0366427, 33.7000016 ], [ 73.0365314, 33.6999263 ], [ 73.0363183, 33.6998113 ], [ 73.0362484, 33.6999303 ], [ 73.0360796, 33.7001738 ], [ 73.0355131, 33.7009021 ] ] ] } },
{ "type": "Feature", "properties": { "element": "way", "id": 22888200, "is_in": null, "leisure": null, "name": null, "sport": null, "name:en": null, "name:ur": null, "addr:city": null, "addr:city:ar": null, "addr:city:en": null, "addr:city:ks": null, "addr:city:pnb": null, "addr:city:ps": null, "addr:city:sd": null, "addr:city:ur": null, "addr:street": null, "operator": null, "alt_name": null, "alt_name:ar": null, "alt_name:ur": null, "alt_name:zh-Hans": null, "name:ar": null, "name:etymology": null, "name:etymology:wikidata": null, "name:etymology:wikipedia": null, "name:hi": null, "name:pnb": null, "tourism": null, "wikidata": null, "wikimedia_commons": null, "wikipedia": null, "wikipedia:pnb": null, "name:ml": null, "area": "yes", "landuse": "forest", "operator:short": null, "operator:type": null, "operator:wikidata": null, "created_by": null, "shop": null, "natural": null, "brand": null, "brand:ar": null, "brand:pnb": null, "brand:ps": null, "brand:ur": null, "brand:wikidata": null, "brand:wikipedia": null, "brand:wikipedia:ar": null, "brand:wikipedia:pnb": null, "brand:wikipedia:ps": null, "brand:wikipedia:ur": null, "surface": null, "type": null, "access": null, "barrier": null, "boundary": null, "operator:ur": null, "max_age": null, "min_age": null, "playground:theme": null }, "geometry": { "type": "Polygon", "coordinates": [ [ [ 73.0361569, 33.7012378 ], [ 73.0368379, 33.7003999 ], [ 73.0372035, 33.7003225 ], [ 73.0404076, 33.702047 ], [ 73.041269, 33.7024923 ], [ 73.0414845, 33.7025997 ], [ 73.045226, 33.7045875 ], [ 73.0445802, 33.7054148 ], [ 73.0443187, 33.7054612 ], [ 73.0439065, 33.7052875 ], [ 73.0409868, 33.7038009 ], [ 73.0361569, 33.7012378 ] ] ] } },
{ "type": "Feature", "properties": { "element": "way", "id": 22938720, "is_in": null, "leisure": null, "name": null, "sport": null, "name:en": null, "name:ur": null, "addr:city": null, "addr:city:ar": null, "addr:city:en": null, "addr:city:ks": null, "addr:city:pnb": null, "addr:city:ps": null, "addr:city:sd": null, "addr:city:ur": null, "addr:street": null, "operator": null, "alt_name": null, "alt_name:ar": null, "alt_name:ur": null, "alt_name:zh-Hans": null, "name:ar": null, "name:etymology": null, "name:etymology:wikidata": null, "name:etymology:wikipedia": null, "name:hi": null, "name:pnb": null, "tourism": null, "wikidata": null, "wikimedia_commons": null, "wikipedia": null, "wikipedia:pnb": null, "name:ml": null, "area": "yes", "landuse": "forest", "operator:short": null, "operator:type": null, "operator:wikidata": null, "created_by": null, "shop": null, "natural": null, "brand": null, "brand:ar": null, "brand:pnb": null, "brand:ps": null, "brand:ur": null, "brand:wikidata": null, "brand:wikipedia": null, "brand:wikipedia:ar": null, "brand:wikipedia:pnb": null, "brand:wikipedia:ps": null, "brand:wikipedia:ur": null, "surface": null, "type": null, "access": null, "barrier": null, "boundary": null, "operator:ur": null, "max_age": null, "min_age": null, "playground:theme": null }, "geometry": { "type": "Polygon", "coordinates": [ [ [ 73.0609198, 33.7309006 ], [ 73.0622012, 33.7315717 ], [ 73.0666863, 33.725586 ], [ 73.0678106, 33.723887 ], [ 73.0709435, 33.7197679 ], [ 73.069656, 33.7190754 ], [ 73.065849, 33.7242299 ], [ 73.0609198, 33.7309006 ] ] ] } },
{ "type": "Feature", "properties": { "element": "way", "id": 22975239, "is_in": null, "leisure": "playground", "name": null, "sport": null, "name:en": null, "name:ur": null, "addr:city": null, "addr:city:ar": null, "addr:city:en": null, "addr:city:ks": null, "addr:city:pnb": null, "addr:city:ps": null, "addr:city:sd": null, "addr:city:ur": null, "addr:street": null, "operator": null, "alt_name": null, "alt_name:ar": null, "alt_name:ur": null, "alt_name:zh-Hans": null, "name:ar": null, "name:etymology": null, "name:etymology:wikidata": null, "name:etymology:wikipedia": null, "name:hi": null, "name:pnb": null, "tourism": null, "wikidata": null, "wikimedia_commons": null, "wikipedia": null, "wikipedia:pnb": null, "name:ml": null, "area": "yes", "landuse": null, "operator:short": null, "operator:type": null, "operator:wikidata": null, "created_by": "Potlatch 0.7a", "shop": null, "natural": null, "brand": null, "brand:ar": null, "brand:pnb": null, "brand:ps": null, "brand:ur": null, "brand:wikidata": null, "brand:wikipedia": null, "brand:wikipedia:ar": null, "brand:wikipedia:pnb": null, "brand:wikipedia:ps": null, "brand:wikipedia:ur": null, "surface": null, "type": null, "access": null, "barrier": null, "boundary": null, "operator:ur": null, "max_age": null, "min_age": null, "playground:theme": null }, "geometry": { "type": "Polygon", "coordinates": [ [ [ 73.0520004, 33.7163752 ], [ 73.052845, 33.7168289 ], [ 73.0539196, 33.7154004 ], [ 73.0530831, 33.7149751 ], [ 73.0520004, 33.7163752 ] ] ] } },
{ "type": "Feature", "properties": { "element": "way", "id": 22999262, "is_in": null, "leisure": "garden", "name": null, "sport": null, "name:en": null, "name:ur": null, "addr:city": null, "addr:city:ar": null, "addr:city:en": null, "addr:city:ks": null, "addr:city:pnb": null, "addr:city:ps": null, "addr:city:sd": null, "addr:city:ur": null, "addr:street": null, "operator": null, "alt_name": null, "alt_name:ar": null, "alt_name:ur": null, "alt_name:zh-Hans": null, "name:ar": null, "name:etymology": null, "name:etymology:wikidata": null, "name:etymology:wikipedia": null, "name:hi": null, "name:pnb": null, "tourism": null, "wikidata": null, "wikimedia_commons": null, "wikipedia": null, "wikipedia:pnb": null, "name:ml": null, "area": null, "landuse": null, "operator:short": null, "operator:type": null, "operator:wikidata": null, "created_by": null, "shop": null, "natural": null, "brand": null, "brand:ar": null, "brand:pnb": null, "brand:ps": null, "brand:ur": null, "brand:wikidata": null, "brand:wikipedia": null, "brand:wikipedia:ar": null, "brand:wikipedia:pnb": null, "brand:wikipedia:ps": null, "brand:wikipedia:ur": null, "surface": null, "type": null, "access": null, "barrier": null, "boundary": null, "operator:ur": null, "max_age": null, "min_age": null, "playground:theme": null }, "geometry": { "type": "Polygon", "coordinates": [ [ [ 73.0514989, 33.7050281 ], [ 73.0515212, 33.7050682 ], [ 73.0515647, 33.7051032 ], [ 73.0525154, 33.7056152 ], [ 73.05258, 33.705649 ], [ 73.0526574, 33.7056543 ], [ 73.0527222, 33.7056332 ], [ 73.0527686, 33.7055939 ], [ 73.0530628, 33.7052001 ], [ 73.0530999, 33.7051476 ], [ 73.0530985, 33.7050991 ], [ 73.053077, 33.7050638 ], [ 73.0530296, 33.7050337 ], [ 73.0519848, 33.7044891 ], [ 73.0519398, 33.7044646 ], [ 73.0518935, 33.7044608 ], [ 73.0518579, 33.7044699 ], [ 73.0518171, 33.7045012 ], [ 73.0515172, 33.704926 ], [ 73.0514951, 33.7049764 ], [ 73.0514989, 33.7050281 ] ] ] } },
{ "type": "Feature", "properties": { "element": "way", "id": 22999267, "is_in": null, "leisure": "garden", "name": null, "sport": null, "name:en": null, "name:ur": null, "addr:city": null, "addr:city:ar": null, "addr:city:en": null, "addr:city:ks": null, "addr:city:pnb": null, "addr:city:ps": null, "addr:city:sd": null, "addr:city:ur": null, "addr:street": null, "operator": null, "alt_name": null, "alt_name:ar": null, "alt_name:ur": null, "alt_name:zh-Hans": null, "name:ar": null, "name:etymology": null, "name:etymology:wikidata": null, "name:etymology:wikipedia": null, "name:hi": null, "name:pnb": null, "tourism": null, "wikidata": null, "wikimedia_commons": null, "wikipedia": null, "wikipedia:pnb": null, "name:ml": null, "area": null, "landuse": null, "operator:short": null, "operator:type": null, "operator:wikidata": null, "created_by": null, "shop": null, "natural": null, "brand": null, "brand:ar": null, "brand:pnb": null, "brand:ps": null, "brand:ur": null, "brand:wikidata": null, "brand:wikipedia": null, "brand:wikipedia:ar": null, "brand:wikipedia:pnb": null, "brand:wikipedia:ps": null, "brand:wikipedia:ur": null, "surface": null, "type": null, "access": null, "barrier": null, "boundary": null, "operator:ur": null, "max_age": null, "min_age": null, "playground:theme": null }, "geometry": { "type": "Polygon", "coordinates": [ [ [ 73.0528658, 33.705748 ], [ 73.0528806, 33.7057884 ], [ 73.0529032, 33.705817 ], [ 73.0538002, 33.7062994 ], [ 73.053852, 33.7063198 ], [ 73.0539369, 33.7063218 ], [ 73.0540023, 33.7062968 ], [ 73.0540451, 33.7062583 ], [ 73.0549693, 33.7050663 ], [ 73.0549824, 33.7050284 ], [ 73.054981, 33.7049862 ], [ 73.0549693, 33.7049555 ], [ 73.054941, 33.7049202 ], [ 73.0539604, 33.7043967 ], [ 73.0538969, 33.7043805 ], [ 73.053819, 33.7043844 ], [ 73.0537698, 33.7044009 ], [ 73.0537189, 33.704435 ], [ 73.0528849, 33.705664 ], [ 73.0528665, 33.7057075 ], [ 73.0528658, 33.705748 ] ] ] } },
{ "type": "Feature", "properties": { "element": "way", "id": 22999272, "is_in": null, "leisure": "garden", "name": null, "sport": null, "name:en": null, "name:ur": null, "addr:city": null, "addr:city:ar": null, "addr:city:en": null, "addr:city:ks": null, "addr:city:pnb": null, "addr:city:ps": null, "addr:city:sd": null, "addr:city:ur": null, "addr:street": null, "operator": null, "alt_name": null, "alt_name:ar": null, "alt_name:ur": null, "alt_name:zh-Hans": null, "name:ar": null, "name:etymology": null, "name:etymology:wikidata": null, "name:etymology:wikipedia": null, "name:hi": null, "name:pnb": null, "tourism": null, "wikidata": null, "wikimedia_commons": null, "wikipedia": null, "wikipedia:pnb": null, "name:ml": null, "area": null, "landuse": null, "operator:short": null, "operator:type": null, "operator:wikidata": null, "created_by": null, "shop": null, "natural": null, "brand": null, "brand:ar": null, "brand:pnb": null, "brand:ps": null, "brand:ur": null, "brand:wikidata": null, "brand:wikipedia": null, "brand:wikipedia:ar": null, "brand:wikipedia:pnb": null, "brand:wikipedia:ps": null, "brand:wikipedia:ur": null, "surface": null, "type": null, "access": null, "barrier": null, "boundary": null, "operator:ur": null, "max_age": null, "min_age": null, "playground:theme": null }, "geometry": { "type": "Polygon", "coordinates": [ [ [ 73.0508986, 33.7047339 ], [ 73.0512004, 33.704899 ], [ 73.0512755, 33.7048901 ], [ 73.0513264, 33.7048655 ], [ 73.051773, 33.7042653 ], [ 73.0517744, 33.704224 ], [ 73.0517623, 33.7041828 ], [ 73.0514404, 33.7040154 ], [ 73.051368, 33.7040065 ], [ 73.0513237, 33.7040243 ], [ 73.0508865, 33.7046301 ], [ 73.0508798, 33.7046937 ], [ 73.0508986, 33.7047339 ] ] ] } },
{ "type": "Feature", "properties": { "element": "way", "id": 22999281, "is_in": null, "leisure": "garden", "name": null, "sport": null, "name:en": null, "name:ur": null, "addr:city": null, "addr:city:ar": null, "addr:city:en": null, "addr:city:ks": null, "addr:city:pnb": null, "addr:city:ps": null, "addr:city:sd": null, "addr:city:ur": null, "addr:street": null, "operator": null, "alt_name": null, "alt_name:ar": null, "alt_name:ur": null, "alt_name:zh-Hans": null, "name:ar": null, "name:etymology": null, "name:etymology:wikidata": null, "name:etymology:wikipedia": null, "name:hi": null, "name:pnb": null, "tourism": null, "wikidata": null, "wikimedia_commons": null, "wikipedia": null, "wikipedia:pnb": null, "name:ml": null, "area": null, "landuse": null, "operator:short": null, "operator:type": null, "operator:wikidata": null, "created_by": null, "shop": null, "natural": null, "brand": null, "brand:ar": null, "brand:pnb": null, "brand:ps": null, "brand:ur": null, "brand:wikidata": null, "brand:wikipedia": null, "brand:wikipedia:ar": null, "brand:wikipedia:pnb": null, "brand:wikipedia:ps": null, "brand:wikipedia:ur": null, "surface": null, "type": null, "access": null, "barrier": null, "boundary": null, "operator:ur": null, "max_age": null, "min_age": null, "playground:theme": null }, "geometry": { "type": "Polygon", "coordinates": [ [ [ 73.0501806, 33.7038528 ], [ 73.0507914, 33.7041654 ], [ 73.0508358, 33.7041758 ], [ 73.050885, 33.7041756 ], [ 73.0509355, 33.7041625 ], [ 73.0509787, 33.7041375 ], [ 73.0511111, 33.7039519 ], [ 73.0511369, 33.7039128 ], [ 73.051135, 33.7038702 ], [ 73.0511133, 33.7038388 ], [ 73.0510708, 33.7038162 ], [ 73.0504994, 33.7035194 ], [ 73.0504434, 33.7034922 ], [ 73.0503747, 33.703488 ], [ 73.0503174, 33.7035066 ], [ 73.0502763, 33.7035404 ], [ 73.0501599, 33.7037001 ], [ 73.0501305, 33.703748 ], [ 73.0501301, 33.7037878 ], [ 73.0501477, 33.7038245 ], [ 73.0501806, 33.7038528 ] ] ] } },
{ "type": "Feature", "properties": { "element": "way", "id": 23006070, "is_in": null, "leisure": "park", "name": "Bara Park", "sport": null, "name:en": null, "name:ur": null, "addr:city": "اسلام آباد", "addr:city:ar": "إسلام آباد", "addr:city:en": "Islamabad", "addr:city:ks": "اِسلام آبادٖ", "addr:city:pnb": "اسلام آباد", "addr:city:ps": "اسلام آباد", "addr:city:sd": "اسلام آباد", "addr:city:ur": "اسلام آباد", "addr:street": "Street 54", "operator": null, "alt_name": null, "alt_name:ar": null, "alt_name:ur": null, "alt_name:zh-Hans": null, "name:ar": null, "name:etymology": null, "name:etymology:wikidata": null, "name:etymology:wikipedia": null, "name:hi": null, "name:pnb": null, "tourism": null, "wikidata": null, "wikimedia_commons": null, "wikipedia": null, "wikipedia:pnb": null, "name:ml": null, "area": "yes", "landuse": null, "operator:short": null, "operator:type": null, "operator:wikidata": null, "created_by": null, "shop": "G-10/3, Islamabad", "natural": null, "brand": null, "brand:ar": null, "brand:pnb": null, "brand:ps": null, "brand:ur": null, "brand:wikidata": null, "brand:wikipedia": null, "brand:wikipedia:ar": null, "brand:wikipedia:pnb": null, "brand:wikipedia:ps": null, "brand:wikipedia:ur": null, "surface": null, "type": null, "access": null, "barrier": null, "boundary": null, "operator:ur": null, "max_age": null, "min_age": null, "playground:theme": null }, "geometry": { "type": "Polygon", "coordinates": [ [ [ 73.0188365, 33.6860944 ], [ 73.0191626, 33.6856659 ], [ 73.0205702, 33.6863943 ], [ 73.0202441, 33.68683 ], [ 73.0188365, 33.6860944 ] ] ] } },
{ "type": "Feature", "properties": { "element": "way", "id": 23010383, "is_in": null, "leisure": "playground", "name": null, "sport": null, "name:en": null, "name:ur": null, "addr:city": null, "addr:city:ar": null, "addr:city:en": null, "addr:city:ks": null, "addr:city:pnb": null, "addr:city:ps": null, "addr:city:sd": null, "addr:city:ur": null, "addr:street": null, "operator": null, "alt_name": null, "alt_name:ar": null, "alt_name:ur": null, "alt_name:zh-Hans": null, "name:ar": null, "name:etymology": null, "name:etymology:wikidata": null, "name:etymology:wikipedia": null, "name:hi": null, "name:pnb": null, "tourism": null, "wikidata": null, "wikimedia_commons": null, "wikipedia": null, "wikipedia:pnb": null, "name:ml": null, "area": "yes", "landuse": null, "operator:short": null, "operator:type": null, "operator:wikidata": null, "created_by": "Potlatch 0.7b", "shop": null, "natural": null, "brand": null, "brand:ar": null, "brand:pnb": null, "brand:ps": null, "brand:ur": null, "brand:wikidata": null, "brand:wikipedia": null, "brand:wikipedia:ar": null, "brand:wikipedia:pnb": null, "brand:wikipedia:ps": null, "brand:wikipedia:ur": null, "surface": null, "type": null, "access": null, "barrier": null, "boundary": null, "operator:ur": null, "max_age": null, "min_age": null, "playground:theme": null }, "geometry": { "type": "Polygon", "coordinates": [ [ [ 73.0744429, 33.6746529 ], [ 73.0750781, 33.6749886 ], [ 73.0757561, 33.6740886 ], [ 73.0751038, 33.6737386 ], [ 73.0744429, 33.6746529 ] ] ] } },
{ "type": "Feature", "properties": { "element": "way", "id": 23010384, "is_in": null, "leisure": "park", "name": null, "sport": null, "name:en": null, "name:ur": null, "addr:city": null, "addr:city:ar": null, "addr:city:en": null, "addr:city:ks": null, "addr:city:pnb": null, "addr:city:ps": null, "addr:city:sd": null, "addr:city:ur": null, "addr:street": null, "operator": null, "alt_name": null, "alt_name:ar": null, "alt_name:ur": null, "alt_name:zh-Hans": null, "name:ar": null, "name:etymology": null, "name:etymology:wikidata": null, "name:etymology:wikipedia": null, "name:hi": null, "name:pnb": null, "tourism": null, "wikidata": null, "wikimedia_commons": null, "wikipedia": null, "wikipedia:pnb": null, "name:ml": null, "area": "yes", "landuse": null, "operator:short": null, "operator:type": null, "operator:wikidata": null, "created_by": "Potlatch 0.7b", "shop": null, "natural": null, "brand": null, "brand:ar": null, "brand:pnb": null, "brand:ps": null, "brand:ur": null, "brand:wikidata": null, "brand:wikipedia": null, "brand:wikipedia:ar": null, "brand:wikipedia:pnb": null, "brand:wikipedia:ps": null, "brand:wikipedia:ur": null, "surface": null, "type": null, "access": null, "barrier": null, "boundary": null, "operator:ur": null, "max_age": null, "min_age": null, "playground:theme": null }, "geometry": { "type": "Polygon", "coordinates": [ [ [ 73.0771123, 33.6711814 ], [ 73.0776873, 33.6714814 ], [ 73.0783568, 33.6706099 ], [ 73.077756, 33.6702813 ], [ 73.0771123, 33.6711814 ] ] ] } },
{ "type": "Feature", "properties": { "element": "way", "id": 23010386, "is_in": null, "leisure": "park", "name": null, "sport": null, "name:en": null, "name:ur": null, "addr:city": null, "addr:city:ar": null, "addr:city:en": null, "addr:city:ks": null, "addr:city:pnb": null, "addr:city:ps": null, "addr:city:sd": null, "addr:city:ur": null, "addr:street": null, "operator": null, "alt_name": null, "alt_name:ar": null, "alt_name:ur": null, "alt_name:zh-Hans": null, "name:ar": null, "name:etymology": null, "name:etymology:wikidata": null, "name:etymology:wikipedia": null, "name:hi": null, "name:pnb": null, "tourism": null, "wikidata": null, "wikimedia_commons": null, "wikipedia": null, "wikipedia:pnb": null, "name:ml": null, "area": "yes", "landuse": null, "operator:short": null, "operator:type": null, "operator:wikidata": null, "created_by": "Potlatch 0.7b", "shop": null, "natural": null, "brand": null, "brand:ar": null, "brand:pnb": null, "brand:ps": null, "brand:ur": null, "brand:wikidata": null, "brand:wikipedia": null, "brand:wikipedia:ar": null, "brand:wikipedia:pnb": null, "brand:wikipedia:ps": null, "brand:wikipedia:ur": null, "surface": null, "type": null, "access": null, "barrier": null, "boundary": null, "operator:ur": null, "max_age": null, "min_age": null, "playground:theme": null }, "geometry": { "type": "Polygon", "coordinates": [ [ [ 73.0734044, 33.6703099 ], [ 73.0749493, 33.6711314 ], [ 73.0760651, 33.6696956 ], [ 73.0760651, 33.6695813 ], [ 73.0755072, 33.6696813 ], [ 73.0741254, 33.6699599 ], [ 73.0739194, 33.6700028 ], [ 73.0737134, 33.6700599 ], [ 73.0735846, 33.6701528 ], [ 73.0734044, 33.6703099 ] ] ] } },
{ "type": "Feature", "properties": { "element": "way", "id": 23010596, "is_in": null, "leisure": "playground", "name": null, "sport": null, "name:en": null, "name:ur": null, "addr:city": null, "addr:city:ar": null, "addr:city:en": null, "addr:city:ks": null, "addr:city:pnb": null, "addr:city:ps": null, "addr:city:sd": null, "addr:city:ur": null, "addr:street": null, "operator": null, "alt_name": null, "alt_name:ar": null, "alt_name:ur": null, "alt_name:zh-Hans": null, "name:ar": null, "name:etymology": null, "name:etymology:wikidata": null, "name:etymology:wikipedia": null, "name:hi": null, "name:pnb": null, "tourism": null, "wikidata": null, "wikimedia_commons": null, "wikipedia": null, "wikipedia:pnb": null, "name:ml": null, "area": "yes", "landuse": null, "operator:short": null, "operator:type": null, "operator:wikidata": null, "created_by": "Potlatch 0.7b", "shop": null, "natural": null, "brand": null, "brand:ar": null, "brand:pnb": null, "brand:ps": null, "brand:ur": null, "brand:wikidata": null, "brand:wikipedia": null, "brand:wikipedia:ar": null, "brand:wikipedia:pnb": null, "brand:wikipedia:ps": null, "brand:wikipedia:ur": null, "surface": null, "type": null, "access": null, "barrier": null, "boundary": null, "operator:ur": null, "max_age": null, "min_age": null, "playground:theme": null }, "geometry": { "type": "Polygon", "coordinates": [ [ [ 73.0728894, 33.6710099 ], [ 73.0744429, 33.67181 ], [ 73.0748978, 33.6711885 ], [ 73.0733786, 33.6703671 ], [ 73.0728894, 33.6710099 ] ] ] } },
{ "type": "Feature", "properties": { "element": "way", "id": 23013668, "is_in": null, "leisure": "park", "name": null, "sport": null, "name:en": null, "name:ur": null, "addr:city": null, "addr:city:ar": null, "addr:city:en": null, "addr:city:ks": null, "addr:city:pnb": null, "addr:city:ps": null, "addr:city:sd": null, "addr:city:ur": null, "addr:street": null, "operator": "Capital Development Authority", "alt_name": null, "alt_name:ar": null, "alt_name:ur": null, "alt_name:zh-Hans": null, "name:ar": null, "name:etymology": null, "name:etymology:wikidata": null, "name:etymology:wikipedia": null, "name:hi": null, "name:pnb": null, "tourism": null, "wikidata": null, "wikimedia_commons": null, "wikipedia": null, "wikipedia:pnb": null, "name:ml": null, "area": null, "landuse": null, "operator:short": "CDA", "operator:type": "public", "operator:wikidata": "Q5035545", "created_by": null, "shop": null, "natural": null, "brand": null, "brand:ar": null, "brand:pnb": null, "brand:ps": null, "brand:ur": null, "brand:wikidata": null, "brand:wikipedia": null, "brand:wikipedia:ar": null, "brand:wikipedia:pnb": null, "brand:wikipedia:ps": null, "brand:wikipedia:ur": null, "surface": null, "type": null, "access": null, "barrier": null, "boundary": null, "operator:ur": null, "max_age": null, "min_age": null, "playground:theme": null }, "geometry": { "type": "Polygon", "coordinates": [ [ [ 73.0371142, 33.6884933 ], [ 73.0368138, 33.6888861 ], [ 73.0375262, 33.6892503 ], [ 73.0378437, 33.6888433 ], [ 73.0371142, 33.6884933 ] ] ] } },
{ "type": "Feature", "properties": { "element": "way", "id": 23019755, "is_in": null, "leisure": null, "name": null, "sport": null, "name:en": null, "name:ur": null, "addr:city": null, "addr:city:ar": null, "addr:city:en": null, "addr:city:ks": null, "addr:city:pnb": null, "addr:city:ps": null, "addr:city:sd": null, "addr:city:ur": null, "addr:street": null, "operator": null, "alt_name": null, "alt_name:ar": null, "alt_name:ur": null, "alt_name:zh-Hans": null, "name:ar": null, "name:etymology": null, "name:etymology:wikidata": null, "name:etymology:wikipedia": null, "name:hi": null, "name:pnb": null, "tourism": null, "wikidata": null, "wikimedia_commons": null, "wikipedia": null, "wikipedia:pnb": null, "name:ml": null, "area": null, "landuse": "forest", "operator:short": null, "operator:type": null, "operator:wikidata": null, "created_by": null, "shop": null, "natural": null, "brand": null, "brand:ar": null, "brand:pnb": null, "brand:ps": null, "brand:ur": null, "brand:wikidata": null, "brand:wikipedia": null, "brand:wikipedia:ar": null, "brand:wikipedia:pnb": null, "brand:wikipedia:ps": null, "brand:wikipedia:ur": null, "surface": null, "type": null, "access": null, "barrier": null, "boundary": null, "operator:ur": null, "max_age": null, "min_age": null, "playground:theme": null }, "geometry": { "type": "Polygon", "coordinates": [ [ [ 73.0838938, 33.7328504 ], [ 73.0836103, 33.7332484 ], [ 73.083503, 33.7333991 ], [ 73.0833823, 33.7335686 ], [ 73.0834682, 33.7341253 ], [ 73.083481, 33.7341516 ], [ 73.0834682, 33.7343966 ], [ 73.0833222, 33.734625 ], [ 73.0831678, 33.7348034 ], [ 73.0828673, 33.735196 ], [ 73.0826699, 33.7354815 ], [ 73.0825669, 33.7356243 ], [ 73.0824382, 33.735767 ], [ 73.0822665, 33.7360382 ], [ 73.0822162, 33.7361195 ], [ 73.0821807, 33.7362667 ], [ 73.0821391, 33.7364395 ], [ 73.0820949, 33.7366235 ], [ 73.0820949, 33.7371089 ], [ 73.0821378, 33.7375372 ], [ 73.0823781, 33.7380011 ], [ 73.083348, 33.7397141 ], [ 73.0834081, 33.7400496 ], [ 73.0834939, 33.7406919 ], [ 73.0834596, 33.7409917 ], [ 73.0833737, 33.7412986 ], [ 73.0830476, 33.7421765 ], [ 73.0838544, 33.7424263 ], [ 73.0842664, 33.7413914 ], [ 73.0843138, 33.7412203 ], [ 73.0843589, 33.7409508 ], [ 73.0843653, 33.7405777 ], [ 73.0843224, 33.7402459 ], [ 73.0842432, 33.7398891 ], [ 73.0841295, 33.7395729 ], [ 73.0840305, 33.7394184 ], [ 73.0836912, 33.7388028 ], [ 73.0833267, 33.7381705 ], [ 73.0830545, 33.7377089 ], [ 73.0829792, 33.7374341 ], [ 73.0829728, 33.7370354 ], [ 73.0830702, 33.7365954 ], [ 73.0833196, 33.7361418 ], [ 73.0838569, 33.735414 ], [ 73.085859, 33.732784 ], [ 73.085083, 33.7322832 ], [ 73.0845356, 33.7320014 ], [ 73.0838938, 33.7328504 ] ] ] } },
{ "type": "Feature", "properties": { "element": "way", "id": 23046541, "is_in": "G-10/1, Islamabad", "leisure": "park", "name": null, "sport": null, "name:en": null, "name:ur": null, "addr:city": null, "addr:city:ar": null, "addr:city:en": null, "addr:city:ks": null, "addr:city:pnb": null, "addr:city:ps": null, "addr:city:sd": null, "addr:city:ur": null, "addr:street": null, "operator": null, "alt_name": null, "alt_name:ar": null, "alt_name:ur": null, "alt_name:zh-Hans": null, "name:ar": null, "name:etymology": null, "name:etymology:wikidata": null, "name:etymology:wikipedia": null, "name:hi": null, "name:pnb": null, "tourism": null, "wikidata": null, "wikimedia_commons": null, "wikipedia": null, "wikipedia:pnb": null, "name:ml": null, "area": "yes", "landuse": null, "operator:short": null, "operator:type": null, "operator:wikidata": null, "created_by": "Potlatch 0.8a", "shop": null, "natural": null, "brand": null, "brand:ar": null, "brand:pnb": null, "brand:ps": null, "brand:ur": null, "brand:wikidata": null, "brand:wikipedia": null, "brand:wikipedia:ar": null, "brand:wikipedia:pnb": null, "brand:wikipedia:ps": null, "brand:wikipedia:ur": null, "surface": null, "type": null, "access": null, "barrier": null, "boundary": null, "operator:ur": null, "max_age": null, "min_age": null, "playground:theme": null }, "geometry": { "type": "Polygon", "coordinates": [ [ [ 73.0098954, 33.6732062 ], [ 73.0105305, 33.6735348 ], [ 73.010994, 33.6729348 ], [ 73.0103417, 33.6725919 ], [ 73.0098954, 33.6732062 ] ] ] } },
{ "type": "Feature", "properties": { "element": "way", "id": 23046679, "is_in": null, "leisure": "park", "name": "Children Park", "sport": null, "name:en": null, "name:ur": null, "addr:city": "اسلام آباد", "addr:city:ar": "إسلام آباد", "addr:city:en": "Islamabad", "addr:city:ks": "اِسلام آبادٖ", "addr:city:pnb": "اسلام آباد", "addr:city:ps": "اسلام آباد", "addr:city:sd": "اسلام آباد", "addr:city:ur": "اسلام آباد", "addr:street": "Gali 17", "operator": null, "alt_name": null, "alt_name:ar": null, "alt_name:ur": null, "alt_name:zh-Hans": null, "name:ar": null, "name:etymology": null, "name:etymology:wikidata": null, "name:etymology:wikipedia": null, "name:hi": null, "name:pnb": null, "tourism": null, "wikidata": null, "wikimedia_commons": null, "wikipedia": null, "wikipedia:pnb": null, "name:ml": null, "area": "yes", "landuse": null, "operator:short": null, "operator:type": null, "operator:wikidata": null, "created_by": null, "shop": null, "natural": null, "brand": null, "brand:ar": null, "brand:pnb": null, "brand:ps": null, "brand:ur": null, "brand:wikidata": null, "brand:wikipedia": null, "brand:wikipedia:ar": null, "brand:wikipedia:pnb": null, "brand:wikipedia:ps": null, "brand:wikipedia:ur": null, "surface": null, "type": null, "access": null, "barrier": null, "boundary": null, "operator:ur": null, "max_age": null, "min_age": null, "playground:theme": null }, "geometry": { "type": "Polygon", "coordinates": [ [ [ 73.0129712, 33.6708385 ], [ 73.0138381, 33.6712742 ], [ 73.0142673, 33.6706956 ], [ 73.013409, 33.6702527 ], [ 73.0129712, 33.6708385 ] ] ] } },
{ "type": "Feature", "properties": { "element": "way", "id": 23046690, "is_in": "G-10/1, Islamabad", "leisure": "park", "name": null, "sport": null, "name:en": null, "name:ur": null, "addr:city": null, "addr:city:ar": null, "addr:city:en": null, "addr:city:ks": null, "addr:city:pnb": null, "addr:city:ps": null, "addr:city:sd": null, "addr:city:ur": null, "addr:street": null, "operator": null, "alt_name": null, "alt_name:ar": null, "alt_name:ur": null, "alt_name:zh-Hans": null, "name:ar": null, "name:etymology": null, "name:etymology:wikidata": null, "name:etymology:wikipedia": null, "name:hi": null, "name:pnb": null, "tourism": null, "wikidata": null, "wikimedia_commons": null, "wikipedia": null, "wikipedia:pnb": null, "name:ml": null, "area": "yes", "landuse": null, "operator:short": null, "operator:type": null, "operator:wikidata": null, "created_by": null, "shop": null, "natural": null, "brand": null, "brand:ar": null, "brand:pnb": null, "brand:ps": null, "brand:ur": null, "brand:wikidata": null, "brand:wikipedia": null, "brand:wikipedia:ar": null, "brand:wikipedia:pnb": null, "brand:wikipedia:ps": null, "brand:wikipedia:ur": null, "surface": null, "type": null, "access": null, "barrier": null, "boundary": null, "operator:ur": null, "max_age": null, "min_age": null, "playground:theme": null }, "geometry": { "type": "Polygon", "coordinates": [ [ [ 73.011366, 33.6724451 ], [ 73.0120095, 33.6727856 ], [ 73.0125558, 33.6730747 ], [ 73.0126851, 33.6729789 ], [ 73.012774, 33.6729224 ], [ 73.0128671, 33.6728677 ], [ 73.0128222, 33.6728114 ], [ 73.0127844, 33.6727608 ], [ 73.0127509, 33.6727091 ], [ 73.0127099, 33.672639 ], [ 73.0126695, 33.6725688 ], [ 73.0126209, 33.6724731 ], [ 73.0125816, 33.6723887 ], [ 73.0125456, 33.6723031 ], [ 73.0125013, 33.6721961 ], [ 73.0124542, 33.6721017 ], [ 73.0124099, 33.6720141 ], [ 73.0123294, 33.6718729 ], [ 73.0122479, 33.6717738 ], [ 73.0120794, 33.671498 ], [ 73.011366, 33.6724451 ] ] ] } },
{ "type": "Feature", "properties": { "element": "way", "id": 23046714, "is_in": "G-10/1, Islamabad", "leisure": "park", "name": null, "sport": null, "name:en": null, "name:ur": null, "addr:city": null, "addr:city:ar": null, "addr:city:en": null, "addr:city:ks": null, "addr:city:pnb": null, "addr:city:ps": null, "addr:city:sd": null, "addr:city:ur": null, "addr:street": null, "operator": null, "alt_name": null, "alt_name:ar": null, "alt_name:ur": null, "alt_name:zh-Hans": null, "name:ar": null, "name:etymology": null, "name:etymology:wikidata": null, "name:etymology:wikipedia": null, "name:hi": null, "name:pnb": null, "tourism": null, "wikidata": null, "wikimedia_commons": null, "wikipedia": null, "wikipedia:pnb": null, "name:ml": null, "area": "yes", "landuse": null, "operator:short": null, "operator:type": null, "operator:wikidata": null, "created_by": "Potlatch 0.8a", "shop": null, "natural": null, "brand": null, "brand:ar": null, "brand:pnb": null, "brand:ps": null, "brand:ur": null, "brand:wikidata": null, "brand:wikipedia": null, "brand:wikipedia:ar": null, "brand:wikipedia:pnb": null, "brand:wikipedia:ps": null, "brand:wikipedia:ur": null, "surface": null, "type": null, "access": null, "barrier": null, "boundary": null, "operator:ur": null, "max_age": null, "min_age": null, "playground:theme": null }, "geometry": { "type": "Polygon", "coordinates": [ [ [ 73.0124906, 33.6745814 ], [ 73.0129111, 33.6747957 ], [ 73.0131429, 33.6744814 ], [ 73.0127309, 33.6742743 ], [ 73.0124906, 33.6745814 ] ] ] } },
{ "type": "Feature", "properties": { "element": "way", "id": 23056159, "is_in": null, "leisure": "park", "name": "Multipurpose Public Park", "sport": null, "name:en": null, "name:ur": null, "addr:city": "اسلام آباد", "addr:city:ar": "إسلام آباد", "addr:city:en": "Islamabad", "addr:city:ks": "اِسلام آبادٖ", "addr:city:pnb": "اسلام آباد", "addr:city:ps": "اسلام آباد", "addr:city:sd": "اسلام آباد", "addr:city:ur": "اسلام آباد", "addr:street": "Gali 57", "operator": null, "alt_name": null, "alt_name:ar": null, "alt_name:ur": null, "alt_name:zh-Hans": null, "name:ar": null, "name:etymology": null, "name:etymology:wikidata": null, "name:etymology:wikipedia": null, "name:hi": null, "name:pnb": null, "tourism": null, "wikidata": null, "wikimedia_commons": null, "wikipedia": null, "wikipedia:pnb": null, "name:ml": null, "area": "yes", "landuse": null, "operator:short": null, "operator:type": null, "operator:wikidata": null, "created_by": null, "shop": null, "natural": null, "brand": null, "brand:ar": null, "brand:pnb": null, "brand:ps": null, "brand:ur": null, "brand:wikidata": null, "brand:wikipedia": null, "brand:wikipedia:ar": null, "brand:wikipedia:pnb": null, "brand:wikipedia:ps": null, "brand:wikipedia:ur": null, "surface": null, "type": null, "access": null, "barrier": null, "boundary": null, "operator:ur": null, "max_age": null, "min_age": null, "playground:theme": null }, "geometry": { "type": "Polygon", "coordinates": [ [ [ 73.0201825, 33.6803661 ], [ 73.0212039, 33.6808661 ], [ 73.0214871, 33.6805161 ], [ 73.0215987, 33.6803376 ], [ 73.0217275, 33.680059 ], [ 73.021736, 33.680009 ], [ 73.0207833, 33.6795376 ], [ 73.0201825, 33.6803661 ] ] ] } },
{ "type": "Feature", "properties": { "element": "way", "id": 23056167, "is_in": null, "leisure": "park", "name": "kids Park", "sport": null, "name:en": null, "name:ur": null, "addr:city": "اسلام آباد", "addr:city:ar": "إسلام آباد", "addr:city:en": "Islamabad", "addr:city:ks": "اِسلام آبادٖ", "addr:city:pnb": "اسلام آباد", "addr:city:ps": "اسلام آباد", "addr:city:sd": "اسلام آباد", "addr:city:ur": "اسلام آباد", "addr:street": "Gali 48", "operator": null, "alt_name": null, "alt_name:ar": null, "alt_name:ur": null, "alt_name:zh-Hans": null, "name:ar": null, "name:etymology": null, "name:etymology:wikidata": null, "name:etymology:wikipedia": null, "name:hi": null, "name:pnb": null, "tourism": null, "wikidata": null, "wikimedia_commons": null, "wikipedia": null, "wikipedia:pnb": null, "name:ml": null, "area": "yes", "landuse": null, "operator:short": null, "operator:type": null, "operator:wikidata": null, "created_by": null, "shop": null, "natural": null, "brand": null, "brand:ar": null, "brand:pnb": null, "brand:ps": null, "brand:ur": null, "brand:wikidata": null, "brand:wikipedia": null, "brand:wikipedia:ar": null, "brand:wikipedia:pnb": null, "brand:wikipedia:ps": null, "brand:wikipedia:ur": null, "surface": null, "type": null, "access": null, "barrier": null, "boundary": null, "operator:ur": null, "max_age": null, "min_age": null, "playground:theme": null }, "geometry": { "type": "Polygon", "coordinates": [ [ [ 73.0218476, 33.6799019 ], [ 73.0222167, 33.6798876 ], [ 73.0224399, 33.6798876 ], [ 73.0227145, 33.679909 ], [ 73.0229548, 33.679959 ], [ 73.0230922, 33.680009 ], [ 73.0219077, 33.6794019 ], [ 73.0218991, 33.6797019 ], [ 73.0218476, 33.6799019 ] ] ] } },
{ "type": "Feature", "properties": { "element": "way", "id": 23056170, "is_in": null, "leisure": "park", "name": "Square Park", "sport": null, "name:en": null, "name:ur": null, "addr:city": "اسلام آباد", "addr:city:ar": "إسلام آباد", "addr:city:en": "Islamabad", "addr:city:ks": "اِسلام آبادٖ", "addr:city:pnb": "اسلام آباد", "addr:city:ps": "اسلام آباد", "addr:city:sd": "اسلام آباد", "addr:city:ur": "اسلام آباد", "addr:street": "Gali 73", "operator": null, "alt_name": null, "alt_name:ar": null, "alt_name:ur": null, "alt_name:zh-Hans": null, "name:ar": null, "name:etymology": null, "name:etymology:wikidata": null, "name:etymology:wikipedia": null, "name:hi": null, "name:pnb": null, "tourism": null, "wikidata": null, "wikimedia_commons": null, "wikipedia": null, "wikipedia:pnb": null, "name:ml": null, "area": "yes", "landuse": null, "operator:short": null, "operator:type": null, "operator:wikidata": null, "created_by": null, "shop": null, "natural": null, "brand": null, "brand:ar": null, "brand:pnb": null, "brand:ps": null, "brand:ur": null, "brand:wikidata": null, "brand:wikipedia": null, "brand:wikipedia:ar": null, "brand:wikipedia:pnb": null, "brand:wikipedia:ps": null, "brand:wikipedia:ur": null, "surface": null, "type": null, "access": null, "barrier": null, "boundary": null, "operator:ur": null, "max_age": null, "min_age": null, "playground:theme": null }, "geometry": { "type": "Polygon", "coordinates": [ [ [ 73.0236415, 33.6794662 ], [ 73.0230578, 33.6791376 ], [ 73.0234355, 33.6786234 ], [ 73.0240363, 33.6789376 ], [ 73.0236415, 33.6794662 ] ] ] } },
{ "type": "Feature", "properties": { "element": "way", "id": 23056187, "is_in": null, "leisure": "park", "name": null, "sport": null, "name:en": null, "name:ur": null, "addr:city": null, "addr:city:ar": null, "addr:city:en": null, "addr:city:ks": null, "addr:city:pnb": null, "addr:city:ps": null, "addr:city:sd": null, "addr:city:ur": null, "addr:street": null, "operator": null, "alt_name": null, "alt_name:ar": null, "alt_name:ur": null, "alt_name:zh-Hans": null, "name:ar": null, "name:etymology": null, "name:etymology:wikidata": null, "name:etymology:wikipedia": null, "name:hi": null, "name:pnb": null, "tourism": null, "wikidata": null, "wikimedia_commons": null, "wikipedia": null, "wikipedia:pnb": null, "name:ml": null, "area": "yes", "landuse": null, "operator:short": null, "operator:type": null, "operator:wikidata": null, "created_by": "Potlatch 0.7b", "shop": null, "natural": null, "brand": null, "brand:ar": null, "brand:pnb": null, "brand:ps": null, "brand:ur": null, "brand:wikidata": null, "brand:wikipedia": null, "brand:wikipedia:ar": null, "brand:wikipedia:pnb": null, "brand:wikipedia:ps": null, "brand:wikipedia:ur": null, "surface": null, "type": null, "access": null, "barrier": null, "boundary": null, "operator:ur": null, "max_age": null, "min_age": null, "playground:theme": null }, "geometry": { "type": "Polygon", "coordinates": [ [ [ 73.0252637, 33.6764092 ], [ 73.0249633, 33.6762592 ], [ 73.0250749, 33.6761092 ], [ 73.024783, 33.6759378 ], [ 73.0248689, 33.6758306 ], [ 73.0244998, 33.6756163 ], [ 73.0247321, 33.6753987 ], [ 73.0262937, 33.6762092 ], [ 73.0255469, 33.6772449 ], [ 73.0249032, 33.6769234 ], [ 73.0252637, 33.6764092 ] ] ] } },
{ "type": "Feature", "properties": { "element": "way", "id": 23062523, "is_in": null, "leisure": "park", "name": null, "sport": null, "name:en": null, "name:ur": null, "addr:city": null, "addr:city:ar": null, "addr:city:en": null, "addr:city:ks": null, "addr:city:pnb": null, "addr:city:ps": null, "addr:city:sd": null, "addr:city:ur": null, "addr:street": null, "operator": "Capital Development Authority", "alt_name": null, "alt_name:ar": null, "alt_name:ur": null, "alt_name:zh-Hans": null, "name:ar": null, "name:etymology": null, "name:etymology:wikidata": null, "name:etymology:wikipedia": null, "name:hi": null, "name:pnb": null, "tourism": null, "wikidata": null, "wikimedia_commons": null, "wikipedia": null, "wikipedia:pnb": null, "name:ml": null, "area": null, "landuse": null, "operator:short": "CDA", "operator:type": "public", "operator:wikidata": "Q5035545", "created_by": null, "shop": null, "natural": null, "brand": null, "brand:ar": null, "brand:pnb": null, "brand:ps": null, "brand:ur": null, "brand:wikidata": null, "brand:wikipedia": null, "brand:wikipedia:ar": null, "brand:wikipedia:pnb": null, "brand:wikipedia:ps": null, "brand:wikipedia:ur": null, "surface": null, "type": null, "access": null, "barrier": null, "boundary": null, "operator:ur": null, "max_age": null, "min_age": null, "playground:theme": null }, "geometry": { "type": "Polygon", "coordinates": [ [ [ 73.0188621, 33.6834052 ], [ 73.0197977, 33.6838838 ], [ 73.0203116, 33.6831861 ], [ 73.02045, 33.6829981 ], [ 73.0201265, 33.6828236 ], [ 73.019523, 33.6824982 ], [ 73.0188621, 33.6834052 ] ] ] } },
{ "type": "Feature", "properties": { "element": "way", "id": 23131229, "is_in": "G-6, Islamabad", "leisure": "park", "name": "Argentina Park", "sport": null, "name:en": null, "name:ur": null, "addr:city": null, "addr:city:ar": null, "addr:city:en": null, "addr:city:ks": null, "addr:city:pnb": null, "addr:city:ps": null, "addr:city:sd": null, "addr:city:ur": null, "addr:street": null, "operator": null, "alt_name": null, "alt_name:ar": null, "alt_name:ur": null, "alt_name:zh-Hans": null, "name:ar": null, "name:etymology": null, "name:etymology:wikidata": null, "name:etymology:wikipedia": null, "name:hi": null, "name:pnb": null, "tourism": null, "wikidata": null, "wikimedia_commons": null, "wikipedia": null, "wikipedia:pnb": null, "name:ml": null, "area": null, "landuse": null, "operator:short": null, "operator:type": null, "operator:wikidata": null, "created_by": null, "shop": null, "natural": null, "brand": null, "brand:ar": null, "brand:pnb": null, "brand:ps": null, "brand:ur": null, "brand:wikidata": null, "brand:wikipedia": null, "brand:wikipedia:ar": null, "brand:wikipedia:pnb": null, "brand:wikipedia:ps": null, "brand:wikipedia:ur": null, "surface": null, "type": null, "access": null, "barrier": null, "boundary": null, "operator:ur": null, "max_age": null, "min_age": null, "playground:theme": null }, "geometry": { "type": "Polygon", "coordinates": [ [ [ 73.0840502, 33.718423 ], [ 73.0826577, 33.7202731 ], [ 73.0837157, 33.7208239 ], [ 73.0837395, 33.7208363 ], [ 73.0843987, 33.7199604 ], [ 73.0851318, 33.7189863 ], [ 73.0850364, 33.7189366 ], [ 73.0846995, 33.7187611 ], [ 73.0841486, 33.7184743 ], [ 73.0840502, 33.718423 ] ] ] } },
{ "type": "Feature", "properties": { "element": "way", "id": 23153120, "is_in": null, "leisure": "park", "name": null, "sport": null, "name:en": null, "name:ur": null, "addr:city": "اسلام آباد", "addr:city:ar": "إسلام آباد", "addr:city:en": null, "addr:city:ks": "اِسلام آبادٖ", "addr:city:pnb": "اسلام آباد", "addr:city:ps": "اسلام آباد", "addr:city:sd": "اسلام آباد", "addr:city:ur": "اسلام آباد", "addr:street": null, "operator": null, "alt_name": null, "alt_name:ar": null, "alt_name:ur": null, "alt_name:zh-Hans": null, "name:ar": null, "name:etymology": null, "name:etymology:wikidata": null, "name:etymology:wikipedia": null, "name:hi": null, "name:pnb": null, "tourism": null, "wikidata": null, "wikimedia_commons": null, "wikipedia": null, "wikipedia:pnb": null, "name:ml": null, "area": null, "landuse": null, "operator:short": null, "operator:type": null, "operator:wikidata": null, "created_by": null, "shop": null, "natural": null, "brand": null, "brand:ar": null, "brand:pnb": null, "brand:ps": null, "brand:ur": null, "brand:wikidata": null, "brand:wikipedia": null, "brand:wikipedia:ar": null, "brand:wikipedia:pnb": null, "brand:wikipedia:ps": null, "brand:wikipedia:ur": null, "surface": null, "type": null, "access": null, "barrier": null, "boundary": null, "operator:ur": null, "max_age": null, "min_age": null, "playground:theme": null }, "geometry": { "type": "Polygon", "coordinates": [ [ [ 73.015251, 33.689119 ], [ 73.0156887, 33.6885619 ], [ 73.0163324, 33.6889047 ], [ 73.0160597, 33.6892473 ], [ 73.0158775, 33.6894761 ], [ 73.015251, 33.689119 ] ] ] } },
{ "type": "Feature", "properties": { "element": "way", "id": 23366619, "is_in": null, "leisure": "park", "name": null, "sport": null, "name:en": null, "name:ur": null, "addr:city": null, "addr:city:ar": null, "addr:city:en": null, "addr:city:ks": null, "addr:city:pnb": null, "addr:city:ps": null, "addr:city:sd": null, "addr:city:ur": null, "addr:street": null, "operator": null, "alt_name": null, "alt_name:ar": null, "alt_name:ur": null, "alt_name:zh-Hans": null, "name:ar": null, "name:etymology": null, "name:etymology:wikidata": null, "name:etymology:wikipedia": null, "name:hi": null, "name:pnb": null, "tourism": null, "wikidata": null, "wikimedia_commons": null, "wikipedia": null, "wikipedia:pnb": null, "name:ml": null, "area": "yes", "landuse": null, "operator:short": null, "operator:type": null, "operator:wikidata": null, "created_by": null, "shop": null, "natural": null, "brand": null, "brand:ar": null, "brand:pnb": null, "brand:ps": null, "brand:ur": null, "brand:wikidata": null, "brand:wikipedia": null, "brand:wikipedia:ar": null, "brand:wikipedia:pnb": null, "brand:wikipedia:ps": null, "brand:wikipedia:ur": null, "surface": null, "type": null, "access": null, "barrier": null, "boundary": null, "operator:ur": null, "max_age": null, "min_age": null, "playground:theme": null }, "geometry": { "type": "Polygon", "coordinates": [ [ [ 73.0694206, 33.6755642 ], [ 73.0694164, 33.6755933 ], [ 73.069421, 33.6756266 ], [ 73.0694423, 33.6756579 ], [ 73.0732726, 33.6776844 ], [ 73.0733174, 33.6776995 ], [ 73.0733765, 33.6776992 ], [ 73.0734363, 33.6776897 ], [ 73.0734867, 33.6776719 ], [ 73.073536, 33.6776341 ], [ 73.0741008, 33.6768821 ], [ 73.074139, 33.6768184 ], [ 73.0741548, 33.6767681 ], [ 73.0741553, 33.6767233 ], [ 73.0741311, 33.676672 ], [ 73.0740856, 33.6766191 ], [ 73.0740306, 33.6765733 ], [ 73.0703515, 33.6747268 ], [ 73.0702771, 33.674709 ], [ 73.0702044, 33.6747022 ], [ 73.0701215, 33.6747135 ], [ 73.0700578, 33.6747474 ], [ 73.0694332, 33.6755412 ], [ 73.0694206, 33.6755642 ] ] ] } },
{ "type": "Feature", "properties": { "element": "way", "id": 23367754, "is_in": null, "leisure": "playground", "name": null, "sport": null, "name:en": null, "name:ur": null, "addr:city": null, "addr:city:ar": null, "addr:city:en": null, "addr:city:ks": null, "addr:city:pnb": null, "addr:city:ps": null, "addr:city:sd": null, "addr:city:ur": null, "addr:street": null, "operator": null, "alt_name": null, "alt_name:ar": null, "alt_name:ur": null, "alt_name:zh-Hans": null, "name:ar": null, "name:etymology": null, "name:etymology:wikidata": null, "name:etymology:wikipedia": null, "name:hi": null, "name:pnb": null, "tourism": null, "wikidata": null, "wikimedia_commons": null, "wikipedia": null, "wikipedia:pnb": null, "name:ml": null, "area": "yes", "landuse": null, "operator:short": null, "operator:type": null, "operator:wikidata": null, "created_by": "Potlatch 0.7b", "shop": null, "natural": null, "brand": null, "brand:ar": null, "brand:pnb": null, "brand:ps": null, "brand:ur": null, "brand:wikidata": null, "brand:wikipedia": null, "brand:wikipedia:ar": null, "brand:wikipedia:pnb": null, "brand:wikipedia:ps": null, "brand:wikipedia:ur": null, "surface": null, "type": null, "access": null, "barrier": null, "boundary": null, "operator:ur": null, "max_age": null, "min_age": null, "playground:theme": null }, "geometry": { "type": "Polygon", "coordinates": [ [ [ 73.0834713, 33.7118401 ], [ 73.0832224, 33.71219 ], [ 73.0839519, 33.7125827 ], [ 73.0842266, 33.7122542 ], [ 73.0834713, 33.7118401 ] ] ] } },
{ "type": "Feature", "properties": { "element": "way", "id": 23510246, "is_in": null, "leisure": "playground", "name": null, "sport": null, "name:en": null, "name:ur": null, "addr:city": null, "addr:city:ar": null, "addr:city:en": null, "addr:city:ks": null, "addr:city:pnb": null, "addr:city:ps": null, "addr:city:sd": null, "addr:city:ur": null, "addr:street": null, "operator": null, "alt_name": null, "alt_name:ar": null, "alt_name:ur": null, "alt_name:zh-Hans": null, "name:ar": null, "name:etymology": null, "name:etymology:wikidata": null, "name:etymology:wikipedia": null, "name:hi": null, "name:pnb": null, "tourism": null, "wikidata": null, "wikimedia_commons": null, "wikipedia": null, "wikipedia:pnb": null, "name:ml": null, "area": "yes", "landuse": null, "operator:short": null, "operator:type": null, "operator:wikidata": null, "created_by": "Potlatch 0.8", "shop": null, "natural": null, "brand": null, "brand:ar": null, "brand:pnb": null, "brand:ps": null, "brand:ur": null, "brand:wikidata": null, "brand:wikipedia": null, "brand:wikipedia:ar": null, "brand:wikipedia:pnb": null, "brand:wikipedia:ps": null, "brand:wikipedia:ur": null, "surface": null, "type": null, "access": null, "barrier": null, "boundary": null, "operator:ur": null, "max_age": null, "min_age": null, "playground:theme": null }, "geometry": { "type": "Polygon", "coordinates": [ [ [ 73.0474863, 33.6916467 ], [ 73.0483419, 33.6920899 ], [ 73.0491916, 33.6908616 ], [ 73.0482475, 33.6903831 ], [ 73.0474863, 33.6916467 ] ] ] } },
{ "type": "Feature", "properties": { "element": "way", "id": 23538699, "is_in": "G-9/2, Islamabad", "leisure": "playground", "name": null, "sport": null, "name:en": null, "name:ur": null, "addr:city": null, "addr:city:ar": null, "addr:city:en": null, "addr:city:ks": null, "addr:city:pnb": null, "addr:city:ps": null, "addr:city:sd": null, "addr:city:ur": null, "addr:street": null, "operator": null, "alt_name": null, "alt_name:ar": null, "alt_name:ur": null, "alt_name:zh-Hans": null, "name:ar": null, "name:etymology": null, "name:etymology:wikidata": null, "name:etymology:wikipedia": null, "name:hi": null, "name:pnb": null, "tourism": null, "wikidata": null, "wikimedia_commons": null, "wikipedia": null, "wikipedia:pnb": null, "name:ml": null, "area": "yes", "landuse": null, "operator:short": null, "operator:type": null, "operator:wikidata": null, "created_by": "Potlatch 0.8a", "shop": null, "natural": null, "brand": null, "brand:ar": null, "brand:pnb": null, "brand:ps": null, "brand:ur": null, "brand:wikidata": null, "brand:wikipedia": null, "brand:wikipedia:ar": null, "brand:wikipedia:pnb": null, "brand:wikipedia:ps": null, "brand:wikipedia:ur": null, "surface": null, "type": null, "access": null, "barrier": null, "boundary": null, "operator:ur": null, "max_age": null, "min_age": null, "playground:theme": null }, "geometry": { "type": "Polygon", "coordinates": [ [ [ 73.0254947, 33.6877022 ], [ 73.0262672, 33.6880879 ], [ 73.0269281, 33.687138 ], [ 73.0261728, 33.6867452 ], [ 73.0254947, 33.6877022 ] ] ] } },
{ "type": "Feature", "properties": { "element": "way", "id": 23552892, "is_in": null, "leisure": "park", "name": null, "sport": null, "name:en": null, "name:ur": null, "addr:city": null, "addr:city:ar": null, "addr:city:en": null, "addr:city:ks": null, "addr:city:pnb": null, "addr:city:ps": null, "addr:city:sd": null, "addr:city:ur": null, "addr:street": null, "operator": null, "alt_name": null, "alt_name:ar": null, "alt_name:ur": null, "alt_name:zh-Hans": null, "name:ar": null, "name:etymology": null, "name:etymology:wikidata": null, "name:etymology:wikipedia": null, "name:hi": null, "name:pnb": null, "tourism": null, "wikidata": null, "wikimedia_commons": null, "wikipedia": null, "wikipedia:pnb": null, "name:ml": null, "area": "yes", "landuse": null, "operator:short": null, "operator:type": null, "operator:wikidata": null, "created_by": null, "shop": null, "natural": null, "brand": null, "brand:ar": null, "brand:pnb": null, "brand:ps": null, "brand:ur": null, "brand:wikidata": null, "brand:wikipedia": null, "brand:wikipedia:ar": null, "brand:wikipedia:pnb": null, "brand:wikipedia:ps": null, "brand:wikipedia:ur": null, "surface": null, "type": null, "access": null, "barrier": null, "boundary": null, "operator:ur": null, "max_age": null, "min_age": null, "playground:theme": null }, "geometry": { "type": "Polygon", "coordinates": [ [ [ 73.0434234, 33.7007576 ], [ 73.0438697, 33.7009933 ], [ 73.0448139, 33.7015074 ], [ 73.045037, 33.7011718 ], [ 73.0436637, 33.7004363 ], [ 73.0434234, 33.7007576 ] ] ] } },
{ "type": "Feature", "properties": { "element": "way", "id": 23678679, "is_in": "G-10/2, Islamabad", "leisure": "park", "name": null, "sport": null, "name:en": null, "name:ur": null, "addr:city": null, "addr:city:ar": null, "addr:city:en": null, "addr:city:ks": null, "addr:city:pnb": null, "addr:city:ps": null, "addr:city:sd": null, "addr:city:ur": null, "addr:street": null, "operator": null, "alt_name": null, "alt_name:ar": null, "alt_name:ur": null, "alt_name:zh-Hans": null, "name:ar": null, "name:etymology": null, "name:etymology:wikidata": null, "name:etymology:wikipedia": null, "name:hi": null, "name:pnb": null, "tourism": null, "wikidata": null, "wikimedia_commons": null, "wikipedia": null, "wikipedia:pnb": null, "name:ml": null, "area": "yes", "landuse": null, "operator:short": null, "operator:type": null, "operator:wikidata": null, "created_by": "Potlatch 0.8a", "shop": null, "natural": null, "brand": null, "brand:ar": null, "brand:pnb": null, "brand:ps": null, "brand:ur": null, "brand:wikidata": null, "brand:wikipedia": null, "brand:wikipedia:ar": null, "brand:wikipedia:pnb": null, "brand:wikipedia:ps": null, "brand:wikipedia:ur": null, "surface": null, "type": null, "access": null, "barrier": null, "boundary": null, "operator:ur": null, "max_age": null, "min_age": null, "playground:theme": null }, "geometry": { "type": "Polygon", "coordinates": [ [ [ 73.0169941, 33.6826702 ], [ 73.0173289, 33.6828416 ], [ 73.0175606, 33.6825202 ], [ 73.0172344, 33.6823631 ], [ 73.0169941, 33.6826702 ] ] ] } },
{ "type": "Feature", "properties": { "element": "way", "id": 23760247, "is_in": "G-7/2, Islamabad", "leisure": "park", "name": null, "sport": null, "name:en": null, "name:ur": null, "addr:city": null, "addr:city:ar": null, "addr:city:en": null, "addr:city:ks": null, "addr:city:pnb": null, "addr:city:ps": null, "addr:city:sd": null, "addr:city:ur": null, "addr:street": null, "operator": null, "alt_name": null, "alt_name:ar": null, "alt_name:ur": null, "alt_name:zh-Hans": null, "name:ar": null, "name:etymology": null, "name:etymology:wikidata": null, "name:etymology:wikipedia": null, "name:hi": null, "name:pnb": null, "tourism": null, "wikidata": null, "wikimedia_commons": null, "wikipedia": null, "wikipedia:pnb": null, "name:ml": null, "area": "yes", "landuse": null, "operator:short": null, "operator:type": null, "operator:wikidata": null, "created_by": "Potlatch 0.8a", "shop": null, "natural": null, "brand": null, "brand:ar": null, "brand:pnb": null, "brand:ps": null, "brand:ur": null, "brand:wikidata": null, "brand:wikipedia": null, "brand:wikipedia:ar": null, "brand:wikipedia:pnb": null, "brand:wikipedia:ps": null, "brand:wikipedia:ur": null, "surface": null, "type": null, "access": null, "barrier": null, "boundary": null, "operator:ur": null, "max_age": null, "min_age": null, "playground:theme": null }, "geometry": { "type": "Polygon", "coordinates": [ [ [ 73.0661654, 33.708918 ], [ 73.0656933, 33.7086609 ], [ 73.0656247, 33.708768 ], [ 73.0655131, 33.708718 ], [ 73.0652899, 33.7090108 ], [ 73.0658736, 33.7093178 ], [ 73.0661654, 33.708918 ] ] ] } },
{ "type": "Feature", "properties": { "element": "way", "id": 27416241, "is_in": null, "leisure": null, "name": null, "sport": null, "name:en": null, "name:ur": null, "addr:city": null, "addr:city:ar": null, "addr:city:en": null, "addr:city:ks": null, "addr:city:pnb": null, "addr:city:ps": null, "addr:city:sd": null, "addr:city:ur": null, "addr:street": null, "operator": null, "alt_name": null, "alt_name:ar": null, "alt_name:ur": null, "alt_name:zh-Hans": null, "name:ar": null, "name:etymology": null, "name:etymology:wikidata": null, "name:etymology:wikipedia": null, "name:hi": null, "name:pnb": null, "tourism": null, "wikidata": null, "wikimedia_commons": null, "wikipedia": null, "wikipedia:pnb": null, "name:ml": null, "area": null, "landuse": "forest", "operator:short": null, "operator:type": null, "operator:wikidata": null, "created_by": null, "shop": null, "natural": null, "brand": null, "brand:ar": null, "brand:pnb": null, "brand:ps": null, "brand:ur": null, "brand:wikidata": null, "brand:wikipedia": null, "brand:wikipedia:ar": null, "brand:wikipedia:pnb": null, "brand:wikipedia:ps": null, "brand:wikipedia:ur": null, "surface": null, "type": null, "access": null, "barrier": null, "boundary": null, "operator:ur": null, "max_age": null, "min_age": null, "playground:theme": null }, "geometry": { "type": "Polygon", "coordinates": [ [ [ 73.0406213, 33.6994013 ], [ 73.0410201, 33.6984415 ], [ 73.0411981, 33.698321 ], [ 73.0414377, 33.6983313 ], [ 73.0426303, 33.6989868 ], [ 73.0427333, 33.6984513 ], [ 73.0433419, 33.6976338 ], [ 73.0426869, 33.6972671 ], [ 73.0430179, 33.6968451 ], [ 73.0432897, 33.6969945 ], [ 73.0438475, 33.6962368 ], [ 73.0433354, 33.6958765 ], [ 73.0431989, 33.6952782 ], [ 73.0435708, 33.6948943 ], [ 73.0436774, 33.6945237 ], [ 73.0435315, 33.6942881 ], [ 73.0437375, 33.6940024 ], [ 73.0441783, 33.6934646 ], [ 73.0449324, 33.693811 ], [ 73.0447662, 33.6932564 ], [ 73.044449, 33.6926077 ], [ 73.0439255, 33.6921435 ], [ 73.0431101, 33.6916579 ], [ 73.0424676, 33.6925011 ], [ 73.0422086, 33.6929942 ], [ 73.042759, 33.6932883 ], [ 73.0431195, 33.6936668 ], [ 73.0429908, 33.6940738 ], [ 73.0428191, 33.6945237 ], [ 73.0425874, 33.6949165 ], [ 73.0427075, 33.6952593 ], [ 73.0425616, 33.6955949 ], [ 73.0423471, 33.6959519 ], [ 73.04239, 33.6964304 ], [ 73.0419608, 33.6964518 ], [ 73.0412999, 33.696916 ], [ 73.0407678, 33.6969517 ], [ 73.0402871, 33.697273 ], [ 73.0407849, 33.6975587 ], [ 73.0412828, 33.6979871 ], [ 73.0408708, 33.6982513 ], [ 73.0403729, 33.6979529 ], [ 73.039523, 33.6991466 ], [ 73.0401102, 33.6994558 ], [ 73.0407614, 33.6997936 ], [ 73.0406213, 33.6994013 ] ] ] } },
{ "type": "Feature", "properties": { "element": "way", "id": 27416288, "is_in": null, "leisure": null, "name": null, "sport": null, "name:en": null, "name:ur": null, "addr:city": null, "addr:city:ar": null, "addr:city:en": null, "addr:city:ks": null, "addr:city:pnb": null, "addr:city:ps": null, "addr:city:sd": null, "addr:city:ur": null, "addr:street": null, "operator": null, "alt_name": null, "alt_name:ar": null, "alt_name:ur": null, "alt_name:zh-Hans": null, "name:ar": null, "name:etymology": null, "name:etymology:wikidata": null, "name:etymology:wikipedia": null, "name:hi": null, "name:pnb": null, "tourism": null, "wikidata": null, "wikimedia_commons": null, "wikipedia": null, "wikipedia:pnb": null, "name:ml": null, "area": null, "landuse": "forest", "operator:short": null, "operator:type": null, "operator:wikidata": null, "created_by": null, "shop": null, "natural": null, "brand": null, "brand:ar": null, "brand:pnb": null, "brand:ps": null, "brand:ur": null, "brand:wikidata": null, "brand:wikipedia": null, "brand:wikipedia:ar": null, "brand:wikipedia:pnb": null, "brand:wikipedia:ps": null, "brand:wikipedia:ur": null, "surface": null, "type": null, "access": null, "barrier": null, "boundary": null, "operator:ur": null, "max_age": null, "min_age": null, "playground:theme": null }, "geometry": { "type": "Polygon", "coordinates": [ [ [ 73.0517038, 33.6860289 ], [ 73.0500547, 33.6835113 ], [ 73.0599786, 33.6886725 ], [ 73.060852, 33.6891347 ], [ 73.0599616, 33.6908253 ], [ 73.055466, 33.6884401 ], [ 73.0517038, 33.6860289 ] ] ] } },
{ "type": "Feature", "properties": { "element": "way", "id": 51716665, "is_in": null, "leisure": "playground", "name": "11 Star Cricket Ground", "sport": null, "name:en": null, "name:ur": null, "addr:city": "اسلام آباد", "addr:city:ar": "إسلام آباد", "addr:city:en": "Islamabad", "addr:city:ks": "اِسلام آبادٖ", "addr:city:pnb": "اسلام آباد", "addr:city:ps": "اسلام آباد", "addr:city:sd": "اسلام آباد", "addr:city:ur": "اسلام آباد", "addr:street": "Jinnah Avenue", "operator": null, "alt_name": null, "alt_name:ar": null, "alt_name:ur": null, "alt_name:zh-Hans": null, "name:ar": null, "name:etymology": null, "name:etymology:wikidata": null, "name:etymology:wikipedia": null, "name:hi": null, "name:pnb": null, "tourism": null, "wikidata": null, "wikimedia_commons": null, "wikipedia": null, "wikipedia:pnb": null, "name:ml": null, "area": null, "landuse": null, "operator:short": null, "operator:type": null, "operator:wikidata": null, "created_by": null, "shop": null, "natural": null, "brand": null, "brand:ar": null, "brand:pnb": null, "brand:ps": null, "brand:ur": null, "brand:wikidata": null, "brand:wikipedia": null, "brand:wikipedia:ar": null, "brand:wikipedia:pnb": null, "brand:wikipedia:ps": null, "brand:wikipedia:ur": null, "surface": null, "type": null, "access": null, "barrier": null, "boundary": null, "operator:ur": null, "max_age": null, "min_age": null, "playground:theme": null }, "geometry": { "type": "Polygon", "coordinates": [ [ [ 73.0359727, 33.697868 ], [ 73.0361109, 33.6980036 ], [ 73.0361875, 33.6981507 ], [ 73.0362097, 33.6983557 ], [ 73.0361332, 33.6985718 ], [ 73.0360029, 33.6987171 ], [ 73.0358131, 33.6988262 ], [ 73.0356176, 33.6988746 ], [ 73.0354708, 33.6988789 ], [ 73.0352368, 33.69883 ], [ 73.0350792, 33.6987487 ], [ 73.0349709, 33.6986555 ], [ 73.0348991, 33.6985597 ], [ 73.0348488, 33.6984467 ], [ 73.0348272, 33.6982998 ], [ 73.0348507, 33.6981553 ], [ 73.0349033, 33.6980415 ], [ 73.034992, 33.697931 ], [ 73.035088, 33.6978535 ], [ 73.0352468, 33.6977745 ], [ 73.0354124, 33.6977348 ], [ 73.0355568, 33.6977286 ], [ 73.0357599, 33.6977635 ], [ 73.0359727, 33.697868 ] ] ] } },
{ "type": "Feature", "properties": { "element": "way", "id": 51972316, "is_in": null, "leisure": "pitch", "name": null, "sport": "cricket", "name:en": null, "name:ur": null, "addr:city": null, "addr:city:ar": null, "addr:city:en": null, "addr:city:ks": null, "addr:city:pnb": null, "addr:city:ps": null, "addr:city:sd": null, "addr:city:ur": null, "addr:street": null, "operator": null, "alt_name": null, "alt_name:ar": null, "alt_name:ur": null, "alt_name:zh-Hans": null, "name:ar": null, "name:etymology": null, "name:etymology:wikidata": null, "name:etymology:wikipedia": null, "name:hi": null, "name:pnb": null, "tourism": null, "wikidata": null, "wikimedia_commons": null, "wikipedia": null, "wikipedia:pnb": null, "name:ml": null, "area": null, "landuse": null, "operator:short": null, "operator:type": null, "operator:wikidata": null, "created_by": null, "shop": null, "natural": null, "brand": null, "brand:ar": null, "brand:pnb": null, "brand:ps": null, "brand:ur": null, "brand:wikidata": null, "brand:wikipedia": null, "brand:wikipedia:ar": null, "brand:wikipedia:pnb": null, "brand:wikipedia:ps": null, "brand:wikipedia:ur": null, "surface": null, "type": null, "access": null, "barrier": null, "boundary": null, "operator:ur": null, "max_age": null, "min_age": null, "playground:theme": null }, "geometry": { "type": "Polygon", "coordinates": [ [ [ 73.0197811, 33.6904045 ], [ 73.0196338, 33.6904315 ], [ 73.019483, 33.6904336 ], [ 73.0193346, 33.6904109 ], [ 73.0191947, 33.6903641 ], [ 73.0190686, 33.6902951 ], [ 73.0189615, 33.6902067 ], [ 73.0188777, 33.6901023 ], [ 73.0188203, 33.6899862 ], [ 73.0187918, 33.689863 ], [ 73.0187932, 33.6897375 ], [ 73.0188245, 33.6896147 ], [ 73.0188845, 33.6894995 ], [ 73.0189707, 33.6893965 ], [ 73.0191315, 33.6892791 ], [ 73.0193253, 33.6892037 ], [ 73.0195367, 33.6891765 ], [ 73.0197488, 33.6891996 ], [ 73.0199447, 33.6892712 ], [ 73.0201086, 33.6893856 ], [ 73.0202276, 33.6895335 ], [ 73.020292, 33.6897033 ], [ 73.0202968, 33.6898812 ], [ 73.0202415, 33.6900532 ], [ 73.0201306, 33.6902054 ], [ 73.019973, 33.6903257 ], [ 73.0197811, 33.6904045 ] ] ] } },
{ "type": "Feature", "properties": { "element": "way", "id": 158533820, "is_in": null, "leisure": "pitch", "name": "CDA Police Cricket Ground", "sport": "cricket", "name:en": null, "name:ur": null, "addr:city": null, "addr:city:ar": null, "addr:city:en": null, "addr:city:ks": null, "addr:city:pnb": null, "addr:city:ps": null, "addr:city:sd": null, "addr:city:ur": null, "addr:street": null, "operator": null, "alt_name": null, "alt_name:ar": null, "alt_name:ur": null, "alt_name:zh-Hans": null, "name:ar": null, "name:etymology": null, "name:etymology:wikidata": null, "name:etymology:wikipedia": null, "name:hi": null, "name:pnb": null, "tourism": null, "wikidata": null, "wikimedia_commons": null, "wikipedia": null, "wikipedia:pnb": null, "name:ml": null, "area": null, "landuse": null, "operator:short": null, "operator:type": null, "operator:wikidata": null, "created_by": null, "shop": null, "natural": null, "brand": null, "brand:ar": null, "brand:pnb": null, "brand:ps": null, "brand:ur": null, "brand:wikidata": null, "brand:wikipedia": null, "brand:wikipedia:ar": null, "brand:wikipedia:pnb": null, "brand:wikipedia:ps": null, "brand:wikipedia:ur": null, "surface": null, "type": null, "access": null, "barrier": null, "boundary": null, "operator:ur": null, "max_age": null, "min_age": null, "playground:theme": null }, "geometry": { "type": "Polygon", "coordinates": [ [ [ 73.0705813, 33.7041029 ], [ 73.0695406, 33.7036209 ], [ 73.0696586, 33.7034468 ], [ 73.0694762, 33.7030853 ], [ 73.0699483, 33.7024382 ], [ 73.0713216, 33.7031032 ], [ 73.0705813, 33.7041029 ] ] ] } },
{ "type": "Feature", "properties": { "element": "way", "id": 158536097, "is_in": null, "leisure": "pitch", "name": "CDA Football Ground", "sport": "soccer", "name:en": null, "name:ur": null, "addr:city": null, "addr:city:ar": null, "addr:city:en": null, "addr:city:ks": null, "addr:city:pnb": null, "addr:city:ps": null, "addr:city:sd": null, "addr:city:ur": null, "addr:street": null, "operator": null, "alt_name": null, "alt_name:ar": null, "alt_name:ur": null, "alt_name:zh-Hans": null, "name:ar": null, "name:etymology": null, "name:etymology:wikidata": null, "name:etymology:wikipedia": null, "name:hi": null, "name:pnb": null, "tourism": null, "wikidata": null, "wikimedia_commons": null, "wikipedia": null, "wikipedia:pnb": null, "name:ml": null, "area": null, "landuse": null, "operator:short": null, "operator:type": null, "operator:wikidata": null, "created_by": null, "shop": null, "natural": null, "brand": null, "brand:ar": null, "brand:pnb": null, "brand:ps": null, "brand:ur": null, "brand:wikidata": null, "brand:wikipedia": null, "brand:wikipedia:ar": null, "brand:wikipedia:pnb": null, "brand:wikipedia:ps": null, "brand:wikipedia:ur": null, "surface": null, "type": null, "access": null, "barrier": null, "boundary": null, "operator:ur": null, "max_age": null, "min_age": null, "playground:theme": null }, "geometry": { "type": "Polygon", "coordinates": [ [ [ 73.0749774, 33.7057719 ], [ 73.0760557, 33.706332 ], [ 73.0765545, 33.7057317 ], [ 73.0754307, 33.7051449 ], [ 73.0749774, 33.7057719 ] ] ] } },
{ "type": "Feature", "properties": { "element": "way", "id": 158581154, "is_in": null, "leisure": "park", "name": "PAF Golf Course", "sport": null, "name:en": null, "name:ur": null, "addr:city": null, "addr:city:ar": null, "addr:city:en": null, "addr:city:ks": null, "addr:city:pnb": null, "addr:city:ps": null, "addr:city:sd": null, "addr:city:ur": null, "addr:street": null, "operator": null, "alt_name": null, "alt_name:ar": null, "alt_name:ur": null, "alt_name:zh-Hans": null, "name:ar": null, "name:etymology": null, "name:etymology:wikidata": null, "name:etymology:wikipedia": null, "name:hi": null, "name:pnb": null, "tourism": null, "wikidata": null, "wikimedia_commons": null, "wikipedia": null, "wikipedia:pnb": null, "name:ml": null, "area": null, "landuse": null, "operator:short": null, "operator:type": null, "operator:wikidata": null, "created_by": null, "shop": null, "natural": null, "brand": null, "brand:ar": null, "brand:pnb": null, "brand:ps": null, "brand:ur": null, "brand:wikidata": null, "brand:wikipedia": null, "brand:wikipedia:ar": null, "brand:wikipedia:pnb": null, "brand:wikipedia:ps": null, "brand:wikipedia:ur": null, "surface": null, "type": null, "access": null, "barrier": null, "boundary": null, "operator:ur": null, "max_age": null, "min_age": null, "playground:theme": null }, "geometry": { "type": "Polygon", "coordinates": [ [ [ 73.0065531, 33.7202317 ], [ 73.0083609, 33.7206275 ], [ 73.0089896, 33.7192229 ], [ 73.0109224, 33.7197873 ], [ 73.0125773, 33.7202705 ], [ 73.0128992, 33.7195968 ], [ 73.0144763, 33.7200831 ], [ 73.0148518, 33.7191729 ], [ 73.0081678, 33.7171918 ], [ 73.0065531, 33.7202317 ] ] ] } },
{ "type": "Feature", "properties": { "element": "way", "id": 205505090, "is_in": null, "leisure": "park", "name": null, "sport": null, "name:en": null, "name:ur": null, "addr:city": null, "addr:city:ar": null, "addr:city:en": null, "addr:city:ks": null, "addr:city:pnb": null, "addr:city:ps": null, "addr:city:sd": null, "addr:city:ur": null, "addr:street": null, "operator": null, "alt_name": null, "alt_name:ar": null, "alt_name:ur": null, "alt_name:zh-Hans": null, "name:ar": null, "name:etymology": null, "name:etymology:wikidata": null, "name:etymology:wikipedia": null, "name:hi": null, "name:pnb": null, "tourism": null, "wikidata": null, "wikimedia_commons": null, "wikipedia": null, "wikipedia:pnb": null, "name:ml": null, "area": null, "landuse": null, "operator:short": null, "operator:type": null, "operator:wikidata": null, "created_by": null, "shop": null, "natural": null, "brand": null, "brand:ar": null, "brand:pnb": null, "brand:ps": null, "brand:ur": null, "brand:wikidata": null, "brand:wikipedia": null, "brand:wikipedia:ar": null, "brand:wikipedia:pnb": null, "brand:wikipedia:ps": null, "brand:wikipedia:ur": null, "surface": null, "type": null, "access": null, "barrier": null, "boundary": null, "operator:ur": null, "max_age": null, "min_age": null, "playground:theme": null }, "geometry": { "type": "Polygon", "coordinates": [ [ [ 73.0270475, 33.6899275 ], [ 73.0274981, 33.690164 ], [ 73.027702, 33.6898516 ], [ 73.0272782, 33.6896508 ], [ 73.0270475, 33.6899275 ] ] ] } },
{ "type": "Feature", "properties": { "element": "way", "id": 205505091, "is_in": null, "leisure": "park", "name": "Childrens Park", "sport": null, "name:en": null, "name:ur": null, "addr:city": "اسلام آباد", "addr:city:ar": "إسلام آباد", "addr:city:en": "Islamabad", "addr:city:ks": "اِسلام آبادٖ", "addr:city:pnb": "اسلام آباد", "addr:city:ps": "اسلام آباد", "addr:city:sd": "اسلام آباد", "addr:city:ur": "اسلام آباد", "addr:street": "Gali 1", "operator": null, "alt_name": null, "alt_name:ar": null, "alt_name:ur": null, "alt_name:zh-Hans": null, "name:ar": null, "name:etymology": null, "name:etymology:wikidata": null, "name:etymology:wikipedia": null, "name:hi": null, "name:pnb": null, "tourism": null, "wikidata": null, "wikimedia_commons": null, "wikipedia": null, "wikipedia:pnb": null, "name:ml": null, "area": null, "landuse": null, "operator:short": null, "operator:type": null, "operator:wikidata": null, "created_by": null, "shop": null, "natural": null, "brand": null, "brand:ar": null, "brand:pnb": null, "brand:ps": null, "brand:ur": null, "brand:wikidata": null, "brand:wikipedia": null, "brand:wikipedia:ar": null, "brand:wikipedia:pnb": null, "brand:wikipedia:ps": null, "brand:wikipedia:ur": null, "surface": null, "type": null, "access": null, "barrier": null, "boundary": null, "operator:ur": null, "max_age": null, "min_age": null, "playground:theme": null }, "geometry": { "type": "Polygon", "coordinates": [ [ [ 73.029846, 33.6941355 ], [ 73.0301249, 33.6937619 ], [ 73.0304937, 33.6939557 ], [ 73.0302258, 33.694328 ], [ 73.029846, 33.6941355 ] ] ] } },
{ "type": "Feature", "properties": { "element": "way", "id": 226312411, "is_in": null, "leisure": "park", "name": null, "sport": null, "name:en": null, "name:ur": null, "addr:city": null, "addr:city:ar": null, "addr:city:en": null, "addr:city:ks": null, "addr:city:pnb": null, "addr:city:ps": null, "addr:city:sd": null, "addr:city:ur": null, "addr:street": null, "operator": null, "alt_name": null, "alt_name:ar": null, "alt_name:ur": null, "alt_name:zh-Hans": null, "name:ar": null, "name:etymology": null, "name:etymology:wikidata": null, "name:etymology:wikipedia": null, "name:hi": null, "name:pnb": null, "tourism": null, "wikidata": null, "wikimedia_commons": null, "wikipedia": null, "wikipedia:pnb": null, "name:ml": null, "area": null, "landuse": null, "operator:short": null, "operator:type": null, "operator:wikidata": null, "created_by": null, "shop": null, "natural": null, "brand": null, "brand:ar": null, "brand:pnb": null, "brand:ps": null, "brand:ur": null, "brand:wikidata": null, "brand:wikipedia": null, "brand:wikipedia:ar": null, "brand:wikipedia:pnb": null, "brand:wikipedia:ps": null, "brand:wikipedia:ur": null, "surface": null, "type": null, "access": null, "barrier": null, "boundary": null, "operator:ur": null, "max_age": null, "min_age": null, "playground:theme": null }, "geometry": { "type": "Polygon", "coordinates": [ [ [ 73.0431998, 33.7219659 ], [ 73.0435634, 33.7221541 ], [ 73.0435822, 33.7222414 ], [ 73.0435499, 33.7223467 ], [ 73.0400461, 33.7270013 ], [ 73.0398818, 33.7270775 ], [ 73.0396071, 33.7271738 ], [ 73.0393351, 33.7272813 ], [ 73.0392516, 33.7273172 ], [ 73.0392354, 33.7272298 ], [ 73.0393082, 33.7271156 ], [ 73.0431998, 33.7219659 ] ] ] } },
{ "type": "Feature", "properties": { "element": "way", "id": 226312413, "is_in": null, "leisure": null, "name": null, "sport": null, "name:en": null, "name:ur": null, "addr:city": null, "addr:city:ar": null, "addr:city:en": null, "addr:city:ks": null, "addr:city:pnb": null, "addr:city:ps": null, "addr:city:sd": null, "addr:city:ur": null, "addr:street": null, "operator": null, "alt_name": null, "alt_name:ar": null, "alt_name:ur": null, "alt_name:zh-Hans": null, "name:ar": null, "name:etymology": null, "name:etymology:wikidata": null, "name:etymology:wikipedia": null, "name:hi": null, "name:pnb": null, "tourism": null, "wikidata": null, "wikimedia_commons": null, "wikipedia": null, "wikipedia:pnb": null, "name:ml": null, "area": null, "landuse": null, "operator:short": null, "operator:type": null, "operator:wikidata": null, "created_by": null, "shop": null, "natural": "scrub", "brand": null, "brand:ar": null, "brand:pnb": null, "brand:ps": null, "brand:ur": null, "brand:wikidata": null, "brand:wikipedia": null, "brand:wikipedia:ar": null, "brand:wikipedia:pnb": null, "brand:wikipedia:ps": null, "brand:wikipedia:ur": null, "surface": null, "type": null, "access": null, "barrier": null, "boundary": null, "operator:ur": null, "max_age": null, "min_age": null, "playground:theme": null }, "geometry": { "type": "Polygon", "coordinates": [ [ [ 73.0579507, 33.7126724 ], [ 73.0579656, 33.7126533 ], [ 73.0586743, 33.7117473 ], [ 73.0586867, 33.7117538 ], [ 73.0629178, 33.7139751 ], [ 73.062664, 33.7143862 ], [ 73.0624846, 33.7146001 ], [ 73.0621767, 33.7147437 ], [ 73.0618822, 33.714693 ], [ 73.0579507, 33.7126724 ] ] ] } },
{ "type": "Feature", "properties": { "element": "way", "id": 226312415, "is_in": null, "leisure": "park", "name": null, "sport": null, "name:en": null, "name:ur": null, "addr:city": null, "addr:city:ar": null, "addr:city:en": null, "addr:city:ks": null, "addr:city:pnb": null, "addr:city:ps": null, "addr:city:sd": null, "addr:city:ur": null, "addr:street": null, "operator": null, "alt_name": null, "alt_name:ar": null, "alt_name:ur": null, "alt_name:zh-Hans": null, "name:ar": null, "name:etymology": null, "name:etymology:wikidata": null, "name:etymology:wikipedia": null, "name:hi": null, "name:pnb": null, "tourism": null, "wikidata": null, "wikimedia_commons": null, "wikipedia": null, "wikipedia:pnb": null, "name:ml": null, "area": null, "landuse": null, "operator:short": null, "operator:type": null, "operator:wikidata": null, "created_by": null, "shop": null, "natural": null, "brand": null, "brand:ar": null, "brand:pnb": null, "brand:ps": null, "brand:ur": null, "brand:wikidata": null, "brand:wikipedia": null, "brand:wikipedia:ar": null, "brand:wikipedia:pnb": null, "brand:wikipedia:ps": null, "brand:wikipedia:ur": null, "surface": null, "type": null, "access": null, "barrier": null, "boundary": null, "operator:ur": null, "max_age": null, "min_age": null, "playground:theme": null }, "geometry": { "type": "Polygon", "coordinates": [ [ [ 73.0263341, 33.7136675 ], [ 73.0263909, 33.7135614 ], [ 73.0262683, 33.7134822 ], [ 73.0261686, 33.713399 ], [ 73.0261041, 33.7133184 ], [ 73.0260205, 33.7132037 ], [ 73.025912, 33.713059 ], [ 73.025842, 33.7129725 ], [ 73.0256499, 33.7128371 ], [ 73.0211359, 33.7104447 ], [ 73.0209207, 33.7107187 ], [ 73.0263341, 33.7136675 ] ] ] } },
{ "type": "Feature", "properties": { "element": "way", "id": 226312417, "is_in": null, "leisure": null, "name": null, "sport": null, "name:en": null, "name:ur": null, "addr:city": null, "addr:city:ar": null, "addr:city:en": null, "addr:city:ks": null, "addr:city:pnb": null, "addr:city:ps": null, "addr:city:sd": null, "addr:city:ur": null, "addr:street": null, "operator": null, "alt_name": null, "alt_name:ar": null, "alt_name:ur": null, "alt_name:zh-Hans": null, "name:ar": null, "name:etymology": null, "name:etymology:wikidata": null, "name:etymology:wikipedia": null, "name:hi": null, "name:pnb": null, "tourism": null, "wikidata": null, "wikimedia_commons": null, "wikipedia": null, "wikipedia:pnb": null, "name:ml": null, "area": null, "landuse": null, "operator:short": null, "operator:type": null, "operator:wikidata": null, "created_by": null, "shop": null, "natural": "scrub", "brand": null, "brand:ar": null, "brand:pnb": null, "brand:ps": null, "brand:ur": null, "brand:wikidata": null, "brand:wikipedia": null, "brand:wikipedia:ar": null, "brand:wikipedia:pnb": null, "brand:wikipedia:ps": null, "brand:wikipedia:ur": null, "surface": null, "type": null, "access": null, "barrier": null, "boundary": null, "operator:ur": null, "max_age": null, "min_age": null, "playground:theme": null }, "geometry": { "type": "Polygon", "coordinates": [ [ [ 73.069597, 33.7188274 ], [ 73.0698316, 33.7188033 ], [ 73.0699374, 33.7187388 ], [ 73.0701693, 33.7184257 ], [ 73.0704276, 33.7180402 ], [ 73.0700478, 33.71784 ], [ 73.069524, 33.7174709 ], [ 73.0659079, 33.7155301 ], [ 73.0651548, 33.7164616 ], [ 73.069597, 33.7188274 ] ] ] } },
{ "type": "Feature", "properties": { "element": "way", "id": 226312419, "is_in": null, "leisure": "park", "name": null, "sport": null, "name:en": null, "name:ur": null, "addr:city": null, "addr:city:ar": null, "addr:city:en": null, "addr:city:ks": null, "addr:city:pnb": null, "addr:city:ps": null, "addr:city:sd": null, "addr:city:ur": null, "addr:street": null, "operator": null, "alt_name": null, "alt_name:ar": null, "alt_name:ur": null, "alt_name:zh-Hans": null, "name:ar": null, "name:etymology": null, "name:etymology:wikidata": null, "name:etymology:wikipedia": null, "name:hi": null, "name:pnb": null, "tourism": null, "wikidata": null, "wikimedia_commons": null, "wikipedia": null, "wikipedia:pnb": null, "name:ml": null, "area": null, "landuse": null, "operator:short": null, "operator:type": null, "operator:wikidata": null, "created_by": null, "shop": null, "natural": null, "brand": null, "brand:ar": null, "brand:pnb": null, "brand:ps": null, "brand:ur": null, "brand:wikidata": null, "brand:wikipedia": null, "brand:wikipedia:ar": null, "brand:wikipedia:pnb": null, "brand:wikipedia:ps": null, "brand:wikipedia:ur": null, "surface": null, "type": null, "access": null, "barrier": null, "boundary": null, "operator:ur": null, "max_age": null, "min_age": null, "playground:theme": null }, "geometry": { "type": "Polygon", "coordinates": [ [ [ 73.0301674, 33.7155956 ], [ 73.0306664, 33.7155038 ], [ 73.0306169, 33.7153295 ], [ 73.0272766, 33.7135648 ], [ 73.02709, 33.7135839 ], [ 73.0268652, 33.7137739 ], [ 73.0267891, 33.7138595 ], [ 73.0301674, 33.7155956 ] ] ] } },
{ "type": "Feature", "properties": { "element": "way", "id": 226312420, "is_in": null, "leisure": "park", "name": null, "sport": null, "name:en": null, "name:ur": null, "addr:city": null, "addr:city:ar": null, "addr:city:en": null, "addr:city:ks": null, "addr:city:pnb": null, "addr:city:ps": null, "addr:city:sd": null, "addr:city:ur": null, "addr:street": null, "operator": null, "alt_name": null, "alt_name:ar": null, "alt_name:ur": null, "alt_name:zh-Hans": null, "name:ar": null, "name:etymology": null, "name:etymology:wikidata": null, "name:etymology:wikipedia": null, "name:hi": null, "name:pnb": null, "tourism": null, "wikidata": null, "wikimedia_commons": null, "wikipedia": null, "wikipedia:pnb": null, "name:ml": null, "area": null, "landuse": null, "operator:short": null, "operator:type": null, "operator:wikidata": null, "created_by": null, "shop": null, "natural": null, "brand": null, "brand:ar": null, "brand:pnb": null, "brand:ps": null, "brand:ur": null, "brand:wikidata": null, "brand:wikipedia": null, "brand:wikipedia:ar": null, "brand:wikipedia:pnb": null, "brand:wikipedia:ps": null, "brand:wikipedia:ur": null, "surface": null, "type": null, "access": null, "barrier": null, "boundary": null, "operator:ur": null, "max_age": null, "min_age": null, "playground:theme": null }, "geometry": { "type": "Polygon", "coordinates": [ [ [ 73.0427635, 33.7222885 ], [ 73.0430786, 33.7218875 ], [ 73.0371994, 33.7187917 ], [ 73.0370055, 33.7187514 ], [ 73.0367604, 33.7187492 ], [ 73.0365907, 33.7187962 ], [ 73.0365207, 33.7188813 ], [ 73.0364615, 33.7189552 ], [ 73.0427635, 33.7222885 ] ] ] } },
{ "type": "Feature", "properties": { "element": "way", "id": 226312424, "is_in": null, "leisure": null, "name": null, "sport": null, "name:en": null, "name:ur": null, "addr:city": null, "addr:city:ar": null, "addr:city:en": null, "addr:city:ks": null, "addr:city:pnb": null, "addr:city:ps": null, "addr:city:sd": null, "addr:city:ur": null, "addr:street": null, "operator": null, "alt_name": null, "alt_name:ar": null, "alt_name:ur": null, "alt_name:zh-Hans": null, "name:ar": null, "name:etymology": null, "name:etymology:wikidata": null, "name:etymology:wikipedia": null, "name:hi": null, "name:pnb": null, "tourism": null, "wikidata": null, "wikimedia_commons": null, "wikipedia": null, "wikipedia:pnb": null, "name:ml": null, "area": null, "landuse": null, "operator:short": null, "operator:type": null, "operator:wikidata": null, "created_by": null, "shop": null, "natural": "scrub", "brand": null, "brand:ar": null, "brand:pnb": null, "brand:ps": null, "brand:ur": null, "brand:wikidata": null, "brand:wikipedia": null, "brand:wikipedia:ar": null, "brand:wikipedia:pnb": null, "brand:wikipedia:ps": null, "brand:wikipedia:ur": null, "surface": null, "type": null, "access": null, "barrier": null, "boundary": null, "operator:ur": null, "max_age": null, "min_age": null, "playground:theme": null }, "geometry": { "type": "Polygon", "coordinates": [ [ [ 73.0533193, 33.7102487 ], [ 73.0565986, 33.7119405 ], [ 73.0571617, 33.7112172 ], [ 73.0573261, 33.7110059 ], [ 73.0546561, 33.7095358 ], [ 73.0543895, 33.7094534 ], [ 73.0541534, 33.7094312 ], [ 73.0539782, 33.7094819 ], [ 73.0538106, 33.7095992 ], [ 73.0533193, 33.7102487 ] ] ] } },
{ "type": "Feature", "properties": { "element": "way", "id": 226312426, "is_in": null, "leisure": null, "name": null, "sport": null, "name:en": null, "name:ur": null, "addr:city": null, "addr:city:ar": null, "addr:city:en": null, "addr:city:ks": null, "addr:city:pnb": null, "addr:city:ps": null, "addr:city:sd": null, "addr:city:ur": null, "addr:street": null, "operator": null, "alt_name": null, "alt_name:ar": null, "alt_name:ur": null, "alt_name:zh-Hans": null, "name:ar": null, "name:etymology": null, "name:etymology:wikidata": null, "name:etymology:wikipedia": null, "name:hi": null, "name:pnb": null, "tourism": null, "wikidata": null, "wikimedia_commons": null, "wikipedia": null, "wikipedia:pnb": null, "name:ml": null, "area": null, "landuse": "forest", "operator:short": null, "operator:type": null, "operator:wikidata": null, "created_by": null, "shop": null, "natural": null, "brand": null, "brand:ar": null, "brand:pnb": null, "brand:ps": null, "brand:ur": null, "brand:wikidata": null, "brand:wikipedia": null, "brand:wikipedia:ar": null, "brand:wikipedia:pnb": null, "brand:wikipedia:ps": null, "brand:wikipedia:ur": null, "surface": null, "type": null, "access": null, "barrier": null, "boundary": null, "operator:ur": null, "max_age": null, "min_age": null, "playground:theme": null }, "geometry": { "type": "Polygon", "coordinates": [ [ [ 73.0205629, 33.7106741 ], [ 73.0207405, 33.7104623 ], [ 73.02082, 33.7103131 ], [ 73.0208297, 33.7102535 ], [ 73.020805, 33.7102016 ], [ 73.0196899, 33.709633 ], [ 73.0196489, 33.7096004 ], [ 73.0196198, 33.7095233 ], [ 73.0196184, 33.7094468 ], [ 73.0191807, 33.7092178 ], [ 73.017366, 33.7082688 ], [ 73.0140796, 33.7065597 ], [ 73.0138086, 33.7064085 ], [ 73.0135406, 33.7063532 ], [ 73.0134622, 33.7063576 ], [ 73.0132811, 33.70639 ], [ 73.0132358, 33.7064032 ], [ 73.0129882, 33.7066672 ], [ 73.0166174, 33.7085896 ], [ 73.0186755, 33.7096763 ], [ 73.0193478, 33.7100318 ], [ 73.0197263, 33.7102319 ], [ 73.0205629, 33.7106741 ] ] ] } },
{ "type": "Feature", "properties": { "element": "way", "id": 226312428, "is_in": null, "leisure": "park", "name": null, "sport": null, "name:en": null, "name:ur": null, "addr:city": null, "addr:city:ar": null, "addr:city:en": null, "addr:city:ks": null, "addr:city:pnb": null, "addr:city:ps": null, "addr:city:sd": null, "addr:city:ur": null, "addr:street": null, "operator": null, "alt_name": null, "alt_name:ar": null, "alt_name:ur": null, "alt_name:zh-Hans": null, "name:ar": null, "name:etymology": null, "name:etymology:wikidata": null, "name:etymology:wikipedia": null, "name:hi": null, "name:pnb": null, "tourism": null, "wikidata": null, "wikimedia_commons": null, "wikipedia": null, "wikipedia:pnb": null, "name:ml": null, "area": null, "landuse": null, "operator:short": null, "operator:type": null, "operator:wikidata": null, "created_by": null, "shop": null, "natural": null, "brand": null, "brand:ar": null, "brand:pnb": null, "brand:ps": null, "brand:ur": null, "brand:wikidata": null, "brand:wikipedia": null, "brand:wikipedia:ar": null, "brand:wikipedia:pnb": null, "brand:wikipedia:ps": null, "brand:wikipedia:ur": null, "surface": null, "type": null, "access": null, "barrier": null, "boundary": null, "operator:ur": null, "max_age": null, "min_age": null, "playground:theme": null }, "geometry": { "type": "Polygon", "coordinates": [ [ [ 73.0361167, 33.7187795 ], [ 73.0363757, 33.7184849 ], [ 73.0363899, 33.7183908 ], [ 73.0362233, 33.7182853 ], [ 73.0311348, 33.7156083 ], [ 73.0309711, 33.715602 ], [ 73.0307997, 33.7155988 ], [ 73.0304607, 33.7156495 ], [ 73.0303083, 33.7156748 ], [ 73.0361167, 33.7187795 ] ] ] } },
{ "type": "Feature", "properties": { "element": "way", "id": 226312431, "is_in": null, "leisure": "park", "name": "مدینہ پارک", "sport": null, "name:en": "Madina Park", "name:ur": "مدینہ پارک", "addr:city": null, "addr:city:ar": null, "addr:city:en": null, "addr:city:ks": null, "addr:city:pnb": null, "addr:city:ps": null, "addr:city:sd": null, "addr:city:ur": null, "addr:street": null, "operator": null, "alt_name": null, "alt_name:ar": null, "alt_name:ur": null, "alt_name:zh-Hans": null, "name:ar": null, "name:etymology": null, "name:etymology:wikidata": null, "name:etymology:wikipedia": null, "name:hi": null, "name:pnb": null, "tourism": null, "wikidata": null, "wikimedia_commons": null, "wikipedia": null, "wikipedia:pnb": null, "name:ml": null, "area": null, "landuse": null, "operator:short": null, "operator:type": null, "operator:wikidata": null, "created_by": null, "shop": null, "natural": null, "brand": null, "brand:ar": null, "brand:pnb": null, "brand:ps": null, "brand:ur": null, "brand:wikidata": null, "brand:wikipedia": null, "brand:wikipedia:ar": null, "brand:wikipedia:pnb": null, "brand:wikipedia:ps": null, "brand:wikipedia:ur": null, "surface": null, "type": null, "access": null, "barrier": null, "boundary": null, "operator:ur": null, "max_age": null, "min_age": null, "playground:theme": null }, "geometry": { "type": "Polygon", "coordinates": [ [ [ 73.0306735, 33.7136843 ], [ 73.0314081, 33.7126717 ], [ 73.0336029, 33.7138215 ], [ 73.0329059, 33.7147783 ], [ 73.0306735, 33.7136843 ] ] ] } },
{ "type": "Feature", "properties": { "element": "way", "id": 262892313, "is_in": null, "leisure": null, "name": null, "sport": null, "name:en": null, "name:ur": null, "addr:city": null, "addr:city:ar": null, "addr:city:en": null, "addr:city:ks": null, "addr:city:pnb": null, "addr:city:ps": null, "addr:city:sd": null, "addr:city:ur": null, "addr:street": null, "operator": null, "alt_name": null, "alt_name:ar": null, "alt_name:ur": null, "alt_name:zh-Hans": null, "name:ar": null, "name:etymology": null, "name:etymology:wikidata": null, "name:etymology:wikipedia": null, "name:hi": null, "name:pnb": null, "tourism": null, "wikidata": null, "wikimedia_commons": null, "wikipedia": null, "wikipedia:pnb": null, "name:ml": null, "area": null, "landuse": "grass", "operator:short": null, "operator:type": null, "operator:wikidata": null, "created_by": null, "shop": null, "natural": null, "brand": null, "brand:ar": null, "brand:pnb": null, "brand:ps": null, "brand:ur": null, "brand:wikidata": null, "brand:wikipedia": null, "brand:wikipedia:ar": null, "brand:wikipedia:pnb": null, "brand:wikipedia:ps": null, "brand:wikipedia:ur": null, "surface": null, "type": null, "access": null, "barrier": null, "boundary": null, "operator:ur": null, "max_age": null, "min_age": null, "playground:theme": null }, "geometry": { "type": "Polygon", "coordinates": [ [ [ 73.0292923, 33.7093724 ], [ 73.0294692, 33.7094524 ], [ 73.0296884, 33.7094108 ], [ 73.0306115, 33.708211 ], [ 73.0309923, 33.7079358 ], [ 73.031611, 33.7070896 ], [ 73.0311277, 33.7068506 ], [ 73.0299461, 33.7083709 ], [ 73.0298115, 33.7086493 ], [ 73.0292923, 33.7093724 ] ] ] } },
{ "type": "Feature", "properties": { "element": "way", "id": 270122793, "is_in": null, "leisure": null, "name": null, "sport": null, "name:en": null, "name:ur": null, "addr:city": null, "addr:city:ar": null, "addr:city:en": null, "addr:city:ks": null, "addr:city:pnb": null, "addr:city:ps": null, "addr:city:sd": null, "addr:city:ur": null, "addr:street": null, "operator": null, "alt_name": null, "alt_name:ar": null, "alt_name:ur": null, "alt_name:zh-Hans": null, "name:ar": null, "name:etymology": null, "name:etymology:wikidata": null, "name:etymology:wikipedia": null, "name:hi": null, "name:pnb": null, "tourism": null, "wikidata": null, "wikimedia_commons": null, "wikipedia": null, "wikipedia:pnb": null, "name:ml": null, "area": null, "landuse": "grass", "operator:short": null, "operator:type": null, "operator:wikidata": null, "created_by": null, "shop": null, "natural": null, "brand": null, "brand:ar": null, "brand:pnb": null, "brand:ps": null, "brand:ur": null, "brand:wikidata": null, "brand:wikipedia": null, "brand:wikipedia:ar": null, "brand:wikipedia:pnb": null, "brand:wikipedia:ps": null, "brand:wikipedia:ur": null, "surface": null, "type": null, "access": null, "barrier": null, "boundary": null, "operator:ur": null, "max_age": null, "min_age": null, "playground:theme": null }, "geometry": { "type": "Polygon", "coordinates": [ [ [ 73.0404568, 33.7275957 ], [ 73.0400448, 33.7275117 ], [ 73.0402305, 33.7272815 ], [ 73.0402972, 33.7274494 ], [ 73.0404568, 33.7275957 ] ] ] } },
{ "type": "Feature", "properties": { "element": "way", "id": 270122794, "is_in": null, "leisure": null, "name": null, "sport": null, "name:en": null, "name:ur": null, "addr:city": null, "addr:city:ar": null, "addr:city:en": null, "addr:city:ks": null, "addr:city:pnb": null, "addr:city:ps": null, "addr:city:sd": null, "addr:city:ur": null, "addr:street": null, "operator": null, "alt_name": null, "alt_name:ar": null, "alt_name:ur": null, "alt_name:zh-Hans": null, "name:ar": null, "name:etymology": null, "name:etymology:wikidata": null, "name:etymology:wikipedia": null, "name:hi": null, "name:pnb": null, "tourism": null, "wikidata": null, "wikimedia_commons": null, "wikipedia": null, "wikipedia:pnb": null, "name:ml": null, "area": null, "landuse": "grass", "operator:short": null, "operator:type": null, "operator:wikidata": null, "created_by": null, "shop": null, "natural": null, "brand": null, "brand:ar": null, "brand:pnb": null, "brand:ps": null, "brand:ur": null, "brand:wikidata": null, "brand:wikipedia": null, "brand:wikipedia:ar": null, "brand:wikipedia:pnb": null, "brand:wikipedia:ps": null, "brand:wikipedia:ur": null, "surface": null, "type": null, "access": null, "barrier": null, "boundary": null, "operator:ur": null, "max_age": null, "min_age": null, "playground:theme": null }, "geometry": { "type": "Polygon", "coordinates": [ [ [ 73.0397487, 33.7274537 ], [ 73.0393498, 33.7273806 ], [ 73.0396917, 33.7272628 ], [ 73.0400109, 33.7271151 ], [ 73.0397487, 33.7274537 ] ] ] } },
{ "type": "Feature", "properties": { "element": "way", "id": 270122795, "is_in": null, "leisure": null, "name": null, "sport": null, "name:en": null, "name:ur": null, "addr:city": null, "addr:city:ar": null, "addr:city:en": null, "addr:city:ks": null, "addr:city:pnb": null, "addr:city:ps": null, "addr:city:sd": null, "addr:city:ur": null, "addr:street": null, "operator": null, "alt_name": null, "alt_name:ar": null, "alt_name:ur": null, "alt_name:zh-Hans": null, "name:ar": null, "name:etymology": null, "name:etymology:wikidata": null, "name:etymology:wikipedia": null, "name:hi": null, "name:pnb": null, "tourism": null, "wikidata": null, "wikimedia_commons": null, "wikipedia": null, "wikipedia:pnb": null, "name:ml": null, "area": null, "landuse": "grass", "operator:short": null, "operator:type": null, "operator:wikidata": null, "created_by": null, "shop": null, "natural": null, "brand": null, "brand:ar": null, "brand:pnb": null, "brand:ps": null, "brand:ur": null, "brand:wikidata": null, "brand:wikipedia": null, "brand:wikipedia:ar": null, "brand:wikipedia:pnb": null, "brand:wikipedia:ps": null, "brand:wikipedia:ur": null, "surface": null, "type": null, "access": null, "barrier": null, "boundary": null, "operator:ur": null, "max_age": null, "min_age": null, "playground:theme": null }, "geometry": { "type": "Polygon", "coordinates": [ [ [ 73.0390811, 33.727512 ], [ 73.0395175, 33.7276108 ], [ 73.039581, 33.7275729 ], [ 73.0395712, 33.7275025 ], [ 73.038814, 33.727344 ], [ 73.0370928, 33.7269992 ], [ 73.0369935, 33.727055 ], [ 73.0370123, 33.7271621 ], [ 73.0371196, 33.7272067 ], [ 73.0389086, 33.7275391 ], [ 73.0390811, 33.727512 ] ] ] } },
{ "type": "Feature", "properties": { "element": "way", "id": 270122796, "is_in": null, "leisure": null, "name": null, "sport": null, "name:en": null, "name:ur": null, "addr:city": null, "addr:city:ar": null, "addr:city:en": null, "addr:city:ks": null, "addr:city:pnb": null, "addr:city:ps": null, "addr:city:sd": null, "addr:city:ur": null, "addr:street": null, "operator": null, "alt_name": null, "alt_name:ar": null, "alt_name:ur": null, "alt_name:zh-Hans": null, "name:ar": null, "name:etymology": null, "name:etymology:wikidata": null, "name:etymology:wikipedia": null, "name:hi": null, "name:pnb": null, "tourism": null, "wikidata": null, "wikimedia_commons": null, "wikipedia": null, "wikipedia:pnb": null, "name:ml": null, "area": null, "landuse": "grass", "operator:short": null, "operator:type": null, "operator:wikidata": null, "created_by": null, "shop": null, "natural": null, "brand": null, "brand:ar": null, "brand:pnb": null, "brand:ps": null, "brand:ur": null, "brand:wikidata": null, "brand:wikipedia": null, "brand:wikipedia:ar": null, "brand:wikipedia:pnb": null, "brand:wikipedia:ps": null, "brand:wikipedia:ur": null, "surface": null, "type": null, "access": null, "barrier": null, "boundary": null, "operator:ur": null, "max_age": null, "min_age": null, "playground:theme": null }, "geometry": { "type": "Polygon", "coordinates": [ [ [ 73.0410612, 33.727794 ], [ 73.0411202, 33.7278988 ], [ 73.0410263, 33.7279769 ], [ 73.0403547, 33.7278535 ], [ 73.0400553, 33.7277203 ], [ 73.0399883, 33.7276244 ], [ 73.0400419, 33.7275887 ], [ 73.0402377, 33.72762 ], [ 73.0410612, 33.727794 ] ] ] } },
{ "type": "Feature", "properties": { "element": "way", "id": 270275307, "is_in": null, "leisure": null, "name": "National Industrial Exhibition Site", "sport": null, "name:en": null, "name:ur": null, "addr:city": null, "addr:city:ar": null, "addr:city:en": null, "addr:city:ks": null, "addr:city:pnb": null, "addr:city:ps": null, "addr:city:sd": null, "addr:city:ur": null, "addr:street": null, "operator": null, "alt_name": null, "alt_name:ar": null, "alt_name:ur": null, "alt_name:zh-Hans": null, "name:ar": null, "name:etymology": null, "name:etymology:wikidata": null, "name:etymology:wikipedia": null, "name:hi": null, "name:pnb": null, "tourism": null, "wikidata": null, "wikimedia_commons": null, "wikipedia": null, "wikipedia:pnb": null, "name:ml": null, "area": null, "landuse": "recreation_ground", "operator:short": null, "operator:type": null, "operator:wikidata": null, "created_by": null, "shop": null, "natural": null, "brand": null, "brand:ar": null, "brand:pnb": null, "brand:ps": null, "brand:ur": null, "brand:wikidata": null, "brand:wikipedia": null, "brand:wikipedia:ar": null, "brand:wikipedia:pnb": null, "brand:wikipedia:ps": null, "brand:wikipedia:ur": null, "surface": null, "type": null, "access": null, "barrier": null, "boundary": null, "operator:ur": null, "max_age": null, "min_age": null, "playground:theme": null }, "geometry": { "type": "Polygon", "coordinates": [ [ [ 73.0812873, 33.6755721 ], [ 73.0807405, 33.6763197 ], [ 73.0810433, 33.6763855 ], [ 73.0813512, 33.6764176 ], [ 73.0816718, 33.6764235 ], [ 73.0819853, 33.6763784 ], [ 73.0823835, 33.6762832 ], [ 73.0830182, 33.6759991 ], [ 73.0838095, 33.6761832 ], [ 73.0848057, 33.6764284 ], [ 73.086378, 33.674342 ], [ 73.0869525, 33.6745476 ], [ 73.087462, 33.6747287 ], [ 73.0878221, 33.6745445 ], [ 73.0878825, 33.6743694 ], [ 73.0881411, 33.674016 ], [ 73.0888676, 33.673049 ], [ 73.0887572, 33.6728065 ], [ 73.0880192, 33.6721503 ], [ 73.0882796, 33.6718138 ], [ 73.0870646, 33.6707632 ], [ 73.0871333, 33.6707116 ], [ 73.0870397, 33.6706278 ], [ 73.0869918, 33.6704684 ], [ 73.0868745, 33.6702237 ], [ 73.0871806, 33.6700339 ], [ 73.0868029, 33.66958 ], [ 73.0868529, 33.6693899 ], [ 73.0863542, 33.6688521 ], [ 73.0812873, 33.6755721 ] ] ] } },
{ "type": "Feature", "properties": { "element": "way", "id": 320392988, "is_in": null, "leisure": "pitch", "name": null, "sport": "tennis", "name:en": null, "name:ur": null, "addr:city": null, "addr:city:ar": null, "addr:city:en": null, "addr:city:ks": null, "addr:city:pnb": null, "addr:city:ps": null, "addr:city:sd": null, "addr:city:ur": null, "addr:street": null, "operator": null, "alt_name": null, "alt_name:ar": null, "alt_name:ur": null, "alt_name:zh-Hans": null, "name:ar": null, "name:etymology": null, "name:etymology:wikidata": null, "name:etymology:wikipedia": null, "name:hi": null, "name:pnb": null, "tourism": null, "wikidata": null, "wikimedia_commons": null, "wikipedia": null, "wikipedia:pnb": null, "name:ml": null, "area": null, "landuse": null, "operator:short": null, "operator:type": null, "operator:wikidata": null, "created_by": null, "shop": null, "natural": null, "brand": null, "brand:ar": null, "brand:pnb": null, "brand:ps": null, "brand:ur": null, "brand:wikidata": null, "brand:wikipedia": null, "brand:wikipedia:ar": null, "brand:wikipedia:pnb": null, "brand:wikipedia:ps": null, "brand:wikipedia:ur": null, "surface": null, "type": null, "access": null, "barrier": null, "boundary": null, "operator:ur": null, "max_age": null, "min_age": null, "playground:theme": null }, "geometry": { "type": "Polygon", "coordinates": [ [ [ 73.0247319, 33.7046622 ], [ 73.024749, 33.7048376 ], [ 73.0247569, 33.705035 ], [ 73.0245194, 33.705046 ], [ 73.0244944, 33.7046732 ], [ 73.0247319, 33.7046622 ] ] ] } },
{ "type": "Feature", "properties": { "element": "way", "id": 320392989, "is_in": null, "leisure": "pitch", "name": null, "sport": "tennis", "name:en": null, "name:ur": null, "addr:city": null, "addr:city:ar": null, "addr:city:en": null, "addr:city:ks": null, "addr:city:pnb": null, "addr:city:ps": null, "addr:city:sd": null, "addr:city:ur": null, "addr:street": null, "operator": null, "alt_name": null, "alt_name:ar": null, "alt_name:ur": null, "alt_name:zh-Hans": null, "name:ar": null, "name:etymology": null, "name:etymology:wikidata": null, "name:etymology:wikipedia": null, "name:hi": null, "name:pnb": null, "tourism": null, "wikidata": null, "wikimedia_commons": null, "wikipedia": null, "wikipedia:pnb": null, "name:ml": null, "area": null, "landuse": null, "operator:short": null, "operator:type": null, "operator:wikidata": null, "created_by": null, "shop": null, "natural": null, "brand": null, "brand:ar": null, "brand:pnb": null, "brand:ps": null, "brand:ur": null, "brand:wikidata": null, "brand:wikipedia": null, "brand:wikipedia:ar": null, "brand:wikipedia:pnb": null, "brand:wikipedia:ps": null, "brand:wikipedia:ur": null, "surface": null, "type": null, "access": null, "barrier": null, "boundary": null, "operator:ur": null, "max_age": null, "min_age": null, "playground:theme": null }, "geometry": { "type": "Polygon", "coordinates": [ [ [ 73.0248121, 33.7050453 ], [ 73.0250487, 33.7050349 ], [ 73.0250256, 33.7046724 ], [ 73.024789, 33.7046829 ], [ 73.0247987, 33.7048342 ], [ 73.0248121, 33.7050453 ] ] ] } },
{ "type": "Feature", "properties": { "element": "way", "id": 320392990, "is_in": null, "leisure": "pitch", "name": null, "sport": "tennis", "name:en": null, "name:ur": null, "addr:city": null, "addr:city:ar": null, "addr:city:en": null, "addr:city:ks": null, "addr:city:pnb": null, "addr:city:ps": null, "addr:city:sd": null, "addr:city:ur": null, "addr:street": null, "operator": null, "alt_name": null, "alt_name:ar": null, "alt_name:ur": null, "alt_name:zh-Hans": null, "name:ar": null, "name:etymology": null, "name:etymology:wikidata": null, "name:etymology:wikipedia": null, "name:hi": null, "name:pnb": null, "tourism": null, "wikidata": null, "wikimedia_commons": null, "wikipedia": null, "wikipedia:pnb": null, "name:ml": null, "area": null, "landuse": null, "operator:short": null, "operator:type": null, "operator:wikidata": null, "created_by": null, "shop": null, "natural": null, "brand": null, "brand:ar": null, "brand:pnb": null, "brand:ps": null, "brand:ur": null, "brand:wikidata": null, "brand:wikipedia": null, "brand:wikipedia:ar": null, "brand:wikipedia:pnb": null, "brand:wikipedia:ps": null, "brand:wikipedia:ur": null, "surface": null, "type": null, "access": null, "barrier": null, "boundary": null, "operator:ur": null, "max_age": null, "min_age": null, "playground:theme": null }, "geometry": { "type": "Polygon", "coordinates": [ [ [ 73.0254813, 33.7050062 ], [ 73.0252453, 33.7050167 ], [ 73.0252231, 33.704671 ], [ 73.0254591, 33.7046605 ], [ 73.0254688, 33.7048126 ], [ 73.0254813, 33.7050062 ] ] ] } },
{ "type": "Feature", "properties": { "element": "way", "id": 320392991, "is_in": null, "leisure": "pitch", "name": null, "sport": "tennis", "name:en": null, "name:ur": null, "addr:city": null, "addr:city:ar": null, "addr:city:en": null, "addr:city:ks": null, "addr:city:pnb": null, "addr:city:ps": null, "addr:city:sd": null, "addr:city:ur": null, "addr:street": null, "operator": null, "alt_name": null, "alt_name:ar": null, "alt_name:ur": null, "alt_name:zh-Hans": null, "name:ar": null, "name:etymology": null, "name:etymology:wikidata": null, "name:etymology:wikipedia": null, "name:hi": null, "name:pnb": null, "tourism": null, "wikidata": null, "wikimedia_commons": null, "wikipedia": null, "wikipedia:pnb": null, "name:ml": null, "area": null, "landuse": null, "operator:short": null, "operator:type": null, "operator:wikidata": null, "created_by": null, "shop": null, "natural": null, "brand": null, "brand:ar": null, "brand:pnb": null, "brand:ps": null, "brand:ur": null, "brand:wikidata": null, "brand:wikipedia": null, "brand:wikipedia:ar": null, "brand:wikipedia:pnb": null, "brand:wikipedia:ps": null, "brand:wikipedia:ur": null, "surface": null, "type": null, "access": null, "barrier": null, "boundary": null, "operator:ur": null, "max_age": null, "min_age": null, "playground:theme": null }, "geometry": { "type": "Polygon", "coordinates": [ [ [ 73.0257681, 33.7050016 ], [ 73.0255422, 33.7050089 ], [ 73.0255329, 33.7048128 ], [ 73.0255256, 33.7046567 ], [ 73.0257515, 33.7046493 ], [ 73.0257681, 33.7050016 ] ] ] } },
{ "type": "Feature", "properties": { "element": "way", "id": 320398155, "is_in": null, "leisure": "playground", "name": null, "sport": null, "name:en": null, "name:ur": null, "addr:city": null, "addr:city:ar": null, "addr:city:en": null, "addr:city:ks": null, "addr:city:pnb": null, "addr:city:ps": null, "addr:city:sd": null, "addr:city:ur": null, "addr:street": null, "operator": null, "alt_name": null, "alt_name:ar": null, "alt_name:ur": null, "alt_name:zh-Hans": null, "name:ar": null, "name:etymology": null, "name:etymology:wikidata": null, "name:etymology:wikipedia": null, "name:hi": null, "name:pnb": null, "tourism": null, "wikidata": null, "wikimedia_commons": null, "wikipedia": null, "wikipedia:pnb": null, "name:ml": null, "area": null, "landuse": null, "operator:short": null, "operator:type": null, "operator:wikidata": null, "created_by": null, "shop": null, "natural": null, "brand": null, "brand:ar": null, "brand:pnb": null, "brand:ps": null, "brand:ur": null, "brand:wikidata": null, "brand:wikipedia": null, "brand:wikipedia:ar": null, "brand:wikipedia:pnb": null, "brand:wikipedia:ps": null, "brand:wikipedia:ur": null, "surface": null, "type": null, "access": null, "barrier": null, "boundary": null, "operator:ur": null, "max_age": null, "min_age": null, "playground:theme": null }, "geometry": { "type": "Polygon", "coordinates": [ [ [ 73.025639, 33.7082485 ], [ 73.0253587, 33.7083715 ], [ 73.0250459, 33.7084135 ], [ 73.0247334, 33.7083699 ], [ 73.0244459, 33.7082403 ], [ 73.024226, 33.708039 ], [ 73.0240982, 33.7077886 ], [ 73.0240769, 33.7075172 ], [ 73.0241644, 33.7072551 ], [ 73.0243509, 33.7070317 ], [ 73.0246156, 33.7068721 ], [ 73.0249288, 33.7067939 ], [ 73.0252554, 33.7068062 ], [ 73.0255502, 33.7069029 ], [ 73.0257922, 33.7070731 ], [ 73.0259561, 33.7072987 ], [ 73.0260245, 33.7075561 ], [ 73.0259903, 33.7078181 ], [ 73.02593, 33.7079265 ], [ 73.0258572, 33.7080573 ], [ 73.025639, 33.7082485 ] ] ] } },
{ "type": "Feature", "properties": { "element": "way", "id": 442026816, "is_in": null, "leisure": "pitch", "name": "Diamond Cricket Ground", "sport": "cricket", "name:en": null, "name:ur": null, "addr:city": "اسلام آباد", "addr:city:ar": "إسلام آباد", "addr:city:en": "Islamabad", "addr:city:ks": "اِسلام آبادٖ", "addr:city:pnb": "اسلام آباد", "addr:city:ps": "اسلام آباد", "addr:city:sd": "اسلام آباد", "addr:city:ur": "اسلام آباد", "addr:street": "Gali 35", "operator": null, "alt_name": null, "alt_name:ar": null, "alt_name:ur": null, "alt_name:zh-Hans": null, "name:ar": null, "name:etymology": null, "name:etymology:wikidata": null, "name:etymology:wikipedia": null, "name:hi": null, "name:pnb": null, "tourism": null, "wikidata": null, "wikimedia_commons": null, "wikipedia": null, "wikipedia:pnb": null, "name:ml": null, "area": null, "landuse": null, "operator:short": null, "operator:type": null, "operator:wikidata": null, "created_by": null, "shop": null, "natural": null, "brand": null, "brand:ar": null, "brand:pnb": null, "brand:ps": null, "brand:ur": null, "brand:wikidata": null, "brand:wikipedia": null, "brand:wikipedia:ar": null, "brand:wikipedia:pnb": null, "brand:wikipedia:ps": null, "brand:wikipedia:ur": null, "surface": null, "type": null, "access": null, "barrier": null, "boundary": null, "operator:ur": null, "max_age": null, "min_age": null, "playground:theme": null }, "geometry": { "type": "Polygon", "coordinates": [ [ [ 73.0414724, 33.6998498 ], [ 73.041908, 33.6997936 ], [ 73.0421289, 33.6996068 ], [ 73.042324, 33.6993227 ], [ 73.0425443, 33.6989789 ], [ 73.0414316, 33.6983503 ], [ 73.0412088, 33.6983418 ], [ 73.0410441, 33.6984519 ], [ 73.040744, 33.6991776 ], [ 73.0406483, 33.6994098 ], [ 73.0408187, 33.6998256 ], [ 73.0411729, 33.6999763 ], [ 73.0412603, 33.6998281 ], [ 73.0414724, 33.6998498 ] ] ] } },
{ "type": "Feature", "properties": { "element": "way", "id": 460577745, "is_in": null, "leisure": "pitch", "name": "Football stadium H-9 College", "sport": "soccer", "name:en": null, "name:ur": null, "addr:city": null, "addr:city:ar": null, "addr:city:en": null, "addr:city:ks": null, "addr:city:pnb": null, "addr:city:ps": null, "addr:city:sd": null, "addr:city:ur": null, "addr:street": null, "operator": null, "alt_name": null, "alt_name:ar": null, "alt_name:ur": null, "alt_name:zh-Hans": null, "name:ar": null, "name:etymology": null, "name:etymology:wikidata": null, "name:etymology:wikipedia": null, "name:hi": null, "name:pnb": null, "tourism": null, "wikidata": null, "wikimedia_commons": null, "wikipedia": null, "wikipedia:pnb": null, "name:ml": null, "area": null, "landuse": null, "operator:short": null, "operator:type": null, "operator:wikidata": null, "created_by": null, "shop": null, "natural": null, "brand": null, "brand:ar": null, "brand:pnb": null, "brand:ps": null, "brand:ur": null, "brand:wikidata": null, "brand:wikipedia": null, "brand:wikipedia:ar": null, "brand:wikipedia:pnb": null, "brand:wikipedia:ps": null, "brand:wikipedia:ur": null, "surface": null, "type": null, "access": null, "barrier": null, "boundary": null, "operator:ur": null, "max_age": null, "min_age": null, "playground:theme": null }, "geometry": { "type": "Polygon", "coordinates": [ [ [ 73.0557066, 33.6693357 ], [ 73.0560553, 33.6694741 ], [ 73.056699, 33.6697331 ], [ 73.0569672, 33.6698893 ], [ 73.0570799, 33.6700099 ], [ 73.0570638, 33.6702554 ], [ 73.0568457, 33.6706085 ], [ 73.0566722, 33.6707644 ], [ 73.0565086, 33.671056 ], [ 73.0562645, 33.6712599 ], [ 73.0561411, 33.6714296 ], [ 73.0556959, 33.6712912 ], [ 73.0553901, 33.6711215 ], [ 73.0551058, 33.6709653 ], [ 73.0548107, 33.6708313 ], [ 73.0546123, 33.670751 ], [ 73.0545425, 33.670684 ], [ 73.0547732, 33.6703403 ], [ 73.0549717, 33.6700679 ], [ 73.0551916, 33.6698358 ], [ 73.055315, 33.6696661 ], [ 73.0554759, 33.6694607 ], [ 73.05561, 33.6692866 ], [ 73.0557066, 33.6693357 ] ] ] } },
{ "type": "Feature", "properties": { "element": "way", "id": 471929453, "is_in": null, "leisure": "nature_reserve", "name": "شکرپریاں", "sport": null, "name:en": "Shakar Pariyan", "name:ur": "شکرپریاں", "addr:city": null, "addr:city:ar": null, "addr:city:en": null, "addr:city:ks": null, "addr:city:pnb": null, "addr:city:ps": null, "addr:city:sd": null, "addr:city:ur": null, "addr:street": null, "operator": null, "alt_name": null, "alt_name:ar": null, "alt_name:ur": null, "alt_name:zh-Hans": null, "name:ar": "شكر بريان", "name:etymology": null, "name:etymology:wikidata": null, "name:etymology:wikipedia": null, "name:hi": "शकर परियां", "name:pnb": null, "tourism": null, "wikidata": "Q7462557", "wikimedia_commons": "Category:Shakarparian Islamabad", "wikipedia": "en:Shakarparian", "wikipedia:pnb": null, "name:ml": "ഷക്കർ പരിയാൻ", "area": null, "landuse": null, "operator:short": null, "operator:type": null, "operator:wikidata": null, "created_by": null, "shop": null, "natural": "wood", "brand": null, "brand:ar": null, "brand:pnb": null, "brand:ps": null, "brand:ur": null, "brand:wikidata": null, "brand:wikipedia": null, "brand:wikipedia:ar": null, "brand:wikipedia:pnb": null, "brand:wikipedia:ps": null, "brand:wikipedia:ur": null, "surface": null, "type": null, "access": null, "barrier": null, "boundary": null, "operator:ur": null, "max_age": null, "min_age": null, "playground:theme": null }, "geometry": { "type": "Polygon", "coordinates": [ [ [ 73.0675577, 33.6912789 ], [ 73.0672999, 33.6920353 ], [ 73.0666512, 33.6928462 ], [ 73.0669383, 33.6929827 ], [ 73.067066, 33.6930886 ], [ 73.0672295, 33.6932987 ], [ 73.0673011, 33.6935766 ], [ 73.0672674, 33.6937821 ], [ 73.0671642, 33.6939545 ], [ 73.0675848, 33.6942932 ], [ 73.0680869, 33.6949029 ], [ 73.0685347, 33.6951061 ], [ 73.0701087, 33.6960657 ], [ 73.0739821, 33.6981451 ], [ 73.0739923, 33.6981506 ], [ 73.0742569, 33.6982927 ], [ 73.0745457, 33.6984477 ], [ 73.081377, 33.7016973 ], [ 73.0844807, 33.7032551 ], [ 73.0857045, 33.7039055 ], [ 73.0867849, 33.7043629 ], [ 73.0886032, 33.7056159 ], [ 73.0902722, 33.7066205 ], [ 73.0939222, 33.708562 ], [ 73.1008288, 33.7121627 ], [ 73.1026335, 33.7130657 ], [ 73.1030134, 33.7130882 ], [ 73.1033527, 33.7127609 ], [ 73.1032984, 33.7121514 ], [ 73.1033391, 33.7113387 ], [ 73.1047638, 33.7089458 ], [ 73.1096487, 33.6996782 ], [ 73.110205, 33.6983461 ], [ 73.1102729, 33.6969688 ], [ 73.1101643, 33.6943045 ], [ 73.110036, 33.691906 ], [ 73.1099555, 33.6908281 ], [ 73.1098314, 33.6897939 ], [ 73.1096593, 33.6892537 ], [ 73.1094828, 33.6888581 ], [ 73.1080528, 33.6869916 ], [ 73.1064464, 33.6853176 ], [ 73.1041939, 33.6830481 ], [ 73.1033625, 33.6823435 ], [ 73.1004489, 33.6808689 ], [ 73.099771, 33.6804915 ], [ 73.099316, 33.6802381 ], [ 73.0967581, 33.6788139 ], [ 73.0959711, 33.6780122 ], [ 73.0947499, 33.6757425 ], [ 73.0931469, 33.6720798 ], [ 73.0917694, 33.670116 ], [ 73.0886032, 33.6669118 ], [ 73.0883634, 33.6668559 ], [ 73.0881235, 33.6668873 ], [ 73.0878193, 33.667029 ], [ 73.0871468, 33.6678431 ], [ 73.0863542, 33.6688521 ], [ 73.0868529, 33.6693899 ], [ 73.0868029, 33.66958 ], [ 73.0871806, 33.6700339 ], [ 73.0868745, 33.6702237 ], [ 73.0869918, 33.6704684 ], [ 73.0870397, 33.6706278 ], [ 73.0871333, 33.6707116 ], [ 73.0870646, 33.6707632 ], [ 73.0882796, 33.6718138 ], [ 73.0880192, 33.6721503 ], [ 73.0887572, 33.6728065 ], [ 73.0888676, 33.673049 ], [ 73.0881411, 33.674016 ], [ 73.0878825, 33.6743694 ], [ 73.0878221, 33.6745445 ], [ 73.087462, 33.6747287 ], [ 73.0869525, 33.6745476 ], [ 73.086378, 33.674342 ], [ 73.0848057, 33.6764284 ], [ 73.0838095, 33.6761832 ], [ 73.0830182, 33.6759991 ], [ 73.0823835, 33.6762832 ], [ 73.0819784, 33.6772348 ], [ 73.0814334, 33.6779973 ], [ 73.0805975, 33.6779504 ], [ 73.0798607, 33.6784312 ], [ 73.0791946, 33.679365 ], [ 73.0772051, 33.6783027 ], [ 73.0765174, 33.6791574 ], [ 73.07618, 33.6795911 ], [ 73.0761035, 33.6796895 ], [ 73.0752311, 33.6808106 ], [ 73.0742092, 33.6821239 ], [ 73.0729961, 33.6837814 ], [ 73.0730543, 33.6838695 ], [ 73.0730611, 33.6839689 ], [ 73.0727861, 33.6843204 ], [ 73.0727111, 33.6843478 ], [ 73.0725587, 33.684353 ], [ 73.0706455, 33.6869325 ], [ 73.0694448, 33.6885334 ], [ 73.0675577, 33.6912789 ] ] ] } },
{ "type": "Feature", "properties": { "element": "way", "id": 472220098, "is_in": null, "leisure": "park", "name": null, "sport": null, "name:en": null, "name:ur": null, "addr:city": null, "addr:city:ar": null, "addr:city:en": null, "addr:city:ks": null, "addr:city:pnb": null, "addr:city:ps": null, "addr:city:sd": null, "addr:city:ur": null, "addr:street": null, "operator": null, "alt_name": null, "alt_name:ar": null, "alt_name:ur": null, "alt_name:zh-Hans": null, "name:ar": null, "name:etymology": null, "name:etymology:wikidata": null, "name:etymology:wikipedia": null, "name:hi": null, "name:pnb": null, "tourism": null, "wikidata": null, "wikimedia_commons": null, "wikipedia": null, "wikipedia:pnb": null, "name:ml": null, "area": null, "landuse": null, "operator:short": null, "operator:type": null, "operator:wikidata": null, "created_by": null, "shop": null, "natural": null, "brand": null, "brand:ar": null, "brand:pnb": null, "brand:ps": null, "brand:ur": null, "brand:wikidata": null, "brand:wikipedia": null, "brand:wikipedia:ar": null, "brand:wikipedia:pnb": null, "brand:wikipedia:ps": null, "brand:wikipedia:ur": null, "surface": null, "type": null, "access": null, "barrier": null, "boundary": null, "operator:ur": null, "max_age": null, "min_age": null, "playground:theme": null }, "geometry": { "type": "Polygon", "coordinates": [ [ [ 73.0134744, 33.6941948 ], [ 73.0137502, 33.6938546 ], [ 73.0142129, 33.6941055 ], [ 73.0139629, 33.6944492 ], [ 73.0134744, 33.6941948 ] ] ] } },
{ "type": "Feature", "properties": { "element": "way", "id": 472220102, "is_in": null, "leisure": "park", "name": null, "sport": null, "name:en": null, "name:ur": null, "addr:city": null, "addr:city:ar": null, "addr:city:en": null, "addr:city:ks": null, "addr:city:pnb": null, "addr:city:ps": null, "addr:city:sd": null, "addr:city:ur": null, "addr:street": null, "operator": null, "alt_name": null, "alt_name:ar": null, "alt_name:ur": null, "alt_name:zh-Hans": null, "name:ar": null, "name:etymology": null, "name:etymology:wikidata": null, "name:etymology:wikipedia": null, "name:hi": null, "name:pnb": null, "tourism": null, "wikidata": null, "wikimedia_commons": null, "wikipedia": null, "wikipedia:pnb": null, "name:ml": null, "area": null, "landuse": null, "operator:short": null, "operator:type": null, "operator:wikidata": null, "created_by": null, "shop": null, "natural": null, "brand": null, "brand:ar": null, "brand:pnb": null, "brand:ps": null, "brand:ur": null, "brand:wikidata": null, "brand:wikipedia": null, "brand:wikipedia:ar": null, "brand:wikipedia:pnb": null, "brand:wikipedia:ps": null, "brand:wikipedia:ur": null, "surface": null, "type": null, "access": null, "barrier": null, "boundary": null, "operator:ur": null, "max_age": null, "min_age": null, "playground:theme": null }, "geometry": { "type": "Polygon", "coordinates": [ [ [ 73.0125632, 33.6953619 ], [ 73.0127615, 33.6950858 ], [ 73.0132611, 33.6953342 ], [ 73.0130628, 33.6956103 ], [ 73.0125632, 33.6953619 ] ] ] } },
{ "type": "Feature", "properties": { "element": "way", "id": 472384789, "is_in": null, "leisure": "park", "name": "Centaurus Greens", "sport": null, "name:en": null, "name:ur": null, "addr:city": null, "addr:city:ar": null, "addr:city:en": null, "addr:city:ks": null, "addr:city:pnb": null, "addr:city:ps": null, "addr:city:sd": null, "addr:city:ur": null, "addr:street": null, "operator": null, "alt_name": null, "alt_name:ar": null, "alt_name:ur": null, "alt_name:zh-Hans": null, "name:ar": null, "name:etymology": null, "name:etymology:wikidata": null, "name:etymology:wikipedia": null, "name:hi": null, "name:pnb": null, "tourism": null, "wikidata": null, "wikimedia_commons": null, "wikipedia": null, "wikipedia:pnb": null, "name:ml": null, "area": null, "landuse": null, "operator:short": null, "operator:type": null, "operator:wikidata": null, "created_by": null, "shop": null, "natural": null, "brand": null, "brand:ar": null, "brand:pnb": null, "brand:ps": null, "brand:ur": null, "brand:wikidata": null, "brand:wikipedia": null, "brand:wikipedia:ar": null, "brand:wikipedia:pnb": null, "brand:wikipedia:ps": null, "brand:wikipedia:ur": null, "surface": null, "type": null, "access": null, "barrier": null, "boundary": null, "operator:ur": null, "max_age": null, "min_age": null, "playground:theme": null }, "geometry": { "type": "Polygon", "coordinates": [ [ [ 73.0495893, 33.7071387 ], [ 73.0496757, 33.7072883 ], [ 73.0502202, 33.7075843 ], [ 73.0502682, 33.7075146 ], [ 73.0495893, 33.7071387 ] ] ] } },
{ "type": "Feature", "properties": { "element": "way", "id": 472384790, "is_in": null, "leisure": "park", "name": null, "sport": null, "name:en": null, "name:ur": null, "addr:city": null, "addr:city:ar": null, "addr:city:en": null, "addr:city:ks": null, "addr:city:pnb": null, "addr:city:ps": null, "addr:city:sd": null, "addr:city:ur": null, "addr:street": null, "operator": null, "alt_name": null, "alt_name:ar": null, "alt_name:ur": null, "alt_name:zh-Hans": null, "name:ar": null, "name:etymology": null, "name:etymology:wikidata": null, "name:etymology:wikipedia": null, "name:hi": null, "name:pnb": null, "tourism": null, "wikidata": null, "wikimedia_commons": null, "wikipedia": null, "wikipedia:pnb": null, "name:ml": null, "area": null, "landuse": null, "operator:short": null, "operator:type": null, "operator:wikidata": null, "created_by": null, "shop": null, "natural": null, "brand": null, "brand:ar": null, "brand:pnb": null, "brand:ps": null, "brand:ur": null, "brand:wikidata": null, "brand:wikipedia": null, "brand:wikipedia:ar": null, "brand:wikipedia:pnb": null, "brand:wikipedia:ps": null, "brand:wikipedia:ur": null, "surface": null, "type": null, "access": null, "barrier": null, "boundary": null, "operator:ur": null, "max_age": null, "min_age": null, "playground:theme": null }, "geometry": { "type": "Polygon", "coordinates": [ [ [ 73.049296, 33.7070769 ], [ 73.0493427, 33.7070127 ], [ 73.0494651, 33.7070698 ], [ 73.0495521, 33.707211 ], [ 73.049296, 33.7070769 ] ] ] } },
{ "type": "Feature", "properties": { "element": "way", "id": 472387386, "is_in": null, "leisure": "park", "name": "مکڈونلڈز پارک", "sport": null, "name:en": "McDonald's Park", "name:ur": "مکڈونلڈز پارک", "addr:city": "اسلام آباد", "addr:city:ar": "إسلام آباد", "addr:city:en": null, "addr:city:ks": "اِسلام آبادٖ", "addr:city:pnb": "اسلام آباد", "addr:city:ps": "اسلام آباد", "addr:city:sd": "اسلام آباد", "addr:city:ur": "اسلام آباد", "addr:street": null, "operator": null, "alt_name": null, "alt_name:ar": null, "alt_name:ur": null, "alt_name:zh-Hans": null, "name:ar": "متنزه مكدونالدز", "name:etymology": null, "name:etymology:wikidata": null, "name:etymology:wikipedia": null, "name:hi": null, "name:pnb": null, "tourism": null, "wikidata": null, "wikimedia_commons": null, "wikipedia": null, "wikipedia:pnb": null, "name:ml": null, "area": null, "landuse": null, "operator:short": null, "operator:type": null, "operator:wikidata": null, "created_by": null, "shop": null, "natural": null, "brand": "مكدونالدز", "brand:ar": "مكدونالدز", "brand:pnb": "میکڈونلڈز", "brand:ps": "مکډونالډز", "brand:ur": "مکڈونلڈز", "brand:wikidata": "Q38076", "brand:wikipedia": "ar:مكدونالدز", "brand:wikipedia:ar": "مكدونالدز", "brand:wikipedia:pnb": "میکڈونلڈز", "brand:wikipedia:ps": "مکډونالډز", "brand:wikipedia:ur": "مکڈونلڈز", "surface": null, "type": null, "access": null, "barrier": null, "boundary": null, "operator:ur": null, "max_age": null, "min_age": null, "playground:theme": null }, "geometry": { "type": "Polygon", "coordinates": [ [ [ 73.0202732, 33.6930707 ], [ 73.0206009, 33.6926935 ], [ 73.0207662, 33.6924405 ], [ 73.0208272, 33.6922094 ], [ 73.0208862, 33.6921848 ], [ 73.020421, 33.6919134 ], [ 73.0197221, 33.6922934 ], [ 73.0192233, 33.6925491 ], [ 73.0194406, 33.692657 ], [ 73.0202732, 33.6930707 ] ] ] } },
{ "type": "Feature", "properties": { "element": "way", "id": 472394058, "is_in": null, "leisure": "park", "name": "F-7 Markaz Park", "sport": null, "name:en": null, "name:ur": null, "addr:city": null, "addr:city:ar": null, "addr:city:en": null, "addr:city:ks": null, "addr:city:pnb": null, "addr:city:ps": null, "addr:city:sd": null, "addr:city:ur": null, "addr:street": null, "operator": null, "alt_name": null, "alt_name:ar": null, "alt_name:ur": null, "alt_name:zh-Hans": null, "name:ar": null, "name:etymology": null, "name:etymology:wikidata": null, "name:etymology:wikipedia": null, "name:hi": null, "name:pnb": null, "tourism": null, "wikidata": null, "wikimedia_commons": null, "wikipedia": null, "wikipedia:pnb": null, "name:ml": null, "area": null, "landuse": null, "operator:short": null, "operator:type": null, "operator:wikidata": null, "created_by": null, "shop": null, "natural": null, "brand": null, "brand:ar": null, "brand:pnb": null, "brand:ps": null, "brand:ur": null, "brand:wikidata": null, "brand:wikipedia": null, "brand:wikipedia:ar": null, "brand:wikipedia:pnb": null, "brand:wikipedia:ps": null, "brand:wikipedia:ur": null, "surface": null, "type": null, "access": null, "barrier": null, "boundary": null, "operator:ur": null, "max_age": null, "min_age": null, "playground:theme": null }, "geometry": { "type": "Polygon", "coordinates": [ [ [ 73.0611813, 33.7239578 ], [ 73.0622063, 33.7226372 ], [ 73.0609084, 33.7219798 ], [ 73.0603963, 33.7226859 ], [ 73.0607675, 33.7228892 ], [ 73.0602907, 33.7234814 ], [ 73.0611813, 33.7239578 ] ] ] } },
{ "type": "Feature", "properties": { "element": "way", "id": 472395408, "is_in": null, "leisure": "park", "name": null, "sport": null, "name:en": null, "name:ur": null, "addr:city": null, "addr:city:ar": null, "addr:city:en": null, "addr:city:ks": null, "addr:city:pnb": null, "addr:city:ps": null, "addr:city:sd": null, "addr:city:ur": null, "addr:street": null, "operator": null, "alt_name": null, "alt_name:ar": null, "alt_name:ur": null, "alt_name:zh-Hans": null, "name:ar": null, "name:etymology": null, "name:etymology:wikidata": null, "name:etymology:wikipedia": null, "name:hi": null, "name:pnb": null, "tourism": null, "wikidata": null, "wikimedia_commons": null, "wikipedia": null, "wikipedia:pnb": null, "name:ml": null, "area": null, "landuse": null, "operator:short": null, "operator:type": null, "operator:wikidata": null, "created_by": null, "shop": null, "natural": null, "brand": null, "brand:ar": null, "brand:pnb": null, "brand:ps": null, "brand:ur": null, "brand:wikidata": null, "brand:wikipedia": null, "brand:wikipedia:ar": null, "brand:wikipedia:pnb": null, "brand:wikipedia:ps": null, "brand:wikipedia:ur": null, "surface": null, "type": null, "access": null, "barrier": null, "boundary": null, "operator:ur": null, "max_age": null, "min_age": null, "playground:theme": null }, "geometry": { "type": "Polygon", "coordinates": [ [ [ 73.0580878, 33.7215931 ], [ 73.0581115, 33.7215611 ], [ 73.0581384, 33.7215247 ], [ 73.0581709, 33.7214809 ], [ 73.0582253, 33.7214074 ], [ 73.0582544, 33.7213681 ], [ 73.0581228, 33.7212987 ], [ 73.0572638, 33.7208452 ], [ 73.0570739, 33.7210716 ], [ 73.0576939, 33.7213905 ], [ 73.0579057, 33.7214994 ], [ 73.0580878, 33.7215931 ] ] ] } },
{ "type": "Feature", "properties": { "element": "way", "id": 472678904, "is_in": null, "leisure": "park", "name": null, "sport": null, "name:en": null, "name:ur": null, "addr:city": null, "addr:city:ar": null, "addr:city:en": null, "addr:city:ks": null, "addr:city:pnb": null, "addr:city:ps": null, "addr:city:sd": null, "addr:city:ur": null, "addr:street": null, "operator": null, "alt_name": null, "alt_name:ar": null, "alt_name:ur": null, "alt_name:zh-Hans": null, "name:ar": null, "name:etymology": null, "name:etymology:wikidata": null, "name:etymology:wikipedia": null, "name:hi": null, "name:pnb": null, "tourism": null, "wikidata": null, "wikimedia_commons": null, "wikipedia": null, "wikipedia:pnb": null, "name:ml": null, "area": null, "landuse": null, "operator:short": null, "operator:type": null, "operator:wikidata": null, "created_by": null, "shop": null, "natural": null, "brand": null, "brand:ar": null, "brand:pnb": null, "brand:ps": null, "brand:ur": null, "brand:wikidata": null, "brand:wikipedia": null, "brand:wikipedia:ar": null, "brand:wikipedia:pnb": null, "brand:wikipedia:ps": null, "brand:wikipedia:ur": null, "surface": null, "type": null, "access": null, "barrier": null, "boundary": null, "operator:ur": null, "max_age": null, "min_age": null, "playground:theme": null }, "geometry": { "type": "Polygon", "coordinates": [ [ [ 73.0624831, 33.6713989 ], [ 73.0620575, 33.671194 ], [ 73.0610109, 33.6706911 ], [ 73.0607185, 33.6706556 ], [ 73.060281, 33.6707247 ], [ 73.0600476, 33.6706845 ], [ 73.0594683, 33.6704635 ], [ 73.0593476, 33.6702984 ], [ 73.0595863, 33.6699747 ], [ 73.0598277, 33.670064 ], [ 73.0599832, 33.6697782 ], [ 73.0598105, 33.6696643 ], [ 73.0599967, 33.669603 ], [ 73.0604526, 33.6695785 ], [ 73.0608107, 33.6697771 ], [ 73.0613609, 33.6698954 ], [ 73.062015, 33.6702528 ], [ 73.062546, 33.6705315 ], [ 73.0628277, 33.6706919 ], [ 73.0631988, 33.6708778 ], [ 73.0640838, 33.6713489 ], [ 73.0644336, 33.6715314 ], [ 73.0658061, 33.6722428 ], [ 73.0651474, 33.673189 ], [ 73.0650676, 33.6732718 ], [ 73.0650032, 33.6732999 ], [ 73.0649256, 33.6733128 ], [ 73.0649122, 33.6733078 ], [ 73.0648545, 33.6732866 ], [ 73.0646627, 33.6731786 ], [ 73.0645612, 33.6730976 ], [ 73.0644202, 33.67295 ], [ 73.0643081, 33.6728134 ], [ 73.0641651, 33.6726344 ], [ 73.0638479, 33.6721731 ], [ 73.0636775, 33.6720082 ], [ 73.0635244, 33.6719087 ], [ 73.0633211, 33.671789 ], [ 73.0624831, 33.6713989 ] ] ] } },
{ "type": "Feature", "properties": { "element": "way", "id": 474392120, "is_in": null, "leisure": "park", "name": null, "sport": null, "name:en": null, "name:ur": null, "addr:city": null, "addr:city:ar": null, "addr:city:en": null, "addr:city:ks": null, "addr:city:pnb": null, "addr:city:ps": null, "addr:city:sd": null, "addr:city:ur": null, "addr:street": null, "operator": null, "alt_name": null, "alt_name:ar": null, "alt_name:ur": null, "alt_name:zh-Hans": null, "name:ar": null, "name:etymology": null, "name:etymology:wikidata": null, "name:etymology:wikipedia": null, "name:hi": null, "name:pnb": null, "tourism": null, "wikidata": null, "wikimedia_commons": null, "wikipedia": null, "wikipedia:pnb": null, "name:ml": null, "area": null, "landuse": null, "operator:short": null, "operator:type": null, "operator:wikidata": null, "created_by": null, "shop": null, "natural": null, "brand": null, "brand:ar": null, "brand:pnb": null, "brand:ps": null, "brand:ur": null, "brand:wikidata": null, "brand:wikipedia": null, "brand:wikipedia:ar": null, "brand:wikipedia:pnb": null, "brand:wikipedia:ps": null, "brand:wikipedia:ur": null, "surface": null, "type": null, "access": null, "barrier": null, "boundary": null, "operator:ur": null, "max_age": null, "min_age": null, "playground:theme": null }, "geometry": { "type": "Polygon", "coordinates": [ [ [ 73.073743, 33.6887966 ], [ 73.073715, 33.6887218 ], [ 73.0736922, 33.6886538 ], [ 73.0736922, 33.6885873 ], [ 73.0737274, 33.6885528 ], [ 73.0737593, 33.6886086 ], [ 73.0738512, 33.6885921 ], [ 73.0740947, 33.6885129 ], [ 73.0741826, 33.688712 ], [ 73.0741905, 33.6887441 ], [ 73.0741586, 33.6887627 ], [ 73.0741298, 33.6887388 ], [ 73.0741138, 33.6888611 ], [ 73.073919, 33.6889249 ], [ 73.0738775, 33.6888531 ], [ 73.0737667, 33.6888665 ], [ 73.073743, 33.6887966 ] ] ] } },
{ "type": "Feature", "properties": { "element": "way", "id": 474399267, "is_in": null, "leisure": "park", "name": null, "sport": null, "name:en": null, "name:ur": null, "addr:city": null, "addr:city:ar": null, "addr:city:en": null, "addr:city:ks": null, "addr:city:pnb": null, "addr:city:ps": null, "addr:city:sd": null, "addr:city:ur": null, "addr:street": null, "operator": null, "alt_name": null, "alt_name:ar": null, "alt_name:ur": null, "alt_name:zh-Hans": null, "name:ar": null, "name:etymology": null, "name:etymology:wikidata": null, "name:etymology:wikipedia": null, "name:hi": null, "name:pnb": null, "tourism": null, "wikidata": null, "wikimedia_commons": null, "wikipedia": null, "wikipedia:pnb": null, "name:ml": null, "area": null, "landuse": null, "operator:short": null, "operator:type": null, "operator:wikidata": null, "created_by": null, "shop": null, "natural": null, "brand": null, "brand:ar": null, "brand:pnb": null, "brand:ps": null, "brand:ur": null, "brand:wikidata": null, "brand:wikipedia": null, "brand:wikipedia:ar": null, "brand:wikipedia:pnb": null, "brand:wikipedia:ps": null, "brand:wikipedia:ur": null, "surface": null, "type": null, "access": null, "barrier": null, "boundary": null, "operator:ur": null, "max_age": null, "min_age": null, "playground:theme": null }, "geometry": { "type": "Polygon", "coordinates": [ [ [ 73.0394118, 33.7033357 ], [ 73.0391382, 33.7037432 ], [ 73.0399281, 33.7041434 ], [ 73.0396589, 33.7045326 ], [ 73.0384762, 33.7039121 ], [ 73.0390808, 33.7031632 ], [ 73.0394118, 33.7033357 ] ] ] } },
{ "type": "Feature", "properties": { "element": "way", "id": 497410581, "is_in": null, "leisure": "playground", "name": "G-9/1 Cricket Ground", "sport": null, "name:en": null, "name:ur": null, "addr:city": "اسلام آباد", "addr:city:ar": "إسلام آباد", "addr:city:en": "Islamabad", "addr:city:ks": "اِسلام آبادٖ", "addr:city:pnb": "اسلام آباد", "addr:city:ps": "اسلام آباد", "addr:city:sd": "اسلام آباد", "addr:city:ur": "اسلام آباد", "addr:street": "Street 47", "operator": null, "alt_name": null, "alt_name:ar": null, "alt_name:ur": null, "alt_name:zh-Hans": null, "name:ar": null, "name:etymology": null, "name:etymology:wikidata": null, "name:etymology:wikipedia": null, "name:hi": null, "name:pnb": null, "tourism": null, "wikidata": null, "wikimedia_commons": null, "wikipedia": null, "wikipedia:pnb": null, "name:ml": null, "area": null, "landuse": null, "operator:short": null, "operator:type": null, "operator:wikidata": null, "created_by": null, "shop": null, "natural": null, "brand": null, "brand:ar": null, "brand:pnb": null, "brand:ps": null, "brand:ur": null, "brand:wikidata": null, "brand:wikipedia": null, "brand:wikipedia:ar": null, "brand:wikipedia:pnb": null, "brand:wikipedia:ps": null, "brand:wikipedia:ur": null, "surface": null, "type": null, "access": null, "barrier": null, "boundary": null, "operator:ur": null, "max_age": null, "min_age": null, "playground:theme": null }, "geometry": { "type": "Polygon", "coordinates": [ [ [ 73.0266419, 33.6845459 ], [ 73.0266372, 33.6840291 ], [ 73.0264131, 33.6836288 ], [ 73.02674, 33.683178 ], [ 73.0277533, 33.683691 ], [ 73.0270061, 33.6847207 ], [ 73.0266419, 33.6845459 ] ] ] } },
{ "type": "Feature", "properties": { "element": "way", "id": 498492159, "is_in": null, "leisure": "park", "name": "Ladies and Family Park", "sport": null, "name:en": null, "name:ur": null, "addr:city": "اسلام آباد", "addr:city:ar": "إسلام آباد", "addr:city:en": "Islamabad", "addr:city:ks": "اِسلام آبادٖ", "addr:city:pnb": "اسلام آباد", "addr:city:ps": "اسلام آباد", "addr:city:sd": "اسلام آباد", "addr:city:ur": "اسلام آباد", "addr:street": "Street 6", "operator": null, "alt_name": null, "alt_name:ar": null, "alt_name:ur": null, "alt_name:zh-Hans": null, "name:ar": null, "name:etymology": null, "name:etymology:wikidata": null, "name:etymology:wikipedia": null, "name:hi": null, "name:pnb": null, "tourism": null, "wikidata": null, "wikimedia_commons": null, "wikipedia": null, "wikipedia:pnb": null, "name:ml": null, "area": null, "landuse": null, "operator:short": null, "operator:type": null, "operator:wikidata": null, "created_by": null, "shop": null, "natural": null, "brand": null, "brand:ar": null, "brand:pnb": null, "brand:ps": null, "brand:ur": null, "brand:wikidata": null, "brand:wikipedia": null, "brand:wikipedia:ar": null, "brand:wikipedia:pnb": null, "brand:wikipedia:ps": null, "brand:wikipedia:ur": null, "surface": null, "type": null, "access": null, "barrier": null, "boundary": null, "operator:ur": null, "max_age": null, "min_age": null, "playground:theme": null }, "geometry": { "type": "Polygon", "coordinates": [ [ [ 73.0344736, 33.6919969 ], [ 73.0341169, 33.6918206 ], [ 73.034648, 33.6910819 ], [ 73.0349162, 33.6912203 ], [ 73.0347392, 33.6914858 ], [ 73.0347418, 33.6915863 ], [ 73.0347231, 33.691651 ], [ 73.034656, 33.6917603 ], [ 73.0346855, 33.6919121 ], [ 73.0347043, 33.6920281 ], [ 73.0346748, 33.692104 ], [ 73.0344736, 33.6919969 ] ] ] } },
{ "type": "Feature", "properties": { "element": "way", "id": 498505426, "is_in": null, "leisure": "park", "name": "M Munir Park", "sport": null, "name:en": null, "name:ur": null, "addr:city": "اسلام آباد", "addr:city:ar": "إسلام آباد", "addr:city:en": "Islamabad", "addr:city:ks": "اِسلام آبادٖ", "addr:city:pnb": "اسلام آباد", "addr:city:ps": "اسلام آباد", "addr:city:sd": "اسلام آباد", "addr:city:ur": "اسلام آباد", "addr:street": "Gali 75", "operator": null, "alt_name": null, "alt_name:ar": null, "alt_name:ur": null, "alt_name:zh-Hans": null, "name:ar": null, "name:etymology": null, "name:etymology:wikidata": null, "name:etymology:wikipedia": null, "name:hi": null, "name:pnb": null, "tourism": null, "wikidata": null, "wikimedia_commons": null, "wikipedia": null, "wikipedia:pnb": null, "name:ml": null, "area": null, "landuse": null, "operator:short": null, "operator:type": null, "operator:wikidata": null, "created_by": null, "shop": null, "natural": null, "brand": null, "brand:ar": null, "brand:pnb": null, "brand:ps": null, "brand:ur": null, "brand:wikidata": null, "brand:wikipedia": null, "brand:wikipedia:ar": null, "brand:wikipedia:pnb": null, "brand:wikipedia:ps": null, "brand:wikipedia:ur": null, "surface": null, "type": null, "access": null, "barrier": null, "boundary": null, "operator:ur": null, "max_age": null, "min_age": null, "playground:theme": null }, "geometry": { "type": "Polygon", "coordinates": [ [ [ 73.045302, 33.6933228 ], [ 73.0452323, 33.6930728 ], [ 73.0450928, 33.6927336 ], [ 73.0450391, 33.692631 ], [ 73.0453825, 33.692207 ], [ 73.0459404, 33.6925372 ], [ 73.045302, 33.6933228 ] ] ] } },
{ "type": "Feature", "properties": { "element": "way", "id": 505860018, "is_in": null, "leisure": "park", "name": "سی ڈی اے پارک", "sport": null, "name:en": "CDA Park", "name:ur": "سی ڈی اے پارک", "addr:city": "اسلام آباد", "addr:city:ar": "إسلام آباد", "addr:city:en": null, "addr:city:ks": "اِسلام آبادٖ", "addr:city:pnb": "اسلام آباد", "addr:city:ps": "اسلام آباد", "addr:city:sd": "اسلام آباد", "addr:city:ur": "اسلام آباد", "addr:street": "اسٹریٹ 9", "operator": null, "alt_name": null, "alt_name:ar": null, "alt_name:ur": null, "alt_name:zh-Hans": null, "name:ar": null, "name:etymology": null, "name:etymology:wikidata": null, "name:etymology:wikipedia": null, "name:hi": null, "name:pnb": null, "tourism": null, "wikidata": null, "wikimedia_commons": null, "wikipedia": null, "wikipedia:pnb": null, "name:ml": null, "area": null, "landuse": null, "operator:short": null, "operator:type": null, "operator:wikidata": null, "created_by": null, "shop": null, "natural": null, "brand": null, "brand:ar": null, "brand:pnb": null, "brand:ps": null, "brand:ur": null, "brand:wikidata": null, "brand:wikipedia": null, "brand:wikipedia:ar": null, "brand:wikipedia:pnb": null, "brand:wikipedia:ps": null, "brand:wikipedia:ur": null, "surface": null, "type": null, "access": null, "barrier": null, "boundary": null, "operator:ur": null, "max_age": null, "min_age": null, "playground:theme": null }, "geometry": { "type": "Polygon", "coordinates": [ [ [ 73.0740733, 33.7348042 ], [ 73.0726334, 33.7340734 ], [ 73.0729431, 33.7336503 ], [ 73.0727851, 33.733573 ], [ 73.0721949, 33.7332697 ], [ 73.0725743, 33.7327852 ], [ 73.0735334, 33.7332701 ], [ 73.073991, 33.7335145 ], [ 73.073759, 33.7338581 ], [ 73.0742833, 33.7341156 ], [ 73.0741404, 33.7343223 ], [ 73.0743633, 33.7344345 ], [ 73.0740733, 33.7348042 ] ] ] } },
{ "type": "Feature", "properties": { "element": "way", "id": 506731155, "is_in": null, "leisure": "park", "name": "E-7 Park", "sport": null, "name:en": null, "name:ur": null, "addr:city": null, "addr:city:ar": null, "addr:city:en": null, "addr:city:ks": null, "addr:city:pnb": null, "addr:city:ps": null, "addr:city:sd": null, "addr:city:ur": null, "addr:street": null, "operator": null, "alt_name": null, "alt_name:ar": null, "alt_name:ur": null, "alt_name:zh-Hans": null, "name:ar": null, "name:etymology": null, "name:etymology:wikidata": null, "name:etymology:wikipedia": null, "name:hi": null, "name:pnb": null, "tourism": null, "wikidata": null, "wikimedia_commons": null, "wikipedia": null, "wikipedia:pnb": null, "name:ml": null, "area": null, "landuse": null, "operator:short": null, "operator:type": null, "operator:wikidata": null, "created_by": null, "shop": null, "natural": null, "brand": null, "brand:ar": null, "brand:pnb": null, "brand:ps": null, "brand:ur": null, "brand:wikidata": null, "brand:wikipedia": null, "brand:wikipedia:ar": null, "brand:wikipedia:pnb": null, "brand:wikipedia:ps": null, "brand:wikipedia:ur": null, "surface": null, "type": null, "access": null, "barrier": null, "boundary": null, "operator:ur": null, "max_age": null, "min_age": null, "playground:theme": null }, "geometry": { "type": "Polygon", "coordinates": [ [ [ 73.050537, 33.7277804 ], [ 73.0506602, 33.7275648 ], [ 73.0505157, 33.7274976 ], [ 73.0507325, 33.7268896 ], [ 73.0507962, 33.7268401 ], [ 73.0509578, 33.7267234 ], [ 73.0524582, 33.7275153 ], [ 73.0517399, 33.7284061 ], [ 73.0508947, 33.7279665 ], [ 73.050537, 33.7277804 ] ] ] } },
{ "type": "Feature", "properties": { "element": "way", "id": 506731156, "is_in": null, "leisure": "park", "name": "Naval Park", "sport": null, "name:en": null, "name:ur": null, "addr:city": "اسلام آباد", "addr:city:ar": "إسلام آباد", "addr:city:en": "Islamabad", "addr:city:ks": "اِسلام آبادٖ", "addr:city:pnb": "اسلام آباد", "addr:city:ps": "اسلام آباد", "addr:city:sd": "اسلام آباد", "addr:city:ur": "اسلام آباد", "addr:street": "Lalak Jan Road", "operator": null, "alt_name": null, "alt_name:ar": null, "alt_name:ur": null, "alt_name:zh-Hans": null, "name:ar": null, "name:etymology": null, "name:etymology:wikidata": null, "name:etymology:wikipedia": null, "name:hi": null, "name:pnb": null, "tourism": null, "wikidata": null, "wikimedia_commons": null, "wikipedia": null, "wikipedia:pnb": null, "name:ml": null, "area": null, "landuse": null, "operator:short": null, "operator:type": null, "operator:wikidata": null, "created_by": null, "shop": null, "natural": null, "brand": null, "brand:ar": null, "brand:pnb": null, "brand:ps": null, "brand:ur": null, "brand:wikidata": null, "brand:wikipedia": null, "brand:wikipedia:ar": null, "brand:wikipedia:pnb": null, "brand:wikipedia:ps": null, "brand:wikipedia:ur": null, "surface": null, "type": null, "access": null, "barrier": null, "boundary": null, "operator:ur": null, "max_age": null, "min_age": null, "playground:theme": null }, "geometry": { "type": "Polygon", "coordinates": [ [ [ 73.0354982, 33.7213552 ], [ 73.0349465, 33.7210791 ], [ 73.0356789, 33.7201166 ], [ 73.0361867, 33.7203846 ], [ 73.0354982, 33.7213552 ] ] ] } },
{ "type": "Feature", "properties": { "element": "way", "id": 506886701, "is_in": null, "leisure": "park", "name": "Swiss Avenue F-7/4 Park", "sport": null, "name:en": null, "name:ur": null, "addr:city": "اسلام آباد", "addr:city:ar": "إسلام آباد", "addr:city:en": "Islamabad", "addr:city:ks": "اِسلام آبادٖ", "addr:city:pnb": "اسلام آباد", "addr:city:ps": "اسلام آباد", "addr:city:sd": "اسلام آباد", "addr:city:ur": "اسلام آباد", "addr:street": "Street 59", "operator": "Capital Development Authority", "alt_name": null, "alt_name:ar": null, "alt_name:ur": null, "alt_name:zh-Hans": null, "name:ar": null, "name:etymology": null, "name:etymology:wikidata": null, "name:etymology:wikipedia": null, "name:hi": null, "name:pnb": null, "tourism": null, "wikidata": null, "wikimedia_commons": null, "wikipedia": null, "wikipedia:pnb": null, "name:ml": null, "area": null, "landuse": null, "operator:short": "CDA", "operator:type": "public", "operator:wikidata": "Q5035545", "created_by": null, "shop": null, "natural": null, "brand": null, "brand:ar": null, "brand:pnb": null, "brand:ps": null, "brand:ur": null, "brand:wikidata": null, "brand:wikipedia": null, "brand:wikipedia:ar": null, "brand:wikipedia:pnb": null, "brand:wikipedia:ps": null, "brand:wikipedia:ur": null, "surface": null, "type": null, "access": null, "barrier": null, "boundary": null, "operator:ur": null, "max_age": null, "min_age": null, "playground:theme": null }, "geometry": { "type": "Polygon", "coordinates": [ [ [ 73.0670869, 33.7224018 ], [ 73.0659729, 33.7217661 ], [ 73.0671926, 33.7201261 ], [ 73.0683472, 33.7207585 ], [ 73.0670869, 33.7224018 ] ] ] } },
{ "type": "Feature", "properties": { "element": "way", "id": 506886703, "is_in": null, "leisure": null, "name": null, "sport": null, "name:en": null, "name:ur": null, "addr:city": null, "addr:city:ar": null, "addr:city:en": null, "addr:city:ks": null, "addr:city:pnb": null, "addr:city:ps": null, "addr:city:sd": null, "addr:city:ur": null, "addr:street": null, "operator": null, "alt_name": null, "alt_name:ar": null, "alt_name:ur": null, "alt_name:zh-Hans": null, "name:ar": null, "name:etymology": null, "name:etymology:wikidata": null, "name:etymology:wikipedia": null, "name:hi": null, "name:pnb": null, "tourism": null, "wikidata": null, "wikimedia_commons": null, "wikipedia": null, "wikipedia:pnb": null, "name:ml": null, "area": null, "landuse": "forest", "operator:short": null, "operator:type": null, "operator:wikidata": null, "created_by": null, "shop": null, "natural": null, "brand": null, "brand:ar": null, "brand:pnb": null, "brand:ps": null, "brand:ur": null, "brand:wikidata": null, "brand:wikipedia": null, "brand:wikipedia:ar": null, "brand:wikipedia:pnb": null, "brand:wikipedia:ps": null, "brand:wikipedia:ur": null, "surface": null, "type": null, "access": null, "barrier": null, "boundary": null, "operator:ur": null, "max_age": null, "min_age": null, "playground:theme": null }, "geometry": { "type": "Polygon", "coordinates": [ [ [ 73.021349, 33.7154895 ], [ 73.0210807, 33.7153971 ], [ 73.0211859, 33.7150405 ], [ 73.0229356, 33.7154519 ], [ 73.0229849, 33.7154801 ], [ 73.0230096, 33.7155211 ], [ 73.0227292, 33.7162284 ], [ 73.0225443, 33.7161771 ], [ 73.0226244, 33.7159516 ], [ 73.0220298, 33.7157799 ], [ 73.0219651, 33.7159926 ], [ 73.0221099, 33.7160208 ], [ 73.022076, 33.7161259 ], [ 73.0213982, 33.7159465 ], [ 73.021321, 33.7161642 ], [ 73.0210647, 33.716096 ], [ 73.0211759, 33.7157775 ], [ 73.0212315, 33.7157721 ], [ 73.021349, 33.7154895 ] ] ] } },
{ "type": "Feature", "properties": { "element": "way", "id": 545005555, "is_in": null, "leisure": "park", "name": "The Centaurus Park", "sport": null, "name:en": null, "name:ur": null, "addr:city": null, "addr:city:ar": null, "addr:city:en": null, "addr:city:ks": null, "addr:city:pnb": null, "addr:city:ps": null, "addr:city:sd": null, "addr:city:ur": null, "addr:street": null, "operator": null, "alt_name": null, "alt_name:ar": null, "alt_name:ur": null, "alt_name:zh-Hans": null, "name:ar": null, "name:etymology": null, "name:etymology:wikidata": null, "name:etymology:wikipedia": null, "name:hi": null, "name:pnb": null, "tourism": null, "wikidata": null, "wikimedia_commons": null, "wikipedia": null, "wikipedia:pnb": null, "name:ml": null, "area": null, "landuse": null, "operator:short": null, "operator:type": null, "operator:wikidata": null, "created_by": null, "shop": null, "natural": null, "brand": null, "brand:ar": null, "brand:pnb": null, "brand:ps": null, "brand:ur": null, "brand:wikidata": null, "brand:wikipedia": null, "brand:wikipedia:ar": null, "brand:wikipedia:pnb": null, "brand:wikipedia:ps": null, "brand:wikipedia:ur": null, "surface": null, "type": null, "access": null, "barrier": null, "boundary": null, "operator:ur": null, "max_age": null, "min_age": null, "playground:theme": null }, "geometry": { "type": "Polygon", "coordinates": [ [ [ 73.0527161, 33.7098762 ], [ 73.0526988, 33.7098954 ], [ 73.0526728, 33.7099013 ], [ 73.0526385, 33.7099023 ], [ 73.0525806, 33.7098758 ], [ 73.0522934, 33.7097322 ], [ 73.0530226, 33.7087172 ], [ 73.0531166, 33.7088013 ], [ 73.0531739, 33.7088899 ], [ 73.053209, 33.7089787 ], [ 73.0532284, 33.7090675 ], [ 73.0532175, 33.7091921 ], [ 73.0531621, 33.7092995 ], [ 73.0527161, 33.7098762 ] ] ] } },
{ "type": "Feature", "properties": { "element": "way", "id": 545007955, "is_in": null, "leisure": "park", "name": null, "sport": null, "name:en": null, "name:ur": null, "addr:city": null, "addr:city:ar": null, "addr:city:en": null, "addr:city:ks": null, "addr:city:pnb": null, "addr:city:ps": null, "addr:city:sd": null, "addr:city:ur": null, "addr:street": null, "operator": null, "alt_name": null, "alt_name:ar": null, "alt_name:ur": null, "alt_name:zh-Hans": null, "name:ar": null, "name:etymology": null, "name:etymology:wikidata": null, "name:etymology:wikipedia": null, "name:hi": null, "name:pnb": null, "tourism": null, "wikidata": null, "wikimedia_commons": null, "wikipedia": null, "wikipedia:pnb": null, "name:ml": null, "area": null, "landuse": null, "operator:short": null, "operator:type": null, "operator:wikidata": null, "created_by": null, "shop": null, "natural": null, "brand": null, "brand:ar": null, "brand:pnb": null, "brand:ps": null, "brand:ur": null, "brand:wikidata": null, "brand:wikipedia": null, "brand:wikipedia:ar": null, "brand:wikipedia:pnb": null, "brand:wikipedia:ps": null, "brand:wikipedia:ur": null, "surface": null, "type": null, "access": null, "barrier": null, "boundary": null, "operator:ur": null, "max_age": null, "min_age": null, "playground:theme": null }, "geometry": { "type": "Polygon", "coordinates": [ [ [ 73.0465287, 33.7079079 ], [ 73.0467107, 33.7079967 ], [ 73.0465615, 33.7082081 ], [ 73.0463796, 33.7081193 ], [ 73.0465287, 33.7079079 ] ] ] } },
{ "type": "Feature", "properties": { "element": "way", "id": 545019373, "is_in": null, "leisure": null, "name": null, "sport": null, "name:en": null, "name:ur": null, "addr:city": null, "addr:city:ar": null, "addr:city:en": null, "addr:city:ks": null, "addr:city:pnb": null, "addr:city:ps": null, "addr:city:sd": null, "addr:city:ur": null, "addr:street": null, "operator": null, "alt_name": null, "alt_name:ar": null, "alt_name:ur": null, "alt_name:zh-Hans": null, "name:ar": null, "name:etymology": null, "name:etymology:wikidata": null, "name:etymology:wikipedia": null, "name:hi": null, "name:pnb": null, "tourism": null, "wikidata": null, "wikimedia_commons": null, "wikipedia": null, "wikipedia:pnb": null, "name:ml": null, "area": null, "landuse": "grass", "operator:short": null, "operator:type": null, "operator:wikidata": null, "created_by": null, "shop": null, "natural": null, "brand": null, "brand:ar": null, "brand:pnb": null, "brand:ps": null, "brand:ur": null, "brand:wikidata": null, "brand:wikipedia": null, "brand:wikipedia:ar": null, "brand:wikipedia:pnb": null, "brand:wikipedia:ps": null, "brand:wikipedia:ur": null, "surface": null, "type": null, "access": null, "barrier": null, "boundary": null, "operator:ur": null, "max_age": null, "min_age": null, "playground:theme": null }, "geometry": { "type": "Polygon", "coordinates": [ [ [ 72.9926929, 33.6954709 ], [ 72.9929739, 33.695618 ], [ 72.9968119, 33.69761 ], [ 72.9987323, 33.6986231 ], [ 73.0006734, 33.6996312 ], [ 73.0013967, 33.7000473 ], [ 73.0019211, 33.700354 ], [ 73.0024184, 33.7005761 ], [ 73.003622, 33.7011559 ], [ 73.0048128, 33.7017746 ], [ 73.0065, 33.7026777 ], [ 73.0079216, 33.7035033 ], [ 73.0083471, 33.7036939 ], [ 73.0103999, 33.7047194 ], [ 73.0127577, 33.7059485 ], [ 73.0129768, 33.7060914 ], [ 73.0129811, 33.7062271 ], [ 73.0129695, 33.7064755 ], [ 73.012704, 33.7066272 ], [ 73.0123526, 33.7065268 ], [ 73.0107841, 33.7056995 ], [ 73.0087182, 33.7046279 ], [ 73.0074837, 33.7039948 ], [ 73.0072526, 33.7043032 ], [ 73.0071243, 33.7044652 ], [ 73.005753, 33.7065216 ], [ 73.0049861, 33.7081878 ], [ 73.0046704, 33.709261 ], [ 73.0044178, 33.7107995 ], [ 73.0042644, 33.710882 ], [ 73.0022345, 33.710852 ], [ 73.0016924, 33.7107714 ], [ 73.0005293, 33.7105668 ], [ 72.9987069, 33.7099214 ], [ 72.9978589, 33.7097563 ], [ 72.9964876, 33.7094861 ], [ 72.9954591, 33.7093886 ], [ 72.9947463, 33.709306 ], [ 72.9941058, 33.7090358 ], [ 72.9928698, 33.708473 ], [ 72.9919315, 33.7083829 ], [ 72.9910474, 33.7084429 ], [ 72.9903076, 33.7086531 ], [ 72.9893423, 33.7089158 ], [ 72.988404, 33.7089233 ], [ 72.9878988, 33.7089233 ], [ 72.9871409, 33.7087131 ], [ 72.9865365, 33.7084054 ], [ 72.9848313, 33.7075273 ], [ 72.9832255, 33.7066792 ], [ 72.9829999, 33.7069795 ], [ 72.9864643, 33.7088107 ], [ 72.9872221, 33.7091334 ], [ 72.9879439, 33.709276 ], [ 72.9889453, 33.7093285 ], [ 72.9895227, 33.709276 ], [ 72.9899648, 33.7091484 ], [ 72.9909211, 33.7089158 ], [ 72.9917601, 33.7087657 ], [ 72.9925811, 33.7088332 ], [ 72.9935194, 33.7091934 ], [ 72.994178, 33.7095387 ], [ 72.9949178, 33.7097338 ], [ 72.9956034, 33.7097788 ], [ 72.997083, 33.7099364 ], [ 72.9985631, 33.7102243 ], [ 72.9989235, 33.7104468 ], [ 73.000403, 33.7109046 ], [ 73.0014496, 33.7110997 ], [ 73.0022615, 33.7111822 ], [ 73.0042283, 33.7112798 ], [ 73.0043907, 33.7114374 ], [ 73.0045892, 33.7115049 ], [ 73.0048508, 33.7114599 ], [ 73.004923, 33.7113699 ], [ 73.0068717, 33.711595 ], [ 73.0079273, 33.7119102 ], [ 73.0088204, 33.7122854 ], [ 73.0096865, 33.7129683 ], [ 73.0108052, 33.7138839 ], [ 73.0088926, 33.7154899 ], [ 73.0082701, 33.7162478 ], [ 73.0078551, 33.7169607 ], [ 73.0068446, 33.7188968 ], [ 73.0060056, 33.7203301 ], [ 73.0060492, 33.7205029 ], [ 72.975706, 33.7141474 ], [ 72.9590171, 33.7106517 ], [ 72.9546636, 33.7097398 ], [ 72.9574531, 33.7060894 ], [ 72.9612779, 33.700926 ], [ 72.9616763, 33.7011242 ], [ 72.96189, 33.701071 ], [ 72.9622744, 33.7005734 ], [ 72.9624957, 33.7003023 ], [ 72.9627232, 33.7002131 ], [ 72.9631555, 33.7003838 ], [ 72.9635387, 33.7005963 ], [ 72.9691804, 33.7035758 ], [ 72.9720215, 33.7050535 ], [ 72.9734606, 33.705815 ], [ 72.9742625, 33.7062255 ], [ 72.9748441, 33.7065268 ], [ 72.9760724, 33.7071861 ], [ 72.9773417, 33.7078499 ], [ 72.9780015, 33.7082047 ], [ 72.9786408, 33.7085541 ], [ 72.9795212, 33.7090129 ], [ 72.9796055, 33.7090665 ], [ 72.9797859, 33.7090353 ], [ 72.9805189, 33.7080187 ], [ 72.9812926, 33.7070132 ], [ 72.9813677, 33.7069708 ], [ 72.9820785, 33.7060136 ], [ 72.9835502, 33.7039623 ], [ 72.9853005, 33.7016882 ], [ 72.9870056, 33.6995415 ], [ 72.9874657, 33.6991963 ], [ 72.9880612, 33.6988435 ], [ 72.9884581, 33.6985508 ], [ 72.9888138, 33.6981575 ], [ 72.9896459, 33.6969886 ], [ 72.9902023, 33.6962637 ], [ 72.9920846, 33.6955749 ], [ 72.9923786, 33.6955018 ], [ 72.9926186, 33.6954624 ], [ 72.9926929, 33.6954709 ] ] ] } },
{ "type": "Feature", "properties": { "element": "way", "id": 549409748, "is_in": null, "leisure": "playground", "name": "Play Area", "sport": null, "name:en": null, "name:ur": null, "addr:city": null, "addr:city:ar": null, "addr:city:en": null, "addr:city:ks": null, "addr:city:pnb": null, "addr:city:ps": null, "addr:city:sd": null, "addr:city:ur": null, "addr:street": null, "operator": null, "alt_name": null, "alt_name:ar": null, "alt_name:ur": null, "alt_name:zh-Hans": null, "name:ar": null, "name:etymology": null, "name:etymology:wikidata": null, "name:etymology:wikipedia": null, "name:hi": null, "name:pnb": null, "tourism": null, "wikidata": null, "wikimedia_commons": null, "wikipedia": null, "wikipedia:pnb": null, "name:ml": null, "area": null, "landuse": null, "operator:short": null, "operator:type": null, "operator:wikidata": null, "created_by": null, "shop": null, "natural": null, "brand": null, "brand:ar": null, "brand:pnb": null, "brand:ps": null, "brand:ur": null, "brand:wikidata": null, "brand:wikipedia": null, "brand:wikipedia:ar": null, "brand:wikipedia:pnb": null, "brand:wikipedia:ps": null, "brand:wikipedia:ur": null, "surface": null, "type": null, "access": null, "barrier": null, "boundary": null, "operator:ur": null, "max_age": null, "min_age": null, "playground:theme": null }, "geometry": { "type": "Polygon", "coordinates": [ [ [ 73.018555, 33.6987237 ], [ 73.018562, 33.6987294 ], [ 73.0185575, 33.6987343 ], [ 73.0185552, 33.698739 ], [ 73.0185561, 33.6987428 ], [ 73.0185595, 33.6987456 ], [ 73.0185648, 33.6987482 ], [ 73.0185685, 33.6987468 ], [ 73.018571, 33.6987447 ], [ 73.0185772, 33.6987493 ], [ 73.0185801, 33.6987512 ], [ 73.018584, 33.6987512 ], [ 73.0185885, 33.6987493 ], [ 73.0186111, 33.6987306 ], [ 73.0186122, 33.6987282 ], [ 73.0186111, 33.6987247 ], [ 73.018584, 33.6987038 ], [ 73.0185802, 33.6987036 ], [ 73.0185769, 33.698705 ], [ 73.018555, 33.6987237 ] ] ] } },
{ "type": "Feature", "properties": { "element": "way", "id": 549409750, "is_in": null, "leisure": "playground", "name": "Play Area", "sport": null, "name:en": null, "name:ur": null, "addr:city": null, "addr:city:ar": null, "addr:city:en": null, "addr:city:ks": null, "addr:city:pnb": null, "addr:city:ps": null, "addr:city:sd": null, "addr:city:ur": null, "addr:street": null, "operator": null, "alt_name": null, "alt_name:ar": null, "alt_name:ur": null, "alt_name:zh-Hans": null, "name:ar": null, "name:etymology": null, "name:etymology:wikidata": null, "name:etymology:wikipedia": null, "name:hi": null, "name:pnb": null, "tourism": null, "wikidata": null, "wikimedia_commons": null, "wikipedia": null, "wikipedia:pnb": null, "name:ml": null, "area": null, "landuse": null, "operator:short": null, "operator:type": null, "operator:wikidata": null, "created_by": null, "shop": null, "natural": null, "brand": null, "brand:ar": null, "brand:pnb": null, "brand:ps": null, "brand:ur": null, "brand:wikidata": null, "brand:wikipedia": null, "brand:wikipedia:ar": null, "brand:wikipedia:pnb": null, "brand:wikipedia:ps": null, "brand:wikipedia:ur": null, "surface": null, "type": null, "access": null, "barrier": null, "boundary": null, "operator:ur": null, "max_age": null, "min_age": null, "playground:theme": null }, "geometry": { "type": "Polygon", "coordinates": [ [ [ 73.0187183, 33.6988338 ], [ 73.0187253, 33.6988396 ], [ 73.0187208, 33.6988445 ], [ 73.0187186, 33.6988492 ], [ 73.0187194, 33.6988529 ], [ 73.0187228, 33.6988558 ], [ 73.0187281, 33.6988583 ], [ 73.0187318, 33.6988569 ], [ 73.0187343, 33.6988548 ], [ 73.0187405, 33.6988595 ], [ 73.0187434, 33.6988614 ], [ 73.0187473, 33.6988614 ], [ 73.0187518, 33.6988595 ], [ 73.0187744, 33.6988407 ], [ 73.0187755, 33.6988384 ], [ 73.0187744, 33.6988349 ], [ 73.0187473, 33.698814 ], [ 73.0187435, 33.6988138 ], [ 73.0187402, 33.6988152 ], [ 73.0187183, 33.6988338 ] ] ] } },
{ "type": "Feature", "properties": { "element": "way", "id": 550480384, "is_in": null, "leisure": null, "name": null, "sport": null, "name:en": null, "name:ur": null, "addr:city": null, "addr:city:ar": null, "addr:city:en": null, "addr:city:ks": null, "addr:city:pnb": null, "addr:city:ps": null, "addr:city:sd": null, "addr:city:ur": null, "addr:street": null, "operator": null, "alt_name": null, "alt_name:ar": null, "alt_name:ur": null, "alt_name:zh-Hans": null, "name:ar": null, "name:etymology": null, "name:etymology:wikidata": null, "name:etymology:wikipedia": null, "name:hi": null, "name:pnb": null, "tourism": null, "wikidata": null, "wikimedia_commons": null, "wikipedia": null, "wikipedia:pnb": null, "name:ml": null, "area": null, "landuse": "forest", "operator:short": null, "operator:type": null, "operator:wikidata": null, "created_by": null, "shop": null, "natural": null, "brand": null, "brand:ar": null, "brand:pnb": null, "brand:ps": null, "brand:ur": null, "brand:wikidata": null, "brand:wikipedia": null, "brand:wikipedia:ar": null, "brand:wikipedia:pnb": null, "brand:wikipedia:ps": null, "brand:wikipedia:ur": null, "surface": null, "type": null, "access": null, "barrier": null, "boundary": null, "operator:ur": null, "max_age": null, "min_age": null, "playground:theme": null }, "geometry": { "type": "Polygon", "coordinates": [ [ [ 73.0244141, 33.6952929 ], [ 73.019351, 33.692689 ], [ 73.017281, 33.6915049 ], [ 73.0144444, 33.6953418 ], [ 73.015425, 33.6958397 ], [ 73.015911, 33.6951379 ], [ 73.0172371, 33.6955222 ], [ 73.0176392, 33.6950097 ], [ 73.0180242, 33.6951948 ], [ 73.0180927, 33.6951236 ], [ 73.0186659, 33.6953656 ], [ 73.018067, 33.6962839 ], [ 73.0182552, 33.6964262 ], [ 73.0181953, 33.6967038 ], [ 73.0197781, 33.6976078 ], [ 73.0210186, 33.6972733 ], [ 73.0221907, 33.695928 ], [ 73.0234655, 33.6966184 ], [ 73.0244141, 33.6952929 ] ] ] } },
{ "type": "Feature", "properties": { "element": "way", "id": 556236824, "is_in": null, "leisure": "park", "name": null, "sport": null, "name:en": null, "name:ur": null, "addr:city": null, "addr:city:ar": null, "addr:city:en": null, "addr:city:ks": null, "addr:city:pnb": null, "addr:city:ps": null, "addr:city:sd": null, "addr:city:ur": null, "addr:street": null, "operator": null, "alt_name": null, "alt_name:ar": null, "alt_name:ur": null, "alt_name:zh-Hans": null, "name:ar": null, "name:etymology": null, "name:etymology:wikidata": null, "name:etymology:wikipedia": null, "name:hi": null, "name:pnb": null, "tourism": null, "wikidata": null, "wikimedia_commons": null, "wikipedia": null, "wikipedia:pnb": null, "name:ml": null, "area": null, "landuse": null, "operator:short": null, "operator:type": null, "operator:wikidata": null, "created_by": null, "shop": null, "natural": null, "brand": null, "brand:ar": null, "brand:pnb": null, "brand:ps": null, "brand:ur": null, "brand:wikidata": null, "brand:wikipedia": null, "brand:wikipedia:ar": null, "brand:wikipedia:pnb": null, "brand:wikipedia:ps": null, "brand:wikipedia:ur": null, "surface": null, "type": null, "access": null, "barrier": null, "boundary": null, "operator:ur": null, "max_age": null, "min_age": null, "playground:theme": null }, "geometry": { "type": "Polygon", "coordinates": [ [ [ 73.012264, 33.6963236 ], [ 73.0124265, 33.6964089 ], [ 73.0127375, 33.6959985 ], [ 73.012575, 33.6959133 ], [ 73.012264, 33.6963236 ] ] ] } },
{ "type": "Feature", "properties": { "element": "way", "id": 556279024, "is_in": null, "leisure": "park", "name": null, "sport": null, "name:en": null, "name:ur": null, "addr:city": null, "addr:city:ar": null, "addr:city:en": null, "addr:city:ks": null, "addr:city:pnb": null, "addr:city:ps": null, "addr:city:sd": null, "addr:city:ur": null, "addr:street": null, "operator": null, "alt_name": null, "alt_name:ar": null, "alt_name:ur": null, "alt_name:zh-Hans": null, "name:ar": null, "name:etymology": null, "name:etymology:wikidata": null, "name:etymology:wikipedia": null, "name:hi": null, "name:pnb": null, "tourism": null, "wikidata": null, "wikimedia_commons": null, "wikipedia": null, "wikipedia:pnb": null, "name:ml": null, "area": null, "landuse": null, "operator:short": null, "operator:type": null, "operator:wikidata": null, "created_by": null, "shop": null, "natural": null, "brand": null, "brand:ar": null, "brand:pnb": null, "brand:ps": null, "brand:ur": null, "brand:wikidata": null, "brand:wikipedia": null, "brand:wikipedia:ar": null, "brand:wikipedia:pnb": null, "brand:wikipedia:ps": null, "brand:wikipedia:ur": null, "surface": null, "type": null, "access": null, "barrier": null, "boundary": null, "operator:ur": null, "max_age": null, "min_age": null, "playground:theme": null }, "geometry": { "type": "Polygon", "coordinates": [ [ [ 73.0459793, 33.7086377 ], [ 73.0465605, 33.7088926 ], [ 73.0467389, 33.7085354 ], [ 73.0467442, 33.7085154 ], [ 73.0467442, 33.7084841 ], [ 73.0467362, 33.7084585 ], [ 73.0467147, 33.7084339 ], [ 73.0460047, 33.7081009 ], [ 73.0459793, 33.7086377 ] ] ] } },
{ "type": "Feature", "properties": { "element": "way", "id": 557398389, "is_in": null, "leisure": "park", "name": null, "sport": null, "name:en": null, "name:ur": null, "addr:city": null, "addr:city:ar": null, "addr:city:en": null, "addr:city:ks": null, "addr:city:pnb": null, "addr:city:ps": null, "addr:city:sd": null, "addr:city:ur": null, "addr:street": null, "operator": null, "alt_name": null, "alt_name:ar": null, "alt_name:ur": null, "alt_name:zh-Hans": null, "name:ar": null, "name:etymology": null, "name:etymology:wikidata": null, "name:etymology:wikipedia": null, "name:hi": null, "name:pnb": null, "tourism": null, "wikidata": null, "wikimedia_commons": null, "wikipedia": null, "wikipedia:pnb": null, "name:ml": null, "area": null, "landuse": null, "operator:short": null, "operator:type": null, "operator:wikidata": null, "created_by": null, "shop": null, "natural": null, "brand": null, "brand:ar": null, "brand:pnb": null, "brand:ps": null, "brand:ur": null, "brand:wikidata": null, "brand:wikipedia": null, "brand:wikipedia:ar": null, "brand:wikipedia:pnb": null, "brand:wikipedia:ps": null, "brand:wikipedia:ur": null, "surface": null, "type": null, "access": null, "barrier": null, "boundary": null, "operator:ur": null, "max_age": null, "min_age": null, "playground:theme": null }, "geometry": { "type": "Polygon", "coordinates": [ [ [ 73.0465988, 33.6991432 ], [ 73.0470544, 33.6993815 ], [ 73.0469236, 33.6995635 ], [ 73.0467142, 33.6994574 ], [ 73.046468, 33.6993327 ], [ 73.0465988, 33.6991432 ] ] ] } },
{ "type": "Feature", "properties": { "element": "way", "id": 558241288, "is_in": null, "leisure": "park", "name": null, "sport": null, "name:en": null, "name:ur": null, "addr:city": null, "addr:city:ar": null, "addr:city:en": null, "addr:city:ks": null, "addr:city:pnb": null, "addr:city:ps": null, "addr:city:sd": null, "addr:city:ur": null, "addr:street": null, "operator": null, "alt_name": null, "alt_name:ar": null, "alt_name:ur": null, "alt_name:zh-Hans": null, "name:ar": null, "name:etymology": null, "name:etymology:wikidata": null, "name:etymology:wikipedia": null, "name:hi": null, "name:pnb": null, "tourism": null, "wikidata": null, "wikimedia_commons": null, "wikipedia": null, "wikipedia:pnb": null, "name:ml": null, "area": null, "landuse": null, "operator:short": null, "operator:type": null, "operator:wikidata": null, "created_by": null, "shop": null, "natural": null, "brand": null, "brand:ar": null, "brand:pnb": null, "brand:ps": null, "brand:ur": null, "brand:wikidata": null, "brand:wikipedia": null, "brand:wikipedia:ar": null, "brand:wikipedia:pnb": null, "brand:wikipedia:ps": null, "brand:wikipedia:ur": null, "surface": null, "type": null, "access": null, "barrier": null, "boundary": null, "operator:ur": null, "max_age": null, "min_age": null, "playground:theme": null }, "geometry": { "type": "Polygon", "coordinates": [ [ [ 73.0146624, 33.6759022 ], [ 73.0153251, 33.6762495 ], [ 73.0156949, 33.6757609 ], [ 73.0150322, 33.6754136 ], [ 73.0146624, 33.6759022 ] ] ] } },
{ "type": "Feature", "properties": { "element": "way", "id": 558244979, "is_in": null, "leisure": "park", "name": null, "sport": null, "name:en": null, "name:ur": null, "addr:city": null, "addr:city:ar": null, "addr:city:en": null, "addr:city:ks": null, "addr:city:pnb": null, "addr:city:ps": null, "addr:city:sd": null, "addr:city:ur": null, "addr:street": null, "operator": null, "alt_name": null, "alt_name:ar": null, "alt_name:ur": null, "alt_name:zh-Hans": null, "name:ar": null, "name:etymology": null, "name:etymology:wikidata": null, "name:etymology:wikipedia": null, "name:hi": null, "name:pnb": null, "tourism": null, "wikidata": null, "wikimedia_commons": null, "wikipedia": null, "wikipedia:pnb": null, "name:ml": null, "area": null, "landuse": null, "operator:short": null, "operator:type": null, "operator:wikidata": null, "created_by": null, "shop": null, "natural": null, "brand": null, "brand:ar": null, "brand:pnb": null, "brand:ps": null, "brand:ur": null, "brand:wikidata": null, "brand:wikipedia": null, "brand:wikipedia:ar": null, "brand:wikipedia:pnb": null, "brand:wikipedia:ps": null, "brand:wikipedia:ur": null, "surface": null, "type": null, "access": null, "barrier": null, "boundary": null, "operator:ur": null, "max_age": null, "min_age": null, "playground:theme": null }, "geometry": { "type": "Polygon", "coordinates": [ [ [ 73.0587254, 33.7214681 ], [ 73.0588317, 33.7215237 ], [ 73.0591988, 33.7210385 ], [ 73.0590925, 33.7209829 ], [ 73.0587254, 33.7214681 ] ] ] } },
{ "type": "Feature", "properties": { "element": "way", "id": 558244982, "is_in": null, "leisure": "pitch", "name": null, "sport": "cricket", "name:en": null, "name:ur": null, "addr:city": null, "addr:city:ar": null, "addr:city:en": null, "addr:city:ks": null, "addr:city:pnb": null, "addr:city:ps": null, "addr:city:sd": null, "addr:city:ur": null, "addr:street": null, "operator": null, "alt_name": null, "alt_name:ar": null, "alt_name:ur": null, "alt_name:zh-Hans": null, "name:ar": null, "name:etymology": null, "name:etymology:wikidata": null, "name:etymology:wikipedia": null, "name:hi": null, "name:pnb": null, "tourism": null, "wikidata": null, "wikimedia_commons": null, "wikipedia": null, "wikipedia:pnb": null, "name:ml": null, "area": null, "landuse": null, "operator:short": null, "operator:type": null, "operator:wikidata": null, "created_by": null, "shop": null, "natural": null, "brand": null, "brand:ar": null, "brand:pnb": null, "brand:ps": null, "brand:ur": null, "brand:wikidata": null, "brand:wikipedia": null, "brand:wikipedia:ar": null, "brand:wikipedia:pnb": null, "brand:wikipedia:ps": null, "brand:wikipedia:ur": null, "surface": null, "type": null, "access": null, "barrier": null, "boundary": null, "operator:ur": null, "max_age": null, "min_age": null, "playground:theme": null }, "geometry": { "type": "Polygon", "coordinates": [ [ [ 73.0578085, 33.7244723 ], [ 73.058405, 33.7248172 ], [ 73.0582902, 33.7249711 ], [ 73.0592024, 33.7253876 ], [ 73.0599169, 33.7242919 ], [ 73.0599393, 33.724215 ], [ 73.0599393, 33.7241434 ], [ 73.0599169, 33.7240426 ], [ 73.0598531, 33.7239524 ], [ 73.0598021, 33.7239099 ], [ 73.0589728, 33.7234828 ], [ 73.059193, 33.7231882 ], [ 73.0589369, 33.7230532 ], [ 73.058643, 33.7228982 ], [ 73.0582455, 33.7234216 ], [ 73.0581959, 33.7235117 ], [ 73.0581895, 33.7235886 ], [ 73.0582023, 33.7236417 ], [ 73.0582246, 33.7236868 ], [ 73.0578085, 33.7244723 ] ] ] } },
{ "type": "Feature", "properties": { "element": "way", "id": 558731830, "is_in": null, "leisure": "park", "name": null, "sport": null, "name:en": null, "name:ur": null, "addr:city": "اسلام آباد", "addr:city:ar": "إسلام آباد", "addr:city:en": null, "addr:city:ks": null, "addr:city:pnb": null, "addr:city:ps": null, "addr:city:sd": null, "addr:city:ur": "اسلام آباد", "addr:street": null, "operator": null, "alt_name": null, "alt_name:ar": null, "alt_name:ur": null, "alt_name:zh-Hans": null, "name:ar": null, "name:etymology": null, "name:etymology:wikidata": null, "name:etymology:wikipedia": null, "name:hi": null, "name:pnb": null, "tourism": null, "wikidata": null, "wikimedia_commons": null, "wikipedia": null, "wikipedia:pnb": null, "name:ml": null, "area": null, "landuse": null, "operator:short": null, "operator:type": null, "operator:wikidata": null, "created_by": null, "shop": null, "natural": null, "brand": null, "brand:ar": null, "brand:pnb": null, "brand:ps": null, "brand:ur": null, "brand:wikidata": null, "brand:wikipedia": null, "brand:wikipedia:ar": null, "brand:wikipedia:pnb": null, "brand:wikipedia:ps": null, "brand:wikipedia:ur": null, "surface": null, "type": null, "access": null, "barrier": null, "boundary": null, "operator:ur": null, "max_age": null, "min_age": null, "playground:theme": null }, "geometry": { "type": "Polygon", "coordinates": [ [ [ 73.0095336, 33.6982137 ], [ 73.0101733, 33.6985204 ], [ 73.0101956, 33.6985204 ], [ 73.0102195, 33.6985151 ], [ 73.0102371, 33.6985071 ], [ 73.0102403, 33.6984939 ], [ 73.0101414, 33.6984328 ], [ 73.010135, 33.6984196 ], [ 73.010135, 33.6984023 ], [ 73.0102561, 33.6982064 ], [ 73.0102641, 33.6981796 ], [ 73.0102551, 33.698145 ], [ 73.0102395, 33.6980887 ], [ 73.010228, 33.6980505 ], [ 73.0102158, 33.6980122 ], [ 73.010181, 33.6979832 ], [ 73.0098152, 33.6978076 ], [ 73.0095336, 33.6982137 ] ] ] } },
{ "type": "Feature", "properties": { "element": "way", "id": 558775613, "is_in": null, "leisure": "park", "name": null, "sport": null, "name:en": null, "name:ur": null, "addr:city": null, "addr:city:ar": null, "addr:city:en": null, "addr:city:ks": null, "addr:city:pnb": null, "addr:city:ps": null, "addr:city:sd": null, "addr:city:ur": null, "addr:street": null, "operator": null, "alt_name": null, "alt_name:ar": null, "alt_name:ur": null, "alt_name:zh-Hans": null, "name:ar": null, "name:etymology": null, "name:etymology:wikidata": null, "name:etymology:wikipedia": null, "name:hi": null, "name:pnb": null, "tourism": null, "wikidata": null, "wikimedia_commons": null, "wikipedia": null, "wikipedia:pnb": null, "name:ml": null, "area": null, "landuse": null, "operator:short": null, "operator:type": null, "operator:wikidata": null, "created_by": null, "shop": null, "natural": null, "brand": null, "brand:ar": null, "brand:pnb": null, "brand:ps": null, "brand:ur": null, "brand:wikidata": null, "brand:wikipedia": null, "brand:wikipedia:ar": null, "brand:wikipedia:pnb": null, "brand:wikipedia:ps": null, "brand:wikipedia:ur": null, "surface": null, "type": null, "access": null, "barrier": null, "boundary": null, "operator:ur": null, "max_age": null, "min_age": null, "playground:theme": null }, "geometry": { "type": "Polygon", "coordinates": [ [ [ 73.0570396, 33.7263349 ], [ 73.0580958, 33.7268809 ], [ 73.0588112, 33.7258952 ], [ 73.0584228, 33.7256904 ], [ 73.0580641, 33.7255012 ], [ 73.0568061, 33.7248523 ], [ 73.0564763, 33.7253023 ], [ 73.0564971, 33.7253888 ], [ 73.0573854, 33.7258603 ], [ 73.0570396, 33.7263349 ] ] ] } },
{ "type": "Feature", "properties": { "element": "way", "id": 560030335, "is_in": null, "leisure": "park", "name": null, "sport": null, "name:en": null, "name:ur": null, "addr:city": null, "addr:city:ar": null, "addr:city:en": null, "addr:city:ks": null, "addr:city:pnb": null, "addr:city:ps": null, "addr:city:sd": null, "addr:city:ur": null, "addr:street": null, "operator": null, "alt_name": null, "alt_name:ar": null, "alt_name:ur": null, "alt_name:zh-Hans": null, "name:ar": null, "name:etymology": null, "name:etymology:wikidata": null, "name:etymology:wikipedia": null, "name:hi": null, "name:pnb": null, "tourism": null, "wikidata": null, "wikimedia_commons": null, "wikipedia": null, "wikipedia:pnb": null, "name:ml": null, "area": null, "landuse": null, "operator:short": null, "operator:type": null, "operator:wikidata": null, "created_by": null, "shop": null, "natural": null, "brand": null, "brand:ar": null, "brand:pnb": null, "brand:ps": null, "brand:ur": null, "brand:wikidata": null, "brand:wikipedia": null, "brand:wikipedia:ar": null, "brand:wikipedia:pnb": null, "brand:wikipedia:ps": null, "brand:wikipedia:ur": null, "surface": null, "type": null, "access": null, "barrier": null, "boundary": null, "operator:ur": null, "max_age": null, "min_age": null, "playground:theme": null }, "geometry": { "type": "Polygon", "coordinates": [ [ [ 73.0802863, 33.7252937 ], [ 73.0797359, 33.7251399 ], [ 73.0796789, 33.7251111 ], [ 73.0796199, 33.7250531 ], [ 73.0795961, 33.7249984 ], [ 73.0795931, 33.7249668 ], [ 73.079598, 33.7249406 ], [ 73.0797514, 33.7246557 ], [ 73.0801958, 33.7247776 ], [ 73.0802206, 33.7247776 ], [ 73.0802567, 33.7247664 ], [ 73.0802905, 33.7247364 ], [ 73.0803266, 33.7247232 ], [ 73.0803762, 33.7247176 ], [ 73.0804439, 33.724727 ], [ 73.0806311, 33.7248114 ], [ 73.0802863, 33.7252937 ] ] ] } },
{ "type": "Feature", "properties": { "element": "way", "id": 568892436, "is_in": null, "leisure": "park", "name": null, "sport": null, "name:en": null, "name:ur": null, "addr:city": null, "addr:city:ar": null, "addr:city:en": null, "addr:city:ks": null, "addr:city:pnb": null, "addr:city:ps": null, "addr:city:sd": null, "addr:city:ur": null, "addr:street": null, "operator": null, "alt_name": null, "alt_name:ar": null, "alt_name:ur": null, "alt_name:zh-Hans": null, "name:ar": null, "name:etymology": null, "name:etymology:wikidata": null, "name:etymology:wikipedia": null, "name:hi": null, "name:pnb": null, "tourism": null, "wikidata": null, "wikimedia_commons": null, "wikipedia": null, "wikipedia:pnb": null, "name:ml": null, "area": null, "landuse": null, "operator:short": null, "operator:type": null, "operator:wikidata": null, "created_by": null, "shop": null, "natural": null, "brand": null, "brand:ar": null, "brand:pnb": null, "brand:ps": null, "brand:ur": null, "brand:wikidata": null, "brand:wikipedia": null, "brand:wikipedia:ar": null, "brand:wikipedia:pnb": null, "brand:wikipedia:ps": null, "brand:wikipedia:ur": null, "surface": null, "type": null, "access": null, "barrier": null, "boundary": null, "operator:ur": null, "max_age": null, "min_age": null, "playground:theme": null }, "geometry": { "type": "Polygon", "coordinates": [ [ [ 73.040826, 33.7075091 ], [ 73.0416491, 33.7079509 ], [ 73.0415505, 33.7080897 ], [ 73.041835, 33.7082349 ], [ 73.0417325, 33.7084238 ], [ 73.0417272, 33.7084405 ], [ 73.0417352, 33.7084528 ], [ 73.041754, 33.7084617 ], [ 73.0418532, 33.7084785 ], [ 73.0418693, 33.7084785 ], [ 73.0418881, 33.7084684 ], [ 73.0422359, 33.7082013 ], [ 73.0424082, 33.7082915 ], [ 73.0425198, 33.708135 ], [ 73.0423827, 33.7080633 ], [ 73.0426442, 33.7077131 ], [ 73.0435533, 33.7081801 ], [ 73.042383, 33.7097992 ], [ 73.0399987, 33.7085664 ], [ 73.040826, 33.7075091 ] ] ] } },
{ "type": "Feature", "properties": { "element": "way", "id": 568974638, "is_in": null, "leisure": null, "name": null, "sport": null, "name:en": null, "name:ur": null, "addr:city": null, "addr:city:ar": null, "addr:city:en": null, "addr:city:ks": null, "addr:city:pnb": null, "addr:city:ps": null, "addr:city:sd": null, "addr:city:ur": null, "addr:street": null, "operator": null, "alt_name": null, "alt_name:ar": null, "alt_name:ur": null, "alt_name:zh-Hans": null, "name:ar": null, "name:etymology": null, "name:etymology:wikidata": null, "name:etymology:wikipedia": null, "name:hi": null, "name:pnb": null, "tourism": null, "wikidata": null, "wikimedia_commons": null, "wikipedia": null, "wikipedia:pnb": null, "name:ml": null, "area": null, "landuse": "recreation_ground", "operator:short": null, "operator:type": null, "operator:wikidata": null, "created_by": null, "shop": null, "natural": null, "brand": null, "brand:ar": null, "brand:pnb": null, "brand:ps": null, "brand:ur": null, "brand:wikidata": null, "brand:wikipedia": null, "brand:wikipedia:ar": null, "brand:wikipedia:pnb": null, "brand:wikipedia:ps": null, "brand:wikipedia:ur": null, "surface": null, "type": null, "access": null, "barrier": null, "boundary": null, "operator:ur": null, "max_age": null, "min_age": null, "playground:theme": null }, "geometry": { "type": "Polygon", "coordinates": [ [ [ 73.0679403, 33.6777272 ], [ 73.0683777, 33.6779496 ], [ 73.0690677, 33.6770099 ], [ 73.0686303, 33.6767875 ], [ 73.0683148, 33.6772172 ], [ 73.0679403, 33.6777272 ] ] ] } },
{ "type": "Feature", "properties": { "element": "way", "id": 568974639, "is_in": null, "leisure": null, "name": null, "sport": null, "name:en": null, "name:ur": null, "addr:city": null, "addr:city:ar": null, "addr:city:en": null, "addr:city:ks": null, "addr:city:pnb": null, "addr:city:ps": null, "addr:city:sd": null, "addr:city:ur": null, "addr:street": null, "operator": null, "alt_name": null, "alt_name:ar": null, "alt_name:ur": null, "alt_name:zh-Hans": null, "name:ar": null, "name:etymology": null, "name:etymology:wikidata": null, "name:etymology:wikipedia": null, "name:hi": null, "name:pnb": null, "tourism": null, "wikidata": null, "wikimedia_commons": null, "wikipedia": null, "wikipedia:pnb": null, "name:ml": null, "area": null, "landuse": "recreation_ground", "operator:short": null, "operator:type": null, "operator:wikidata": null, "created_by": null, "shop": null, "natural": null, "brand": null, "brand:ar": null, "brand:pnb": null, "brand:ps": null, "brand:ur": null, "brand:wikidata": null, "brand:wikipedia": null, "brand:wikipedia:ar": null, "brand:wikipedia:pnb": null, "brand:wikipedia:ps": null, "brand:wikipedia:ur": null, "surface": null, "type": null, "access": null, "barrier": null, "boundary": null, "operator:ur": null, "max_age": null, "min_age": null, "playground:theme": null }, "geometry": { "type": "Polygon", "coordinates": [ [ [ 73.0677593, 33.6769196 ], [ 73.0677835, 33.6768869 ], [ 73.068037, 33.6765378 ], [ 73.068072, 33.6764902 ], [ 73.0677, 33.6763002 ], [ 73.0673845, 33.6767281 ], [ 73.0677593, 33.6769196 ] ] ] } },
{ "type": "Feature", "properties": { "element": "way", "id": 568978182, "is_in": null, "leisure": "park", "name": "CDA Park maintained by Shifa", "sport": null, "name:en": null, "name:ur": null, "addr:city": null, "addr:city:ar": null, "addr:city:en": null, "addr:city:ks": null, "addr:city:pnb": null, "addr:city:ps": null, "addr:city:sd": null, "addr:city:ur": null, "addr:street": null, "operator": null, "alt_name": null, "alt_name:ar": null, "alt_name:ur": null, "alt_name:zh-Hans": null, "name:ar": null, "name:etymology": null, "name:etymology:wikidata": null, "name:etymology:wikipedia": null, "name:hi": null, "name:pnb": null, "tourism": null, "wikidata": null, "wikimedia_commons": null, "wikipedia": null, "wikipedia:pnb": null, "name:ml": null, "area": null, "landuse": null, "operator:short": null, "operator:type": null, "operator:wikidata": null, "created_by": null, "shop": null, "natural": null, "brand": null, "brand:ar": null, "brand:pnb": null, "brand:ps": null, "brand:ur": null, "brand:wikidata": null, "brand:wikipedia": null, "brand:wikipedia:ar": null, "brand:wikipedia:pnb": null, "brand:wikipedia:ps": null, "brand:wikipedia:ur": null, "surface": null, "type": null, "access": null, "barrier": null, "boundary": null, "operator:ur": null, "max_age": null, "min_age": null, "playground:theme": null }, "geometry": { "type": "Polygon", "coordinates": [ [ [ 73.0681646, 33.6750804 ], [ 73.0681943, 33.6749692 ], [ 73.0682259, 33.6748903 ], [ 73.068253, 33.674849 ], [ 73.0682958, 33.6748021 ], [ 73.068386, 33.6747139 ], [ 73.0684334, 33.6746745 ], [ 73.0684537, 33.6746651 ], [ 73.0684808, 33.6746726 ], [ 73.0685078, 33.6746763 ], [ 73.0685665, 33.6746576 ], [ 73.0686071, 33.6746275 ], [ 73.0686477, 33.6745938 ], [ 73.0687131, 33.6745374 ], [ 73.0687852, 33.6744398 ], [ 73.0688304, 33.674391 ], [ 73.0688503, 33.6743793 ], [ 73.0688664, 33.6743723 ], [ 73.0689161, 33.6743798 ], [ 73.0689454, 33.6743779 ], [ 73.0689747, 33.674361 ], [ 73.0689905, 33.6743366 ], [ 73.0689995, 33.6742953 ], [ 73.069013, 33.6742747 ], [ 73.0690491, 33.6742578 ], [ 73.0690739, 33.674254 ], [ 73.069092, 33.6742559 ], [ 73.0691258, 33.6742803 ], [ 73.0691597, 33.6742822 ], [ 73.0692724, 33.6742615 ], [ 73.0693108, 33.6742484 ], [ 73.0693378, 33.6742259 ], [ 73.0693649, 33.6741883 ], [ 73.0694215, 33.6740838 ], [ 73.0688751, 33.6738011 ], [ 73.0674533, 33.6730656 ], [ 73.0665707, 33.6742285 ], [ 73.067208, 33.6745659 ], [ 73.0673836, 33.6746609 ], [ 73.0681646, 33.6750804 ] ] ] } },
{ "type": "Feature", "properties": { "element": "way", "id": 568978186, "is_in": null, "leisure": null, "name": null, "sport": null, "name:en": null, "name:ur": null, "addr:city": null, "addr:city:ar": null, "addr:city:en": null, "addr:city:ks": null, "addr:city:pnb": null, "addr:city:ps": null, "addr:city:sd": null, "addr:city:ur": null, "addr:street": null, "operator": null, "alt_name": null, "alt_name:ar": null, "alt_name:ur": null, "alt_name:zh-Hans": null, "name:ar": null, "name:etymology": null, "name:etymology:wikidata": null, "name:etymology:wikipedia": null, "name:hi": null, "name:pnb": null, "tourism": null, "wikidata": null, "wikimedia_commons": null, "wikipedia": null, "wikipedia:pnb": null, "name:ml": null, "area": null, "landuse": "grass", "operator:short": null, "operator:type": null, "operator:wikidata": null, "created_by": null, "shop": null, "natural": null, "brand": null, "brand:ar": null, "brand:pnb": null, "brand:ps": null, "brand:ur": null, "brand:wikidata": null, "brand:wikipedia": null, "brand:wikipedia:ar": null, "brand:wikipedia:pnb": null, "brand:wikipedia:ps": null, "brand:wikipedia:ur": null, "surface": null, "type": null, "access": null, "barrier": null, "boundary": null, "operator:ur": null, "max_age": null, "min_age": null, "playground:theme": null }, "geometry": { "type": "Polygon", "coordinates": [ [ [ 73.0664162, 33.67415 ], [ 73.0672949, 33.6729741 ], [ 73.0659014, 33.672231 ], [ 73.0657418, 33.6724586 ], [ 73.0650392, 33.6734605 ], [ 73.0664162, 33.67415 ] ] ] } },
{ "type": "Feature", "properties": { "element": "way", "id": 570937661, "is_in": null, "leisure": null, "name": null, "sport": null, "name:en": null, "name:ur": null, "addr:city": null, "addr:city:ar": null, "addr:city:en": null, "addr:city:ks": null, "addr:city:pnb": null, "addr:city:ps": null, "addr:city:sd": null, "addr:city:ur": null, "addr:street": null, "operator": null, "alt_name": null, "alt_name:ar": null, "alt_name:ur": null, "alt_name:zh-Hans": null, "name:ar": null, "name:etymology": null, "name:etymology:wikidata": null, "name:etymology:wikipedia": null, "name:hi": null, "name:pnb": null, "tourism": null, "wikidata": null, "wikimedia_commons": null, "wikipedia": null, "wikipedia:pnb": null, "name:ml": null, "area": null, "landuse": "grass", "operator:short": null, "operator:type": null, "operator:wikidata": null, "created_by": null, "shop": null, "natural": null, "brand": null, "brand:ar": null, "brand:pnb": null, "brand:ps": null, "brand:ur": null, "brand:wikidata": null, "brand:wikipedia": null, "brand:wikipedia:ar": null, "brand:wikipedia:pnb": null, "brand:wikipedia:ps": null, "brand:wikipedia:ur": null, "surface": null, "type": null, "access": null, "barrier": null, "boundary": null, "operator:ur": null, "max_age": null, "min_age": null, "playground:theme": null }, "geometry": { "type": "Polygon", "coordinates": [ [ [ 73.06492, 33.6777495 ], [ 73.064914, 33.6777463 ], [ 73.0648673, 33.677721 ], [ 73.0648948, 33.677685 ], [ 73.0648653, 33.6776686 ], [ 73.0649491, 33.6775559 ], [ 73.0651665, 33.677656 ], [ 73.0651504, 33.6778333 ], [ 73.0651092, 33.6778215 ], [ 73.0650579, 33.677806 ], [ 73.0650128, 33.6777873 ], [ 73.0649666, 33.6777633 ], [ 73.0649277, 33.6777399 ], [ 73.06492, 33.6777495 ] ] ] } },
{ "type": "Feature", "properties": { "element": "way", "id": 570937979, "is_in": null, "leisure": "pitch", "name": null, "sport": "soccer", "name:en": null, "name:ur": null, "addr:city": null, "addr:city:ar": null, "addr:city:en": null, "addr:city:ks": null, "addr:city:pnb": null, "addr:city:ps": null, "addr:city:sd": null, "addr:city:ur": null, "addr:street": null, "operator": null, "alt_name": null, "alt_name:ar": null, "alt_name:ur": null, "alt_name:zh-Hans": null, "name:ar": null, "name:etymology": null, "name:etymology:wikidata": null, "name:etymology:wikipedia": null, "name:hi": null, "name:pnb": null, "tourism": null, "wikidata": null, "wikimedia_commons": null, "wikipedia": null, "wikipedia:pnb": null, "name:ml": null, "area": null, "landuse": null, "operator:short": null, "operator:type": null, "operator:wikidata": null, "created_by": null, "shop": null, "natural": null, "brand": null, "brand:ar": null, "brand:pnb": null, "brand:ps": null, "brand:ur": null, "brand:wikidata": null, "brand:wikipedia": null, "brand:wikipedia:ar": null, "brand:wikipedia:pnb": null, "brand:wikipedia:ps": null, "brand:wikipedia:ur": null, "surface": null, "type": null, "access": null, "barrier": null, "boundary": null, "operator:ur": null, "max_age": null, "min_age": null, "playground:theme": null }, "geometry": { "type": "Polygon", "coordinates": [ [ [ 73.0671004, 33.6742108 ], [ 73.0670621, 33.6741869 ], [ 73.067027, 33.6741497 ], [ 73.0669824, 33.674086 ], [ 73.0669696, 33.6740197 ], [ 73.0669824, 33.6739666 ], [ 73.0670175, 33.6739055 ], [ 73.0673779, 33.673449 ], [ 73.0675151, 33.6733401 ], [ 73.0675374, 33.6734171 ], [ 73.0675533, 33.6734622 ], [ 73.0676076, 33.6735206 ], [ 73.0676841, 33.6735339 ], [ 73.0677862, 33.6735498 ], [ 73.0678149, 33.6735896 ], [ 73.0678245, 33.6736587 ], [ 73.067799, 33.6736879 ], [ 73.0677575, 33.6737197 ], [ 73.0677479, 33.6737648 ], [ 73.0677352, 33.6738339 ], [ 73.0675374, 33.6741444 ], [ 73.06748, 33.6742055 ], [ 73.0674098, 33.6742453 ], [ 73.067346, 33.6742692 ], [ 73.0672758, 33.6742692 ], [ 73.0671993, 33.6742559 ], [ 73.0671451, 33.67424 ], [ 73.0671004, 33.6742108 ] ] ] } },
{ "type": "Feature", "properties": { "element": "way", "id": 578441700, "is_in": null, "leisure": null, "name": null, "sport": null, "name:en": null, "name:ur": null, "addr:city": null, "addr:city:ar": null, "addr:city:en": null, "addr:city:ks": null, "addr:city:pnb": null, "addr:city:ps": null, "addr:city:sd": null, "addr:city:ur": null, "addr:street": null, "operator": null, "alt_name": null, "alt_name:ar": null, "alt_name:ur": null, "alt_name:zh-Hans": null, "name:ar": null, "name:etymology": null, "name:etymology:wikidata": null, "name:etymology:wikipedia": null, "name:hi": null, "name:pnb": null, "tourism": null, "wikidata": null, "wikimedia_commons": null, "wikipedia": null, "wikipedia:pnb": null, "name:ml": null, "area": null, "landuse": "grass", "operator:short": null, "operator:type": null, "operator:wikidata": null, "created_by": null, "shop": null, "natural": null, "brand": null, "brand:ar": null, "brand:pnb": null, "brand:ps": null, "brand:ur": null, "brand:wikidata": null, "brand:wikipedia": null, "brand:wikipedia:ar": null, "brand:wikipedia:pnb": null, "brand:wikipedia:ps": null, "brand:wikipedia:ur": null, "surface": null, "type": null, "access": null, "barrier": null, "boundary": null, "operator:ur": null, "max_age": null, "min_age": null, "playground:theme": null }, "geometry": { "type": "Polygon", "coordinates": [ [ [ 73.0132218, 33.6734149 ], [ 73.0134321, 33.6735329 ], [ 73.0134539, 33.67354 ], [ 73.0134777, 33.6735345 ], [ 73.0135061, 33.6735179 ], [ 73.0135165, 33.673512 ], [ 73.0135284, 33.6735061 ], [ 73.0135431, 33.6735014 ], [ 73.0135677, 33.6734943 ], [ 73.0135791, 33.6734947 ], [ 73.0135952, 33.6734978 ], [ 73.0136076, 33.6735089 ], [ 73.0136076, 33.673514 ], [ 73.0136028, 33.6735191 ], [ 73.0135981, 33.6735199 ], [ 73.0135848, 33.6735152 ], [ 73.0135706, 33.6735144 ], [ 73.0135592, 33.6735168 ], [ 73.0135497, 33.6735215 ], [ 73.0135388, 33.6735317 ], [ 73.0134555, 33.6736346 ], [ 73.0134467, 33.6736519 ], [ 73.0134441, 33.6736753 ], [ 73.0134514, 33.6736954 ], [ 73.0134749, 33.6737205 ], [ 73.0134943, 33.6737395 ], [ 73.0135205, 33.6737529 ], [ 73.0135453, 33.6737641 ], [ 73.0135815, 33.6737881 ], [ 73.013603, 33.6737925 ], [ 73.0136164, 33.6737964 ], [ 73.0136452, 33.6738087 ], [ 73.013656, 33.6738199 ], [ 73.0136586, 33.6738344 ], [ 73.0136519, 33.6738489 ], [ 73.0136425, 33.6738606 ], [ 73.0136425, 33.6738701 ], [ 73.0136526, 33.6738829 ], [ 73.0136687, 33.6738891 ], [ 73.0136881, 33.673888 ], [ 73.0137083, 33.6738841 ], [ 73.0137337, 33.6738841 ], [ 73.0137552, 33.6738924 ], [ 73.0137693, 33.6739041 ], [ 73.0137948, 33.6739265 ], [ 73.0138377, 33.6739544 ], [ 73.0138524, 33.6739594 ], [ 73.0138685, 33.6739599 ], [ 73.0138833, 33.6739622 ], [ 73.0138947, 33.6739683 ], [ 73.0139174, 33.6739905 ], [ 73.0139364, 33.6740134 ], [ 73.013944, 33.6740292 ], [ 73.0139601, 33.6740426 ], [ 73.0139895, 33.6740545 ], [ 73.0140103, 33.6740545 ], [ 73.0140284, 33.6740513 ], [ 73.0140502, 33.6740608 ], [ 73.0140587, 33.6740718 ], [ 73.0140578, 33.6740884 ], [ 73.0140653, 33.6741034 ], [ 73.0140805, 33.6741121 ], [ 73.0140995, 33.6741137 ], [ 73.0141232, 33.6741026 ], [ 73.0141403, 33.6740845 ], [ 73.0141592, 33.674056 ], [ 73.0141886, 33.6740261 ], [ 73.0142351, 33.673974 ], [ 73.0142673, 33.6739369 ], [ 73.0142711, 33.673925 ], [ 73.0142709, 33.673909 ], [ 73.0142539, 33.6738781 ], [ 73.0142009, 33.6738368 ], [ 73.0141197, 33.673757 ], [ 73.01406, 33.6736941 ], [ 73.0139743, 33.6736012 ], [ 73.0134442, 33.6733243 ], [ 73.0134149, 33.6733197 ], [ 73.0133867, 33.6733159 ], [ 73.0133596, 33.6733178 ], [ 73.0133157, 33.6733441 ], [ 73.0132536, 33.6734041 ], [ 73.01324, 33.6733982 ], [ 73.0132218, 33.6734149 ] ] ] } },
{ "type": "Feature", "properties": { "element": "way", "id": 578441710, "is_in": null, "leisure": null, "name": null, "sport": null, "name:en": null, "name:ur": null, "addr:city": null, "addr:city:ar": null, "addr:city:en": null, "addr:city:ks": null, "addr:city:pnb": null, "addr:city:ps": null, "addr:city:sd": null, "addr:city:ur": null, "addr:street": null, "operator": null, "alt_name": null, "alt_name:ar": null, "alt_name:ur": null, "alt_name:zh-Hans": null, "name:ar": null, "name:etymology": null, "name:etymology:wikidata": null, "name:etymology:wikipedia": null, "name:hi": null, "name:pnb": null, "tourism": null, "wikidata": null, "wikimedia_commons": null, "wikipedia": null, "wikipedia:pnb": null, "name:ml": null, "area": null, "landuse": "grass", "operator:short": null, "operator:type": null, "operator:wikidata": null, "created_by": null, "shop": null, "natural": null, "brand": null, "brand:ar": null, "brand:pnb": null, "brand:ps": null, "brand:ur": null, "brand:wikidata": null, "brand:wikipedia": null, "brand:wikipedia:ar": null, "brand:wikipedia:pnb": null, "brand:wikipedia:ps": null, "brand:wikipedia:ur": null, "surface": null, "type": null, "access": null, "barrier": null, "boundary": null, "operator:ur": null, "max_age": null, "min_age": null, "playground:theme": null }, "geometry": { "type": "Polygon", "coordinates": [ [ [ 73.0140293, 33.6742406 ], [ 73.0140671, 33.6742595 ], [ 73.0141686, 33.6743102 ], [ 73.0143177, 33.6743846 ], [ 73.0143351, 33.6743868 ], [ 73.0143512, 33.6743745 ], [ 73.0143981, 33.674283 ], [ 73.0144247, 33.6742353 ], [ 73.0146502, 33.6739478 ], [ 73.0141084, 33.6736636 ], [ 73.0140843, 33.6736904 ], [ 73.0142077, 33.6738142 ], [ 73.0142358, 33.6738332 ], [ 73.0142774, 33.6738589 ], [ 73.0143002, 33.6738689 ], [ 73.014319, 33.6738913 ], [ 73.014319, 33.6739091 ], [ 73.0143177, 33.6739392 ], [ 73.0142922, 33.6739672 ], [ 73.0141956, 33.6740698 ], [ 73.0141594, 33.6741189 ], [ 73.0141353, 33.6741346 ], [ 73.0141111, 33.674148 ], [ 73.0140924, 33.6741569 ], [ 73.0140615, 33.6741937 ], [ 73.0140293, 33.6742406 ] ] ] } },
{ "type": "Feature", "properties": { "element": "way", "id": 693578259, "is_in": null, "leisure": "park", "name": null, "sport": null, "name:en": null, "name:ur": null, "addr:city": null, "addr:city:ar": null, "addr:city:en": null, "addr:city:ks": null, "addr:city:pnb": null, "addr:city:ps": null, "addr:city:sd": null, "addr:city:ur": null, "addr:street": null, "operator": null, "alt_name": null, "alt_name:ar": null, "alt_name:ur": null, "alt_name:zh-Hans": null, "name:ar": null, "name:etymology": null, "name:etymology:wikidata": null, "name:etymology:wikipedia": null, "name:hi": null, "name:pnb": null, "tourism": null, "wikidata": null, "wikimedia_commons": null, "wikipedia": null, "wikipedia:pnb": null, "name:ml": null, "area": null, "landuse": null, "operator:short": null, "operator:type": null, "operator:wikidata": null, "created_by": null, "shop": null, "natural": null, "brand": null, "brand:ar": null, "brand:pnb": null, "brand:ps": null, "brand:ur": null, "brand:wikidata": null, "brand:wikipedia": null, "brand:wikipedia:ar": null, "brand:wikipedia:pnb": null, "brand:wikipedia:ps": null, "brand:wikipedia:ur": null, "surface": null, "type": null, "access": null, "barrier": null, "boundary": null, "operator:ur": null, "max_age": null, "min_age": null, "playground:theme": null }, "geometry": { "type": "Polygon", "coordinates": [ [ [ 73.0720712, 33.7179643 ], [ 73.0724397, 33.7174639 ], [ 73.0725329, 33.7174484 ], [ 73.0725773, 33.7174794 ], [ 73.0725842, 33.7175648 ], [ 73.0722834, 33.7179469 ], [ 73.0722275, 33.7179954 ], [ 73.0721692, 33.7180109 ], [ 73.0720876, 33.7179992 ], [ 73.0720712, 33.7179643 ] ] ] } },
{ "type": "Feature", "properties": { "element": "way", "id": 693578264, "is_in": null, "leisure": "park", "name": null, "sport": null, "name:en": null, "name:ur": null, "addr:city": null, "addr:city:ar": null, "addr:city:en": null, "addr:city:ks": null, "addr:city:pnb": null, "addr:city:ps": null, "addr:city:sd": null, "addr:city:ur": null, "addr:street": null, "operator": null, "alt_name": null, "alt_name:ar": null, "alt_name:ur": null, "alt_name:zh-Hans": null, "name:ar": null, "name:etymology": null, "name:etymology:wikidata": null, "name:etymology:wikipedia": null, "name:hi": null, "name:pnb": null, "tourism": null, "wikidata": null, "wikimedia_commons": null, "wikipedia": null, "wikipedia:pnb": null, "name:ml": null, "area": null, "landuse": null, "operator:short": null, "operator:type": null, "operator:wikidata": null, "created_by": null, "shop": null, "natural": null, "brand": null, "brand:ar": null, "brand:pnb": null, "brand:ps": null, "brand:ur": null, "brand:wikidata": null, "brand:wikipedia": null, "brand:wikipedia:ar": null, "brand:wikipedia:pnb": null, "brand:wikipedia:ps": null, "brand:wikipedia:ur": null, "surface": null, "type": null, "access": null, "barrier": null, "boundary": null, "operator:ur": null, "max_age": null, "min_age": null, "playground:theme": null }, "geometry": { "type": "Polygon", "coordinates": [ [ [ 73.0729635, 33.7172361 ], [ 73.0728398, 33.7171453 ], [ 73.0727925, 33.7169909 ], [ 73.0729363, 33.7166837 ], [ 73.0740514, 33.7150115 ], [ 73.0742597, 33.7147193 ], [ 73.0742107, 33.7145868 ], [ 73.0746804, 33.7139957 ], [ 73.074856, 33.7138666 ], [ 73.0750357, 33.7136729 ], [ 73.0751092, 33.7135676 ], [ 73.0752154, 33.7135642 ], [ 73.0752522, 33.7136254 ], [ 73.0751185, 33.7142022 ], [ 73.0748821, 33.7147843 ], [ 73.0744925, 33.7152823 ], [ 73.0737524, 33.7162631 ], [ 73.0729635, 33.7172361 ] ] ] } },
{ "type": "Feature", "properties": { "element": "way", "id": 693578266, "is_in": null, "leisure": null, "name": null, "sport": null, "name:en": null, "name:ur": null, "addr:city": null, "addr:city:ar": null, "addr:city:en": null, "addr:city:ks": null, "addr:city:pnb": null, "addr:city:ps": null, "addr:city:sd": null, "addr:city:ur": null, "addr:street": null, "operator": null, "alt_name": null, "alt_name:ar": null, "alt_name:ur": null, "alt_name:zh-Hans": null, "name:ar": null, "name:etymology": null, "name:etymology:wikidata": null, "name:etymology:wikipedia": null, "name:hi": null, "name:pnb": null, "tourism": null, "wikidata": null, "wikimedia_commons": null, "wikipedia": null, "wikipedia:pnb": null, "name:ml": null, "area": null, "landuse": "grass", "operator:short": null, "operator:type": null, "operator:wikidata": null, "created_by": null, "shop": null, "natural": null, "brand": null, "brand:ar": null, "brand:pnb": null, "brand:ps": null, "brand:ur": null, "brand:wikidata": null, "brand:wikipedia": null, "brand:wikipedia:ar": null, "brand:wikipedia:pnb": null, "brand:wikipedia:ps": null, "brand:wikipedia:ur": null, "surface": null, "type": null, "access": null, "barrier": null, "boundary": null, "operator:ur": null, "max_age": null, "min_age": null, "playground:theme": null }, "geometry": { "type": "Polygon", "coordinates": [ [ [ 73.0731344, 33.717304 ], [ 73.0732638, 33.7170934 ], [ 73.0748301, 33.717877 ], [ 73.0753173, 33.7181984 ], [ 73.0752298, 33.7183535 ], [ 73.0743524, 33.7179546 ], [ 73.0736178, 33.7175604 ], [ 73.0731344, 33.717304 ] ] ] } },
{ "type": "Feature", "properties": { "element": "way", "id": 697522956, "is_in": null, "leisure": null, "name": null, "sport": null, "name:en": null, "name:ur": null, "addr:city": null, "addr:city:ar": null, "addr:city:en": null, "addr:city:ks": null, "addr:city:pnb": null, "addr:city:ps": null, "addr:city:sd": null, "addr:city:ur": null, "addr:street": null, "operator": null, "alt_name": null, "alt_name:ar": null, "alt_name:ur": null, "alt_name:zh-Hans": null, "name:ar": null, "name:etymology": null, "name:etymology:wikidata": null, "name:etymology:wikipedia": null, "name:hi": null, "name:pnb": null, "tourism": null, "wikidata": null, "wikimedia_commons": null, "wikipedia": null, "wikipedia:pnb": null, "name:ml": null, "area": null, "landuse": "grass", "operator:short": null, "operator:type": null, "operator:wikidata": null, "created_by": null, "shop": null, "natural": null, "brand": null, "brand:ar": null, "brand:pnb": null, "brand:ps": null, "brand:ur": null, "brand:wikidata": null, "brand:wikipedia": null, "brand:wikipedia:ar": null, "brand:wikipedia:pnb": null, "brand:wikipedia:ps": null, "brand:wikipedia:ur": null, "surface": null, "type": null, "access": null, "barrier": null, "boundary": null, "operator:ur": null, "max_age": null, "min_age": null, "playground:theme": null }, "geometry": { "type": "Polygon", "coordinates": [ [ [ 73.0754236, 33.7184472 ], [ 73.0755157, 33.7183251 ], [ 73.0792169, 33.720154 ], [ 73.0790125, 33.7203958 ], [ 73.0771475, 33.7194119 ], [ 73.0759042, 33.7187393 ], [ 73.0754955, 33.7185047 ], [ 73.0754236, 33.7184472 ] ] ] } },
{ "type": "Feature", "properties": { "element": "way", "id": 697522957, "is_in": null, "leisure": null, "name": null, "sport": null, "name:en": null, "name:ur": null, "addr:city": null, "addr:city:ar": null, "addr:city:en": null, "addr:city:ks": null, "addr:city:pnb": null, "addr:city:ps": null, "addr:city:sd": null, "addr:city:ur": null, "addr:street": null, "operator": null, "alt_name": null, "alt_name:ar": null, "alt_name:ur": null, "alt_name:zh-Hans": null, "name:ar": null, "name:etymology": null, "name:etymology:wikidata": null, "name:etymology:wikipedia": null, "name:hi": null, "name:pnb": null, "tourism": null, "wikidata": null, "wikimedia_commons": null, "wikipedia": null, "wikipedia:pnb": null, "name:ml": null, "area": null, "landuse": "grass", "operator:short": null, "operator:type": null, "operator:wikidata": null, "created_by": null, "shop": null, "natural": null, "brand": null, "brand:ar": null, "brand:pnb": null, "brand:ps": null, "brand:ur": null, "brand:wikidata": null, "brand:wikipedia": null, "brand:wikipedia:ar": null, "brand:wikipedia:pnb": null, "brand:wikipedia:ps": null, "brand:wikipedia:ur": null, "surface": null, "type": null, "access": null, "barrier": null, "boundary": null, "operator:ur": null, "max_age": null, "min_age": null, "playground:theme": null }, "geometry": { "type": "Polygon", "coordinates": [ [ [ 73.0791538, 33.7204795 ], [ 73.0793551, 33.7202357 ], [ 73.0819469, 33.7215691 ], [ 73.0819222, 33.7216484 ], [ 73.0826072, 33.7219773 ], [ 73.082646, 33.7219391 ], [ 73.0827648, 33.7219975 ], [ 73.0827007, 33.7220796 ], [ 73.0826518, 33.7221061 ], [ 73.0825091, 33.722146 ], [ 73.0823804, 33.7221647 ], [ 73.0823399, 33.722153 ], [ 73.080771, 33.7212989 ], [ 73.0805027, 33.7211726 ], [ 73.0804391, 33.7210933 ], [ 73.0800578, 33.7208995 ], [ 73.0799165, 33.720876 ], [ 73.0792739, 33.7205382 ], [ 73.0791538, 33.7204795 ] ] ] } },
{ "type": "Feature", "properties": { "element": "way", "id": 697522969, "is_in": null, "leisure": null, "name": null, "sport": null, "name:en": null, "name:ur": null, "addr:city": null, "addr:city:ar": null, "addr:city:en": null, "addr:city:ks": null, "addr:city:pnb": null, "addr:city:ps": null, "addr:city:sd": null, "addr:city:ur": null, "addr:street": null, "operator": null, "alt_name": null, "alt_name:ar": null, "alt_name:ur": null, "alt_name:zh-Hans": null, "name:ar": null, "name:etymology": null, "name:etymology:wikidata": null, "name:etymology:wikipedia": null, "name:hi": null, "name:pnb": null, "tourism": null, "wikidata": null, "wikimedia_commons": null, "wikipedia": null, "wikipedia:pnb": null, "name:ml": null, "area": null, "landuse": "forest", "operator:short": null, "operator:type": null, "operator:wikidata": null, "created_by": null, "shop": null, "natural": null, "brand": null, "brand:ar": null, "brand:pnb": null, "brand:ps": null, "brand:ur": null, "brand:wikidata": null, "brand:wikipedia": null, "brand:wikipedia:ar": null, "brand:wikipedia:pnb": null, "brand:wikipedia:ps": null, "brand:wikipedia:ur": null, "surface": null, "type": null, "access": null, "barrier": null, "boundary": null, "operator:ur": null, "max_age": null, "min_age": null, "playground:theme": null }, "geometry": { "type": "Polygon", "coordinates": [ [ [ 73.0798402, 33.7348879 ], [ 73.0801865, 33.7343831 ], [ 73.0804347, 33.7346626 ], [ 73.0807132, 33.7350193 ], [ 73.0809088, 33.7349129 ], [ 73.081127, 33.7348628 ], [ 73.0813378, 33.7348253 ], [ 73.0816162, 33.7348628 ], [ 73.0815635, 33.7350068 ], [ 73.0821279, 33.7353197 ], [ 73.0830234, 33.7342308 ], [ 73.0832563, 33.7338236 ], [ 73.0832646, 33.7344359 ], [ 73.0820899, 33.7361926 ], [ 73.0819783, 33.7362046 ], [ 73.0817839, 33.7363148 ], [ 73.0818402, 33.7364085 ], [ 73.08157, 33.7364197 ], [ 73.0814071, 33.7363407 ], [ 73.081318, 33.736352 ], [ 73.0812583, 33.7364214 ], [ 73.0810647, 33.7364131 ], [ 73.0809291, 33.7363441 ], [ 73.0807282, 33.7361094 ], [ 73.080497, 33.7358675 ], [ 73.0804, 33.7358159 ], [ 73.0807459, 33.7353121 ], [ 73.0798402, 33.7348879 ] ] ] } },
{ "type": "Feature", "properties": { "element": "way", "id": 697522974, "is_in": null, "leisure": null, "name": null, "sport": null, "name:en": null, "name:ur": null, "addr:city": null, "addr:city:ar": null, "addr:city:en": null, "addr:city:ks": null, "addr:city:pnb": null, "addr:city:ps": null, "addr:city:sd": null, "addr:city:ur": null, "addr:street": null, "operator": null, "alt_name": null, "alt_name:ar": null, "alt_name:ur": null, "alt_name:zh-Hans": null, "name:ar": null, "name:etymology": null, "name:etymology:wikidata": null, "name:etymology:wikipedia": null, "name:hi": null, "name:pnb": null, "tourism": null, "wikidata": null, "wikimedia_commons": null, "wikipedia": null, "wikipedia:pnb": null, "name:ml": null, "area": null, "landuse": "grass", "operator:short": null, "operator:type": null, "operator:wikidata": null, "created_by": null, "shop": null, "natural": null, "brand": null, "brand:ar": null, "brand:pnb": null, "brand:ps": null, "brand:ur": null, "brand:wikidata": null, "brand:wikipedia": null, "brand:wikipedia:ar": null, "brand:wikipedia:pnb": null, "brand:wikipedia:ps": null, "brand:wikipedia:ur": null, "surface": null, "type": null, "access": null, "barrier": null, "boundary": null, "operator:ur": null, "max_age": null, "min_age": null, "playground:theme": null }, "geometry": { "type": "Polygon", "coordinates": [ [ [ 73.0828911, 33.722431 ], [ 73.0830696, 33.7222105 ], [ 73.0893102, 33.7254291 ], [ 73.0890932, 33.7257173 ], [ 73.0844921, 33.7232792 ], [ 73.0828911, 33.722431 ] ] ] } },
{ "type": "Feature", "properties": { "element": "way", "id": 720888637, "is_in": null, "leisure": null, "name": null, "sport": null, "name:en": null, "name:ur": null, "addr:city": null, "addr:city:ar": null, "addr:city:en": null, "addr:city:ks": null, "addr:city:pnb": null, "addr:city:ps": null, "addr:city:sd": null, "addr:city:ur": null, "addr:street": null, "operator": null, "alt_name": null, "alt_name:ar": null, "alt_name:ur": null, "alt_name:zh-Hans": null, "name:ar": null, "name:etymology": null, "name:etymology:wikidata": null, "name:etymology:wikipedia": null, "name:hi": null, "name:pnb": null, "tourism": null, "wikidata": null, "wikimedia_commons": null, "wikipedia": null, "wikipedia:pnb": null, "name:ml": null, "area": null, "landuse": "forest", "operator:short": null, "operator:type": null, "operator:wikidata": null, "created_by": null, "shop": null, "natural": null, "brand": null, "brand:ar": null, "brand:pnb": null, "brand:ps": null, "brand:ur": null, "brand:wikidata": null, "brand:wikipedia": null, "brand:wikipedia:ar": null, "brand:wikipedia:pnb": null, "brand:wikipedia:ps": null, "brand:wikipedia:ur": null, "surface": null, "type": null, "access": null, "barrier": null, "boundary": null, "operator:ur": null, "max_age": null, "min_age": null, "playground:theme": null }, "geometry": { "type": "Polygon", "coordinates": [ [ [ 73.0178816, 33.6894098 ], [ 73.0180969, 33.6894527 ], [ 73.018301, 33.6894151 ], [ 73.0184775, 33.6893236 ], [ 73.0186651, 33.6891051 ], [ 73.0187158, 33.6889631 ], [ 73.018732, 33.6887898 ], [ 73.0186506, 33.6886558 ], [ 73.0184914, 33.6885336 ], [ 73.018102, 33.6883304 ], [ 73.0128006, 33.6855621 ], [ 73.0126933, 33.6858835 ], [ 73.0123795, 33.6857965 ], [ 73.0123929, 33.6855398 ], [ 73.0124465, 33.6853836 ], [ 73.0076324, 33.6828377 ], [ 73.0069766, 33.6836378 ], [ 73.0069739, 33.683707 ], [ 73.0070101, 33.683774 ], [ 73.007104, 33.6838275 ], [ 73.0112724, 33.6859787 ], [ 73.0142418, 33.6875365 ], [ 73.0170192, 33.6889989 ], [ 73.0178816, 33.6894098 ] ] ] } },
{ "type": "Feature", "properties": { "element": "way", "id": 720888639, "is_in": null, "leisure": "park", "name": null, "sport": null, "name:en": null, "name:ur": null, "addr:city": null, "addr:city:ar": null, "addr:city:en": null, "addr:city:ks": null, "addr:city:pnb": null, "addr:city:ps": null, "addr:city:sd": null, "addr:city:ur": null, "addr:street": null, "operator": null, "alt_name": null, "alt_name:ar": null, "alt_name:ur": null, "alt_name:zh-Hans": null, "name:ar": null, "name:etymology": null, "name:etymology:wikidata": null, "name:etymology:wikipedia": null, "name:hi": null, "name:pnb": null, "tourism": null, "wikidata": null, "wikimedia_commons": null, "wikipedia": null, "wikipedia:pnb": null, "name:ml": null, "area": null, "landuse": null, "operator:short": null, "operator:type": null, "operator:wikidata": null, "created_by": null, "shop": null, "natural": null, "brand": null, "brand:ar": null, "brand:pnb": null, "brand:ps": null, "brand:ur": null, "brand:wikidata": null, "brand:wikipedia": null, "brand:wikipedia:ar": null, "brand:wikipedia:pnb": null, "brand:wikipedia:ps": null, "brand:wikipedia:ur": null, "surface": null, "type": null, "access": null, "barrier": null, "boundary": null, "operator:ur": null, "max_age": null, "min_age": null, "playground:theme": null }, "geometry": { "type": "Polygon", "coordinates": [ [ [ 73.0127176, 33.6826682 ], [ 73.0144595, 33.6819415 ], [ 73.0140252, 33.6817549 ], [ 73.0133107, 33.6816811 ], [ 73.0127923, 33.681549 ], [ 73.0122459, 33.6824622 ], [ 73.0127176, 33.6826682 ] ] ] } },
{ "type": "Feature", "properties": { "element": "way", "id": 720891305, "is_in": null, "leisure": null, "name": null, "sport": null, "name:en": null, "name:ur": null, "addr:city": null, "addr:city:ar": null, "addr:city:en": null, "addr:city:ks": null, "addr:city:pnb": null, "addr:city:ps": null, "addr:city:sd": null, "addr:city:ur": null, "addr:street": null, "operator": null, "alt_name": null, "alt_name:ar": null, "alt_name:ur": null, "alt_name:zh-Hans": null, "name:ar": null, "name:etymology": null, "name:etymology:wikidata": null, "name:etymology:wikipedia": null, "name:hi": null, "name:pnb": null, "tourism": null, "wikidata": null, "wikimedia_commons": null, "wikipedia": null, "wikipedia:pnb": null, "name:ml": null, "area": null, "landuse": "forest", "operator:short": null, "operator:type": null, "operator:wikidata": null, "created_by": null, "shop": null, "natural": null, "brand": null, "brand:ar": null, "brand:pnb": null, "brand:ps": null, "brand:ur": null, "brand:wikidata": null, "brand:wikipedia": null, "brand:wikipedia:ar": null, "brand:wikipedia:pnb": null, "brand:wikipedia:ps": null, "brand:wikipedia:ur": null, "surface": null, "type": null, "access": null, "barrier": null, "boundary": null, "operator:ur": null, "max_age": null, "min_age": null, "playground:theme": null }, "geometry": { "type": "Polygon", "coordinates": [ [ [ 73.0384085, 33.7003023 ], [ 73.0377723, 33.6999885 ], [ 73.037472, 33.6998005 ], [ 73.0373871, 33.6996608 ], [ 73.0376686, 33.6992029 ], [ 73.0380465, 33.6987885 ], [ 73.0383251, 33.6989379 ], [ 73.0425542, 33.7011438 ], [ 73.0460797, 33.7030201 ], [ 73.0462179, 33.7032839 ], [ 73.0461854, 33.7033583 ], [ 73.0455247, 33.7041433 ], [ 73.0439041, 33.7032898 ], [ 73.0419427, 33.702236 ], [ 73.039889, 33.7010562 ], [ 73.0389924, 33.7005915 ], [ 73.0384085, 33.7003023 ] ] ] } },
{ "type": "Feature", "properties": { "element": "way", "id": 721109561, "is_in": null, "leisure": null, "name": null, "sport": null, "name:en": null, "name:ur": null, "addr:city": null, "addr:city:ar": null, "addr:city:en": null, "addr:city:ks": null, "addr:city:pnb": null, "addr:city:ps": null, "addr:city:sd": null, "addr:city:ur": null, "addr:street": null, "operator": null, "alt_name": null, "alt_name:ar": null, "alt_name:ur": null, "alt_name:zh-Hans": null, "name:ar": null, "name:etymology": null, "name:etymology:wikidata": null, "name:etymology:wikipedia": null, "name:hi": null, "name:pnb": null, "tourism": null, "wikidata": null, "wikimedia_commons": null, "wikipedia": null, "wikipedia:pnb": null, "name:ml": null, "area": null, "landuse": "forest", "operator:short": null, "operator:type": null, "operator:wikidata": null, "created_by": null, "shop": null, "natural": null, "brand": null, "brand:ar": null, "brand:pnb": null, "brand:ps": null, "brand:ur": null, "brand:wikidata": null, "brand:wikipedia": null, "brand:wikipedia:ar": null, "brand:wikipedia:pnb": null, "brand:wikipedia:ps": null, "brand:wikipedia:ur": null, "surface": null, "type": null, "access": null, "barrier": null, "boundary": null, "operator:ur": null, "max_age": null, "min_age": null, "playground:theme": null }, "geometry": { "type": "Polygon", "coordinates": [ [ [ 73.02355, 33.698215 ], [ 73.0244797, 33.6968749 ], [ 73.0262113, 33.6946212 ], [ 73.0355603, 33.6997142 ], [ 73.0353223, 33.7000406 ], [ 73.0349199, 33.6998534 ], [ 73.0344296, 33.700557 ], [ 73.0334533, 33.7001465 ], [ 73.0331529, 33.7005213 ], [ 73.0333567, 33.7008605 ], [ 73.0329598, 33.7013961 ], [ 73.0339683, 33.7018781 ], [ 73.030814, 33.7064122 ], [ 73.0302024, 33.705716 ], [ 73.02943, 33.7041452 ], [ 73.0286253, 33.7027885 ], [ 73.028518, 33.7034758 ], [ 73.026855, 33.7040202 ], [ 73.0271018, 33.7033419 ], [ 73.0270911, 33.7027082 ], [ 73.0265439, 33.7015389 ], [ 73.0261255, 33.7012979 ], [ 73.0246127, 33.7013068 ], [ 73.0241429, 33.7015598 ], [ 73.0234111, 33.702244 ], [ 73.0234326, 33.7025743 ], [ 73.0235398, 33.7027796 ], [ 73.0233682, 33.7028688 ], [ 73.0230678, 33.7027706 ], [ 73.0222631, 33.7026903 ], [ 73.0220163, 33.7031009 ], [ 73.0221558, 33.7033776 ], [ 73.0218876, 33.7035204 ], [ 73.0208684, 33.7035561 ], [ 73.0207718, 33.7038238 ], [ 73.0210507, 33.7042344 ], [ 73.0204821, 33.7044219 ], [ 73.0199779, 33.7048056 ], [ 73.0196882, 33.7047164 ], [ 73.0195508, 33.7047765 ], [ 73.0194843, 33.7048056 ], [ 73.0186368, 33.7046896 ], [ 73.0184436, 33.704279 ], [ 73.0183042, 33.7041362 ], [ 73.0181969, 33.7039845 ], [ 73.0176068, 33.7038774 ], [ 73.0170918, 33.7041362 ], [ 73.0170704, 33.7043862 ], [ 73.017006, 33.7046807 ], [ 73.0162978, 33.7059507 ], [ 73.0147848, 33.7050338 ], [ 73.0145507, 33.7038145 ], [ 73.0151612, 33.7018962 ], [ 73.0157998, 33.7013091 ], [ 73.0172286, 33.7004826 ], [ 73.0199313, 33.699421 ], [ 73.0207534, 33.6994158 ], [ 73.021152, 33.6989328 ], [ 73.0218571, 33.6988748 ], [ 73.022764, 33.6988997 ], [ 73.02355, 33.698215 ] ] ] } },
{ "type": "Feature", "properties": { "element": "way", "id": 721239564, "is_in": null, "leisure": null, "name": null, "sport": null, "name:en": null, "name:ur": null, "addr:city": null, "addr:city:ar": null, "addr:city:en": null, "addr:city:ks": null, "addr:city:pnb": null, "addr:city:ps": null, "addr:city:sd": null, "addr:city:ur": null, "addr:street": null, "operator": null, "alt_name": null, "alt_name:ar": null, "alt_name:ur": null, "alt_name:zh-Hans": null, "name:ar": null, "name:etymology": null, "name:etymology:wikidata": null, "name:etymology:wikipedia": null, "name:hi": null, "name:pnb": null, "tourism": null, "wikidata": null, "wikimedia_commons": null, "wikipedia": null, "wikipedia:pnb": null, "name:ml": null, "area": null, "landuse": "forest", "operator:short": null, "operator:type": null, "operator:wikidata": null, "created_by": null, "shop": null, "natural": null, "brand": null, "brand:ar": null, "brand:pnb": null, "brand:ps": null, "brand:ur": null, "brand:wikidata": null, "brand:wikipedia": null, "brand:wikipedia:ar": null, "brand:wikipedia:pnb": null, "brand:wikipedia:ps": null, "brand:wikipedia:ur": null, "surface": null, "type": null, "access": null, "barrier": null, "boundary": null, "operator:ur": null, "max_age": null, "min_age": null, "playground:theme": null }, "geometry": { "type": "Polygon", "coordinates": [ [ [ 73.015392, 33.6959884 ], [ 73.0143612, 33.6954258 ], [ 73.0085085, 33.7033712 ], [ 73.0130061, 33.7057493 ], [ 73.0130388, 33.7054036 ], [ 73.0108439, 33.7042342 ], [ 73.0102625, 33.7037369 ], [ 73.010209, 33.7033636 ], [ 73.0108688, 33.7024353 ], [ 73.0109654, 33.7021408 ], [ 73.0109332, 33.7019221 ], [ 73.015392, 33.6959884 ] ] ] } },
{ "type": "Feature", "properties": { "element": "way", "id": 721263190, "is_in": null, "leisure": null, "name": null, "sport": null, "name:en": null, "name:ur": null, "addr:city": null, "addr:city:ar": null, "addr:city:en": null, "addr:city:ks": null, "addr:city:pnb": null, "addr:city:ps": null, "addr:city:sd": null, "addr:city:ur": null, "addr:street": null, "operator": null, "alt_name": null, "alt_name:ar": null, "alt_name:ur": null, "alt_name:zh-Hans": null, "name:ar": null, "name:etymology": null, "name:etymology:wikidata": null, "name:etymology:wikipedia": null, "name:hi": null, "name:pnb": null, "tourism": null, "wikidata": null, "wikimedia_commons": null, "wikipedia": null, "wikipedia:pnb": null, "name:ml": null, "area": null, "landuse": "grass", "operator:short": null, "operator:type": null, "operator:wikidata": null, "created_by": null, "shop": null, "natural": null, "brand": null, "brand:ar": null, "brand:pnb": null, "brand:ps": null, "brand:ur": null, "brand:wikidata": null, "brand:wikipedia": null, "brand:wikipedia:ar": null, "brand:wikipedia:pnb": null, "brand:wikipedia:ps": null, "brand:wikipedia:ur": null, "surface": null, "type": null, "access": null, "barrier": null, "boundary": null, "operator:ur": null, "max_age": null, "min_age": null, "playground:theme": null }, "geometry": { "type": "Polygon", "coordinates": [ [ [ 73.0541857, 33.7074483 ], [ 73.0544742, 33.7075774 ], [ 73.0590175, 33.7016368 ], [ 73.0590661, 33.70152 ], [ 73.0589932, 33.7014166 ], [ 73.0588203, 33.7013784 ], [ 73.0586718, 33.7014234 ], [ 73.0584827, 33.7015627 ], [ 73.0584125, 33.7016211 ], [ 73.0556873, 33.7052791 ], [ 73.0556036, 33.7055397 ], [ 73.0554416, 33.7057869 ], [ 73.0552552, 33.7059059 ], [ 73.0542883, 33.70729 ], [ 73.0541857, 33.7074483 ] ] ] } },
{ "type": "Feature", "properties": { "element": "way", "id": 721263192, "is_in": null, "leisure": null, "name": null, "sport": null, "name:en": null, "name:ur": null, "addr:city": null, "addr:city:ar": null, "addr:city:en": null, "addr:city:ks": null, "addr:city:pnb": null, "addr:city:ps": null, "addr:city:sd": null, "addr:city:ur": null, "addr:street": null, "operator": null, "alt_name": null, "alt_name:ar": null, "alt_name:ur": null, "alt_name:zh-Hans": null, "name:ar": null, "name:etymology": null, "name:etymology:wikidata": null, "name:etymology:wikipedia": null, "name:hi": null, "name:pnb": null, "tourism": null, "wikidata": null, "wikimedia_commons": null, "wikipedia": null, "wikipedia:pnb": null, "name:ml": null, "area": null, "landuse": null, "operator:short": null, "operator:type": null, "operator:wikidata": null, "created_by": null, "shop": null, "natural": "scrub", "brand": null, "brand:ar": null, "brand:pnb": null, "brand:ps": null, "brand:ur": null, "brand:wikidata": null, "brand:wikipedia": null, "brand:wikipedia:ar": null, "brand:wikipedia:pnb": null, "brand:wikipedia:ps": null, "brand:wikipedia:ur": null, "surface": null, "type": null, "access": null, "barrier": null, "boundary": null, "operator:ur": null, "max_age": null, "min_age": null, "playground:theme": null }, "geometry": { "type": "Polygon", "coordinates": [ [ [ 73.0603669, 33.6937074 ], [ 73.0613389, 33.6933842 ], [ 73.062033, 33.6954336 ], [ 73.060927, 33.695744 ], [ 73.0604395, 33.6940561 ], [ 73.0603669, 33.6937074 ] ] ] } },
{ "type": "Feature", "properties": { "element": "way", "id": 721263193, "is_in": null, "leisure": "park", "name": null, "sport": null, "name:en": null, "name:ur": null, "addr:city": null, "addr:city:ar": null, "addr:city:en": null, "addr:city:ks": null, "addr:city:pnb": null, "addr:city:ps": null, "addr:city:sd": null, "addr:city:ur": null, "addr:street": null, "operator": null, "alt_name": null, "alt_name:ar": null, "alt_name:ur": null, "alt_name:zh-Hans": null, "name:ar": null, "name:etymology": null, "name:etymology:wikidata": null, "name:etymology:wikipedia": null, "name:hi": null, "name:pnb": null, "tourism": null, "wikidata": null, "wikimedia_commons": null, "wikipedia": null, "wikipedia:pnb": null, "name:ml": null, "area": null, "landuse": null, "operator:short": null, "operator:type": null, "operator:wikidata": null, "created_by": null, "shop": null, "natural": null, "brand": null, "brand:ar": null, "brand:pnb": null, "brand:ps": null, "brand:ur": null, "brand:wikidata": null, "brand:wikipedia": null, "brand:wikipedia:ar": null, "brand:wikipedia:pnb": null, "brand:wikipedia:ps": null, "brand:wikipedia:ur": null, "surface": null, "type": null, "access": null, "barrier": null, "boundary": null, "operator:ur": null, "max_age": null, "min_age": null, "playground:theme": null }, "geometry": { "type": "Polygon", "coordinates": [ [ [ 73.0607922, 33.6966019 ], [ 73.060784, 33.6966393 ], [ 73.0608096, 33.6966889 ], [ 73.0608755, 33.6967579 ], [ 73.0611587, 33.6968589 ], [ 73.061636, 33.6971121 ], [ 73.0620519, 33.696483 ], [ 73.0621546, 33.6959549 ], [ 73.062033, 33.6954336 ], [ 73.060927, 33.695744 ], [ 73.0610688, 33.6960133 ], [ 73.0610553, 33.696247 ], [ 73.0607922, 33.6966019 ] ] ] } },
{ "type": "Feature", "properties": { "element": "way", "id": 721263194, "is_in": null, "leisure": null, "name": null, "sport": null, "name:en": null, "name:ur": null, "addr:city": null, "addr:city:ar": null, "addr:city:en": null, "addr:city:ks": null, "addr:city:pnb": null, "addr:city:ps": null, "addr:city:sd": null, "addr:city:ur": null, "addr:street": null, "operator": null, "alt_name": null, "alt_name:ar": null, "alt_name:ur": null, "alt_name:zh-Hans": null, "name:ar": null, "name:etymology": null, "name:etymology:wikidata": null, "name:etymology:wikipedia": null, "name:hi": null, "name:pnb": null, "tourism": null, "wikidata": null, "wikimedia_commons": null, "wikipedia": null, "wikipedia:pnb": null, "name:ml": null, "area": null, "landuse": "grass", "operator:short": null, "operator:type": null, "operator:wikidata": null, "created_by": null, "shop": null, "natural": null, "brand": null, "brand:ar": null, "brand:pnb": null, "brand:ps": null, "brand:ur": null, "brand:wikidata": null, "brand:wikipedia": null, "brand:wikipedia:ar": null, "brand:wikipedia:pnb": null, "brand:wikipedia:ps": null, "brand:wikipedia:ur": null, "surface": null, "type": null, "access": null, "barrier": null, "boundary": null, "operator:ur": null, "max_age": null, "min_age": null, "playground:theme": null }, "geometry": { "type": "Polygon", "coordinates": [ [ [ 73.0628391, 33.6964901 ], [ 73.0640101, 33.6949202 ], [ 73.0666948, 33.6913208 ], [ 73.0658534, 33.6915162 ], [ 73.0649052, 33.6913648 ], [ 73.0643741, 33.6913989 ], [ 73.0634172, 33.6919882 ], [ 73.062454, 33.6921583 ], [ 73.0620504, 33.6924411 ], [ 73.0622496, 33.6928388 ], [ 73.062311, 33.6933395 ], [ 73.0622823, 33.6938913 ], [ 73.0623273, 33.6944363 ], [ 73.0626344, 33.6954138 ], [ 73.0628391, 33.6960166 ], [ 73.0628677, 33.6963266 ], [ 73.0628391, 33.6964901 ] ] ] } },
{ "type": "Feature", "properties": { "element": "way", "id": 721263195, "is_in": null, "leisure": null, "name": null, "sport": null, "name:en": null, "name:ur": null, "addr:city": null, "addr:city:ar": null, "addr:city:en": null, "addr:city:ks": null, "addr:city:pnb": null, "addr:city:ps": null, "addr:city:sd": null, "addr:city:ur": null, "addr:street": null, "operator": null, "alt_name": null, "alt_name:ar": null, "alt_name:ur": null, "alt_name:zh-Hans": null, "name:ar": null, "name:etymology": null, "name:etymology:wikidata": null, "name:etymology:wikipedia": null, "name:hi": null, "name:pnb": null, "tourism": null, "wikidata": null, "wikimedia_commons": null, "wikipedia": null, "wikipedia:pnb": null, "name:ml": null, "area": null, "landuse": "grass", "operator:short": null, "operator:type": null, "operator:wikidata": null, "created_by": null, "shop": null, "natural": null, "brand": null, "brand:ar": null, "brand:pnb": null, "brand:ps": null, "brand:ur": null, "brand:wikidata": null, "brand:wikipedia": null, "brand:wikipedia:ar": null, "brand:wikipedia:pnb": null, "brand:wikipedia:ps": null, "brand:wikipedia:ur": null, "surface": null, "type": null, "access": null, "barrier": null, "boundary": null, "operator:ur": null, "max_age": null, "min_age": null, "playground:theme": null }, "geometry": { "type": "Polygon", "coordinates": [ [ [ 73.0632389, 33.6968132 ], [ 73.0636563, 33.6966038 ], [ 73.0641124, 33.6964914 ], [ 73.0646944, 33.6964806 ], [ 73.0654256, 33.6964845 ], [ 73.0659186, 33.6962494 ], [ 73.0664993, 33.6959775 ], [ 73.067145, 33.6956631 ], [ 73.0677876, 33.6955574 ], [ 73.0681358, 33.6955698 ], [ 73.0677161, 33.6949526 ], [ 73.0673722, 33.6944826 ], [ 73.0670488, 33.6941931 ], [ 73.0666401, 33.6939218 ], [ 73.066534, 33.6937939 ], [ 73.0664618, 33.6937033 ], [ 73.0663933, 33.6935534 ], [ 73.0663612, 33.6934046 ], [ 73.0663524, 33.6932073 ], [ 73.066402, 33.6929362 ], [ 73.0666845, 33.6924832 ], [ 73.0669915, 33.69202 ], [ 73.0671143, 33.691567 ], [ 73.0664593, 33.6924491 ], [ 73.0655628, 33.6936856 ], [ 73.0650838, 33.6943872 ], [ 73.0647604, 33.6948368 ], [ 73.0638434, 33.696005 ], [ 73.0634341, 33.6965568 ], [ 73.0632389, 33.6968132 ] ] ] } },
{ "type": "Feature", "properties": { "element": "way", "id": 721263196, "is_in": null, "leisure": null, "name": null, "sport": null, "name:en": null, "name:ur": null, "addr:city": null, "addr:city:ar": null, "addr:city:en": null, "addr:city:ks": null, "addr:city:pnb": null, "addr:city:ps": null, "addr:city:sd": null, "addr:city:ur": null, "addr:street": null, "operator": null, "alt_name": null, "alt_name:ar": null, "alt_name:ur": null, "alt_name:zh-Hans": null, "name:ar": null, "name:etymology": null, "name:etymology:wikidata": null, "name:etymology:wikipedia": null, "name:hi": null, "name:pnb": null, "tourism": null, "wikidata": null, "wikimedia_commons": null, "wikipedia": null, "wikipedia:pnb": null, "name:ml": null, "area": null, "landuse": null, "operator:short": null, "operator:type": null, "operator:wikidata": null, "created_by": null, "shop": null, "natural": "wood", "brand": null, "brand:ar": null, "brand:pnb": null, "brand:ps": null, "brand:ur": null, "brand:wikidata": null, "brand:wikipedia": null, "brand:wikipedia:ar": null, "brand:wikipedia:pnb": null, "brand:wikipedia:ps": null, "brand:wikipedia:ur": null, "surface": null, "type": null, "access": null, "barrier": null, "boundary": null, "operator:ur": null, "max_age": null, "min_age": null, "playground:theme": null }, "geometry": { "type": "Polygon", "coordinates": [ [ [ 73.0662365, 33.6962588 ], [ 73.0667362, 33.6959982 ], [ 73.0672277, 33.695778 ], [ 73.0676788, 33.6956948 ], [ 73.0680677, 33.6956948 ], [ 73.068543, 33.6958431 ], [ 73.0702689, 33.696724 ], [ 73.0726026, 33.6978879 ], [ 73.0738064, 33.6985022 ], [ 73.0743966, 33.6987877 ], [ 73.0762694, 33.6998621 ], [ 73.07737, 33.7004313 ], [ 73.0775553, 33.7005765 ], [ 73.0777095, 33.700687 ], [ 73.0780555, 33.7008581 ], [ 73.0785281, 33.7010016 ], [ 73.0790948, 33.7011743 ], [ 73.0803237, 33.7017534 ], [ 73.0812875, 33.7023383 ], [ 73.0814816, 33.7026939 ], [ 73.0817632, 33.7032714 ], [ 73.0816872, 33.7033252 ], [ 73.0794588, 33.702229 ], [ 73.0789847, 33.7019811 ], [ 73.0758351, 33.7003345 ], [ 73.0742219, 33.6994827 ], [ 73.0736479, 33.6991885 ], [ 73.0710915, 33.6978334 ], [ 73.0694658, 33.6969919 ], [ 73.0683551, 33.6964086 ], [ 73.0674491, 33.6959801 ], [ 73.0671501, 33.6959508 ], [ 73.0668162, 33.6960162 ], [ 73.0662365, 33.6962588 ] ] ] } },
{ "type": "Feature", "properties": { "element": "way", "id": 721263198, "is_in": null, "leisure": null, "name": null, "sport": null, "name:en": null, "name:ur": null, "addr:city": null, "addr:city:ar": null, "addr:city:en": null, "addr:city:ks": null, "addr:city:pnb": null, "addr:city:ps": null, "addr:city:sd": null, "addr:city:ur": null, "addr:street": null, "operator": null, "alt_name": null, "alt_name:ar": null, "alt_name:ur": null, "alt_name:zh-Hans": null, "name:ar": null, "name:etymology": null, "name:etymology:wikidata": null, "name:etymology:wikipedia": null, "name:hi": null, "name:pnb": null, "tourism": null, "wikidata": null, "wikimedia_commons": null, "wikipedia": null, "wikipedia:pnb": null, "name:ml": null, "area": null, "landuse": "forest", "operator:short": null, "operator:type": null, "operator:wikidata": null, "created_by": null, "shop": null, "natural": null, "brand": null, "brand:ar": null, "brand:pnb": null, "brand:ps": null, "brand:ur": null, "brand:wikidata": null, "brand:wikipedia": null, "brand:wikipedia:ar": null, "brand:wikipedia:pnb": null, "brand:wikipedia:ps": null, "brand:wikipedia:ur": null, "surface": null, "type": null, "access": null, "barrier": null, "boundary": null, "operator:ur": null, "max_age": null, "min_age": null, "playground:theme": null }, "geometry": { "type": "Polygon", "coordinates": [ [ [ 73.0841153, 33.70452 ], [ 73.0840125, 33.7044366 ], [ 73.0839154, 33.7042696 ], [ 73.0839816, 33.7041298 ], [ 73.0842782, 33.7040896 ], [ 73.0854159, 33.7042621 ], [ 73.0856528, 33.7043421 ], [ 73.0866799, 33.704805 ], [ 73.087636, 33.7055015 ], [ 73.0890296, 33.7064452 ], [ 73.0900547, 33.7069616 ], [ 73.0911457, 33.7075562 ], [ 73.0932054, 33.7086359 ], [ 73.0974799, 33.7108852 ], [ 73.0987886, 33.7115736 ], [ 73.0998171, 33.7120822 ], [ 73.1014058, 33.7129016 ], [ 73.102012, 33.7133048 ], [ 73.1025983, 33.7136047 ], [ 73.1028432, 33.7138065 ], [ 73.1030743, 33.7139108 ], [ 73.103328, 33.7140053 ], [ 73.1035331, 33.714099 ], [ 73.103659, 33.7141399 ], [ 73.1039155, 33.7142337 ], [ 73.1054695, 33.7150433 ], [ 73.1060243, 33.7153484 ], [ 73.1056999, 33.7157904 ], [ 73.1055306, 33.7158529 ], [ 73.1038521, 33.7149554 ], [ 73.1031458, 33.714483 ], [ 73.1029817, 33.7144035 ], [ 73.1027279, 33.7142582 ], [ 73.1026382, 33.7142077 ], [ 73.1020988, 33.7139472 ], [ 73.1015889, 33.7137557 ], [ 73.0998547, 33.7129075 ], [ 73.0977151, 33.711777 ], [ 73.0953873, 33.7105722 ], [ 73.0915736, 33.7085968 ], [ 73.0902616, 33.7078965 ], [ 73.0895918, 33.7075461 ], [ 73.0888965, 33.7071825 ], [ 73.0883288, 33.7068855 ], [ 73.0879433, 33.7066838 ], [ 73.0871639, 33.7062736 ], [ 73.0858178, 33.705565 ], [ 73.0850659, 33.7050449 ], [ 73.0843482, 33.7046486 ], [ 73.0841153, 33.70452 ] ] ] } },
{ "type": "Feature", "properties": { "element": "way", "id": 721263202, "is_in": null, "leisure": "park", "name": null, "sport": null, "name:en": null, "name:ur": null, "addr:city": null, "addr:city:ar": null, "addr:city:en": null, "addr:city:ks": null, "addr:city:pnb": null, "addr:city:ps": null, "addr:city:sd": null, "addr:city:ur": null, "addr:street": null, "operator": null, "alt_name": null, "alt_name:ar": null, "alt_name:ur": null, "alt_name:zh-Hans": null, "name:ar": null, "name:etymology": null, "name:etymology:wikidata": null, "name:etymology:wikipedia": null, "name:hi": null, "name:pnb": null, "tourism": null, "wikidata": null, "wikimedia_commons": null, "wikipedia": null, "wikipedia:pnb": null, "name:ml": null, "area": null, "landuse": null, "operator:short": null, "operator:type": null, "operator:wikidata": null, "created_by": null, "shop": null, "natural": null, "brand": null, "brand:ar": null, "brand:pnb": null, "brand:ps": null, "brand:ur": null, "brand:wikidata": null, "brand:wikipedia": null, "brand:wikipedia:ar": null, "brand:wikipedia:pnb": null, "brand:wikipedia:ps": null, "brand:wikipedia:ur": null, "surface": null, "type": null, "access": null, "barrier": null, "boundary": null, "operator:ur": null, "max_age": null, "min_age": null, "playground:theme": null }, "geometry": { "type": "Polygon", "coordinates": [ [ [ 73.0823268, 33.7042649 ], [ 73.0824831, 33.7043619 ], [ 73.0824236, 33.7044465 ], [ 73.0820796, 33.7049342 ], [ 73.079713, 33.7082287 ], [ 73.079639, 33.7082602 ], [ 73.0793749, 33.7081325 ], [ 73.0792474, 33.7080591 ], [ 73.0793258, 33.7079486 ], [ 73.0796563, 33.7074698 ], [ 73.0797169, 33.7072712 ], [ 73.0799379, 33.7069688 ], [ 73.0805401, 33.7061802 ], [ 73.0805294, 33.7061328 ], [ 73.0814795, 33.7050439 ], [ 73.0819908, 33.7045053 ], [ 73.0821572, 33.704343 ], [ 73.0823268, 33.7042649 ] ] ] } },
{ "type": "Feature", "properties": { "element": "way", "id": 721263204, "is_in": null, "leisure": "park", "name": null, "sport": null, "name:en": null, "name:ur": null, "addr:city": null, "addr:city:ar": null, "addr:city:en": null, "addr:city:ks": null, "addr:city:pnb": null, "addr:city:ps": null, "addr:city:sd": null, "addr:city:ur": null, "addr:street": null, "operator": null, "alt_name": null, "alt_name:ar": null, "alt_name:ur": null, "alt_name:zh-Hans": null, "name:ar": null, "name:etymology": null, "name:etymology:wikidata": null, "name:etymology:wikipedia": null, "name:hi": null, "name:pnb": null, "tourism": null, "wikidata": null, "wikimedia_commons": null, "wikipedia": null, "wikipedia:pnb": null, "name:ml": null, "area": null, "landuse": null, "operator:short": null, "operator:type": null, "operator:wikidata": null, "created_by": null, "shop": null, "natural": null, "brand": null, "brand:ar": null, "brand:pnb": null, "brand:ps": null, "brand:ur": null, "brand:wikidata": null, "brand:wikipedia": null, "brand:wikipedia:ar": null, "brand:wikipedia:pnb": null, "brand:wikipedia:ps": null, "brand:wikipedia:ur": null, "surface": null, "type": null, "access": null, "barrier": null, "boundary": null, "operator:ur": null, "max_age": null, "min_age": null, "playground:theme": null }, "geometry": { "type": "Polygon", "coordinates": [ [ [ 73.0818262, 33.7038484 ], [ 73.0818153, 33.7039801 ], [ 73.0816587, 33.7041969 ], [ 73.0810739, 33.704957 ], [ 73.0803618, 33.7059442 ], [ 73.0795614, 33.706952 ], [ 73.0794168, 33.7071562 ], [ 73.0792034, 33.707309 ], [ 73.0787875, 33.7078212 ], [ 73.0787281, 33.7078145 ], [ 73.0785795, 33.7077336 ], [ 73.078404, 33.7076482 ], [ 73.0784121, 33.7075853 ], [ 73.0785363, 33.7075336 ], [ 73.0786227, 33.7074056 ], [ 73.0785984, 33.7073561 ], [ 73.0790522, 33.706754 ], [ 73.0791521, 33.7066237 ], [ 73.0795545, 33.7064619 ], [ 73.0799678, 33.7060058 ], [ 73.0802757, 33.7056283 ], [ 73.080408, 33.705662 ], [ 73.0805137, 33.7055332 ], [ 73.0809973, 33.7049202 ], [ 73.0816188, 33.7041323 ], [ 73.081753, 33.7039634 ], [ 73.0818262, 33.7038484 ] ] ] } },
{ "type": "Feature", "properties": { "element": "way", "id": 721263205, "is_in": null, "leisure": "park", "name": null, "sport": null, "name:en": null, "name:ur": null, "addr:city": null, "addr:city:ar": null, "addr:city:en": null, "addr:city:ks": null, "addr:city:pnb": null, "addr:city:ps": null, "addr:city:sd": null, "addr:city:ur": null, "addr:street": null, "operator": null, "alt_name": null, "alt_name:ar": null, "alt_name:ur": null, "alt_name:zh-Hans": null, "name:ar": null, "name:etymology": null, "name:etymology:wikidata": null, "name:etymology:wikipedia": null, "name:hi": null, "name:pnb": null, "tourism": null, "wikidata": null, "wikimedia_commons": null, "wikipedia": null, "wikipedia:pnb": null, "name:ml": null, "area": null, "landuse": null, "operator:short": null, "operator:type": null, "operator:wikidata": null, "created_by": null, "shop": null, "natural": null, "brand": null, "brand:ar": null, "brand:pnb": null, "brand:ps": null, "brand:ur": null, "brand:wikidata": null, "brand:wikipedia": null, "brand:wikipedia:ar": null, "brand:wikipedia:pnb": null, "brand:wikipedia:ps": null, "brand:wikipedia:ur": null, "surface": null, "type": null, "access": null, "barrier": null, "boundary": null, "operator:ur": null, "max_age": null, "min_age": null, "playground:theme": null }, "geometry": { "type": "Polygon", "coordinates": [ [ [ 73.0776723, 33.7107323 ], [ 73.0775797, 33.7108331 ], [ 73.077487, 33.7108242 ], [ 73.07743, 33.7107708 ], [ 73.0772803, 33.7106226 ], [ 73.0772126, 33.7105662 ], [ 73.0781751, 33.7092849 ], [ 73.0784228, 33.7089767 ], [ 73.078693, 33.7087579 ], [ 73.0787984, 33.7086336 ], [ 73.079085, 33.7082633 ], [ 73.0791423, 33.7082633 ], [ 73.0795424, 33.7084642 ], [ 73.0794544, 33.7086007 ], [ 73.0786792, 33.7096547 ], [ 73.0783282, 33.7101068 ], [ 73.0780235, 33.7103499 ], [ 73.0777366, 33.7106893 ], [ 73.0776723, 33.7107323 ] ] ] } },
{ "type": "Feature", "properties": { "element": "way", "id": 721263206, "is_in": null, "leisure": "park", "name": null, "sport": null, "name:en": null, "name:ur": null, "addr:city": null, "addr:city:ar": null, "addr:city:en": null, "addr:city:ks": null, "addr:city:pnb": null, "addr:city:ps": null, "addr:city:sd": null, "addr:city:ur": null, "addr:street": null, "operator": null, "alt_name": null, "alt_name:ar": null, "alt_name:ur": null, "alt_name:zh-Hans": null, "name:ar": null, "name:etymology": null, "name:etymology:wikidata": null, "name:etymology:wikipedia": null, "name:hi": null, "name:pnb": null, "tourism": null, "wikidata": null, "wikimedia_commons": null, "wikipedia": null, "wikipedia:pnb": null, "name:ml": null, "area": null, "landuse": null, "operator:short": null, "operator:type": null, "operator:wikidata": null, "created_by": null, "shop": null, "natural": null, "brand": null, "brand:ar": null, "brand:pnb": null, "brand:ps": null, "brand:ur": null, "brand:wikidata": null, "brand:wikipedia": null, "brand:wikipedia:ar": null, "brand:wikipedia:pnb": null, "brand:wikipedia:ps": null, "brand:wikipedia:ur": null, "surface": null, "type": null, "access": null, "barrier": null, "boundary": null, "operator:ur": null, "max_age": null, "min_age": null, "playground:theme": null }, "geometry": { "type": "Polygon", "coordinates": [ [ [ 73.0769687, 33.710418 ], [ 73.0768415, 33.710227 ], [ 73.0768105, 33.7100206 ], [ 73.0768881, 33.7098425 ], [ 73.0771115, 33.7095018 ], [ 73.0772573, 33.7091896 ], [ 73.0773566, 33.7089315 ], [ 73.0775765, 33.7086324 ], [ 73.0778142, 33.7083043 ], [ 73.0781491, 33.7078606 ], [ 73.0781896, 33.7078235 ], [ 73.0782436, 33.7078044 ], [ 73.0782922, 33.7078156 ], [ 73.0786244, 33.7079853 ], [ 73.0786528, 33.7080257 ], [ 73.0786042, 33.7081201 ], [ 73.0782841, 33.7085155 ], [ 73.0782207, 33.7087132 ], [ 73.0781599, 33.7088312 ], [ 73.0778128, 33.7092828 ], [ 73.0773186, 33.7099332 ], [ 73.0770404, 33.7103129 ], [ 73.0769687, 33.710418 ] ] ] } },
{ "type": "Feature", "properties": { "element": "way", "id": 721263207, "is_in": null, "leisure": "park", "name": null, "sport": null, "name:en": null, "name:ur": null, "addr:city": null, "addr:city:ar": null, "addr:city:en": null, "addr:city:ks": null, "addr:city:pnb": null, "addr:city:ps": null, "addr:city:sd": null, "addr:city:ur": null, "addr:street": null, "operator": null, "alt_name": null, "alt_name:ar": null, "alt_name:ur": null, "alt_name:zh-Hans": null, "name:ar": null, "name:etymology": null, "name:etymology:wikidata": null, "name:etymology:wikipedia": null, "name:hi": null, "name:pnb": null, "tourism": null, "wikidata": null, "wikimedia_commons": null, "wikipedia": null, "wikipedia:pnb": null, "name:ml": null, "area": null, "landuse": null, "operator:short": null, "operator:type": null, "operator:wikidata": null, "created_by": null, "shop": null, "natural": null, "brand": null, "brand:ar": null, "brand:pnb": null, "brand:ps": null, "brand:ur": null, "brand:wikidata": null, "brand:wikipedia": null, "brand:wikipedia:ar": null, "brand:wikipedia:pnb": null, "brand:wikipedia:ps": null, "brand:wikipedia:ur": null, "surface": null, "type": null, "access": null, "barrier": null, "boundary": null, "operator:ur": null, "max_age": null, "min_age": null, "playground:theme": null }, "geometry": { "type": "Polygon", "coordinates": [ [ [ 73.0767887, 33.7105955 ], [ 73.0766594, 33.7104625 ], [ 73.0765771, 33.7104331 ], [ 73.0763796, 33.7105172 ], [ 73.0761985, 33.7106561 ], [ 73.0758976, 33.7108888 ], [ 73.0748959, 33.7122364 ], [ 73.0743552, 33.7129308 ], [ 73.0747619, 33.7131361 ], [ 73.0748372, 33.7131381 ], [ 73.0748724, 33.7130735 ], [ 73.0750323, 33.7128858 ], [ 73.0752416, 33.7127156 ], [ 73.0753286, 33.7126217 ], [ 73.0756507, 33.712213 ], [ 73.0759493, 33.7118042 ], [ 73.0763866, 33.711194 ], [ 73.0767064, 33.7107539 ], [ 73.0767887, 33.7105955 ] ] ] } },
{ "type": "Feature", "properties": { "element": "way", "id": 721263208, "is_in": null, "leisure": "park", "name": null, "sport": null, "name:en": null, "name:ur": null, "addr:city": null, "addr:city:ar": null, "addr:city:en": null, "addr:city:ks": null, "addr:city:pnb": null, "addr:city:ps": null, "addr:city:sd": null, "addr:city:ur": null, "addr:street": null, "operator": null, "alt_name": null, "alt_name:ar": null, "alt_name:ur": null, "alt_name:zh-Hans": null, "name:ar": null, "name:etymology": null, "name:etymology:wikidata": null, "name:etymology:wikipedia": null, "name:hi": null, "name:pnb": null, "tourism": null, "wikidata": null, "wikimedia_commons": null, "wikipedia": null, "wikipedia:pnb": null, "name:ml": null, "area": null, "landuse": null, "operator:short": null, "operator:type": null, "operator:wikidata": null, "created_by": null, "shop": null, "natural": null, "brand": null, "brand:ar": null, "brand:pnb": null, "brand:ps": null, "brand:ur": null, "brand:wikidata": null, "brand:wikipedia": null, "brand:wikipedia:ar": null, "brand:wikipedia:pnb": null, "brand:wikipedia:ps": null, "brand:wikipedia:ur": null, "surface": null, "type": null, "access": null, "barrier": null, "boundary": null, "operator:ur": null, "max_age": null, "min_age": null, "playground:theme": null }, "geometry": { "type": "Polygon", "coordinates": [ [ [ 73.077092, 33.7107774 ], [ 73.0772237, 33.7108928 ], [ 73.0772636, 33.7110238 ], [ 73.0772519, 33.711194 ], [ 73.0771602, 33.7113856 ], [ 73.0769862, 33.7115695 ], [ 73.0767675, 33.7117885 ], [ 73.0766758, 33.7119215 ], [ 73.0757165, 33.7126667 ], [ 73.0755096, 33.7129092 ], [ 73.075512, 33.7128643 ], [ 73.076175, 33.7119587 ], [ 73.0765583, 33.7114639 ], [ 73.077092, 33.7107774 ] ] ] } },
{ "type": "Feature", "properties": { "element": "way", "id": 721263209, "is_in": null, "leisure": "park", "name": null, "sport": null, "name:en": null, "name:ur": null, "addr:city": null, "addr:city:ar": null, "addr:city:en": null, "addr:city:ks": null, "addr:city:pnb": null, "addr:city:ps": null, "addr:city:sd": null, "addr:city:ur": null, "addr:street": null, "operator": null, "alt_name": null, "alt_name:ar": null, "alt_name:ur": null, "alt_name:zh-Hans": null, "name:ar": null, "name:etymology": null, "name:etymology:wikidata": null, "name:etymology:wikipedia": null, "name:hi": null, "name:pnb": null, "tourism": null, "wikidata": null, "wikimedia_commons": null, "wikipedia": null, "wikipedia:pnb": null, "name:ml": null, "area": null, "landuse": null, "operator:short": null, "operator:type": null, "operator:wikidata": null, "created_by": null, "shop": null, "natural": null, "brand": null, "brand:ar": null, "brand:pnb": null, "brand:ps": null, "brand:ur": null, "brand:wikidata": null, "brand:wikipedia": null, "brand:wikipedia:ar": null, "brand:wikipedia:pnb": null, "brand:wikipedia:ps": null, "brand:wikipedia:ur": null, "surface": null, "type": null, "access": null, "barrier": null, "boundary": null, "operator:ur": null, "max_age": null, "min_age": null, "playground:theme": null }, "geometry": { "type": "Polygon", "coordinates": [ [ [ 73.0718476, 33.7166432 ], [ 73.0717484, 33.7166122 ], [ 73.0717468, 33.716509 ], [ 73.0717825, 33.7164032 ], [ 73.0718756, 33.7162367 ], [ 73.0722559, 33.7157628 ], [ 73.0728608, 33.7149602 ], [ 73.0738878, 33.7135563 ], [ 73.0742259, 33.7131279 ], [ 73.0742849, 33.7131227 ], [ 73.0746541, 33.713324 ], [ 73.0746541, 33.7133653 ], [ 73.0745145, 33.7135718 ], [ 73.0744245, 33.7137111 ], [ 73.0743624, 33.7139331 ], [ 73.0742601, 33.7140802 ], [ 73.073956, 33.7144879 ], [ 73.0738598, 33.7145137 ], [ 73.0735184, 33.7149472 ], [ 73.0727463, 33.7158481 ], [ 73.07211, 33.7165421 ], [ 73.0720155, 33.7166295 ], [ 73.0718476, 33.7166432 ] ] ] } },
{ "type": "Feature", "properties": { "element": "way", "id": 721263210, "is_in": null, "leisure": null, "name": null, "sport": null, "name:en": null, "name:ur": null, "addr:city": null, "addr:city:ar": null, "addr:city:en": null, "addr:city:ks": null, "addr:city:pnb": null, "addr:city:ps": null, "addr:city:sd": null, "addr:city:ur": null, "addr:street": null, "operator": null, "alt_name": null, "alt_name:ar": null, "alt_name:ur": null, "alt_name:zh-Hans": null, "name:ar": null, "name:etymology": null, "name:etymology:wikidata": null, "name:etymology:wikipedia": null, "name:hi": null, "name:pnb": null, "tourism": null, "wikidata": null, "wikimedia_commons": null, "wikipedia": null, "wikipedia:pnb": null, "name:ml": null, "area": null, "landuse": null, "operator:short": null, "operator:type": null, "operator:wikidata": null, "created_by": null, "shop": null, "natural": "scrub", "brand": null, "brand:ar": null, "brand:pnb": null, "brand:ps": null, "brand:ur": null, "brand:wikidata": null, "brand:wikipedia": null, "brand:wikipedia:ar": null, "brand:wikipedia:pnb": null, "brand:wikipedia:ps": null, "brand:wikipedia:ur": null, "surface": null, "type": null, "access": null, "barrier": null, "boundary": null, "operator:ur": null, "max_age": null, "min_age": null, "playground:theme": null }, "geometry": { "type": "Polygon", "coordinates": [ [ [ 73.0717014, 33.7195998 ], [ 73.071638, 33.7195621 ], [ 73.0716019, 33.7195153 ], [ 73.0715633, 33.7194455 ], [ 73.0715577, 33.7193586 ], [ 73.0715834, 33.7192823 ], [ 73.0718739, 33.7188928 ], [ 73.0719379, 33.7188215 ], [ 73.0720067, 33.7187712 ], [ 73.0720807, 33.7187495 ], [ 73.0722088, 33.7188327 ], [ 73.0724544, 33.7189412 ], [ 73.0726458, 33.7190683 ], [ 73.0731292, 33.7193649 ], [ 73.0729428, 33.7196187 ], [ 73.0726937, 33.7199097 ], [ 73.0726388, 33.7198842 ], [ 73.0724817, 33.7198176 ], [ 73.0722367, 33.7197433 ], [ 73.0720673, 33.7197038 ], [ 73.0718654, 33.7196704 ], [ 73.0717014, 33.7195998 ] ] ] } },
{ "type": "Feature", "properties": { "element": "way", "id": 721608922, "is_in": null, "leisure": "park", "name": null, "sport": null, "name:en": null, "name:ur": null, "addr:city": null, "addr:city:ar": null, "addr:city:en": null, "addr:city:ks": null, "addr:city:pnb": null, "addr:city:ps": null, "addr:city:sd": null, "addr:city:ur": null, "addr:street": null, "operator": null, "alt_name": null, "alt_name:ar": null, "alt_name:ur": null, "alt_name:zh-Hans": null, "name:ar": null, "name:etymology": null, "name:etymology:wikidata": null, "name:etymology:wikipedia": null, "name:hi": null, "name:pnb": null, "tourism": null, "wikidata": null, "wikimedia_commons": null, "wikipedia": null, "wikipedia:pnb": null, "name:ml": null, "area": null, "landuse": null, "operator:short": null, "operator:type": null, "operator:wikidata": null, "created_by": null, "shop": null, "natural": null, "brand": null, "brand:ar": null, "brand:pnb": null, "brand:ps": null, "brand:ur": null, "brand:wikidata": null, "brand:wikipedia": null, "brand:wikipedia:ar": null, "brand:wikipedia:pnb": null, "brand:wikipedia:ps": null, "brand:wikipedia:ur": null, "surface": null, "type": null, "access": null, "barrier": null, "boundary": null, "operator:ur": null, "max_age": null, "min_age": null, "playground:theme": null }, "geometry": { "type": "Polygon", "coordinates": [ [ [ 73.0716636, 33.7170469 ], [ 73.0712951, 33.7175473 ], [ 73.0712451, 33.7175653 ], [ 73.0712099, 33.7174984 ], [ 73.0712092, 33.7174489 ], [ 73.0714514, 33.7170643 ], [ 73.0715073, 33.7170158 ], [ 73.0715656, 33.7170003 ], [ 73.0716472, 33.717012 ], [ 73.0716636, 33.7170469 ] ] ] } },
{ "type": "Feature", "properties": { "element": "way", "id": 731113861, "is_in": null, "leisure": null, "name": null, "sport": null, "name:en": null, "name:ur": null, "addr:city": null, "addr:city:ar": null, "addr:city:en": null, "addr:city:ks": null, "addr:city:pnb": null, "addr:city:ps": null, "addr:city:sd": null, "addr:city:ur": null, "addr:street": null, "operator": null, "alt_name": null, "alt_name:ar": null, "alt_name:ur": null, "alt_name:zh-Hans": null, "name:ar": null, "name:etymology": null, "name:etymology:wikidata": null, "name:etymology:wikipedia": null, "name:hi": null, "name:pnb": null, "tourism": null, "wikidata": null, "wikimedia_commons": null, "wikipedia": null, "wikipedia:pnb": null, "name:ml": null, "area": null, "landuse": "grass", "operator:short": null, "operator:type": null, "operator:wikidata": null, "created_by": null, "shop": null, "natural": null, "brand": null, "brand:ar": null, "brand:pnb": null, "brand:ps": null, "brand:ur": null, "brand:wikidata": null, "brand:wikipedia": null, "brand:wikipedia:ar": null, "brand:wikipedia:pnb": null, "brand:wikipedia:ps": null, "brand:wikipedia:ur": null, "surface": null, "type": null, "access": null, "barrier": null, "boundary": null, "operator:ur": null, "max_age": null, "min_age": null, "playground:theme": null }, "geometry": { "type": "Polygon", "coordinates": [ [ [ 73.0549178, 33.7090224 ], [ 73.0547084, 33.7088787 ], [ 73.0545885, 33.7086487 ], [ 73.0546515, 33.7084052 ], [ 73.0547918, 33.7082294 ], [ 73.0548934, 33.7081059 ], [ 73.0549829, 33.7080975 ], [ 73.0550987, 33.7081397 ], [ 73.0551414, 33.7082632 ], [ 73.0551821, 33.7083511 ], [ 73.0551455, 33.7084323 ], [ 73.0549605, 33.7086589 ], [ 73.054869, 33.7088618 ], [ 73.0549178, 33.7090224 ] ] ] } },
{ "type": "Feature", "properties": { "element": "way", "id": 738806078, "is_in": null, "leisure": "playground", "name": null, "sport": null, "name:en": null, "name:ur": null, "addr:city": null, "addr:city:ar": null, "addr:city:en": null, "addr:city:ks": null, "addr:city:pnb": null, "addr:city:ps": null, "addr:city:sd": null, "addr:city:ur": null, "addr:street": null, "operator": null, "alt_name": null, "alt_name:ar": null, "alt_name:ur": null, "alt_name:zh-Hans": null, "name:ar": null, "name:etymology": null, "name:etymology:wikidata": null, "name:etymology:wikipedia": null, "name:hi": null, "name:pnb": null, "tourism": null, "wikidata": null, "wikimedia_commons": null, "wikipedia": null, "wikipedia:pnb": null, "name:ml": null, "area": null, "landuse": null, "operator:short": null, "operator:type": null, "operator:wikidata": null, "created_by": null, "shop": null, "natural": null, "brand": null, "brand:ar": null, "brand:pnb": null, "brand:ps": null, "brand:ur": null, "brand:wikidata": null, "brand:wikipedia": null, "brand:wikipedia:ar": null, "brand:wikipedia:pnb": null, "brand:wikipedia:ps": null, "brand:wikipedia:ur": null, "surface": null, "type": null, "access": null, "barrier": null, "boundary": null, "operator:ur": null, "max_age": null, "min_age": null, "playground:theme": null }, "geometry": { "type": "Polygon", "coordinates": [ [ [ 73.0677728, 33.7122558 ], [ 73.067991, 33.7119591 ], [ 73.068489, 33.7121893 ], [ 73.0684352, 33.7122698 ], [ 73.0687887, 33.712445 ], [ 73.068635, 33.7126495 ], [ 73.0681939, 33.7124539 ], [ 73.0680556, 33.7123874 ], [ 73.0677728, 33.7122558 ] ] ] } },
{ "type": "Feature", "properties": { "element": "way", "id": 740117911, "is_in": null, "leisure": "park", "name": "Cricket Ground", "sport": "cricket", "name:en": null, "name:ur": null, "addr:city": null, "addr:city:ar": null, "addr:city:en": null, "addr:city:ks": null, "addr:city:pnb": null, "addr:city:ps": null, "addr:city:sd": null, "addr:city:ur": null, "addr:street": null, "operator": null, "alt_name": null, "alt_name:ar": null, "alt_name:ur": null, "alt_name:zh-Hans": null, "name:ar": null, "name:etymology": null, "name:etymology:wikidata": null, "name:etymology:wikipedia": null, "name:hi": null, "name:pnb": null, "tourism": null, "wikidata": null, "wikimedia_commons": null, "wikipedia": null, "wikipedia:pnb": null, "name:ml": null, "area": null, "landuse": null, "operator:short": null, "operator:type": null, "operator:wikidata": null, "created_by": null, "shop": null, "natural": null, "brand": null, "brand:ar": null, "brand:pnb": null, "brand:ps": null, "brand:ur": null, "brand:wikidata": null, "brand:wikipedia": null, "brand:wikipedia:ar": null, "brand:wikipedia:pnb": null, "brand:wikipedia:ps": null, "brand:wikipedia:ur": null, "surface": null, "type": null, "access": null, "barrier": null, "boundary": null, "operator:ur": null, "max_age": null, "min_age": null, "playground:theme": null }, "geometry": { "type": "Polygon", "coordinates": [ [ [ 73.0509494, 33.6959328 ], [ 73.0515839, 33.6950255 ], [ 73.0526023, 33.6955288 ], [ 73.0519795, 33.6964172 ], [ 73.0509494, 33.6959328 ] ] ] } },
{ "type": "Feature", "properties": { "element": "way", "id": 740117919, "is_in": null, "leisure": "park", "name": null, "sport": null, "name:en": null, "name:ur": null, "addr:city": null, "addr:city:ar": null, "addr:city:en": null, "addr:city:ks": null, "addr:city:pnb": null, "addr:city:ps": null, "addr:city:sd": null, "addr:city:ur": null, "addr:street": null, "operator": null, "alt_name": null, "alt_name:ar": null, "alt_name:ur": null, "alt_name:zh-Hans": null, "name:ar": null, "name:etymology": null, "name:etymology:wikidata": null, "name:etymology:wikipedia": null, "name:hi": null, "name:pnb": null, "tourism": null, "wikidata": null, "wikimedia_commons": null, "wikipedia": null, "wikipedia:pnb": null, "name:ml": null, "area": null, "landuse": null, "operator:short": null, "operator:type": null, "operator:wikidata": null, "created_by": null, "shop": null, "natural": null, "brand": null, "brand:ar": null, "brand:pnb": null, "brand:ps": null, "brand:ur": null, "brand:wikidata": null, "brand:wikipedia": null, "brand:wikipedia:ar": null, "brand:wikipedia:pnb": null, "brand:wikipedia:ps": null, "brand:wikipedia:ur": null, "surface": null, "type": null, "access": null, "barrier": null, "boundary": null, "operator:ur": null, "max_age": null, "min_age": null, "playground:theme": null }, "geometry": { "type": "Polygon", "coordinates": [ [ [ 73.0511423, 33.6994846 ], [ 73.0519401, 33.6998807 ], [ 73.0519487, 33.6999378 ], [ 73.0512581, 33.7008586 ], [ 73.0504653, 33.7004336 ], [ 73.0511423, 33.6994846 ] ] ] } },
{ "type": "Feature", "properties": { "element": "way", "id": 741024098, "is_in": null, "leisure": "pitch", "name": "Falcon Football Ground", "sport": "soccer", "name:en": null, "name:ur": null, "addr:city": null, "addr:city:ar": null, "addr:city:en": null, "addr:city:ks": null, "addr:city:pnb": null, "addr:city:ps": null, "addr:city:sd": null, "addr:city:ur": null, "addr:street": null, "operator": null, "alt_name": null, "alt_name:ar": null, "alt_name:ur": null, "alt_name:zh-Hans": null, "name:ar": null, "name:etymology": null, "name:etymology:wikidata": null, "name:etymology:wikipedia": null, "name:hi": null, "name:pnb": null, "tourism": null, "wikidata": null, "wikimedia_commons": null, "wikipedia": null, "wikipedia:pnb": null, "name:ml": null, "area": null, "landuse": null, "operator:short": null, "operator:type": null, "operator:wikidata": null, "created_by": null, "shop": null, "natural": null, "brand": null, "brand:ar": null, "brand:pnb": null, "brand:ps": null, "brand:ur": null, "brand:wikidata": null, "brand:wikipedia": null, "brand:wikipedia:ar": null, "brand:wikipedia:pnb": null, "brand:wikipedia:ps": null, "brand:wikipedia:ur": null, "surface": "grass", "type": null, "access": null, "barrier": null, "boundary": null, "operator:ur": null, "max_age": null, "min_age": null, "playground:theme": null }, "geometry": { "type": "Polygon", "coordinates": [ [ [ 73.0639757, 33.7072259 ], [ 73.0631496, 33.7067931 ], [ 73.0631711, 33.7065967 ], [ 73.0631791, 33.7064896 ], [ 73.0631764, 33.7063714 ], [ 73.0631738, 33.7062553 ], [ 73.063222, 33.7061572 ], [ 73.0632545, 33.7060964 ], [ 73.0633794, 33.7061683 ], [ 73.0634681, 33.7061955 ], [ 73.0635732, 33.7062081 ], [ 73.0636257, 33.7061887 ], [ 73.0636806, 33.7061314 ], [ 73.0636981, 33.706113 ], [ 73.0639363, 33.7062732 ], [ 73.0640344, 33.7063548 ], [ 73.0641161, 33.7064305 ], [ 73.0642772, 33.7066015 ], [ 73.0644231, 33.7067676 ], [ 73.0642632, 33.7069152 ], [ 73.0641079, 33.7070725 ], [ 73.0640542, 33.7071648 ], [ 73.0639757, 33.7072259 ] ] ] } },
{ "type": "Feature", "properties": { "element": "way", "id": 780222418, "is_in": null, "leisure": "pitch", "name": null, "sport": "basketball", "name:en": null, "name:ur": null, "addr:city": null, "addr:city:ar": null, "addr:city:en": null, "addr:city:ks": null, "addr:city:pnb": null, "addr:city:ps": null, "addr:city:sd": null, "addr:city:ur": null, "addr:street": null, "operator": null, "alt_name": null, "alt_name:ar": null, "alt_name:ur": null, "alt_name:zh-Hans": null, "name:ar": null, "name:etymology": null, "name:etymology:wikidata": null, "name:etymology:wikipedia": null, "name:hi": null, "name:pnb": null, "tourism": null, "wikidata": null, "wikimedia_commons": null, "wikipedia": null, "wikipedia:pnb": null, "name:ml": null, "area": null, "landuse": null, "operator:short": null, "operator:type": null, "operator:wikidata": null, "created_by": null, "shop": null, "natural": null, "brand": null, "brand:ar": null, "brand:pnb": null, "brand:ps": null, "brand:ur": null, "brand:wikidata": null, "brand:wikipedia": null, "brand:wikipedia:ar": null, "brand:wikipedia:pnb": null, "brand:wikipedia:ps": null, "brand:wikipedia:ur": null, "surface": "paved", "type": null, "access": null, "barrier": null, "boundary": null, "operator:ur": null, "max_age": null, "min_age": null, "playground:theme": null }, "geometry": { "type": "Polygon", "coordinates": [ [ [ 73.0174087, 33.6726593 ], [ 73.0176475, 33.6723205 ], [ 73.0178599, 33.6724339 ], [ 73.017621, 33.6727697 ], [ 73.0174087, 33.6726593 ] ] ] } },
{ "type": "Feature", "properties": { "element": "way", "id": 780222419, "is_in": null, "leisure": "pitch", "name": null, "sport": "tennis", "name:en": null, "name:ur": null, "addr:city": null, "addr:city:ar": null, "addr:city:en": null, "addr:city:ks": null, "addr:city:pnb": null, "addr:city:ps": null, "addr:city:sd": null, "addr:city:ur": null, "addr:street": null, "operator": null, "alt_name": null, "alt_name:ar": null, "alt_name:ur": null, "alt_name:zh-Hans": null, "name:ar": null, "name:etymology": null, "name:etymology:wikidata": null, "name:etymology:wikipedia": null, "name:hi": null, "name:pnb": null, "tourism": null, "wikidata": null, "wikimedia_commons": null, "wikipedia": null, "wikipedia:pnb": null, "name:ml": null, "area": null, "landuse": null, "operator:short": null, "operator:type": null, "operator:wikidata": null, "created_by": null, "shop": null, "natural": null, "brand": null, "brand:ar": null, "brand:pnb": null, "brand:ps": null, "brand:ur": null, "brand:wikidata": null, "brand:wikipedia": null, "brand:wikipedia:ar": null, "brand:wikipedia:pnb": null, "brand:wikipedia:ps": null, "brand:wikipedia:ur": null, "surface": "concrete", "type": null, "access": null, "barrier": null, "boundary": null, "operator:ur": null, "max_age": null, "min_age": null, "playground:theme": null }, "geometry": { "type": "Polygon", "coordinates": [ [ [ 73.0176458, 33.6727682 ], [ 73.0178776, 33.6724663 ], [ 73.0180899, 33.6725783 ], [ 73.0178546, 33.6728787 ], [ 73.0176458, 33.6727682 ] ] ] } },
{ "type": "Feature", "properties": { "element": "way", "id": 780222424, "is_in": null, "leisure": "garden", "name": null, "sport": null, "name:en": null, "name:ur": null, "addr:city": null, "addr:city:ar": null, "addr:city:en": null, "addr:city:ks": null, "addr:city:pnb": null, "addr:city:ps": null, "addr:city:sd": null, "addr:city:ur": null, "addr:street": null, "operator": null, "alt_name": null, "alt_name:ar": null, "alt_name:ur": null, "alt_name:zh-Hans": null, "name:ar": null, "name:etymology": null, "name:etymology:wikidata": null, "name:etymology:wikipedia": null, "name:hi": null, "name:pnb": null, "tourism": null, "wikidata": null, "wikimedia_commons": null, "wikipedia": null, "wikipedia:pnb": null, "name:ml": null, "area": null, "landuse": null, "operator:short": null, "operator:type": null, "operator:wikidata": null, "created_by": null, "shop": null, "natural": null, "brand": null, "brand:ar": null, "brand:pnb": null, "brand:ps": null, "brand:ur": null, "brand:wikidata": null, "brand:wikipedia": null, "brand:wikipedia:ar": null, "brand:wikipedia:pnb": null, "brand:wikipedia:ps": null, "brand:wikipedia:ur": null, "surface": null, "type": null, "access": null, "barrier": null, "boundary": null, "operator:ur": null, "max_age": null, "min_age": null, "playground:theme": null }, "geometry": { "type": "Polygon", "coordinates": [ [ [ 73.0163787, 33.670262 ], [ 73.0156546, 33.6698872 ], [ 73.0159759, 33.669439 ], [ 73.0167113, 33.669842 ], [ 73.0166117, 33.6699663 ], [ 73.0165325, 33.6699908 ], [ 73.0164624, 33.6700642 ], [ 73.0164828, 33.6701377 ], [ 73.0163787, 33.670262 ] ] ] } },
{ "type": "Feature", "properties": { "element": "way", "id": 780222425, "is_in": null, "leisure": "garden", "name": null, "sport": null, "name:en": null, "name:ur": null, "addr:city": null, "addr:city:ar": null, "addr:city:en": null, "addr:city:ks": null, "addr:city:pnb": null, "addr:city:ps": null, "addr:city:sd": null, "addr:city:ur": null, "addr:street": null, "operator": null, "alt_name": null, "alt_name:ar": null, "alt_name:ur": null, "alt_name:zh-Hans": null, "name:ar": null, "name:etymology": null, "name:etymology:wikidata": null, "name:etymology:wikipedia": null, "name:hi": null, "name:pnb": null, "tourism": null, "wikidata": null, "wikimedia_commons": null, "wikipedia": null, "wikipedia:pnb": null, "name:ml": null, "area": null, "landuse": null, "operator:short": null, "operator:type": null, "operator:wikidata": null, "created_by": null, "shop": null, "natural": null, "brand": null, "brand:ar": null, "brand:pnb": null, "brand:ps": null, "brand:ur": null, "brand:wikidata": null, "brand:wikipedia": null, "brand:wikipedia:ar": null, "brand:wikipedia:pnb": null, "brand:wikipedia:ps": null, "brand:wikipedia:ur": null, "surface": null, "type": null, "access": null, "barrier": null, "boundary": null, "operator:ur": null, "max_age": null, "min_age": null, "playground:theme": null }, "geometry": { "type": "Polygon", "coordinates": [ [ [ 73.0172227, 33.6704314 ], [ 73.0170145, 33.6707271 ], [ 73.0156252, 33.6700266 ], [ 73.0156659, 33.6699927 ], [ 73.0166796, 33.6705199 ], [ 73.0168154, 33.6705105 ], [ 73.0169127, 33.6704051 ], [ 73.0169489, 33.6703618 ], [ 73.0170439, 33.6703373 ], [ 73.0171367, 33.6703919 ], [ 73.0172227, 33.6704314 ] ] ] } },
{ "type": "Feature", "properties": { "element": "way", "id": 780222426, "is_in": null, "leisure": "garden", "name": null, "sport": null, "name:en": null, "name:ur": null, "addr:city": null, "addr:city:ar": null, "addr:city:en": null, "addr:city:ks": null, "addr:city:pnb": null, "addr:city:ps": null, "addr:city:sd": null, "addr:city:ur": null, "addr:street": null, "operator": null, "alt_name": null, "alt_name:ar": null, "alt_name:ur": null, "alt_name:zh-Hans": null, "name:ar": null, "name:etymology": null, "name:etymology:wikidata": null, "name:etymology:wikipedia": null, "name:hi": null, "name:pnb": null, "tourism": null, "wikidata": null, "wikimedia_commons": null, "wikipedia": null, "wikipedia:pnb": null, "name:ml": null, "area": null, "landuse": null, "operator:short": null, "operator:type": null, "operator:wikidata": null, "created_by": null, "shop": null, "natural": null, "brand": null, "brand:ar": null, "brand:pnb": null, "brand:ps": null, "brand:ur": null, "brand:wikidata": null, "brand:wikipedia": null, "brand:wikipedia:ar": null, "brand:wikipedia:pnb": null, "brand:wikipedia:ps": null, "brand:wikipedia:ur": null, "surface": null, "type": null, "access": null, "barrier": null, "boundary": null, "operator:ur": null, "max_age": null, "min_age": null, "playground:theme": null }, "geometry": { "type": "Polygon", "coordinates": [ [ [ 73.0172679, 33.6703712 ], [ 73.0171095, 33.6703034 ], [ 73.0170665, 33.6702394 ], [ 73.0170643, 33.6702036 ], [ 73.0171525, 33.6700774 ], [ 73.0171435, 33.6699946 ], [ 73.0171118, 33.6699475 ], [ 73.0160642, 33.6693919 ], [ 73.0160551, 33.6693486 ], [ 73.0160685, 33.6693556 ], [ 73.0174444, 33.6700755 ], [ 73.0174467, 33.6701471 ], [ 73.0172679, 33.6703712 ] ] ] } },
{ "type": "Feature", "properties": { "element": "way", "id": 780222438, "is_in": null, "leisure": null, "name": null, "sport": null, "name:en": null, "name:ur": null, "addr:city": null, "addr:city:ar": null, "addr:city:en": null, "addr:city:ks": null, "addr:city:pnb": null, "addr:city:ps": null, "addr:city:sd": null, "addr:city:ur": null, "addr:street": null, "operator": null, "alt_name": null, "alt_name:ar": null, "alt_name:ur": null, "alt_name:zh-Hans": null, "name:ar": null, "name:etymology": null, "name:etymology:wikidata": null, "name:etymology:wikipedia": null, "name:hi": null, "name:pnb": null, "tourism": null, "wikidata": null, "wikimedia_commons": null, "wikipedia": null, "wikipedia:pnb": null, "name:ml": null, "area": null, "landuse": "grass", "operator:short": null, "operator:type": null, "operator:wikidata": null, "created_by": null, "shop": null, "natural": null, "brand": null, "brand:ar": null, "brand:pnb": null, "brand:ps": null, "brand:ur": null, "brand:wikidata": null, "brand:wikipedia": null, "brand:wikipedia:ar": null, "brand:wikipedia:pnb": null, "brand:wikipedia:ps": null, "brand:wikipedia:ur": null, "surface": null, "type": null, "access": null, "barrier": null, "boundary": null, "operator:ur": null, "max_age": null, "min_age": null, "playground:theme": null }, "geometry": { "type": "Polygon", "coordinates": [ [ [ 73.015407, 33.6740428 ], [ 73.0151509, 33.6744264 ], [ 73.0156782, 33.6747316 ], [ 73.0159664, 33.6748985 ], [ 73.0156237, 33.6753641 ], [ 73.0162304, 33.6756591 ], [ 73.0161083, 33.6759411 ], [ 73.0167031, 33.6762296 ], [ 73.0174477, 33.6767476 ], [ 73.0179756, 33.6770262 ], [ 73.017822, 33.6754591 ], [ 73.0178535, 33.6750788 ], [ 73.0182238, 33.6746985 ], [ 73.0189211, 33.6745051 ], [ 73.0197563, 33.6743248 ], [ 73.0196224, 33.6741018 ], [ 73.0194254, 33.6737871 ], [ 73.0182947, 33.6731969 ], [ 73.0178535, 33.6729805 ], [ 73.0172704, 33.6726855 ], [ 73.0167347, 33.6733281 ], [ 73.0169277, 33.6736658 ], [ 73.0164983, 33.6742002 ], [ 73.0163171, 33.6741412 ], [ 73.0160689, 33.6743969 ], [ 73.015407, 33.6740428 ] ] ] } },
{ "type": "Feature", "properties": { "element": "way", "id": 780854547, "is_in": null, "leisure": null, "name": null, "sport": null, "name:en": null, "name:ur": null, "addr:city": null, "addr:city:ar": null, "addr:city:en": null, "addr:city:ks": null, "addr:city:pnb": null, "addr:city:ps": null, "addr:city:sd": null, "addr:city:ur": null, "addr:street": null, "operator": null, "alt_name": null, "alt_name:ar": null, "alt_name:ur": null, "alt_name:zh-Hans": null, "name:ar": null, "name:etymology": null, "name:etymology:wikidata": null, "name:etymology:wikipedia": null, "name:hi": null, "name:pnb": null, "tourism": null, "wikidata": null, "wikimedia_commons": null, "wikipedia": null, "wikipedia:pnb": null, "name:ml": null, "area": null, "landuse": "grass", "operator:short": null, "operator:type": null, "operator:wikidata": null, "created_by": null, "shop": null, "natural": null, "brand": null, "brand:ar": null, "brand:pnb": null, "brand:ps": null, "brand:ur": null, "brand:wikidata": null, "brand:wikipedia": null, "brand:wikipedia:ar": null, "brand:wikipedia:pnb": null, "brand:wikipedia:ps": null, "brand:wikipedia:ur": null, "surface": null, "type": "natural", "access": null, "barrier": null, "boundary": null, "operator:ur": null, "max_age": null, "min_age": null, "playground:theme": null }, "geometry": { "type": "Polygon", "coordinates": [ [ [ 73.0148945, 33.6728112 ], [ 73.0151037, 33.6725232 ], [ 73.0155442, 33.6727449 ], [ 73.015335, 33.6730328 ], [ 73.0148945, 33.6728112 ] ] ] } },
{ "type": "Feature", "properties": { "element": "way", "id": 780890421, "is_in": null, "leisure": null, "name": null, "sport": null, "name:en": null, "name:ur": null, "addr:city": null, "addr:city:ar": null, "addr:city:en": null, "addr:city:ks": null, "addr:city:pnb": null, "addr:city:ps": null, "addr:city:sd": null, "addr:city:ur": null, "addr:street": null, "operator": null, "alt_name": null, "alt_name:ar": null, "alt_name:ur": null, "alt_name:zh-Hans": null, "name:ar": null, "name:etymology": null, "name:etymology:wikidata": null, "name:etymology:wikipedia": null, "name:hi": null, "name:pnb": null, "tourism": null, "wikidata": null, "wikimedia_commons": null, "wikipedia": null, "wikipedia:pnb": null, "name:ml": null, "area": null, "landuse": "grass", "operator:short": null, "operator:type": null, "operator:wikidata": null, "created_by": null, "shop": null, "natural": null, "brand": null, "brand:ar": null, "brand:pnb": null, "brand:ps": null, "brand:ur": null, "brand:wikidata": null, "brand:wikipedia": null, "brand:wikipedia:ar": null, "brand:wikipedia:pnb": null, "brand:wikipedia:ps": null, "brand:wikipedia:ur": null, "surface": null, "type": null, "access": "private", "barrier": null, "boundary": null, "operator:ur": null, "max_age": null, "min_age": null, "playground:theme": null }, "geometry": { "type": "Polygon", "coordinates": [ [ [ 73.0124046, 33.6776124 ], [ 73.0122356, 33.6775276 ], [ 73.0125763, 33.6770566 ], [ 73.0129491, 33.6772486 ], [ 73.0128559, 33.6774006 ], [ 73.0126386, 33.6773359 ], [ 73.0124046, 33.6776124 ] ] ] } },
{ "type": "Feature", "properties": { "element": "way", "id": 780890422, "is_in": null, "leisure": null, "name": null, "sport": null, "name:en": null, "name:ur": null, "addr:city": null, "addr:city:ar": null, "addr:city:en": null, "addr:city:ks": null, "addr:city:pnb": null, "addr:city:ps": null, "addr:city:sd": null, "addr:city:ur": null, "addr:street": null, "operator": null, "alt_name": null, "alt_name:ar": null, "alt_name:ur": null, "alt_name:zh-Hans": null, "name:ar": null, "name:etymology": null, "name:etymology:wikidata": null, "name:etymology:wikipedia": null, "name:hi": null, "name:pnb": null, "tourism": null, "wikidata": null, "wikimedia_commons": null, "wikipedia": null, "wikipedia:pnb": null, "name:ml": null, "area": null, "landuse": "grass", "operator:short": null, "operator:type": null, "operator:wikidata": null, "created_by": null, "shop": null, "natural": null, "brand": null, "brand:ar": null, "brand:pnb": null, "brand:ps": null, "brand:ur": null, "brand:wikidata": null, "brand:wikipedia": null, "brand:wikipedia:ar": null, "brand:wikipedia:pnb": null, "brand:wikipedia:ps": null, "brand:wikipedia:ur": null, "surface": null, "type": null, "access": "private", "barrier": null, "boundary": null, "operator:ur": null, "max_age": null, "min_age": null, "playground:theme": null }, "geometry": { "type": "Polygon", "coordinates": [ [ [ 73.0127397, 33.6775674 ], [ 73.0129491, 33.6772486 ], [ 73.0131208, 33.6773356 ], [ 73.0129031, 33.6776451 ], [ 73.0127397, 33.6775674 ] ] ] } },
{ "type": "Feature", "properties": { "element": "way", "id": 780890423, "is_in": null, "leisure": null, "name": null, "sport": null, "name:en": null, "name:ur": null, "addr:city": null, "addr:city:ar": null, "addr:city:en": null, "addr:city:ks": null, "addr:city:pnb": null, "addr:city:ps": null, "addr:city:sd": null, "addr:city:ur": null, "addr:street": null, "operator": null, "alt_name": null, "alt_name:ar": null, "alt_name:ur": null, "alt_name:zh-Hans": null, "name:ar": null, "name:etymology": null, "name:etymology:wikidata": null, "name:etymology:wikipedia": null, "name:hi": null, "name:pnb": null, "tourism": null, "wikidata": null, "wikimedia_commons": null, "wikipedia": null, "wikipedia:pnb": null, "name:ml": null, "area": null, "landuse": "grass", "operator:short": null, "operator:type": null, "operator:wikidata": null, "created_by": null, "shop": null, "natural": null, "brand": null, "brand:ar": null, "brand:pnb": null, "brand:ps": null, "brand:ur": null, "brand:wikidata": null, "brand:wikipedia": null, "brand:wikipedia:ar": null, "brand:wikipedia:pnb": null, "brand:wikipedia:ps": null, "brand:wikipedia:ur": null, "surface": null, "type": null, "access": "private", "barrier": null, "boundary": null, "operator:ur": null, "max_age": null, "min_age": null, "playground:theme": null }, "geometry": { "type": "Polygon", "coordinates": [ [ [ 73.0129845, 33.6775845 ], [ 73.0131403, 33.6773472 ], [ 73.0132743, 33.6774082 ], [ 73.0131185, 33.6776454 ], [ 73.0129845, 33.6775845 ] ] ] } },
{ "type": "Feature", "properties": { "element": "way", "id": 780890424, "is_in": null, "leisure": null, "name": null, "sport": null, "name:en": null, "name:ur": null, "addr:city": null, "addr:city:ar": null, "addr:city:en": null, "addr:city:ks": null, "addr:city:pnb": null, "addr:city:ps": null, "addr:city:sd": null, "addr:city:ur": null, "addr:street": null, "operator": null, "alt_name": null, "alt_name:ar": null, "alt_name:ur": null, "alt_name:zh-Hans": null, "name:ar": null, "name:etymology": null, "name:etymology:wikidata": null, "name:etymology:wikipedia": null, "name:hi": null, "name:pnb": null, "tourism": null, "wikidata": null, "wikimedia_commons": null, "wikipedia": null, "wikipedia:pnb": null, "name:ml": null, "area": null, "landuse": "grass", "operator:short": null, "operator:type": null, "operator:wikidata": null, "created_by": null, "shop": null, "natural": null, "brand": null, "brand:ar": null, "brand:pnb": null, "brand:ps": null, "brand:ur": null, "brand:wikidata": null, "brand:wikipedia": null, "brand:wikipedia:ar": null, "brand:wikipedia:pnb": null, "brand:wikipedia:ps": null, "brand:wikipedia:ur": null, "surface": null, "type": null, "access": "private", "barrier": null, "boundary": null, "operator:ur": null, "max_age": null, "min_age": null, "playground:theme": null }, "geometry": { "type": "Polygon", "coordinates": [ [ [ 73.0131455, 33.6776374 ], [ 73.0133535, 33.6773429 ], [ 73.0135227, 33.6774256 ], [ 73.0133146, 33.6777201 ], [ 73.0131455, 33.6776374 ] ] ] } },
{ "type": "Feature", "properties": { "element": "way", "id": 780890425, "is_in": null, "leisure": null, "name": null, "sport": null, "name:en": null, "name:ur": null, "addr:city": null, "addr:city:ar": null, "addr:city:en": null, "addr:city:ks": null, "addr:city:pnb": null, "addr:city:ps": null, "addr:city:sd": null, "addr:city:ur": null, "addr:street": null, "operator": null, "alt_name": null, "alt_name:ar": null, "alt_name:ur": null, "alt_name:zh-Hans": null, "name:ar": null, "name:etymology": null, "name:etymology:wikidata": null, "name:etymology:wikipedia": null, "name:hi": null, "name:pnb": null, "tourism": null, "wikidata": null, "wikimedia_commons": null, "wikipedia": null, "wikipedia:pnb": null, "name:ml": null, "area": null, "landuse": "grass", "operator:short": null, "operator:type": null, "operator:wikidata": null, "created_by": null, "shop": null, "natural": null, "brand": null, "brand:ar": null, "brand:pnb": null, "brand:ps": null, "brand:ur": null, "brand:wikidata": null, "brand:wikipedia": null, "brand:wikipedia:ar": null, "brand:wikipedia:pnb": null, "brand:wikipedia:ps": null, "brand:wikipedia:ur": null, "surface": null, "type": null, "access": "private", "barrier": null, "boundary": null, "operator:ur": null, "max_age": null, "min_age": null, "playground:theme": null }, "geometry": { "type": "Polygon", "coordinates": [ [ [ 73.0133328, 33.6777188 ], [ 73.0135274, 33.6774375 ], [ 73.0136778, 33.6774846 ], [ 73.013469, 33.6777939 ], [ 73.0133328, 33.6777188 ] ] ] } },
{ "type": "Feature", "properties": { "element": "way", "id": 780890426, "is_in": null, "leisure": null, "name": null, "sport": null, "name:en": null, "name:ur": null, "addr:city": null, "addr:city:ar": null, "addr:city:en": null, "addr:city:ks": null, "addr:city:pnb": null, "addr:city:ps": null, "addr:city:sd": null, "addr:city:ur": null, "addr:street": null, "operator": null, "alt_name": null, "alt_name:ar": null, "alt_name:ur": null, "alt_name:zh-Hans": null, "name:ar": null, "name:etymology": null, "name:etymology:wikidata": null, "name:etymology:wikipedia": null, "name:hi": null, "name:pnb": null, "tourism": null, "wikidata": null, "wikimedia_commons": null, "wikipedia": null, "wikipedia:pnb": null, "name:ml": null, "area": null, "landuse": "grass", "operator:short": null, "operator:type": null, "operator:wikidata": null, "created_by": null, "shop": null, "natural": null, "brand": null, "brand:ar": null, "brand:pnb": null, "brand:ps": null, "brand:ur": null, "brand:wikidata": null, "brand:wikipedia": null, "brand:wikipedia:ar": null, "brand:wikipedia:pnb": null, "brand:wikipedia:ps": null, "brand:wikipedia:ur": null, "surface": null, "type": null, "access": "private", "barrier": null, "boundary": null, "operator:ur": null, "max_age": null, "min_age": null, "playground:theme": null }, "geometry": { "type": "Polygon", "coordinates": [ [ [ 73.0135947, 33.6776731 ], [ 73.0137026, 33.6774831 ], [ 73.0140406, 33.6776083 ], [ 73.0139061, 33.6778248 ], [ 73.0135947, 33.6776731 ] ] ] } },
{ "type": "Feature", "properties": { "element": "way", "id": 780890427, "is_in": null, "leisure": "park", "name": "Ladies Park G-10", "sport": null, "name:en": null, "name:ur": null, "addr:city": null, "addr:city:ar": null, "addr:city:en": null, "addr:city:ks": null, "addr:city:pnb": null, "addr:city:ps": null, "addr:city:sd": null, "addr:city:ur": null, "addr:street": null, "operator": null, "alt_name": null, "alt_name:ar": null, "alt_name:ur": null, "alt_name:zh-Hans": null, "name:ar": null, "name:etymology": null, "name:etymology:wikidata": null, "name:etymology:wikipedia": null, "name:hi": null, "name:pnb": null, "tourism": null, "wikidata": null, "wikimedia_commons": null, "wikipedia": null, "wikipedia:pnb": null, "name:ml": null, "area": null, "landuse": null, "operator:short": null, "operator:type": null, "operator:wikidata": null, "created_by": null, "shop": null, "natural": null, "brand": null, "brand:ar": null, "brand:pnb": null, "brand:ps": null, "brand:ur": null, "brand:wikidata": null, "brand:wikipedia": null, "brand:wikipedia:ar": null, "brand:wikipedia:pnb": null, "brand:wikipedia:ps": null, "brand:wikipedia:ur": null, "surface": null, "type": null, "access": null, "barrier": null, "boundary": null, "operator:ur": null, "max_age": null, "min_age": null, "playground:theme": null }, "geometry": { "type": "Polygon", "coordinates": [ [ [ 73.0142771, 33.6795529 ], [ 73.0147721, 33.6789311 ], [ 73.0159023, 33.6794829 ], [ 73.0158369, 33.6796228 ], [ 73.0156548, 33.6796656 ], [ 73.0151411, 33.6795684 ], [ 73.0144873, 33.6795995 ], [ 73.0142771, 33.6795529 ] ] ] } },
{ "type": "Feature", "properties": { "element": "way", "id": 781083819, "is_in": null, "leisure": null, "name": null, "sport": null, "name:en": null, "name:ur": null, "addr:city": null, "addr:city:ar": null, "addr:city:en": null, "addr:city:ks": null, "addr:city:pnb": null, "addr:city:ps": null, "addr:city:sd": null, "addr:city:ur": null, "addr:street": null, "operator": null, "alt_name": null, "alt_name:ar": null, "alt_name:ur": null, "alt_name:zh-Hans": null, "name:ar": null, "name:etymology": null, "name:etymology:wikidata": null, "name:etymology:wikipedia": null, "name:hi": null, "name:pnb": null, "tourism": null, "wikidata": null, "wikimedia_commons": null, "wikipedia": null, "wikipedia:pnb": null, "name:ml": null, "area": null, "landuse": "grass", "operator:short": null, "operator:type": null, "operator:wikidata": null, "created_by": null, "shop": null, "natural": null, "brand": null, "brand:ar": null, "brand:pnb": null, "brand:ps": null, "brand:ur": null, "brand:wikidata": null, "brand:wikipedia": null, "brand:wikipedia:ar": null, "brand:wikipedia:pnb": null, "brand:wikipedia:ps": null, "brand:wikipedia:ur": null, "surface": null, "type": null, "access": null, "barrier": null, "boundary": null, "operator:ur": null, "max_age": null, "min_age": null, "playground:theme": null }, "geometry": { "type": "Polygon", "coordinates": [ [ [ 73.0130248, 33.6674007 ], [ 73.0129855, 33.6673618 ], [ 73.0129493, 33.6672891 ], [ 73.0129426, 33.6672281 ], [ 73.0129511, 33.6671785 ], [ 73.012993, 33.6671111 ], [ 73.013042, 33.6670641 ], [ 73.0131167, 33.6670264 ], [ 73.013192, 33.6669959 ], [ 73.0132921, 33.6669764 ], [ 73.013422, 33.6669755 ], [ 73.0135639, 33.6670192 ], [ 73.0142722, 33.6674195 ], [ 73.0185137, 33.66961 ], [ 73.0206459, 33.6707395 ], [ 73.0232962, 33.6722278 ], [ 73.024039, 33.6726323 ], [ 73.0261483, 33.6736703 ], [ 73.0283905, 33.6748265 ], [ 73.0304402, 33.6759522 ], [ 73.0322056, 33.6768566 ], [ 73.0343011, 33.6778792 ], [ 73.0347009, 33.6781047 ], [ 73.0365479, 33.6791041 ], [ 73.0372632, 33.6794971 ], [ 73.0373458, 33.6796535 ], [ 73.0373458, 33.6798977 ], [ 73.0372266, 33.6800198 ], [ 73.0370477, 33.6799741 ], [ 73.0343332, 33.6785584 ], [ 73.0319213, 33.6773259 ], [ 73.0294452, 33.6760056 ], [ 73.0258503, 33.674132 ], [ 73.0227895, 33.6725338 ], [ 73.0188312, 33.6704494 ], [ 73.0140644, 33.6679552 ], [ 73.0130248, 33.6674007 ] ] ] } },
{ "type": "Feature", "properties": { "element": "way", "id": 838190440, "is_in": null, "leisure": null, "name": null, "sport": null, "name:en": null, "name:ur": null, "addr:city": null, "addr:city:ar": null, "addr:city:en": null, "addr:city:ks": null, "addr:city:pnb": null, "addr:city:ps": null, "addr:city:sd": null, "addr:city:ur": null, "addr:street": null, "operator": null, "alt_name": null, "alt_name:ar": null, "alt_name:ur": null, "alt_name:zh-Hans": null, "name:ar": null, "name:etymology": null, "name:etymology:wikidata": null, "name:etymology:wikipedia": null, "name:hi": null, "name:pnb": null, "tourism": null, "wikidata": null, "wikimedia_commons": null, "wikipedia": null, "wikipedia:pnb": null, "name:ml": null, "area": null, "landuse": null, "operator:short": null, "operator:type": null, "operator:wikidata": null, "created_by": null, "shop": null, "natural": "wood", "brand": null, "brand:ar": null, "brand:pnb": null, "brand:ps": null, "brand:ur": null, "brand:wikidata": null, "brand:wikipedia": null, "brand:wikipedia:ar": null, "brand:wikipedia:pnb": null, "brand:wikipedia:ps": null, "brand:wikipedia:ur": null, "surface": null, "type": null, "access": null, "barrier": null, "boundary": null, "operator:ur": null, "max_age": null, "min_age": null, "playground:theme": null }, "geometry": { "type": "Polygon", "coordinates": [ [ [ 73.0377811, 33.7303383 ], [ 73.0378396, 33.7303498 ], [ 73.0378596, 33.7302999 ], [ 73.0377965, 33.7302858 ], [ 73.0377811, 33.7303383 ] ] ] } },
{ "type": "Feature", "properties": { "element": "way", "id": 838190441, "is_in": null, "leisure": null, "name": null, "sport": null, "name:en": null, "name:ur": null, "addr:city": null, "addr:city:ar": null, "addr:city:en": null, "addr:city:ks": null, "addr:city:pnb": null, "addr:city:ps": null, "addr:city:sd": null, "addr:city:ur": null, "addr:street": null, "operator": null, "alt_name": null, "alt_name:ar": null, "alt_name:ur": null, "alt_name:zh-Hans": null, "name:ar": null, "name:etymology": null, "name:etymology:wikidata": null, "name:etymology:wikipedia": null, "name:hi": null, "name:pnb": null, "tourism": null, "wikidata": null, "wikimedia_commons": null, "wikipedia": null, "wikipedia:pnb": null, "name:ml": null, "area": null, "landuse": null, "operator:short": null, "operator:type": null, "operator:wikidata": null, "created_by": null, "shop": null, "natural": "wood", "brand": null, "brand:ar": null, "brand:pnb": null, "brand:ps": null, "brand:ur": null, "brand:wikidata": null, "brand:wikipedia": null, "brand:wikipedia:ar": null, "brand:wikipedia:pnb": null, "brand:wikipedia:ps": null, "brand:wikipedia:ur": null, "surface": null, "type": null, "access": null, "barrier": null, "boundary": null, "operator:ur": null, "max_age": null, "min_age": null, "playground:theme": null }, "geometry": { "type": "Polygon", "coordinates": [ [ [ 73.0382324, 33.73046 ], [ 73.0383587, 33.7304843 ], [ 73.0383911, 33.7303844 ], [ 73.0382648, 33.7303575 ], [ 73.0382324, 33.73046 ] ] ] } },
{ "type": "Feature", "properties": { "element": "way", "id": 838190442, "is_in": null, "leisure": null, "name": null, "sport": null, "name:en": null, "name:ur": null, "addr:city": null, "addr:city:ar": null, "addr:city:en": null, "addr:city:ks": null, "addr:city:pnb": null, "addr:city:ps": null, "addr:city:sd": null, "addr:city:ur": null, "addr:street": null, "operator": null, "alt_name": null, "alt_name:ar": null, "alt_name:ur": null, "alt_name:zh-Hans": null, "name:ar": null, "name:etymology": null, "name:etymology:wikidata": null, "name:etymology:wikipedia": null, "name:hi": null, "name:pnb": null, "tourism": null, "wikidata": null, "wikimedia_commons": null, "wikipedia": null, "wikipedia:pnb": null, "name:ml": null, "area": null, "landuse": null, "operator:short": null, "operator:type": null, "operator:wikidata": null, "created_by": null, "shop": null, "natural": "wood", "brand": null, "brand:ar": null, "brand:pnb": null, "brand:ps": null, "brand:ur": null, "brand:wikidata": null, "brand:wikipedia": null, "brand:wikipedia:ar": null, "brand:wikipedia:pnb": null, "brand:wikipedia:ps": null, "brand:wikipedia:ur": null, "surface": null, "type": null, "access": null, "barrier": null, "boundary": null, "operator:ur": null, "max_age": null, "min_age": null, "playground:theme": null }, "geometry": { "type": "Polygon", "coordinates": [ [ [ 73.0385729, 33.7305074 ], [ 73.0386345, 33.7305189 ], [ 73.038653, 33.7304651 ], [ 73.0385929, 33.7304536 ], [ 73.0385729, 33.7305074 ] ] ] } },
{ "type": "Feature", "properties": { "element": "way", "id": 838190443, "is_in": null, "leisure": null, "name": null, "sport": null, "name:en": null, "name:ur": null, "addr:city": null, "addr:city:ar": null, "addr:city:en": null, "addr:city:ks": null, "addr:city:pnb": null, "addr:city:ps": null, "addr:city:sd": null, "addr:city:ur": null, "addr:street": null, "operator": null, "alt_name": null, "alt_name:ar": null, "alt_name:ur": null, "alt_name:zh-Hans": null, "name:ar": null, "name:etymology": null, "name:etymology:wikidata": null, "name:etymology:wikipedia": null, "name:hi": null, "name:pnb": null, "tourism": null, "wikidata": null, "wikimedia_commons": null, "wikipedia": null, "wikipedia:pnb": null, "name:ml": null, "area": null, "landuse": null, "operator:short": null, "operator:type": null, "operator:wikidata": null, "created_by": null, "shop": null, "natural": "wood", "brand": null, "brand:ar": null, "brand:pnb": null, "brand:ps": null, "brand:ur": null, "brand:wikidata": null, "brand:wikipedia": null, "brand:wikipedia:ar": null, "brand:wikipedia:pnb": null, "brand:wikipedia:ps": null, "brand:wikipedia:ur": null, "surface": null, "type": null, "access": null, "barrier": null, "boundary": null, "operator:ur": null, "max_age": null, "min_age": null, "playground:theme": null }, "geometry": { "type": "Polygon", "coordinates": [ [ [ 73.0388286, 33.7306368 ], [ 73.0389457, 33.7306624 ], [ 73.0389842, 33.7305612 ], [ 73.038861, 33.7305369 ], [ 73.0388286, 33.7306368 ] ] ] } },
{ "type": "Feature", "properties": { "element": "way", "id": 838190444, "is_in": null, "leisure": null, "name": null, "sport": null, "name:en": null, "name:ur": null, "addr:city": null, "addr:city:ar": null, "addr:city:en": null, "addr:city:ks": null, "addr:city:pnb": null, "addr:city:ps": null, "addr:city:sd": null, "addr:city:ur": null, "addr:street": null, "operator": null, "alt_name": null, "alt_name:ar": null, "alt_name:ur": null, "alt_name:zh-Hans": null, "name:ar": null, "name:etymology": null, "name:etymology:wikidata": null, "name:etymology:wikipedia": null, "name:hi": null, "name:pnb": null, "tourism": null, "wikidata": null, "wikimedia_commons": null, "wikipedia": null, "wikipedia:pnb": null, "name:ml": null, "area": null, "landuse": null, "operator:short": null, "operator:type": null, "operator:wikidata": null, "created_by": null, "shop": null, "natural": "wood", "brand": null, "brand:ar": null, "brand:pnb": null, "brand:ps": null, "brand:ur": null, "brand:wikidata": null, "brand:wikipedia": null, "brand:wikipedia:ar": null, "brand:wikipedia:pnb": null, "brand:wikipedia:ps": null, "brand:wikipedia:ur": null, "surface": null, "type": null, "access": null, "barrier": null, "boundary": null, "operator:ur": null, "max_age": null, "min_age": null, "playground:theme": null }, "geometry": { "type": "Polygon", "coordinates": [ [ [ 73.0389226, 33.7303357 ], [ 73.0390397, 33.7303626 ], [ 73.0390782, 33.7302601 ], [ 73.0389534, 33.7302319 ], [ 73.0389226, 33.7303357 ] ] ] } },
{ "type": "Feature", "properties": { "element": "way", "id": 838190445, "is_in": null, "leisure": null, "name": null, "sport": null, "name:en": null, "name:ur": null, "addr:city": null, "addr:city:ar": null, "addr:city:en": null, "addr:city:ks": null, "addr:city:pnb": null, "addr:city:ps": null, "addr:city:sd": null, "addr:city:ur": null, "addr:street": null, "operator": null, "alt_name": null, "alt_name:ar": null, "alt_name:ur": null, "alt_name:zh-Hans": null, "name:ar": null, "name:etymology": null, "name:etymology:wikidata": null, "name:etymology:wikipedia": null, "name:hi": null, "name:pnb": null, "tourism": null, "wikidata": null, "wikimedia_commons": null, "wikipedia": null, "wikipedia:pnb": null, "name:ml": null, "area": null, "landuse": null, "operator:short": null, "operator:type": null, "operator:wikidata": null, "created_by": null, "shop": null, "natural": "wood", "brand": null, "brand:ar": null, "brand:pnb": null, "brand:ps": null, "brand:ur": null, "brand:wikidata": null, "brand:wikipedia": null, "brand:wikipedia:ar": null, "brand:wikipedia:pnb": null, "brand:wikipedia:ps": null, "brand:wikipedia:ur": null, "surface": null, "type": null, "access": null, "barrier": null, "boundary": null, "operator:ur": null, "max_age": null, "min_age": null, "playground:theme": null }, "geometry": { "type": "Polygon", "coordinates": [ [ [ 73.0390504, 33.7299321 ], [ 73.0391644, 33.7299578 ], [ 73.0391999, 33.7298604 ], [ 73.0390782, 33.7298361 ], [ 73.0390504, 33.7299321 ] ] ] } },
{ "type": "Feature", "properties": { "element": "way", "id": 838190446, "is_in": null, "leisure": null, "name": null, "sport": null, "name:en": null, "name:ur": null, "addr:city": null, "addr:city:ar": null, "addr:city:en": null, "addr:city:ks": null, "addr:city:pnb": null, "addr:city:ps": null, "addr:city:sd": null, "addr:city:ur": null, "addr:street": null, "operator": null, "alt_name": null, "alt_name:ar": null, "alt_name:ur": null, "alt_name:zh-Hans": null, "name:ar": null, "name:etymology": null, "name:etymology:wikidata": null, "name:etymology:wikipedia": null, "name:hi": null, "name:pnb": null, "tourism": null, "wikidata": null, "wikimedia_commons": null, "wikipedia": null, "wikipedia:pnb": null, "name:ml": null, "area": null, "landuse": null, "operator:short": null, "operator:type": null, "operator:wikidata": null, "created_by": null, "shop": null, "natural": "wood", "brand": null, "brand:ar": null, "brand:pnb": null, "brand:ps": null, "brand:ur": null, "brand:wikidata": null, "brand:wikipedia": null, "brand:wikipedia:ar": null, "brand:wikipedia:pnb": null, "brand:wikipedia:ps": null, "brand:wikipedia:ur": null, "surface": null, "type": null, "access": null, "barrier": null, "boundary": null, "operator:ur": null, "max_age": null, "min_age": null, "playground:theme": null }, "geometry": { "type": "Polygon", "coordinates": [ [ [ 73.0391429, 33.7296311 ], [ 73.0392615, 33.7296554 ], [ 73.0392969, 33.7295542 ], [ 73.0391706, 33.7295337 ], [ 73.0391429, 33.7296311 ] ] ] } },
{ "type": "Feature", "properties": { "element": "way", "id": 838951902, "is_in": null, "leisure": null, "name": null, "sport": null, "name:en": null, "name:ur": null, "addr:city": null, "addr:city:ar": null, "addr:city:en": null, "addr:city:ks": null, "addr:city:pnb": null, "addr:city:ps": null, "addr:city:sd": null, "addr:city:ur": null, "addr:street": null, "operator": null, "alt_name": null, "alt_name:ar": null, "alt_name:ur": null, "alt_name:zh-Hans": null, "name:ar": null, "name:etymology": null, "name:etymology:wikidata": null, "name:etymology:wikipedia": null, "name:hi": null, "name:pnb": null, "tourism": null, "wikidata": null, "wikimedia_commons": null, "wikipedia": null, "wikipedia:pnb": null, "name:ml": null, "area": null, "landuse": null, "operator:short": null, "operator:type": null, "operator:wikidata": null, "created_by": null, "shop": null, "natural": "wood", "brand": null, "brand:ar": null, "brand:pnb": null, "brand:ps": null, "brand:ur": null, "brand:wikidata": null, "brand:wikipedia": null, "brand:wikipedia:ar": null, "brand:wikipedia:pnb": null, "brand:wikipedia:ps": null, "brand:wikipedia:ur": null, "surface": null, "type": null, "access": null, "barrier": null, "boundary": null, "operator:ur": null, "max_age": null, "min_age": null, "playground:theme": null }, "geometry": { "type": "Polygon", "coordinates": [ [ [ 73.0400086, 33.7330586 ], [ 73.0403264, 33.7319604 ], [ 73.041648, 33.7322445 ], [ 73.0427998, 33.7324922 ], [ 73.0424148, 33.7335686 ], [ 73.0400086, 33.7330586 ] ] ] } },
{ "type": "Feature", "properties": { "element": "way", "id": 838951903, "is_in": null, "leisure": null, "name": null, "sport": null, "name:en": null, "name:ur": null, "addr:city": null, "addr:city:ar": null, "addr:city:en": null, "addr:city:ks": null, "addr:city:pnb": null, "addr:city:ps": null, "addr:city:sd": null, "addr:city:ur": null, "addr:street": null, "operator": null, "alt_name": null, "alt_name:ar": null, "alt_name:ur": null, "alt_name:zh-Hans": null, "name:ar": null, "name:etymology": null, "name:etymology:wikidata": null, "name:etymology:wikipedia": null, "name:hi": null, "name:pnb": null, "tourism": null, "wikidata": null, "wikimedia_commons": null, "wikipedia": null, "wikipedia:pnb": null, "name:ml": null, "area": null, "landuse": null, "operator:short": null, "operator:type": null, "operator:wikidata": null, "created_by": null, "shop": null, "natural": "wood", "brand": null, "brand:ar": null, "brand:pnb": null, "brand:ps": null, "brand:ur": null, "brand:wikidata": null, "brand:wikipedia": null, "brand:wikipedia:ar": null, "brand:wikipedia:pnb": null, "brand:wikipedia:ps": null, "brand:wikipedia:ur": null, "surface": null, "type": null, "access": null, "barrier": null, "boundary": null, "operator:ur": null, "max_age": null, "min_age": null, "playground:theme": null }, "geometry": { "type": "Polygon", "coordinates": [ [ [ 73.0115167, 33.7215773 ], [ 73.0114048, 33.7221264 ], [ 73.0103092, 33.7218501 ], [ 73.0102315, 33.7219559 ], [ 73.0102244, 33.7221088 ], [ 73.0102386, 33.7222205 ], [ 73.0104223, 33.7222851 ], [ 73.0105213, 33.7222851 ], [ 73.0107687, 33.7223557 ], [ 73.0109595, 33.7224204 ], [ 73.0111574, 33.7225262 ], [ 73.0113482, 33.7226908 ], [ 73.0116592, 33.7229141 ], [ 73.0119843, 33.7229788 ], [ 73.0132, 33.7234667 ], [ 73.0136099, 33.7236254 ], [ 73.0134898, 33.7237254 ], [ 73.0132707, 33.7237254 ], [ 73.0128466, 33.7235725 ], [ 73.012373, 33.7233139 ], [ 73.0120762, 33.7233139 ], [ 73.0115037, 33.7230258 ], [ 73.0112987, 33.7230082 ], [ 73.0112987, 33.7231199 ], [ 73.0112493, 33.7231787 ], [ 73.0148977, 33.7248337 ], [ 73.015796, 33.7252159 ], [ 73.0160911, 33.7254278 ], [ 73.017188, 33.7252663 ], [ 73.0171508, 33.7250413 ], [ 73.0170024, 33.7249128 ], [ 73.0168045, 33.7248305 ], [ 73.0164158, 33.7246424 ], [ 73.0161472, 33.72466 ], [ 73.0160059, 33.724613 ], [ 73.0157939, 33.7243779 ], [ 73.015603, 33.7242368 ], [ 73.0159281, 33.7242486 ], [ 73.016119, 33.7242603 ], [ 73.0166349, 33.7245013 ], [ 73.0168328, 33.7245778 ], [ 73.0169388, 33.7245778 ], [ 73.0172357, 33.7246542 ], [ 73.0174336, 33.7246718 ], [ 73.017681, 33.7246718 ], [ 73.0178082, 33.7246248 ], [ 73.0178789, 33.7244955 ], [ 73.0178789, 33.7243426 ], [ 73.0178011, 33.7242192 ], [ 73.0175891, 33.7241604 ], [ 73.0175467, 33.7241075 ], [ 73.0173629, 33.7238547 ], [ 73.0175891, 33.7240075 ], [ 73.0177728, 33.7241134 ], [ 73.0179707, 33.7242368 ], [ 73.0180485, 33.7243661 ], [ 73.0182888, 33.7246483 ], [ 73.018522, 33.7245778 ], [ 73.0186846, 33.7246894 ], [ 73.0186775, 33.7248893 ], [ 73.0185574, 33.7248952 ], [ 73.0184301, 33.7248658 ], [ 73.0182393, 33.7248129 ], [ 73.0181474, 33.7248658 ], [ 73.0181545, 33.7250304 ], [ 73.0181616, 33.7251715 ], [ 73.0182676, 33.7252538 ], [ 73.0184796, 33.7252538 ], [ 73.0185503, 33.7254066 ], [ 73.0187129, 33.7253478 ], [ 73.0188471, 33.7253478 ], [ 73.0188966, 33.7254066 ], [ 73.0186846, 33.7257005 ], [ 73.0186846, 33.7258945 ], [ 73.0188118, 33.7259768 ], [ 73.0188976, 33.7259751 ], [ 73.0190059, 33.725852 ], [ 73.01927, 33.7258934 ], [ 73.0192982, 33.7258187 ], [ 73.0196019, 33.7258763 ], [ 73.0197165, 33.7258651 ], [ 73.0199568, 33.7258651 ], [ 73.0200557, 33.7258592 ], [ 73.0201547, 33.7257769 ], [ 73.0202395, 33.7256241 ], [ 73.0202395, 33.7254419 ], [ 73.0199214, 33.7254184 ], [ 73.0199851, 33.7252538 ], [ 73.0200981, 33.7251009 ], [ 73.0200981, 33.724954 ], [ 73.0198649, 33.7248952 ], [ 73.0196529, 33.7248423 ], [ 73.0194974, 33.7247659 ], [ 73.0193984, 33.7246777 ], [ 73.0193348, 33.7244661 ], [ 73.0193348, 33.7243367 ], [ 73.0193348, 33.7241957 ], [ 73.018621, 33.723984 ], [ 73.0185856, 33.7238723 ], [ 73.0185927, 33.7237254 ], [ 73.0188812, 33.7230649 ], [ 73.0115167, 33.7215773 ] ] ] } },
{ "type": "Feature", "properties": { "element": "way", "id": 838951904, "is_in": null, "leisure": null, "name": null, "sport": null, "name:en": null, "name:ur": null, "addr:city": null, "addr:city:ar": null, "addr:city:en": null, "addr:city:ks": null, "addr:city:pnb": null, "addr:city:ps": null, "addr:city:sd": null, "addr:city:ur": null, "addr:street": null, "operator": null, "alt_name": null, "alt_name:ar": null, "alt_name:ur": null, "alt_name:zh-Hans": null, "name:ar": null, "name:etymology": null, "name:etymology:wikidata": null, "name:etymology:wikipedia": null, "name:hi": null, "name:pnb": null, "tourism": null, "wikidata": null, "wikimedia_commons": null, "wikipedia": null, "wikipedia:pnb": null, "name:ml": null, "area": null, "landuse": null, "operator:short": null, "operator:type": null, "operator:wikidata": null, "created_by": null, "shop": null, "natural": "wood", "brand": null, "brand:ar": null, "brand:pnb": null, "brand:ps": null, "brand:ur": null, "brand:wikidata": null, "brand:wikipedia": null, "brand:wikipedia:ar": null, "brand:wikipedia:pnb": null, "brand:wikipedia:ps": null, "brand:wikipedia:ur": null, "surface": null, "type": null, "access": null, "barrier": null, "boundary": null, "operator:ur": null, "max_age": null, "min_age": null, "playground:theme": null }, "geometry": { "type": "Polygon", "coordinates": [ [ [ 73.0160547, 33.7300259 ], [ 73.0157554, 33.7292209 ], [ 73.0157613, 33.7287863 ], [ 73.0162482, 33.7277444 ], [ 73.0152038, 33.7273445 ], [ 73.0152145, 33.7272686 ], [ 73.0131921, 33.7267556 ], [ 73.0129346, 33.7267957 ], [ 73.0121675, 33.7266485 ], [ 73.0110249, 33.7263049 ], [ 73.0083051, 33.7264388 ], [ 73.0082131, 33.7266369 ], [ 73.0086958, 33.7267716 ], [ 73.0092062, 33.7267549 ], [ 73.0097289, 33.7267549 ], [ 73.0102702, 33.7266959 ], [ 73.0108377, 33.7266959 ], [ 73.011287, 33.7267746 ], [ 73.012753, 33.7272662 ], [ 73.0140772, 33.7275219 ], [ 73.0144555, 33.7278955 ], [ 73.0152122, 33.7290951 ], [ 73.0160547, 33.7300259 ] ] ] } },
{ "type": "Feature", "properties": { "element": "way", "id": 838951905, "is_in": null, "leisure": null, "name": null, "sport": null, "name:en": null, "name:ur": null, "addr:city": null, "addr:city:ar": null, "addr:city:en": null, "addr:city:ks": null, "addr:city:pnb": null, "addr:city:ps": null, "addr:city:sd": null, "addr:city:ur": null, "addr:street": null, "operator": null, "alt_name": null, "alt_name:ar": null, "alt_name:ur": null, "alt_name:zh-Hans": null, "name:ar": null, "name:etymology": null, "name:etymology:wikidata": null, "name:etymology:wikipedia": null, "name:hi": null, "name:pnb": null, "tourism": null, "wikidata": null, "wikimedia_commons": null, "wikipedia": null, "wikipedia:pnb": null, "name:ml": null, "area": null, "landuse": null, "operator:short": null, "operator:type": null, "operator:wikidata": null, "created_by": null, "shop": null, "natural": "wood", "brand": null, "brand:ar": null, "brand:pnb": null, "brand:ps": null, "brand:ur": null, "brand:wikidata": null, "brand:wikipedia": null, "brand:wikipedia:ar": null, "brand:wikipedia:pnb": null, "brand:wikipedia:ps": null, "brand:wikipedia:ur": null, "surface": null, "type": null, "access": null, "barrier": null, "boundary": null, "operator:ur": null, "max_age": null, "min_age": null, "playground:theme": null }, "geometry": { "type": "Polygon", "coordinates": [ [ [ 73.0186218, 33.730932 ], [ 73.0182643, 33.7307346 ], [ 73.0181249, 33.7305029 ], [ 73.0181249, 33.7304267 ], [ 73.0181249, 33.730344 ], [ 73.0182006, 33.7303042 ], [ 73.01832, 33.7302943 ], [ 73.0184593, 33.7303076 ], [ 73.0185668, 33.7302811 ], [ 73.0187181, 33.7301486 ], [ 73.0189649, 33.7299103 ], [ 73.0191082, 33.7297845 ], [ 73.0192555, 33.729715 ], [ 73.0194266, 33.7296223 ], [ 73.0196416, 33.7295991 ], [ 73.0198566, 33.7296024 ], [ 73.0200158, 33.7296223 ], [ 73.0200903, 33.7293362 ], [ 73.020308, 33.7291715 ], [ 73.0204904, 33.7289395 ], [ 73.0205191, 33.7287635 ], [ 73.0205816, 33.7287655 ], [ 73.0208606, 33.7288213 ], [ 73.0210812, 33.7288358 ], [ 73.0214104, 33.7288503 ], [ 73.021419, 33.7290105 ], [ 73.021835, 33.7290528 ], [ 73.021835, 33.7291157 ], [ 73.0224039, 33.7290996 ], [ 73.0225276, 33.7291786 ], [ 73.0226152, 33.7296156 ], [ 73.0227863, 33.7296885 ], [ 73.0229297, 33.7296819 ], [ 73.0232401, 33.729374 ], [ 73.0233198, 33.7292515 ], [ 73.0234631, 33.7290959 ], [ 73.0235268, 33.728841 ], [ 73.0236462, 33.7286291 ], [ 73.0237775, 33.7284437 ], [ 73.0240044, 33.7282815 ], [ 73.0241119, 33.7282848 ], [ 73.0241716, 33.7284801 ], [ 73.0241, 33.7286953 ], [ 73.0240841, 33.7289668 ], [ 73.024092, 33.7290992 ], [ 73.0241398, 33.7292581 ], [ 73.024307, 33.7294931 ], [ 73.0231807, 33.7298621 ], [ 73.0227551, 33.7297637 ], [ 73.021691, 33.7293311 ], [ 73.0211708, 33.7292131 ], [ 73.0205797, 33.7292918 ], [ 73.0190427, 33.7304324 ], [ 73.0190001, 33.7304726 ], [ 73.0186881, 33.7307667 ], [ 73.0186218, 33.730932 ] ] ] } },
{ "type": "Feature", "properties": { "element": "way", "id": 860242599, "is_in": null, "leisure": null, "name": null, "sport": null, "name:en": null, "name:ur": null, "addr:city": null, "addr:city:ar": null, "addr:city:en": null, "addr:city:ks": null, "addr:city:pnb": null, "addr:city:ps": null, "addr:city:sd": null, "addr:city:ur": null, "addr:street": null, "operator": null, "alt_name": null, "alt_name:ar": null, "alt_name:ur": null, "alt_name:zh-Hans": null, "name:ar": null, "name:etymology": null, "name:etymology:wikidata": null, "name:etymology:wikipedia": null, "name:hi": null, "name:pnb": null, "tourism": null, "wikidata": null, "wikimedia_commons": null, "wikipedia": null, "wikipedia:pnb": null, "name:ml": null, "area": null, "landuse": "grass", "operator:short": null, "operator:type": null, "operator:wikidata": null, "created_by": null, "shop": null, "natural": null, "brand": null, "brand:ar": null, "brand:pnb": null, "brand:ps": null, "brand:ur": null, "brand:wikidata": null, "brand:wikipedia": null, "brand:wikipedia:ar": null, "brand:wikipedia:pnb": null, "brand:wikipedia:ps": null, "brand:wikipedia:ur": null, "surface": null, "type": null, "access": null, "barrier": null, "boundary": null, "operator:ur": null, "max_age": null, "min_age": null, "playground:theme": null }, "geometry": { "type": "Polygon", "coordinates": [ [ [ 73.0665091, 33.693071 ], [ 73.0664954, 33.6932598 ], [ 73.0665111, 33.693377 ], [ 73.0665384, 33.6934779 ], [ 73.0665776, 33.6935658 ], [ 73.0666519, 33.6936992 ], [ 73.0667262, 33.6937838 ], [ 73.0668514, 33.6938929 ], [ 73.0669179, 33.693831 ], [ 73.0669609, 33.6937529 ], [ 73.0669844, 33.6936618 ], [ 73.0669942, 33.6935674 ], [ 73.0669805, 33.6934941 ], [ 73.0669531, 33.6934095 ], [ 73.0669277, 33.6933379 ], [ 73.066871, 33.6932533 ], [ 73.0668006, 33.6931784 ], [ 73.0667243, 33.6931345 ], [ 73.0666499, 33.6930971 ], [ 73.0665795, 33.693071 ], [ 73.0665091, 33.693071 ] ] ] } },
{ "type": "Feature", "properties": { "element": "way", "id": 895195621, "is_in": null, "leisure": "golf_course", "name": "Margalla Greens Golf Club", "sport": null, "name:en": null, "name:ur": null, "addr:city": null, "addr:city:ar": null, "addr:city:en": null, "addr:city:ks": null, "addr:city:pnb": null, "addr:city:ps": null, "addr:city:sd": null, "addr:city:ur": null, "addr:street": null, "operator": null, "alt_name": null, "alt_name:ar": null, "alt_name:ur": null, "alt_name:zh-Hans": null, "name:ar": null, "name:etymology": null, "name:etymology:wikidata": null, "name:etymology:wikipedia": null, "name:hi": null, "name:pnb": null, "tourism": null, "wikidata": null, "wikimedia_commons": null, "wikipedia": null, "wikipedia:pnb": null, "name:ml": null, "area": null, "landuse": null, "operator:short": null, "operator:type": null, "operator:wikidata": null, "created_by": null, "shop": null, "natural": null, "brand": null, "brand:ar": null, "brand:pnb": null, "brand:ps": null, "brand:ur": null, "brand:wikidata": null, "brand:wikipedia": null, "brand:wikipedia:ar": null, "brand:wikipedia:pnb": null, "brand:wikipedia:ps": null, "brand:wikipedia:ur": null, "surface": null, "type": null, "access": null, "barrier": "fence", "boundary": null, "operator:ur": null, "max_age": null, "min_age": null, "playground:theme": null }, "geometry": { "type": "Polygon", "coordinates": [ [ [ 73.0219965, 33.7248128 ], [ 73.0225529, 33.7243462 ], [ 73.0228012, 33.7244073 ], [ 73.022953, 33.7240631 ], [ 73.0235002, 33.7241281 ], [ 73.0259467, 33.7246254 ], [ 73.0272481, 33.7248854 ], [ 73.028269, 33.7250652 ], [ 73.028246, 33.7258493 ], [ 73.0293497, 33.7260979 ], [ 73.029483, 33.7253215 ], [ 73.0309454, 33.7255892 ], [ 73.0324951, 33.7258875 ], [ 73.0344454, 33.7262859 ], [ 73.0343709, 33.7264505 ], [ 73.0328262, 33.7299454 ], [ 73.0314604, 33.7295897 ], [ 73.031019, 33.7298995 ], [ 73.0307614, 33.7299913 ], [ 73.0304671, 33.7297312 ], [ 73.0301176, 33.7294329 ], [ 73.0297635, 33.7294291 ], [ 73.0292209, 33.7298345 ], [ 73.0288361, 33.7301932 ], [ 73.0287194, 33.7302153 ], [ 73.0284955, 33.7301776 ], [ 73.0282801, 33.730037 ], [ 73.0277912, 33.7295249 ], [ 73.0276801, 33.7294348 ], [ 73.0275821, 33.7294194 ], [ 73.0275111, 33.7294292 ], [ 73.0274011, 33.729466 ], [ 73.0273515, 33.7294704 ], [ 73.027204, 33.7294515 ], [ 73.0267974, 33.7296318 ], [ 73.0265844, 33.7297314 ], [ 73.0264581, 33.7297422 ], [ 73.026237, 33.7298073 ], [ 73.0260895, 33.729824 ], [ 73.0259578, 33.7298217 ], [ 73.0258414, 33.729795 ], [ 73.0257352, 33.7297848 ], [ 73.0256027, 33.7297961 ], [ 73.025537, 33.7297203 ], [ 73.0254002, 33.7294236 ], [ 73.0253667, 33.7293076 ], [ 73.0254125, 33.7291007 ], [ 73.0254216, 33.7287533 ], [ 73.0253876, 33.7284846 ], [ 73.0256805, 33.7278666 ], [ 73.0260073, 33.7274398 ], [ 73.0266687, 33.7265607 ], [ 73.0270044, 33.7261323 ], [ 73.0264433, 33.7259143 ], [ 73.0259743, 33.7260787 ], [ 73.0258158, 33.7261416 ], [ 73.0256451, 33.72609 ], [ 73.0256141, 33.7260827 ], [ 73.0255907, 33.7261272 ], [ 73.0251979, 33.7260339 ], [ 73.0250059, 33.7258477 ], [ 73.024948, 33.7258279 ], [ 73.023721, 33.7254974 ], [ 73.023629, 33.7254936 ], [ 73.0224793, 33.7251952 ], [ 73.022323, 33.7250996 ], [ 73.0222218, 33.7250958 ], [ 73.0221206, 33.7248931 ], [ 73.0219965, 33.7248128 ] ] ] } },
{ "type": "Feature", "properties": { "element": "way", "id": 985066455, "is_in": "E-8, Islamabad", "leisure": "park", "name": null, "sport": null, "name:en": null, "name:ur": null, "addr:city": null, "addr:city:ar": null, "addr:city:en": null, "addr:city:ks": null, "addr:city:pnb": null, "addr:city:ps": null, "addr:city:sd": null, "addr:city:ur": null, "addr:street": null, "operator": null, "alt_name": null, "alt_name:ar": null, "alt_name:ur": null, "alt_name:zh-Hans": null, "name:ar": null, "name:etymology": null, "name:etymology:wikidata": null, "name:etymology:wikipedia": null, "name:hi": null, "name:pnb": null, "tourism": null, "wikidata": null, "wikimedia_commons": null, "wikipedia": null, "wikipedia:pnb": null, "name:ml": null, "area": null, "landuse": null, "operator:short": null, "operator:type": null, "operator:wikidata": null, "created_by": null, "shop": null, "natural": null, "brand": null, "brand:ar": null, "brand:pnb": null, "brand:ps": null, "brand:ur": null, "brand:wikidata": null, "brand:wikipedia": null, "brand:wikipedia:ar": null, "brand:wikipedia:pnb": null, "brand:wikipedia:ps": null, "brand:wikipedia:ur": null, "surface": null, "type": null, "access": null, "barrier": null, "boundary": null, "operator:ur": null, "max_age": null, "min_age": null, "playground:theme": null }, "geometry": { "type": "Polygon", "coordinates": [ [ [ 73.0287198, 33.723128 ], [ 73.0274722, 33.7228561 ], [ 73.0269697, 33.7225287 ], [ 73.0268321, 33.7226843 ], [ 73.026245, 33.7231513 ], [ 73.0260113, 33.7234955 ], [ 73.0258878, 33.7238032 ], [ 73.02571, 33.7243707 ], [ 73.0282034, 33.7248748 ], [ 73.0287198, 33.723128 ] ] ] } },
{ "type": "Feature", "properties": { "element": "way", "id": 985066456, "is_in": null, "leisure": null, "name": null, "sport": null, "name:en": null, "name:ur": null, "addr:city": null, "addr:city:ar": null, "addr:city:en": null, "addr:city:ks": null, "addr:city:pnb": null, "addr:city:ps": null, "addr:city:sd": null, "addr:city:ur": null, "addr:street": null, "operator": null, "alt_name": null, "alt_name:ar": null, "alt_name:ur": null, "alt_name:zh-Hans": null, "name:ar": null, "name:etymology": null, "name:etymology:wikidata": null, "name:etymology:wikipedia": null, "name:hi": null, "name:pnb": null, "tourism": null, "wikidata": null, "wikimedia_commons": null, "wikipedia": null, "wikipedia:pnb": null, "name:ml": null, "area": null, "landuse": null, "operator:short": null, "operator:type": null, "operator:wikidata": null, "created_by": null, "shop": null, "natural": "wood", "brand": null, "brand:ar": null, "brand:pnb": null, "brand:ps": null, "brand:ur": null, "brand:wikidata": null, "brand:wikipedia": null, "brand:wikipedia:ar": null, "brand:wikipedia:pnb": null, "brand:wikipedia:ps": null, "brand:wikipedia:ur": null, "surface": null, "type": null, "access": null, "barrier": null, "boundary": null, "operator:ur": null, "max_age": null, "min_age": null, "playground:theme": null }, "geometry": { "type": "Polygon", "coordinates": [ [ [ 73.0343709, 33.7264505 ], [ 73.0328514, 33.7298054 ], [ 73.0354764, 33.7313566 ], [ 73.0356892, 33.7321432 ], [ 73.0378819, 33.7326079 ], [ 73.0382438, 33.7316125 ], [ 73.0356374, 33.7310237 ], [ 73.035723, 33.7307614 ], [ 73.0356148, 33.730737 ], [ 73.0358141, 33.7301269 ], [ 73.0358186, 33.7300425 ], [ 73.0359522, 33.7301343 ], [ 73.0364827, 33.7283519 ], [ 73.0357961, 33.7282185 ], [ 73.0357105, 33.7285351 ], [ 73.0345363, 33.7282914 ], [ 73.0347652, 33.727619 ], [ 73.0359394, 33.7278769 ], [ 73.035856, 33.7281224 ], [ 73.0359787, 33.7281524 ], [ 73.0361855, 33.7274424 ], [ 73.0363394, 33.7273833 ], [ 73.036396, 33.7271529 ], [ 73.0361057, 33.7271066 ], [ 73.0360731, 33.7269324 ], [ 73.0361554, 33.7268185 ], [ 73.0343709, 33.7264505 ] ] ] } },
{ "type": "Feature", "properties": { "element": "way", "id": 985066460, "is_in": null, "leisure": null, "name": null, "sport": null, "name:en": null, "name:ur": null, "addr:city": null, "addr:city:ar": null, "addr:city:en": null, "addr:city:ks": null, "addr:city:pnb": null, "addr:city:ps": null, "addr:city:sd": null, "addr:city:ur": null, "addr:street": null, "operator": null, "alt_name": null, "alt_name:ar": null, "alt_name:ur": null, "alt_name:zh-Hans": null, "name:ar": null, "name:etymology": null, "name:etymology:wikidata": null, "name:etymology:wikipedia": null, "name:hi": null, "name:pnb": null, "tourism": null, "wikidata": null, "wikimedia_commons": null, "wikipedia": null, "wikipedia:pnb": null, "name:ml": null, "area": null, "landuse": "forest", "operator:short": null, "operator:type": null, "operator:wikidata": null, "created_by": null, "shop": null, "natural": null, "brand": null, "brand:ar": null, "brand:pnb": null, "brand:ps": null, "brand:ur": null, "brand:wikidata": null, "brand:wikipedia": null, "brand:wikipedia:ar": null, "brand:wikipedia:pnb": null, "brand:wikipedia:ps": null, "brand:wikipedia:ur": null, "surface": null, "type": null, "access": null, "barrier": null, "boundary": null, "operator:ur": null, "max_age": null, "min_age": null, "playground:theme": null }, "geometry": { "type": "Polygon", "coordinates": [ [ [ 73.0884484, 33.7291666 ], [ 73.0882959, 33.7287742 ], [ 73.0875685, 33.72804 ], [ 73.0868539, 33.7290271 ], [ 73.0853631, 33.7309952 ], [ 73.0852987, 33.7311412 ], [ 73.0847562, 33.731832 ], [ 73.0853695, 33.732136 ], [ 73.0860264, 33.7325644 ], [ 73.0861681, 33.732385 ], [ 73.0859298, 33.7321895 ], [ 73.0862647, 33.7311211 ], [ 73.0865931, 33.7311425 ], [ 73.0868861, 33.73133 ], [ 73.0884484, 33.7291666 ] ] ] } },
{ "type": "Feature", "properties": { "element": "way", "id": 1000586499, "is_in": null, "leisure": "garden", "name": null, "sport": null, "name:en": null, "name:ur": null, "addr:city": null, "addr:city:ar": null, "addr:city:en": null, "addr:city:ks": null, "addr:city:pnb": null, "addr:city:ps": null, "addr:city:sd": null, "addr:city:ur": null, "addr:street": null, "operator": null, "alt_name": null, "alt_name:ar": null, "alt_name:ur": null, "alt_name:zh-Hans": null, "name:ar": null, "name:etymology": null, "name:etymology:wikidata": null, "name:etymology:wikipedia": null, "name:hi": null, "name:pnb": null, "tourism": null, "wikidata": null, "wikimedia_commons": null, "wikipedia": null, "wikipedia:pnb": null, "name:ml": null, "area": null, "landuse": null, "operator:short": null, "operator:type": null, "operator:wikidata": null, "created_by": null, "shop": null, "natural": null, "brand": null, "brand:ar": null, "brand:pnb": null, "brand:ps": null, "brand:ur": null, "brand:wikidata": null, "brand:wikipedia": null, "brand:wikipedia:ar": null, "brand:wikipedia:pnb": null, "brand:wikipedia:ps": null, "brand:wikipedia:ur": null, "surface": null, "type": null, "access": null, "barrier": null, "boundary": null, "operator:ur": null, "max_age": null, "min_age": null, "playground:theme": null }, "geometry": { "type": "Polygon", "coordinates": [ [ [ 73.0606185, 33.7290313 ], [ 73.0598542, 33.7287641 ], [ 73.0601876, 33.7280237 ], [ 73.0606714, 33.7282806 ], [ 73.0604478, 33.7285883 ], [ 73.0605012, 33.7286151 ], [ 73.0606586, 33.7286943 ], [ 73.0608178, 33.7287743 ], [ 73.0606185, 33.7290313 ] ] ] } },
{ "type": "Feature", "properties": { "element": "way", "id": 1000586518, "is_in": null, "leisure": null, "name": null, "sport": null, "name:en": null, "name:ur": null, "addr:city": null, "addr:city:ar": null, "addr:city:en": null, "addr:city:ks": null, "addr:city:pnb": null, "addr:city:ps": null, "addr:city:sd": null, "addr:city:ur": null, "addr:street": null, "operator": null, "alt_name": null, "alt_name:ar": null, "alt_name:ur": null, "alt_name:zh-Hans": null, "name:ar": null, "name:etymology": null, "name:etymology:wikidata": null, "name:etymology:wikipedia": null, "name:hi": null, "name:pnb": null, "tourism": null, "wikidata": null, "wikimedia_commons": null, "wikipedia": null, "wikipedia:pnb": null, "name:ml": null, "area": null, "landuse": "forest", "operator:short": null, "operator:type": null, "operator:wikidata": null, "created_by": null, "shop": null, "natural": null, "brand": null, "brand:ar": null, "brand:pnb": null, "brand:ps": null, "brand:ur": null, "brand:wikidata": null, "brand:wikipedia": null, "brand:wikipedia:ar": null, "brand:wikipedia:pnb": null, "brand:wikipedia:ps": null, "brand:wikipedia:ur": null, "surface": null, "type": null, "access": null, "barrier": null, "boundary": null, "operator:ur": null, "max_age": null, "min_age": null, "playground:theme": null }, "geometry": { "type": "Polygon", "coordinates": [ [ [ 73.0614629, 33.731516 ], [ 73.0617151, 33.7319432 ], [ 73.0612387, 33.7325724 ], [ 73.0608745, 33.7326811 ], [ 73.0603608, 33.7326889 ], [ 73.058397, 33.7319927 ], [ 73.0587436, 33.7313763 ], [ 73.0583889, 33.730688 ], [ 73.058445, 33.7300692 ], [ 73.05733, 33.7295136 ], [ 73.0614629, 33.731516 ] ] ] } },
{ "type": "Feature", "properties": { "element": "way", "id": 1030675604, "is_in": null, "leisure": null, "name": null, "sport": null, "name:en": null, "name:ur": null, "addr:city": null, "addr:city:ar": null, "addr:city:en": null, "addr:city:ks": null, "addr:city:pnb": null, "addr:city:ps": null, "addr:city:sd": null, "addr:city:ur": null, "addr:street": null, "operator": null, "alt_name": null, "alt_name:ar": null, "alt_name:ur": null, "alt_name:zh-Hans": null, "name:ar": null, "name:etymology": null, "name:etymology:wikidata": null, "name:etymology:wikipedia": null, "name:hi": null, "name:pnb": null, "tourism": null, "wikidata": null, "wikimedia_commons": null, "wikipedia": null, "wikipedia:pnb": null, "name:ml": null, "area": null, "landuse": "grass", "operator:short": null, "operator:type": null, "operator:wikidata": null, "created_by": null, "shop": null, "natural": null, "brand": null, "brand:ar": null, "brand:pnb": null, "brand:ps": null, "brand:ur": null, "brand:wikidata": null, "brand:wikipedia": null, "brand:wikipedia:ar": null, "brand:wikipedia:pnb": null, "brand:wikipedia:ps": null, "brand:wikipedia:ur": null, "surface": null, "type": null, "access": null, "barrier": null, "boundary": null, "operator:ur": null, "max_age": null, "min_age": null, "playground:theme": null }, "geometry": { "type": "Polygon", "coordinates": [ [ [ 73.0613671, 33.6739837 ], [ 73.0610319, 33.6738498 ], [ 73.0612384, 33.6735708 ], [ 73.0616139, 33.6737672 ], [ 73.0615388, 33.6738788 ], [ 73.0615147, 33.6738699 ], [ 73.0614208, 33.6739502 ], [ 73.0613671, 33.6739837 ] ] ] } },
{ "type": "Feature", "properties": { "element": "way", "id": 1064091664, "is_in": null, "leisure": "park", "name": "F9 Park", "sport": null, "name:en": null, "name:ur": null, "addr:city": null, "addr:city:ar": null, "addr:city:en": null, "addr:city:ks": null, "addr:city:pnb": null, "addr:city:ps": null, "addr:city:sd": null, "addr:city:ur": null, "addr:street": null, "operator": null, "alt_name": null, "alt_name:ar": null, "alt_name:ur": null, "alt_name:zh-Hans": null, "name:ar": null, "name:etymology": null, "name:etymology:wikidata": null, "name:etymology:wikipedia": null, "name:hi": null, "name:pnb": null, "tourism": null, "wikidata": null, "wikimedia_commons": null, "wikipedia": null, "wikipedia:pnb": null, "name:ml": null, "area": null, "landuse": null, "operator:short": null, "operator:type": null, "operator:wikidata": null, "created_by": null, "shop": null, "natural": null, "brand": null, "brand:ar": null, "brand:pnb": null, "brand:ps": null, "brand:ur": null, "brand:wikidata": null, "brand:wikipedia": null, "brand:wikipedia:ar": null, "brand:wikipedia:pnb": null, "brand:wikipedia:ps": null, "brand:wikipedia:ur": null, "surface": null, "type": null, "access": null, "barrier": null, "boundary": null, "operator:ur": null, "max_age": null, "min_age": null, "playground:theme": null }, "geometry": { "type": "Polygon", "coordinates": [ [ [ 73.0085085, 33.7033712 ], [ 73.0261638, 33.7125961 ], [ 73.0353223, 33.7000406 ], [ 73.0355603, 33.6997142 ], [ 73.0237603, 33.6933176 ], [ 73.0230054, 33.6930053 ], [ 73.0221701, 33.6924952 ], [ 73.01933, 33.6909787 ], [ 73.0182327, 33.6908656 ], [ 73.0175481, 33.6911177 ], [ 73.0173019, 33.6914334 ], [ 73.0085085, 33.7033712 ] ] ] } },
{ "type": "Feature", "properties": { "element": "way", "id": 1159723535, "is_in": null, "leisure": "park", "name": null, "sport": null, "name:en": null, "name:ur": null, "addr:city": null, "addr:city:ar": null, "addr:city:en": null, "addr:city:ks": null, "addr:city:pnb": null, "addr:city:ps": null, "addr:city:sd": null, "addr:city:ur": null, "addr:street": null, "operator": null, "alt_name": null, "alt_name:ar": null, "alt_name:ur": null, "alt_name:zh-Hans": null, "name:ar": null, "name:etymology": null, "name:etymology:wikidata": null, "name:etymology:wikipedia": null, "name:hi": null, "name:pnb": null, "tourism": null, "wikidata": null, "wikimedia_commons": null, "wikipedia": null, "wikipedia:pnb": null, "name:ml": null, "area": null, "landuse": null, "operator:short": null, "operator:type": null, "operator:wikidata": null, "created_by": null, "shop": null, "natural": null, "brand": null, "brand:ar": null, "brand:pnb": null, "brand:ps": null, "brand:ur": null, "brand:wikidata": null, "brand:wikipedia": null, "brand:wikipedia:ar": null, "brand:wikipedia:pnb": null, "brand:wikipedia:ps": null, "brand:wikipedia:ur": null, "surface": null, "type": null, "access": null, "barrier": null, "boundary": null, "operator:ur": null, "max_age": null, "min_age": null, "playground:theme": null }, "geometry": { "type": "Polygon", "coordinates": [ [ [ 73.0540483, 33.6784502 ], [ 73.0543789, 33.6780125 ], [ 73.0538761, 33.6777496 ], [ 73.0535456, 33.6781873 ], [ 73.0540483, 33.6784502 ] ] ] } },
{ "type": "Feature", "properties": { "element": "way", "id": 1159723536, "is_in": null, "leisure": "park", "name": null, "sport": null, "name:en": null, "name:ur": null, "addr:city": null, "addr:city:ar": null, "addr:city:en": null, "addr:city:ks": null, "addr:city:pnb": null, "addr:city:ps": null, "addr:city:sd": null, "addr:city:ur": null, "addr:street": null, "operator": null, "alt_name": null, "alt_name:ar": null, "alt_name:ur": null, "alt_name:zh-Hans": null, "name:ar": null, "name:etymology": null, "name:etymology:wikidata": null, "name:etymology:wikipedia": null, "name:hi": null, "name:pnb": null, "tourism": null, "wikidata": null, "wikimedia_commons": null, "wikipedia": null, "wikipedia:pnb": null, "name:ml": null, "area": null, "landuse": null, "operator:short": null, "operator:type": null, "operator:wikidata": null, "created_by": null, "shop": null, "natural": null, "brand": null, "brand:ar": null, "brand:pnb": null, "brand:ps": null, "brand:ur": null, "brand:wikidata": null, "brand:wikipedia": null, "brand:wikipedia:ar": null, "brand:wikipedia:pnb": null, "brand:wikipedia:ps": null, "brand:wikipedia:ur": null, "surface": null, "type": null, "access": null, "barrier": null, "boundary": null, "operator:ur": null, "max_age": null, "min_age": null, "playground:theme": null }, "geometry": { "type": "Polygon", "coordinates": [ [ [ 73.0545374, 33.6778794 ], [ 73.0547765, 33.6775604 ], [ 73.0551082, 33.6777325 ], [ 73.0548691, 33.6780516 ], [ 73.0545374, 33.6778794 ] ] ] } },
{ "type": "Feature", "properties": { "element": "way", "id": 1173087161, "is_in": null, "leisure": "park", "name": null, "sport": null, "name:en": null, "name:ur": null, "addr:city": null, "addr:city:ar": null, "addr:city:en": null, "addr:city:ks": null, "addr:city:pnb": null, "addr:city:ps": null, "addr:city:sd": null, "addr:city:ur": null, "addr:street": null, "operator": null, "alt_name": null, "alt_name:ar": null, "alt_name:ur": null, "alt_name:zh-Hans": null, "name:ar": null, "name:etymology": null, "name:etymology:wikidata": null, "name:etymology:wikipedia": null, "name:hi": null, "name:pnb": null, "tourism": null, "wikidata": null, "wikimedia_commons": null, "wikipedia": null, "wikipedia:pnb": null, "name:ml": null, "area": null, "landuse": null, "operator:short": null, "operator:type": null, "operator:wikidata": null, "created_by": null, "shop": null, "natural": null, "brand": null, "brand:ar": null, "brand:pnb": null, "brand:ps": null, "brand:ur": null, "brand:wikidata": null, "brand:wikipedia": null, "brand:wikipedia:ar": null, "brand:wikipedia:pnb": null, "brand:wikipedia:ps": null, "brand:wikipedia:ur": null, "surface": null, "type": null, "access": null, "barrier": null, "boundary": null, "operator:ur": null, "max_age": null, "min_age": null, "playground:theme": null }, "geometry": { "type": "Polygon", "coordinates": [ [ [ 73.0169144, 33.7225589 ], [ 73.0170716, 33.7220973 ], [ 73.0172288, 33.7216357 ], [ 73.0189803, 33.722084 ], [ 73.0186916, 33.7229325 ], [ 73.0169144, 33.7225589 ] ] ] } },
{ "type": "Feature", "properties": { "element": "way", "id": 1173087162, "is_in": null, "leisure": "park", "name": "Middlecoat Park", "sport": null, "name:en": null, "name:ur": null, "addr:city": null, "addr:city:ar": null, "addr:city:en": null, "addr:city:ks": null, "addr:city:pnb": null, "addr:city:ps": null, "addr:city:sd": null, "addr:city:ur": null, "addr:street": null, "operator": null, "alt_name": null, "alt_name:ar": null, "alt_name:ur": null, "alt_name:zh-Hans": null, "name:ar": null, "name:etymology": null, "name:etymology:wikidata": null, "name:etymology:wikipedia": null, "name:hi": null, "name:pnb": null, "tourism": null, "wikidata": null, "wikimedia_commons": null, "wikipedia": null, "wikipedia:pnb": null, "name:ml": null, "area": null, "landuse": null, "operator:short": null, "operator:type": null, "operator:wikidata": null, "created_by": null, "shop": null, "natural": null, "brand": null, "brand:ar": null, "brand:pnb": null, "brand:ps": null, "brand:ur": null, "brand:wikidata": null, "brand:wikipedia": null, "brand:wikipedia:ar": null, "brand:wikipedia:pnb": null, "brand:wikipedia:ps": null, "brand:wikipedia:ur": null, "surface": null, "type": null, "access": null, "barrier": null, "boundary": null, "operator:ur": null, "max_age": null, "min_age": null, "playground:theme": null }, "geometry": { "type": "Polygon", "coordinates": [ [ [ 73.0172799, 33.7202997 ], [ 73.0174803, 33.7197903 ], [ 73.0196712, 33.7203868 ], [ 73.019471, 33.7208958 ], [ 73.0172799, 33.7202997 ] ] ] } },
{ "type": "Feature", "properties": { "element": "way", "id": 1217318162, "is_in": null, "leisure": null, "name": null, "sport": null, "name:en": null, "name:ur": null, "addr:city": null, "addr:city:ar": null, "addr:city:en": null, "addr:city:ks": null, "addr:city:pnb": null, "addr:city:ps": null, "addr:city:sd": null, "addr:city:ur": null, "addr:street": null, "operator": null, "alt_name": null, "alt_name:ar": null, "alt_name:ur": null, "alt_name:zh-Hans": null, "name:ar": null, "name:etymology": null, "name:etymology:wikidata": null, "name:etymology:wikipedia": null, "name:hi": null, "name:pnb": null, "tourism": null, "wikidata": null, "wikimedia_commons": null, "wikipedia": null, "wikipedia:pnb": null, "name:ml": null, "area": null, "landuse": "grass", "operator:short": null, "operator:type": null, "operator:wikidata": null, "created_by": null, "shop": null, "natural": null, "brand": null, "brand:ar": null, "brand:pnb": null, "brand:ps": null, "brand:ur": null, "brand:wikidata": null, "brand:wikipedia": null, "brand:wikipedia:ar": null, "brand:wikipedia:pnb": null, "brand:wikipedia:ps": null, "brand:wikipedia:ur": null, "surface": null, "type": null, "access": null, "barrier": null, "boundary": null, "operator:ur": null, "max_age": null, "min_age": null, "playground:theme": null }, "geometry": { "type": "Polygon", "coordinates": [ [ [ 73.0440421, 33.7222565 ], [ 73.0444899, 33.7224886 ], [ 73.0444986, 33.7224875 ], [ 73.0445053, 33.7224836 ], [ 73.0445119, 33.7224776 ], [ 73.0445149, 33.7224706 ], [ 73.0445125, 33.7224649 ], [ 73.0445085, 33.7224585 ], [ 73.0441256, 33.7222585 ], [ 73.0440844, 33.722237 ], [ 73.0440698, 33.7222308 ], [ 73.044057, 33.7222283 ], [ 73.0440483, 33.7222313 ], [ 73.0440418, 33.7222372 ], [ 73.0440386, 33.7222468 ], [ 73.0440421, 33.7222565 ] ] ] } },
{ "type": "Feature", "properties": { "element": "way", "id": 1292962641, "is_in": null, "leisure": "pitch", "name": null, "sport": "basketball", "name:en": null, "name:ur": null, "addr:city": null, "addr:city:ar": null, "addr:city:en": null, "addr:city:ks": null, "addr:city:pnb": null, "addr:city:ps": null, "addr:city:sd": null, "addr:city:ur": null, "addr:street": null, "operator": null, "alt_name": null, "alt_name:ar": null, "alt_name:ur": null, "alt_name:zh-Hans": null, "name:ar": null, "name:etymology": null, "name:etymology:wikidata": null, "name:etymology:wikipedia": null, "name:hi": null, "name:pnb": null, "tourism": null, "wikidata": null, "wikimedia_commons": null, "wikipedia": null, "wikipedia:pnb": null, "name:ml": null, "area": null, "landuse": null, "operator:short": null, "operator:type": null, "operator:wikidata": null, "created_by": null, "shop": null, "natural": null, "brand": null, "brand:ar": null, "brand:pnb": null, "brand:ps": null, "brand:ur": null, "brand:wikidata": null, "brand:wikipedia": null, "brand:wikipedia:ar": null, "brand:wikipedia:pnb": null, "brand:wikipedia:ps": null, "brand:wikipedia:ur": null, "surface": null, "type": null, "access": null, "barrier": null, "boundary": null, "operator:ur": null, "max_age": null, "min_age": null, "playground:theme": null }, "geometry": { "type": "Polygon", "coordinates": [ [ [ 73.0519305, 33.7220188 ], [ 73.0520414, 33.721866 ], [ 73.0523508, 33.7220224 ], [ 73.0522364, 33.7221766 ], [ 73.0519305, 33.7220188 ] ] ] } },
{ "type": "Feature", "properties": { "element": "way", "id": 1292962642, "is_in": null, "leisure": "pitch", "name": null, "sport": "tennis", "name:en": null, "name:ur": null, "addr:city": null, "addr:city:ar": null, "addr:city:en": null, "addr:city:ks": null, "addr:city:pnb": null, "addr:city:ps": null, "addr:city:sd": null, "addr:city:ur": null, "addr:street": null, "operator": null, "alt_name": null, "alt_name:ar": null, "alt_name:ur": null, "alt_name:zh-Hans": null, "name:ar": null, "name:etymology": null, "name:etymology:wikidata": null, "name:etymology:wikipedia": null, "name:hi": null, "name:pnb": null, "tourism": null, "wikidata": null, "wikimedia_commons": null, "wikipedia": null, "wikipedia:pnb": null, "name:ml": null, "area": null, "landuse": null, "operator:short": null, "operator:type": null, "operator:wikidata": null, "created_by": null, "shop": null, "natural": null, "brand": null, "brand:ar": null, "brand:pnb": null, "brand:ps": null, "brand:ur": null, "brand:wikidata": null, "brand:wikipedia": null, "brand:wikipedia:ar": null, "brand:wikipedia:pnb": null, "brand:wikipedia:ps": null, "brand:wikipedia:ur": null, "surface": null, "type": null, "access": null, "barrier": null, "boundary": null, "operator:ur": null, "max_age": null, "min_age": null, "playground:theme": null }, "geometry": { "type": "Polygon", "coordinates": [ [ [ 73.0521099, 33.7223431 ], [ 73.0522217, 33.7221946 ], [ 73.0519115, 33.7220354 ], [ 73.0518015, 33.722186 ], [ 73.0521099, 33.7223431 ] ] ] } },
{ "type": "Feature", "properties": { "element": "way", "id": 1308568722, "is_in": null, "leisure": "pitch", "name": null, "sport": "cricket", "name:en": null, "name:ur": null, "addr:city": null, "addr:city:ar": null, "addr:city:en": null, "addr:city:ks": null, "addr:city:pnb": null, "addr:city:ps": null, "addr:city:sd": null, "addr:city:ur": null, "addr:street": null, "operator": null, "alt_name": null, "alt_name:ar": null, "alt_name:ur": null, "alt_name:zh-Hans": null, "name:ar": null, "name:etymology": null, "name:etymology:wikidata": null, "name:etymology:wikipedia": null, "name:hi": null, "name:pnb": null, "tourism": null, "wikidata": null, "wikimedia_commons": null, "wikipedia": null, "wikipedia:pnb": null, "name:ml": null, "area": null, "landuse": null, "operator:short": null, "operator:type": null, "operator:wikidata": null, "created_by": null, "shop": null, "natural": null, "brand": null, "brand:ar": null, "brand:pnb": null, "brand:ps": null, "brand:ur": null, "brand:wikidata": null, "brand:wikipedia": null, "brand:wikipedia:ar": null, "brand:wikipedia:pnb": null, "brand:wikipedia:ps": null, "brand:wikipedia:ur": null, "surface": null, "type": null, "access": null, "barrier": null, "boundary": null, "operator:ur": null, "max_age": null, "min_age": null, "playground:theme": null }, "geometry": { "type": "Polygon", "coordinates": [ [ [ 73.031737, 33.6810003 ], [ 73.0317397, 33.6810872 ], [ 73.0317094, 33.6811704 ], [ 73.0316491, 33.6812414 ], [ 73.031565, 33.681293 ], [ 73.0314656, 33.6813199 ], [ 73.0313611, 33.6813192 ], [ 73.0312622, 33.6812913 ], [ 73.0311743, 33.6812346 ], [ 73.0311142, 33.6811567 ], [ 73.0310891, 33.6810666 ], [ 73.0311016, 33.6809746 ], [ 73.0311505, 33.6808915 ], [ 73.03123, 33.6808268 ], [ 73.0313309, 33.680788 ], [ 73.0314416, 33.6807796 ], [ 73.0315494, 33.6808025 ], [ 73.0316367, 33.6808503 ], [ 73.0317014, 33.6809186 ], [ 73.031737, 33.6810003 ] ] ] } },
{ "type": "Feature", "properties": { "element": "way", "id": 1308575028, "is_in": null, "leisure": null, "name": null, "sport": null, "name:en": null, "name:ur": null, "addr:city": null, "addr:city:ar": null, "addr:city:en": null, "addr:city:ks": null, "addr:city:pnb": null, "addr:city:ps": null, "addr:city:sd": null, "addr:city:ur": null, "addr:street": null, "operator": null, "alt_name": null, "alt_name:ar": null, "alt_name:ur": null, "alt_name:zh-Hans": null, "name:ar": null, "name:etymology": null, "name:etymology:wikidata": null, "name:etymology:wikipedia": null, "name:hi": null, "name:pnb": null, "tourism": null, "wikidata": null, "wikimedia_commons": null, "wikipedia": null, "wikipedia:pnb": null, "name:ml": null, "area": null, "landuse": "grass", "operator:short": null, "operator:type": null, "operator:wikidata": null, "created_by": null, "shop": null, "natural": null, "brand": null, "brand:ar": null, "brand:pnb": null, "brand:ps": null, "brand:ur": null, "brand:wikidata": null, "brand:wikipedia": null, "brand:wikipedia:ar": null, "brand:wikipedia:pnb": null, "brand:wikipedia:ps": null, "brand:wikipedia:ur": null, "surface": null, "type": null, "access": null, "barrier": null, "boundary": null, "operator:ur": null, "max_age": null, "min_age": null, "playground:theme": null }, "geometry": { "type": "Polygon", "coordinates": [ [ [ 73.0258279, 33.6887455 ], [ 73.0262492, 33.6889172 ], [ 73.0263714, 33.6887472 ], [ 73.0259607, 33.6885562 ], [ 73.0258279, 33.6887455 ] ] ] } },
{ "type": "Feature", "properties": { "element": "way", "id": 1308575029, "is_in": null, "leisure": null, "name": null, "sport": null, "name:en": null, "name:ur": null, "addr:city": null, "addr:city:ar": null, "addr:city:en": null, "addr:city:ks": null, "addr:city:pnb": null, "addr:city:ps": null, "addr:city:sd": null, "addr:city:ur": null, "addr:street": null, "operator": null, "alt_name": null, "alt_name:ar": null, "alt_name:ur": null, "alt_name:zh-Hans": null, "name:ar": null, "name:etymology": null, "name:etymology:wikidata": null, "name:etymology:wikipedia": null, "name:hi": null, "name:pnb": null, "tourism": null, "wikidata": null, "wikimedia_commons": null, "wikipedia": null, "wikipedia:pnb": null, "name:ml": null, "area": null, "landuse": "grass", "operator:short": null, "operator:type": null, "operator:wikidata": null, "created_by": null, "shop": null, "natural": null, "brand": null, "brand:ar": null, "brand:pnb": null, "brand:ps": null, "brand:ur": null, "brand:wikidata": null, "brand:wikipedia": null, "brand:wikipedia:ar": null, "brand:wikipedia:pnb": null, "brand:wikipedia:ps": null, "brand:wikipedia:ur": null, "surface": null, "type": null, "access": null, "barrier": null, "boundary": null, "operator:ur": null, "max_age": null, "min_age": null, "playground:theme": null }, "geometry": { "type": "Polygon", "coordinates": [ [ [ 73.0263419, 33.6889576 ], [ 73.0268707, 33.6892292 ], [ 73.0270581, 33.6890294 ], [ 73.0264557, 33.6887753 ], [ 73.0263419, 33.6889576 ] ] ] } },
{ "type": "Feature", "properties": { "element": "way", "id": 1308575036, "is_in": null, "leisure": "park", "name": "G-9/4 Park and Playground", "sport": null, "name:en": null, "name:ur": null, "addr:city": null, "addr:city:ar": null, "addr:city:en": null, "addr:city:ks": null, "addr:city:pnb": null, "addr:city:ps": null, "addr:city:sd": null, "addr:city:ur": null, "addr:street": null, "operator": null, "alt_name": null, "alt_name:ar": null, "alt_name:ur": null, "alt_name:zh-Hans": null, "name:ar": null, "name:etymology": null, "name:etymology:wikidata": null, "name:etymology:wikipedia": null, "name:hi": null, "name:pnb": null, "tourism": null, "wikidata": null, "wikimedia_commons": null, "wikipedia": null, "wikipedia:pnb": null, "name:ml": null, "area": null, "landuse": null, "operator:short": null, "operator:type": null, "operator:wikidata": null, "created_by": null, "shop": null, "natural": null, "brand": null, "brand:ar": null, "brand:pnb": null, "brand:ps": null, "brand:ur": null, "brand:wikidata": null, "brand:wikipedia": null, "brand:wikipedia:ar": null, "brand:wikipedia:pnb": null, "brand:wikipedia:ps": null, "brand:wikipedia:ur": null, "surface": null, "type": null, "access": null, "barrier": null, "boundary": null, "operator:ur": null, "max_age": null, "min_age": null, "playground:theme": null }, "geometry": { "type": "Polygon", "coordinates": [ [ [ 73.0402069, 33.6868181 ], [ 73.0406635, 33.6862316 ], [ 73.0417019, 33.6867914 ], [ 73.0412454, 33.6873778 ], [ 73.0402069, 33.6868181 ] ] ] } },
{ "type": "Feature", "properties": { "element": "way", "id": 1308575040, "is_in": null, "leisure": "pitch", "name": null, "sport": "basketball", "name:en": null, "name:ur": null, "addr:city": null, "addr:city:ar": null, "addr:city:en": null, "addr:city:ks": null, "addr:city:pnb": null, "addr:city:ps": null, "addr:city:sd": null, "addr:city:ur": null, "addr:street": null, "operator": null, "alt_name": null, "alt_name:ar": null, "alt_name:ur": null, "alt_name:zh-Hans": null, "name:ar": null, "name:etymology": null, "name:etymology:wikidata": null, "name:etymology:wikipedia": null, "name:hi": null, "name:pnb": null, "tourism": null, "wikidata": null, "wikimedia_commons": null, "wikipedia": null, "wikipedia:pnb": null, "name:ml": null, "area": null, "landuse": null, "operator:short": null, "operator:type": null, "operator:wikidata": null, "created_by": null, "shop": null, "natural": null, "brand": null, "brand:ar": null, "brand:pnb": null, "brand:ps": null, "brand:ur": null, "brand:wikidata": null, "brand:wikipedia": null, "brand:wikipedia:ar": null, "brand:wikipedia:pnb": null, "brand:wikipedia:ps": null, "brand:wikipedia:ur": null, "surface": null, "type": null, "access": null, "barrier": null, "boundary": null, "operator:ur": null, "max_age": null, "min_age": null, "playground:theme": null }, "geometry": { "type": "Polygon", "coordinates": [ [ [ 73.0400335, 33.6827519 ], [ 73.0401949, 33.6828324 ], [ 73.0403821, 33.6825723 ], [ 73.0402207, 33.6824918 ], [ 73.0400335, 33.6827519 ] ] ] } },
{ "type": "Feature", "properties": { "element": "way", "id": 1308584581, "is_in": null, "leisure": "pitch", "name": null, "sport": "tennis", "name:en": null, "name:ur": null, "addr:city": null, "addr:city:ar": null, "addr:city:en": null, "addr:city:ks": null, "addr:city:pnb": null, "addr:city:ps": null, "addr:city:sd": null, "addr:city:ur": null, "addr:street": null, "operator": null, "alt_name": null, "alt_name:ar": null, "alt_name:ur": null, "alt_name:zh-Hans": null, "name:ar": null, "name:etymology": null, "name:etymology:wikidata": null, "name:etymology:wikipedia": null, "name:hi": null, "name:pnb": null, "tourism": null, "wikidata": null, "wikimedia_commons": null, "wikipedia": null, "wikipedia:pnb": null, "name:ml": null, "area": null, "landuse": null, "operator:short": null, "operator:type": null, "operator:wikidata": null, "created_by": null, "shop": null, "natural": null, "brand": null, "brand:ar": null, "brand:pnb": null, "brand:ps": null, "brand:ur": null, "brand:wikidata": null, "brand:wikipedia": null, "brand:wikipedia:ar": null, "brand:wikipedia:pnb": null, "brand:wikipedia:ps": null, "brand:wikipedia:ur": null, "surface": null, "type": null, "access": null, "barrier": null, "boundary": null, "operator:ur": null, "max_age": null, "min_age": null, "playground:theme": null }, "geometry": { "type": "Polygon", "coordinates": [ [ [ 73.0733217, 33.7286844 ], [ 73.0735144, 33.7287836 ], [ 73.0737289, 33.7284953 ], [ 73.0735363, 33.7283961 ], [ 73.0733217, 33.7286844 ] ] ] } },
{ "type": "Feature", "properties": { "element": "way", "id": 1308584582, "is_in": null, "leisure": "pitch", "name": null, "sport": "tennis", "name:en": null, "name:ur": null, "addr:city": null, "addr:city:ar": null, "addr:city:en": null, "addr:city:ks": null, "addr:city:pnb": null, "addr:city:ps": null, "addr:city:sd": null, "addr:city:ur": null, "addr:street": null, "operator": null, "alt_name": null, "alt_name:ar": null, "alt_name:ur": null, "alt_name:zh-Hans": null, "name:ar": null, "name:etymology": null, "name:etymology:wikidata": null, "name:etymology:wikipedia": null, "name:hi": null, "name:pnb": null, "tourism": null, "wikidata": null, "wikimedia_commons": null, "wikipedia": null, "wikipedia:pnb": null, "name:ml": null, "area": null, "landuse": null, "operator:short": null, "operator:type": null, "operator:wikidata": null, "created_by": null, "shop": null, "natural": null, "brand": null, "brand:ar": null, "brand:pnb": null, "brand:ps": null, "brand:ur": null, "brand:wikidata": null, "brand:wikipedia": null, "brand:wikipedia:ar": null, "brand:wikipedia:pnb": null, "brand:wikipedia:ps": null, "brand:wikipedia:ur": null, "surface": null, "type": null, "access": null, "barrier": null, "boundary": null, "operator:ur": null, "max_age": null, "min_age": null, "playground:theme": null }, "geometry": { "type": "Polygon", "coordinates": [ [ [ 73.0735245, 33.728787 ], [ 73.0737172, 33.7288863 ], [ 73.0739317, 33.728598 ], [ 73.0737391, 33.7284988 ], [ 73.0735245, 33.728787 ] ] ] } },
{ "type": "Feature", "properties": { "element": "way", "id": 1308584583, "is_in": null, "leisure": "pitch", "name": null, "sport": "basketball", "name:en": null, "name:ur": null, "addr:city": null, "addr:city:ar": null, "addr:city:en": null, "addr:city:ks": null, "addr:city:pnb": null, "addr:city:ps": null, "addr:city:sd": null, "addr:city:ur": null, "addr:street": null, "operator": null, "alt_name": null, "alt_name:ar": null, "alt_name:ur": null, "alt_name:zh-Hans": null, "name:ar": null, "name:etymology": null, "name:etymology:wikidata": null, "name:etymology:wikipedia": null, "name:hi": null, "name:pnb": null, "tourism": null, "wikidata": null, "wikimedia_commons": null, "wikipedia": null, "wikipedia:pnb": null, "name:ml": null, "area": null, "landuse": null, "operator:short": null, "operator:type": null, "operator:wikidata": null, "created_by": null, "shop": null, "natural": null, "brand": null, "brand:ar": null, "brand:pnb": null, "brand:ps": null, "brand:ur": null, "brand:wikidata": null, "brand:wikipedia": null, "brand:wikipedia:ar": null, "brand:wikipedia:pnb": null, "brand:wikipedia:ps": null, "brand:wikipedia:ur": null, "surface": null, "type": null, "access": null, "barrier": null, "boundary": null, "operator:ur": null, "max_age": null, "min_age": null, "playground:theme": null }, "geometry": { "type": "Polygon", "coordinates": [ [ [ 73.0737253, 33.7288861 ], [ 73.073918, 33.7289853 ], [ 73.0741325, 33.728697 ], [ 73.0739399, 33.7285978 ], [ 73.0737253, 33.7288861 ] ] ] } },
{ "type": "Feature", "properties": { "element": "way", "id": 1308584584, "is_in": null, "leisure": "pitch", "name": null, "sport": "field_hockey", "name:en": null, "name:ur": null, "addr:city": null, "addr:city:ar": null, "addr:city:en": null, "addr:city:ks": null, "addr:city:pnb": null, "addr:city:ps": null, "addr:city:sd": null, "addr:city:ur": null, "addr:street": null, "operator": null, "alt_name": null, "alt_name:ar": null, "alt_name:ur": null, "alt_name:zh-Hans": null, "name:ar": null, "name:etymology": null, "name:etymology:wikidata": null, "name:etymology:wikipedia": null, "name:hi": null, "name:pnb": null, "tourism": null, "wikidata": null, "wikimedia_commons": null, "wikipedia": null, "wikipedia:pnb": null, "name:ml": null, "area": null, "landuse": null, "operator:short": null, "operator:type": null, "operator:wikidata": null, "created_by": null, "shop": null, "natural": null, "brand": null, "brand:ar": null, "brand:pnb": null, "brand:ps": null, "brand:ur": null, "brand:wikidata": null, "brand:wikipedia": null, "brand:wikipedia:ar": null, "brand:wikipedia:pnb": null, "brand:wikipedia:ps": null, "brand:wikipedia:ur": null, "surface": null, "type": null, "access": null, "barrier": null, "boundary": null, "operator:ur": null, "max_age": null, "min_age": null, "playground:theme": null }, "geometry": { "type": "Polygon", "coordinates": [ [ [ 73.0735356, 33.7283681 ], [ 73.0741727, 33.7287011 ], [ 73.0743534, 33.728462 ], [ 73.0737164, 33.7281289 ], [ 73.0735356, 33.7283681 ] ] ] } },
{ "type": "Feature", "properties": { "element": "way", "id": 1309658634, "is_in": null, "leisure": "park", "name": null, "sport": null, "name:en": null, "name:ur": null, "addr:city": null, "addr:city:ar": null, "addr:city:en": null, "addr:city:ks": null, "addr:city:pnb": null, "addr:city:ps": null, "addr:city:sd": null, "addr:city:ur": null, "addr:street": null, "operator": null, "alt_name": null, "alt_name:ar": null, "alt_name:ur": null, "alt_name:zh-Hans": null, "name:ar": null, "name:etymology": null, "name:etymology:wikidata": null, "name:etymology:wikipedia": null, "name:hi": null, "name:pnb": null, "tourism": null, "wikidata": null, "wikimedia_commons": null, "wikipedia": null, "wikipedia:pnb": null, "name:ml": null, "area": null, "landuse": null, "operator:short": null, "operator:type": null, "operator:wikidata": null, "created_by": null, "shop": null, "natural": null, "brand": null, "brand:ar": null, "brand:pnb": null, "brand:ps": null, "brand:ur": null, "brand:wikidata": null, "brand:wikipedia": null, "brand:wikipedia:ar": null, "brand:wikipedia:pnb": null, "brand:wikipedia:ps": null, "brand:wikipedia:ur": null, "surface": null, "type": null, "access": null, "barrier": null, "boundary": null, "operator:ur": null, "max_age": null, "min_age": null, "playground:theme": null }, "geometry": { "type": "Polygon", "coordinates": [ [ [ 73.0691832, 33.6800683 ], [ 73.0676812, 33.6794211 ], [ 73.0683588, 33.6783322 ], [ 73.0692422, 33.6788229 ], [ 73.0691832, 33.6800683 ] ] ] } },
{ "type": "Feature", "properties": { "element": "way", "id": 1309675926, "is_in": null, "leisure": null, "name": null, "sport": null, "name:en": null, "name:ur": null, "addr:city": null, "addr:city:ar": null, "addr:city:en": null, "addr:city:ks": null, "addr:city:pnb": null, "addr:city:ps": null, "addr:city:sd": null, "addr:city:ur": null, "addr:street": null, "operator": null, "alt_name": null, "alt_name:ar": null, "alt_name:ur": null, "alt_name:zh-Hans": null, "name:ar": null, "name:etymology": null, "name:etymology:wikidata": null, "name:etymology:wikipedia": null, "name:hi": null, "name:pnb": null, "tourism": null, "wikidata": null, "wikimedia_commons": null, "wikipedia": null, "wikipedia:pnb": null, "name:ml": null, "area": null, "landuse": "forest", "operator:short": null, "operator:type": null, "operator:wikidata": null, "created_by": null, "shop": null, "natural": null, "brand": null, "brand:ar": null, "brand:pnb": null, "brand:ps": null, "brand:ur": null, "brand:wikidata": null, "brand:wikipedia": null, "brand:wikipedia:ar": null, "brand:wikipedia:pnb": null, "brand:wikipedia:ps": null, "brand:wikipedia:ur": null, "surface": null, "type": null, "access": null, "barrier": null, "boundary": null, "operator:ur": null, "max_age": null, "min_age": null, "playground:theme": null }, "geometry": { "type": "Polygon", "coordinates": [ [ [ 73.0579448, 33.6722471 ], [ 73.0583739, 33.6716444 ], [ 73.0602676, 33.6726132 ], [ 73.0597633, 33.6732248 ], [ 73.0579448, 33.6722471 ] ] ] } },
{ "type": "Feature", "properties": { "element": "way", "id": 1309953479, "is_in": null, "leisure": "pitch", "name": null, "sport": "tennis", "name:en": null, "name:ur": null, "addr:city": null, "addr:city:ar": null, "addr:city:en": null, "addr:city:ks": null, "addr:city:pnb": null, "addr:city:ps": null, "addr:city:sd": null, "addr:city:ur": null, "addr:street": null, "operator": null, "alt_name": null, "alt_name:ar": null, "alt_name:ur": null, "alt_name:zh-Hans": null, "name:ar": null, "name:etymology": null, "name:etymology:wikidata": null, "name:etymology:wikipedia": null, "name:hi": null, "name:pnb": null, "tourism": null, "wikidata": null, "wikimedia_commons": null, "wikipedia": null, "wikipedia:pnb": null, "name:ml": null, "area": null, "landuse": null, "operator:short": null, "operator:type": null, "operator:wikidata": null, "created_by": null, "shop": null, "natural": null, "brand": null, "brand:ar": null, "brand:pnb": null, "brand:ps": null, "brand:ur": null, "brand:wikidata": null, "brand:wikipedia": null, "brand:wikipedia:ar": null, "brand:wikipedia:pnb": null, "brand:wikipedia:ps": null, "brand:wikipedia:ur": null, "surface": null, "type": null, "access": null, "barrier": null, "boundary": null, "operator:ur": null, "max_age": null, "min_age": null, "playground:theme": null }, "geometry": { "type": "Polygon", "coordinates": [ [ [ 73.0271713, 33.704553 ], [ 73.027207, 33.7041788 ], [ 73.0274334, 33.7041937 ], [ 73.0273976, 33.7045679 ], [ 73.0271713, 33.704553 ] ] ] } },
{ "type": "Feature", "properties": { "element": "way", "id": 1309953480, "is_in": null, "leisure": "pitch", "name": null, "sport": "tennis", "name:en": null, "name:ur": null, "addr:city": null, "addr:city:ar": null, "addr:city:en": null, "addr:city:ks": null, "addr:city:pnb": null, "addr:city:ps": null, "addr:city:sd": null, "addr:city:ur": null, "addr:street": null, "operator": null, "alt_name": null, "alt_name:ar": null, "alt_name:ur": null, "alt_name:zh-Hans": null, "name:ar": null, "name:etymology": null, "name:etymology:wikidata": null, "name:etymology:wikipedia": null, "name:hi": null, "name:pnb": null, "tourism": null, "wikidata": null, "wikimedia_commons": null, "wikipedia": null, "wikipedia:pnb": null, "name:ml": null, "area": null, "landuse": null, "operator:short": null, "operator:type": null, "operator:wikidata": null, "created_by": null, "shop": null, "natural": null, "brand": null, "brand:ar": null, "brand:pnb": null, "brand:ps": null, "brand:ur": null, "brand:wikidata": null, "brand:wikipedia": null, "brand:wikipedia:ar": null, "brand:wikipedia:pnb": null, "brand:wikipedia:ps": null, "brand:wikipedia:ur": null, "surface": null, "type": null, "access": null, "barrier": null, "boundary": null, "operator:ur": null, "max_age": null, "min_age": null, "playground:theme": null }, "geometry": { "type": "Polygon", "coordinates": [ [ [ 73.0274163, 33.7047635 ], [ 73.0278344, 33.7046223 ], [ 73.0279198, 33.7047973 ], [ 73.0275017, 33.7049385 ], [ 73.0274163, 33.7047635 ] ] ] } },
{ "type": "Feature", "properties": { "element": "way", "id": 1309953482, "is_in": null, "leisure": null, "name": null, "sport": null, "name:en": null, "name:ur": null, "addr:city": null, "addr:city:ar": null, "addr:city:en": null, "addr:city:ks": null, "addr:city:pnb": null, "addr:city:ps": null, "addr:city:sd": null, "addr:city:ur": null, "addr:street": null, "operator": null, "alt_name": null, "alt_name:ar": null, "alt_name:ur": null, "alt_name:zh-Hans": null, "name:ar": null, "name:etymology": null, "name:etymology:wikidata": null, "name:etymology:wikipedia": null, "name:hi": null, "name:pnb": null, "tourism": null, "wikidata": null, "wikimedia_commons": null, "wikipedia": null, "wikipedia:pnb": null, "name:ml": null, "area": null, "landuse": "forest", "operator:short": null, "operator:type": null, "operator:wikidata": null, "created_by": null, "shop": null, "natural": null, "brand": null, "brand:ar": null, "brand:pnb": null, "brand:ps": null, "brand:ur": null, "brand:wikidata": null, "brand:wikipedia": null, "brand:wikipedia:ar": null, "brand:wikipedia:pnb": null, "brand:wikipedia:ps": null, "brand:wikipedia:ur": null, "surface": null, "type": null, "access": null, "barrier": null, "boundary": null, "operator:ur": null, "max_age": null, "min_age": null, "playground:theme": null }, "geometry": { "type": "Polygon", "coordinates": [ [ [ 73.0282879, 33.7055913 ], [ 73.02782, 33.7056781 ], [ 73.0276024, 33.7059657 ], [ 73.0276441, 33.7066425 ], [ 73.0276233, 33.7069003 ], [ 73.0278647, 33.7068756 ], [ 73.0279451, 33.7072945 ], [ 73.0279272, 33.7075573 ], [ 73.0280465, 33.7077358 ], [ 73.0283087, 33.7073565 ], [ 73.0284309, 33.7072598 ], [ 73.0289435, 33.7074904 ], [ 73.0289733, 33.7073491 ], [ 73.0288779, 33.7068235 ], [ 73.0287259, 33.7064987 ], [ 73.0284547, 33.7064913 ], [ 73.0282938, 33.7066971 ], [ 73.0281925, 33.7066574 ], [ 73.0283087, 33.7061888 ], [ 73.0282372, 33.7060103 ], [ 73.0282879, 33.7055913 ] ] ] } },
{ "type": "Feature", "properties": { "element": "way", "id": 1309955322, "is_in": null, "leisure": null, "name": null, "sport": null, "name:en": null, "name:ur": null, "addr:city": null, "addr:city:ar": null, "addr:city:en": null, "addr:city:ks": null, "addr:city:pnb": null, "addr:city:ps": null, "addr:city:sd": null, "addr:city:ur": null, "addr:street": null, "operator": null, "alt_name": null, "alt_name:ar": null, "alt_name:ur": null, "alt_name:zh-Hans": null, "name:ar": null, "name:etymology": null, "name:etymology:wikidata": null, "name:etymology:wikipedia": null, "name:hi": null, "name:pnb": null, "tourism": null, "wikidata": null, "wikimedia_commons": null, "wikipedia": null, "wikipedia:pnb": null, "name:ml": null, "area": null, "landuse": "meadow", "operator:short": null, "operator:type": null, "operator:wikidata": null, "created_by": null, "shop": null, "natural": null, "brand": null, "brand:ar": null, "brand:pnb": null, "brand:ps": null, "brand:ur": null, "brand:wikidata": null, "brand:wikipedia": null, "brand:wikipedia:ar": null, "brand:wikipedia:pnb": null, "brand:wikipedia:ps": null, "brand:wikipedia:ur": null, "surface": null, "type": null, "access": null, "barrier": null, "boundary": null, "operator:ur": null, "max_age": null, "min_age": null, "playground:theme": null }, "geometry": { "type": "Polygon", "coordinates": [ [ [ 73.0300242, 33.7024789 ], [ 73.0306206, 33.7018417 ], [ 73.0316441, 33.7005109 ], [ 73.031617, 33.7002064 ], [ 73.0312035, 33.7005165 ], [ 73.0308579, 33.700697 ], [ 73.0302411, 33.7003868 ], [ 73.0299428, 33.7009677 ], [ 73.0303224, 33.7012496 ], [ 73.0301055, 33.7019263 ], [ 73.0298615, 33.7022702 ], [ 73.0300242, 33.7024789 ] ] ] } },
{ "type": "Feature", "properties": { "element": "way", "id": 1309960401, "is_in": null, "leisure": "pitch", "name": "Islamabad Skating Club", "sport": "skateboard", "name:en": null, "name:ur": null, "addr:city": null, "addr:city:ar": null, "addr:city:en": null, "addr:city:ks": null, "addr:city:pnb": null, "addr:city:ps": null, "addr:city:sd": null, "addr:city:ur": null, "addr:street": null, "operator": null, "alt_name": null, "alt_name:ar": null, "alt_name:ur": null, "alt_name:zh-Hans": null, "name:ar": null, "name:etymology": null, "name:etymology:wikidata": null, "name:etymology:wikipedia": null, "name:hi": null, "name:pnb": null, "tourism": null, "wikidata": null, "wikimedia_commons": null, "wikipedia": null, "wikipedia:pnb": null, "name:ml": null, "area": null, "landuse": null, "operator:short": null, "operator:type": null, "operator:wikidata": null, "created_by": null, "shop": null, "natural": null, "brand": null, "brand:ar": null, "brand:pnb": null, "brand:ps": null, "brand:ur": null, "brand:wikidata": null, "brand:wikipedia": null, "brand:wikipedia:ar": null, "brand:wikipedia:pnb": null, "brand:wikipedia:ps": null, "brand:wikipedia:ur": null, "surface": null, "type": null, "access": null, "barrier": null, "boundary": null, "operator:ur": null, "max_age": null, "min_age": null, "playground:theme": null }, "geometry": { "type": "Polygon", "coordinates": [ [ [ 73.0230974, 33.7057644 ], [ 73.0231981, 33.7058105 ], [ 73.023543, 33.7057498 ], [ 73.0235581, 33.7056262 ], [ 73.0236386, 33.705421 ], [ 73.0236185, 33.7051152 ], [ 73.0235027, 33.7048723 ], [ 73.023329, 33.7047948 ], [ 73.0230219, 33.704776 ], [ 73.0229715, 33.7049875 ], [ 73.0230068, 33.7050755 ], [ 73.0228885, 33.7051613 ], [ 73.0228834, 33.7053163 ], [ 73.023037, 33.7054126 ], [ 73.023037, 33.7056932 ], [ 73.0230974, 33.7057644 ] ] ] } },
{ "type": "Feature", "properties": { "element": "way", "id": 1309960403, "is_in": null, "leisure": "playground", "name": "Kids Play Area F-9 Park", "sport": null, "name:en": null, "name:ur": null, "addr:city": null, "addr:city:ar": null, "addr:city:en": null, "addr:city:ks": null, "addr:city:pnb": null, "addr:city:ps": null, "addr:city:sd": null, "addr:city:ur": null, "addr:street": null, "operator": null, "alt_name": null, "alt_name:ar": null, "alt_name:ur": null, "alt_name:zh-Hans": null, "name:ar": null, "name:etymology": null, "name:etymology:wikidata": null, "name:etymology:wikipedia": null, "name:hi": null, "name:pnb": null, "tourism": null, "wikidata": null, "wikimedia_commons": null, "wikipedia": null, "wikipedia:pnb": null, "name:ml": null, "area": null, "landuse": null, "operator:short": null, "operator:type": null, "operator:wikidata": null, "created_by": null, "shop": null, "natural": null, "brand": null, "brand:ar": null, "brand:pnb": null, "brand:ps": null, "brand:ur": null, "brand:wikidata": null, "brand:wikipedia": null, "brand:wikipedia:ar": null, "brand:wikipedia:pnb": null, "brand:wikipedia:ps": null, "brand:wikipedia:ur": null, "surface": null, "type": null, "access": null, "barrier": null, "boundary": null, "operator:ur": null, "max_age": null, "min_age": null, "playground:theme": null }, "geometry": { "type": "Polygon", "coordinates": [ [ [ 73.0209288, 33.7079839 ], [ 73.0212524, 33.7084193 ], [ 73.0218319, 33.7088215 ], [ 73.0224712, 33.7091207 ], [ 73.0229997, 33.7093246 ], [ 73.0236857, 33.7094429 ], [ 73.0241123, 33.7094061 ], [ 73.0242393, 33.7092925 ], [ 73.0243563, 33.7091851 ], [ 73.0243847, 33.708976 ], [ 73.0244348, 33.7088255 ], [ 73.0244594, 33.7086499 ], [ 73.0243718, 33.7085097 ], [ 73.0242924, 33.7084857 ], [ 73.024024, 33.7083408 ], [ 73.0238502, 33.7082391 ], [ 73.0236877, 33.7082124 ], [ 73.0236436, 33.7080962 ], [ 73.023384, 33.7080177 ], [ 73.0230842, 33.7078152 ], [ 73.0228398, 33.7078484 ], [ 73.0227209, 33.7077585 ], [ 73.0226945, 33.7075542 ], [ 73.0226259, 33.707415 ], [ 73.0221991, 33.7068916 ], [ 73.02213, 33.7068577 ], [ 73.0215351, 33.7075391 ], [ 73.0209288, 33.7079839 ] ] ] } },
{ "type": "Feature", "properties": { "element": "way", "id": 1314059180, "is_in": null, "leisure": null, "name": null, "sport": null, "name:en": null, "name:ur": null, "addr:city": null, "addr:city:ar": null, "addr:city:en": null, "addr:city:ks": null, "addr:city:pnb": null, "addr:city:ps": null, "addr:city:sd": null, "addr:city:ur": null, "addr:street": null, "operator": null, "alt_name": null, "alt_name:ar": null, "alt_name:ur": null, "alt_name:zh-Hans": null, "name:ar": null, "name:etymology": null, "name:etymology:wikidata": null, "name:etymology:wikipedia": null, "name:hi": null, "name:pnb": null, "tourism": null, "wikidata": null, "wikimedia_commons": null, "wikipedia": null, "wikipedia:pnb": null, "name:ml": null, "area": null, "landuse": "forest", "operator:short": null, "operator:type": null, "operator:wikidata": null, "created_by": null, "shop": null, "natural": null, "brand": null, "brand:ar": null, "brand:pnb": null, "brand:ps": null, "brand:ur": null, "brand:wikidata": null, "brand:wikipedia": null, "brand:wikipedia:ar": null, "brand:wikipedia:pnb": null, "brand:wikipedia:ps": null, "brand:wikipedia:ur": null, "surface": null, "type": null, "access": null, "barrier": null, "boundary": null, "operator:ur": null, "max_age": null, "min_age": null, "playground:theme": null }, "geometry": { "type": "Polygon", "coordinates": [ [ [ 73.0389255, 33.6686504 ], [ 73.0437774, 33.6712462 ], [ 73.0480858, 33.6735075 ], [ 73.048432, 33.6732816 ], [ 73.0482449, 33.672682 ], [ 73.0480671, 33.6719383 ], [ 73.0486379, 33.6710193 ], [ 73.0488952, 33.6706766 ], [ 73.0494941, 33.6699874 ], [ 73.0497561, 33.6699524 ], [ 73.0506639, 33.670038 ], [ 73.0518289, 33.670626 ], [ 73.0522968, 33.6699991 ], [ 73.0526805, 33.6698939 ], [ 73.05327, 33.6698044 ], [ 73.053794, 33.6695318 ], [ 73.0543227, 33.668827 ], [ 73.0548749, 33.6681689 ], [ 73.0531811, 33.6672655 ], [ 73.0527247, 33.6671404 ], [ 73.0523733, 33.6673883 ], [ 73.052112, 33.6679965 ], [ 73.051895, 33.6684202 ], [ 73.051508, 33.6685948 ], [ 73.0512148, 33.6685333 ], [ 73.0509651, 33.6683853 ], [ 73.0501308, 33.669462 ], [ 73.0493142, 33.66957 ], [ 73.0469327, 33.6685931 ], [ 73.0458836, 33.6701072 ], [ 73.043811, 33.669131 ], [ 73.0444561, 33.6685594 ], [ 73.0446194, 33.6682062 ], [ 73.0442933, 33.6677595 ], [ 73.0437054, 33.66722 ], [ 73.0427414, 33.6685003 ], [ 73.0400759, 33.6671506 ], [ 73.0389255, 33.6686504 ] ] ] } },
{ "type": "Feature", "properties": { "element": "way", "id": 1314059182, "is_in": null, "leisure": null, "name": null, "sport": null, "name:en": null, "name:ur": null, "addr:city": null, "addr:city:ar": null, "addr:city:en": null, "addr:city:ks": null, "addr:city:pnb": null, "addr:city:ps": null, "addr:city:sd": null, "addr:city:ur": null, "addr:street": null, "operator": null, "alt_name": null, "alt_name:ar": null, "alt_name:ur": null, "alt_name:zh-Hans": null, "name:ar": null, "name:etymology": null, "name:etymology:wikidata": null, "name:etymology:wikipedia": null, "name:hi": null, "name:pnb": null, "tourism": null, "wikidata": null, "wikimedia_commons": null, "wikipedia": null, "wikipedia:pnb": null, "name:ml": null, "area": null, "landuse": "forest", "operator:short": null, "operator:type": null, "operator:wikidata": null, "created_by": null, "shop": null, "natural": null, "brand": null, "brand:ar": null, "brand:pnb": null, "brand:ps": null, "brand:ur": null, "brand:wikidata": null, "brand:wikipedia": null, "brand:wikipedia:ar": null, "brand:wikipedia:pnb": null, "brand:wikipedia:ps": null, "brand:wikipedia:ur": null, "surface": null, "type": null, "access": null, "barrier": null, "boundary": null, "operator:ur": null, "max_age": null, "min_age": null, "playground:theme": null }, "geometry": { "type": "Polygon", "coordinates": [ [ [ 73.0503427, 33.6724221 ], [ 73.0502039, 33.6725212 ], [ 73.0498816, 33.6730658 ], [ 73.0503229, 33.6732185 ], [ 73.0507146, 33.67281 ], [ 73.0513343, 33.6730039 ], [ 73.0524896, 33.6714029 ], [ 73.0515574, 33.6709037 ], [ 73.0513988, 33.6712296 ], [ 73.0510815, 33.6713163 ], [ 73.0507096, 33.6720425 ], [ 73.0504716, 33.6722942 ], [ 73.0503427, 33.6724221 ] ] ] } },
{ "type": "Feature", "properties": { "element": "way", "id": 1314059183, "is_in": null, "leisure": null, "name": null, "sport": null, "name:en": null, "name:ur": null, "addr:city": null, "addr:city:ar": null, "addr:city:en": null, "addr:city:ks": null, "addr:city:pnb": null, "addr:city:ps": null, "addr:city:sd": null, "addr:city:ur": null, "addr:street": null, "operator": null, "alt_name": null, "alt_name:ar": null, "alt_name:ur": null, "alt_name:zh-Hans": null, "name:ar": null, "name:etymology": null, "name:etymology:wikidata": null, "name:etymology:wikipedia": null, "name:hi": null, "name:pnb": null, "tourism": null, "wikidata": null, "wikimedia_commons": null, "wikipedia": null, "wikipedia:pnb": null, "name:ml": null, "area": null, "landuse": "forest", "operator:short": null, "operator:type": null, "operator:wikidata": null, "created_by": null, "shop": null, "natural": null, "brand": null, "brand:ar": null, "brand:pnb": null, "brand:ps": null, "brand:ur": null, "brand:wikidata": null, "brand:wikipedia": null, "brand:wikipedia:ar": null, "brand:wikipedia:pnb": null, "brand:wikipedia:ps": null, "brand:wikipedia:ur": null, "surface": null, "type": null, "access": null, "barrier": null, "boundary": null, "operator:ur": null, "max_age": null, "min_age": null, "playground:theme": null }, "geometry": { "type": "Polygon", "coordinates": [ [ [ 73.0547923, 33.6740029 ], [ 73.054977, 33.6741054 ], [ 73.0550681, 33.6740653 ], [ 73.0554483, 33.6736531 ], [ 73.0560347, 33.6730091 ], [ 73.0575082, 33.6710646 ], [ 73.061435, 33.6658358 ], [ 73.0615305, 33.6654905 ], [ 73.0619097, 33.6649813 ], [ 73.0617787, 33.6648965 ], [ 73.0616477, 33.6648844 ], [ 73.0598128, 33.6673719 ], [ 73.0547923, 33.6740029 ] ] ] } },
{ "type": "Feature", "properties": { "element": "way", "id": 1314059188, "is_in": null, "leisure": null, "name": null, "sport": null, "name:en": null, "name:ur": null, "addr:city": null, "addr:city:ar": null, "addr:city:en": null, "addr:city:ks": null, "addr:city:pnb": null, "addr:city:ps": null, "addr:city:sd": null, "addr:city:ur": null, "addr:street": null, "operator": null, "alt_name": null, "alt_name:ar": null, "alt_name:ur": null, "alt_name:zh-Hans": null, "name:ar": null, "name:etymology": null, "name:etymology:wikidata": null, "name:etymology:wikipedia": null, "name:hi": null, "name:pnb": null, "tourism": null, "wikidata": null, "wikimedia_commons": null, "wikipedia": null, "wikipedia:pnb": null, "name:ml": null, "area": null, "landuse": "forest", "operator:short": null, "operator:type": null, "operator:wikidata": null, "created_by": null, "shop": null, "natural": null, "brand": null, "brand:ar": null, "brand:pnb": null, "brand:ps": null, "brand:ur": null, "brand:wikidata": null, "brand:wikipedia": null, "brand:wikipedia:ar": null, "brand:wikipedia:pnb": null, "brand:wikipedia:ps": null, "brand:wikipedia:ur": null, "surface": null, "type": null, "access": null, "barrier": null, "boundary": null, "operator:ur": null, "max_age": null, "min_age": null, "playground:theme": null }, "geometry": { "type": "Polygon", "coordinates": [ [ [ 73.05315, 33.6762061 ], [ 73.0535264, 33.6764392 ], [ 73.0537514, 33.676124 ], [ 73.0544658, 33.6751082 ], [ 73.0548732, 33.6743018 ], [ 73.0547956, 33.6742146 ], [ 73.0546616, 33.6741612 ], [ 73.05315, 33.6762061 ] ] ] } },
{ "type": "Feature", "properties": { "element": "way", "id": 1314059189, "is_in": null, "leisure": null, "name": null, "sport": null, "name:en": null, "name:ur": null, "addr:city": null, "addr:city:ar": null, "addr:city:en": null, "addr:city:ks": null, "addr:city:pnb": null, "addr:city:ps": null, "addr:city:sd": null, "addr:city:ur": null, "addr:street": null, "operator": null, "alt_name": null, "alt_name:ar": null, "alt_name:ur": null, "alt_name:zh-Hans": null, "name:ar": null, "name:etymology": null, "name:etymology:wikidata": null, "name:etymology:wikipedia": null, "name:hi": null, "name:pnb": null, "tourism": null, "wikidata": null, "wikimedia_commons": null, "wikipedia": null, "wikipedia:pnb": null, "name:ml": null, "area": null, "landuse": "forest", "operator:short": null, "operator:type": null, "operator:wikidata": null, "created_by": null, "shop": null, "natural": null, "brand": null, "brand:ar": null, "brand:pnb": null, "brand:ps": null, "brand:ur": null, "brand:wikidata": null, "brand:wikipedia": null, "brand:wikipedia:ar": null, "brand:wikipedia:pnb": null, "brand:wikipedia:ps": null, "brand:wikipedia:ur": null, "surface": null, "type": null, "access": null, "barrier": null, "boundary": null, "operator:ur": null, "max_age": null, "min_age": null, "playground:theme": null }, "geometry": { "type": "Polygon", "coordinates": [ [ [ 73.0539547, 33.6766602 ], [ 73.0541386, 33.6767367 ], [ 73.0544145, 33.6766538 ], [ 73.0552346, 33.6755536 ], [ 73.0558094, 33.6747627 ], [ 73.0557125, 33.6746936 ], [ 73.0556095, 33.6746725 ], [ 73.0555191, 33.6747089 ], [ 73.0551893, 33.6751334 ], [ 73.0539547, 33.6766602 ] ] ] } },
{ "type": "Feature", "properties": { "element": "way", "id": 1314059190, "is_in": null, "leisure": null, "name": null, "sport": null, "name:en": null, "name:ur": null, "addr:city": null, "addr:city:ar": null, "addr:city:en": null, "addr:city:ks": null, "addr:city:pnb": null, "addr:city:ps": null, "addr:city:sd": null, "addr:city:ur": null, "addr:street": null, "operator": null, "alt_name": null, "alt_name:ar": null, "alt_name:ur": null, "alt_name:zh-Hans": null, "name:ar": null, "name:etymology": null, "name:etymology:wikidata": null, "name:etymology:wikipedia": null, "name:hi": null, "name:pnb": null, "tourism": null, "wikidata": null, "wikimedia_commons": null, "wikipedia": null, "wikipedia:pnb": null, "name:ml": null, "area": null, "landuse": "forest", "operator:short": null, "operator:type": null, "operator:wikidata": null, "created_by": null, "shop": null, "natural": null, "brand": null, "brand:ar": null, "brand:pnb": null, "brand:ps": null, "brand:ur": null, "brand:wikidata": null, "brand:wikipedia": null, "brand:wikipedia:ar": null, "brand:wikipedia:pnb": null, "brand:wikipedia:ps": null, "brand:wikipedia:ur": null, "surface": null, "type": null, "access": null, "barrier": null, "boundary": null, "operator:ur": null, "max_age": null, "min_age": null, "playground:theme": null }, "geometry": { "type": "Polygon", "coordinates": [ [ [ 73.0557608, 33.6744021 ], [ 73.0557637, 33.6744959 ], [ 73.0558707, 33.6745826 ], [ 73.0559608, 33.6745779 ], [ 73.0560678, 33.6744818 ], [ 73.0573209, 33.6727968 ], [ 73.0578222, 33.6721289 ], [ 73.0585037, 33.6712102 ], [ 73.0588472, 33.6707157 ], [ 73.0589655, 33.6705165 ], [ 73.0591063, 33.6702212 ], [ 73.0593457, 33.6698649 ], [ 73.0595991, 33.669511 ], [ 73.0601933, 33.6687658 ], [ 73.0609846, 33.6678283 ], [ 73.061162, 33.6676455 ], [ 73.0612015, 33.6676408 ], [ 73.061852, 33.6667759 ], [ 73.0624574, 33.6659697 ], [ 73.0628094, 33.6654939 ], [ 73.0628008, 33.6654454 ], [ 73.0626439, 33.66536 ], [ 73.0624846, 33.665375 ], [ 73.062345, 33.6655377 ], [ 73.0609005, 33.6673821 ], [ 73.0557608, 33.6744021 ] ] ] } },
{ "type": "Feature", "properties": { "element": "way", "id": 1348420760, "is_in": null, "leisure": "park", "name": null, "sport": null, "name:en": null, "name:ur": null, "addr:city": null, "addr:city:ar": null, "addr:city:en": null, "addr:city:ks": null, "addr:city:pnb": null, "addr:city:ps": null, "addr:city:sd": null, "addr:city:ur": null, "addr:street": null, "operator": null, "alt_name": null, "alt_name:ar": null, "alt_name:ur": null, "alt_name:zh-Hans": null, "name:ar": null, "name:etymology": null, "name:etymology:wikidata": null, "name:etymology:wikipedia": null, "name:hi": null, "name:pnb": null, "tourism": null, "wikidata": null, "wikimedia_commons": null, "wikipedia": null, "wikipedia:pnb": null, "name:ml": null, "area": null, "landuse": null, "operator:short": null, "operator:type": null, "operator:wikidata": null, "created_by": null, "shop": null, "natural": null, "brand": null, "brand:ar": null, "brand:pnb": null, "brand:ps": null, "brand:ur": null, "brand:wikidata": null, "brand:wikipedia": null, "brand:wikipedia:ar": null, "brand:wikipedia:pnb": null, "brand:wikipedia:ps": null, "brand:wikipedia:ur": null, "surface": null, "type": null, "access": null, "barrier": null, "boundary": null, "operator:ur": null, "max_age": null, "min_age": null, "playground:theme": null }, "geometry": { "type": "Polygon", "coordinates": [ [ [ 73.0387342, 33.687708 ], [ 73.0389064, 33.6874953 ], [ 73.0376109, 33.6868179 ], [ 73.0374628, 33.687034 ], [ 73.0387342, 33.687708 ] ] ] } },
{ "type": "Feature", "properties": { "element": "way", "id": 1351260900, "is_in": null, "leisure": null, "name": null, "sport": null, "name:en": null, "name:ur": null, "addr:city": null, "addr:city:ar": null, "addr:city:en": null, "addr:city:ks": null, "addr:city:pnb": null, "addr:city:ps": null, "addr:city:sd": null, "addr:city:ur": null, "addr:street": null, "operator": null, "alt_name": null, "alt_name:ar": null, "alt_name:ur": null, "alt_name:zh-Hans": null, "name:ar": null, "name:etymology": null, "name:etymology:wikidata": null, "name:etymology:wikipedia": null, "name:hi": null, "name:pnb": null, "tourism": null, "wikidata": null, "wikimedia_commons": null, "wikipedia": null, "wikipedia:pnb": null, "name:ml": null, "area": null, "landuse": "grass", "operator:short": null, "operator:type": null, "operator:wikidata": null, "created_by": null, "shop": null, "natural": null, "brand": null, "brand:ar": null, "brand:pnb": null, "brand:ps": null, "brand:ur": null, "brand:wikidata": null, "brand:wikipedia": null, "brand:wikipedia:ar": null, "brand:wikipedia:pnb": null, "brand:wikipedia:ps": null, "brand:wikipedia:ur": null, "surface": null, "type": null, "access": null, "barrier": null, "boundary": null, "operator:ur": null, "max_age": null, "min_age": null, "playground:theme": null }, "geometry": { "type": "Polygon", "coordinates": [ [ [ 73.082481, 33.7222309 ], [ 73.0825755, 33.7222806 ], [ 73.0826218, 33.7222036 ], [ 73.0825775, 33.7222136 ], [ 73.0825299, 33.7222237 ], [ 73.082481, 33.7222309 ] ] ] } },
{ "type": "Feature", "properties": { "element": "way", "id": 1367151874, "is_in": null, "leisure": null, "name": null, "sport": null, "name:en": null, "name:ur": null, "addr:city": null, "addr:city:ar": null, "addr:city:en": null, "addr:city:ks": null, "addr:city:pnb": null, "addr:city:ps": null, "addr:city:sd": null, "addr:city:ur": null, "addr:street": null, "operator": null, "alt_name": null, "alt_name:ar": null, "alt_name:ur": null, "alt_name:zh-Hans": null, "name:ar": null, "name:etymology": null, "name:etymology:wikidata": null, "name:etymology:wikipedia": null, "name:hi": null, "name:pnb": null, "tourism": null, "wikidata": null, "wikimedia_commons": null, "wikipedia": null, "wikipedia:pnb": null, "name:ml": null, "area": null, "landuse": "forest", "operator:short": null, "operator:type": null, "operator:wikidata": null, "created_by": null, "shop": null, "natural": null, "brand": null, "brand:ar": null, "brand:pnb": null, "brand:ps": null, "brand:ur": null, "brand:wikidata": null, "brand:wikipedia": null, "brand:wikipedia:ar": null, "brand:wikipedia:pnb": null, "brand:wikipedia:ps": null, "brand:wikipedia:ur": null, "surface": null, "type": null, "access": null, "barrier": null, "boundary": null, "operator:ur": null, "max_age": null, "min_age": null, "playground:theme": null }, "geometry": { "type": "Polygon", "coordinates": [ [ [ 73.0601075, 33.670882 ], [ 73.0601302, 33.6712419 ], [ 73.0607676, 33.671725 ], [ 73.0606993, 33.672047 ], [ 73.0617009, 33.6726154 ], [ 73.0613936, 33.6731837 ], [ 73.0619627, 33.6734773 ], [ 73.0620651, 33.6736478 ], [ 73.0618261, 33.6739509 ], [ 73.0625887, 33.6743108 ], [ 73.0629529, 33.6735247 ], [ 73.0633626, 33.6727669 ], [ 73.0635789, 33.6721228 ], [ 73.0630326, 33.6717818 ], [ 73.0615757, 33.6711188 ], [ 73.0610749, 33.6708914 ], [ 73.0607221, 33.6708062 ], [ 73.0601075, 33.670882 ] ] ] } },
{ "type": "Feature", "properties": { "element": "way", "id": 1367151875, "is_in": null, "leisure": "park", "name": null, "sport": null, "name:en": null, "name:ur": null, "addr:city": null, "addr:city:ar": null, "addr:city:en": null, "addr:city:ks": null, "addr:city:pnb": null, "addr:city:ps": null, "addr:city:sd": null, "addr:city:ur": null, "addr:street": null, "operator": null, "alt_name": null, "alt_name:ar": null, "alt_name:ur": null, "alt_name:zh-Hans": null, "name:ar": null, "name:etymology": null, "name:etymology:wikidata": null, "name:etymology:wikipedia": null, "name:hi": null, "name:pnb": null, "tourism": null, "wikidata": null, "wikimedia_commons": null, "wikipedia": null, "wikipedia:pnb": null, "name:ml": null, "area": null, "landuse": null, "operator:short": null, "operator:type": null, "operator:wikidata": null, "created_by": null, "shop": null, "natural": null, "brand": null, "brand:ar": null, "brand:pnb": null, "brand:ps": null, "brand:ur": null, "brand:wikidata": null, "brand:wikipedia": null, "brand:wikipedia:ar": null, "brand:wikipedia:pnb": null, "brand:wikipedia:ps": null, "brand:wikipedia:ur": null, "surface": null, "type": null, "access": null, "barrier": null, "boundary": null, "operator:ur": null, "max_age": null, "min_age": null, "playground:theme": null }, "geometry": { "type": "Polygon", "coordinates": [ [ [ 73.0682955, 33.6750619 ], [ 73.0691358, 33.6755069 ], [ 73.0692571, 33.6754059 ], [ 73.0699805, 33.6744674 ], [ 73.0695401, 33.6742281 ], [ 73.0692256, 33.6743515 ], [ 73.0689426, 33.6745272 ], [ 73.0685247, 33.674759 ], [ 73.0682955, 33.6750619 ] ] ] } },
{ "type": "Feature", "properties": { "element": "way", "id": 1375306903, "is_in": null, "leisure": "park", "name": null, "sport": null, "name:en": null, "name:ur": null, "addr:city": null, "addr:city:ar": null, "addr:city:en": null, "addr:city:ks": null, "addr:city:pnb": null, "addr:city:ps": null, "addr:city:sd": null, "addr:city:ur": null, "addr:street": null, "operator": null, "alt_name": null, "alt_name:ar": null, "alt_name:ur": null, "alt_name:zh-Hans": null, "name:ar": null, "name:etymology": null, "name:etymology:wikidata": null, "name:etymology:wikipedia": null, "name:hi": null, "name:pnb": null, "tourism": null, "wikidata": null, "wikimedia_commons": null, "wikipedia": null, "wikipedia:pnb": null, "name:ml": null, "area": null, "landuse": null, "operator:short": null, "operator:type": null, "operator:wikidata": null, "created_by": null, "shop": null, "natural": null, "brand": null, "brand:ar": null, "brand:pnb": null, "brand:ps": null, "brand:ur": null, "brand:wikidata": null, "brand:wikipedia": null, "brand:wikipedia:ar": null, "brand:wikipedia:pnb": null, "brand:wikipedia:ps": null, "brand:wikipedia:ur": null, "surface": null, "type": null, "access": null, "barrier": null, "boundary": null, "operator:ur": null, "max_age": null, "min_age": null, "playground:theme": null }, "geometry": { "type": "Polygon", "coordinates": [ [ [ 73.0508583, 33.6991811 ], [ 73.051148, 33.6993353 ], [ 73.0514091, 33.6989516 ], [ 73.0514117, 33.6989021 ], [ 73.0513885, 33.6988469 ], [ 73.051329, 33.6988031 ], [ 73.0512669, 33.6987845 ], [ 73.0511962, 33.698783 ], [ 73.0511074, 33.698839 ], [ 73.0508583, 33.6991811 ] ] ] } },
{ "type": "Feature", "properties": { "element": "way", "id": 1375306904, "is_in": null, "leisure": "park", "name": "Ladies Park", "sport": null, "name:en": null, "name:ur": null, "addr:city": null, "addr:city:ar": null, "addr:city:en": null, "addr:city:ks": null, "addr:city:pnb": null, "addr:city:ps": null, "addr:city:sd": null, "addr:city:ur": null, "addr:street": null, "operator": null, "alt_name": null, "alt_name:ar": null, "alt_name:ur": null, "alt_name:zh-Hans": null, "name:ar": null, "name:etymology": null, "name:etymology:wikidata": null, "name:etymology:wikipedia": null, "name:hi": null, "name:pnb": null, "tourism": null, "wikidata": null, "wikimedia_commons": null, "wikipedia": null, "wikipedia:pnb": null, "name:ml": null, "area": null, "landuse": null, "operator:short": null, "operator:type": null, "operator:wikidata": null, "created_by": null, "shop": null, "natural": null, "brand": null, "brand:ar": null, "brand:pnb": null, "brand:ps": null, "brand:ur": null, "brand:wikidata": null, "brand:wikipedia": null, "brand:wikipedia:ar": null, "brand:wikipedia:pnb": null, "brand:wikipedia:ps": null, "brand:wikipedia:ur": null, "surface": null, "type": null, "access": null, "barrier": null, "boundary": null, "operator:ur": null, "max_age": null, "min_age": null, "playground:theme": null }, "geometry": { "type": "Polygon", "coordinates": [ [ [ 73.0501002, 33.7009319 ], [ 73.0503735, 33.7005703 ], [ 73.0504844, 33.7005711 ], [ 73.0510884, 33.7009006 ], [ 73.0511251, 33.7010019 ], [ 73.0508785, 33.7013364 ], [ 73.0501002, 33.7009319 ] ] ] } },
{ "type": "Feature", "properties": { "element": "way", "id": 1385376701, "is_in": null, "leisure": null, "name": null, "sport": null, "name:en": null, "name:ur": null, "addr:city": null, "addr:city:ar": null, "addr:city:en": null, "addr:city:ks": null, "addr:city:pnb": null, "addr:city:ps": null, "addr:city:sd": null, "addr:city:ur": null, "addr:street": null, "operator": null, "alt_name": null, "alt_name:ar": null, "alt_name:ur": null, "alt_name:zh-Hans": null, "name:ar": null, "name:etymology": null, "name:etymology:wikidata": null, "name:etymology:wikipedia": null, "name:hi": null, "name:pnb": null, "tourism": null, "wikidata": null, "wikimedia_commons": null, "wikipedia": null, "wikipedia:pnb": null, "name:ml": null, "area": null, "landuse": "grass", "operator:short": null, "operator:type": null, "operator:wikidata": null, "created_by": null, "shop": null, "natural": null, "brand": null, "brand:ar": null, "brand:pnb": null, "brand:ps": null, "brand:ur": null, "brand:wikidata": null, "brand:wikipedia": null, "brand:wikipedia:ar": null, "brand:wikipedia:pnb": null, "brand:wikipedia:ps": null, "brand:wikipedia:ur": null, "surface": null, "type": null, "access": null, "barrier": null, "boundary": null, "operator:ur": null, "max_age": null, "min_age": null, "playground:theme": null }, "geometry": { "type": "Polygon", "coordinates": [ [ [ 73.0627406, 33.7202259 ], [ 73.0628747, 33.7200876 ], [ 73.0630571, 33.7201054 ], [ 73.0631644, 33.7201924 ], [ 73.0632931, 33.7209844 ], [ 73.0630463, 33.7217251 ], [ 73.0633628, 33.7218812 ], [ 73.0632555, 33.7220419 ], [ 73.0634862, 33.7221445 ], [ 73.0632716, 33.7225148 ], [ 73.0636042, 33.7226888 ], [ 73.0634165, 33.7229677 ], [ 73.0630839, 33.7236303 ], [ 73.0632582, 33.723782 ], [ 73.062703, 33.7243709 ], [ 73.0624261, 33.7245804 ], [ 73.0615952, 33.7241736 ], [ 73.062247, 33.7231305 ], [ 73.0625957, 33.7226576 ], [ 73.0625448, 33.7225371 ], [ 73.0623771, 33.7224267 ], [ 73.0623302, 33.7223397 ], [ 73.0621988, 33.7220932 ], [ 73.0624214, 33.721821 ], [ 73.0625716, 33.7217987 ], [ 73.0626762, 33.7215689 ], [ 73.0625796, 33.721502 ], [ 73.0626816, 33.7213213 ], [ 73.0628774, 33.7206431 ], [ 73.062821, 33.7204936 ], [ 73.062695, 33.7204334 ], [ 73.0627406, 33.7202259 ] ] ] } },
{ "type": "Feature", "properties": { "element": "way", "id": 1385380002, "is_in": null, "leisure": "pitch", "name": null, "sport": "soccer", "name:en": null, "name:ur": null, "addr:city": null, "addr:city:ar": null, "addr:city:en": null, "addr:city:ks": null, "addr:city:pnb": null, "addr:city:ps": null, "addr:city:sd": null, "addr:city:ur": null, "addr:street": null, "operator": null, "alt_name": null, "alt_name:ar": null, "alt_name:ur": null, "alt_name:zh-Hans": null, "name:ar": null, "name:etymology": null, "name:etymology:wikidata": null, "name:etymology:wikipedia": null, "name:hi": null, "name:pnb": null, "tourism": null, "wikidata": null, "wikimedia_commons": null, "wikipedia": null, "wikipedia:pnb": null, "name:ml": null, "area": null, "landuse": null, "operator:short": null, "operator:type": null, "operator:wikidata": null, "created_by": null, "shop": null, "natural": null, "brand": null, "brand:ar": null, "brand:pnb": null, "brand:ps": null, "brand:ur": null, "brand:wikidata": null, "brand:wikipedia": null, "brand:wikipedia:ar": null, "brand:wikipedia:pnb": null, "brand:wikipedia:ps": null, "brand:wikipedia:ur": null, "surface": null, "type": null, "access": null, "barrier": null, "boundary": null, "operator:ur": null, "max_age": null, "min_age": null, "playground:theme": null }, "geometry": { "type": "Polygon", "coordinates": [ [ [ 73.0381486, 33.7152069 ], [ 73.038557, 33.715417 ], [ 73.0388789, 33.7149839 ], [ 73.0384705, 33.7147738 ], [ 73.0381486, 33.7152069 ] ] ] } },
{ "type": "Feature", "properties": { "element": "way", "id": 1385380003, "is_in": null, "leisure": null, "name": null, "sport": null, "name:en": null, "name:ur": null, "addr:city": null, "addr:city:ar": null, "addr:city:en": null, "addr:city:ks": null, "addr:city:pnb": null, "addr:city:ps": null, "addr:city:sd": null, "addr:city:ur": null, "addr:street": null, "operator": null, "alt_name": null, "alt_name:ar": null, "alt_name:ur": null, "alt_name:zh-Hans": null, "name:ar": null, "name:etymology": null, "name:etymology:wikidata": null, "name:etymology:wikipedia": null, "name:hi": null, "name:pnb": null, "tourism": null, "wikidata": null, "wikimedia_commons": null, "wikipedia": null, "wikipedia:pnb": null, "name:ml": null, "area": null, "landuse": "recreation_ground", "operator:short": null, "operator:type": null, "operator:wikidata": null, "created_by": null, "shop": null, "natural": null, "brand": null, "brand:ar": null, "brand:pnb": null, "brand:ps": null, "brand:ur": null, "brand:wikidata": null, "brand:wikipedia": null, "brand:wikipedia:ar": null, "brand:wikipedia:pnb": null, "brand:wikipedia:ps": null, "brand:wikipedia:ur": null, "surface": null, "type": null, "access": null, "barrier": null, "boundary": null, "operator:ur": null, "max_age": null, "min_age": null, "playground:theme": null }, "geometry": { "type": "Polygon", "coordinates": [ [ [ 73.0377153, 33.714994 ], [ 73.0385774, 33.715442 ], [ 73.0389384, 33.7149577 ], [ 73.0380959, 33.7144883 ], [ 73.0377153, 33.714994 ] ] ] } },
{ "type": "Feature", "properties": { "element": "way", "id": 1385380004, "is_in": null, "leisure": null, "name": null, "sport": null, "name:en": null, "name:ur": null, "addr:city": null, "addr:city:ar": null, "addr:city:en": null, "addr:city:ks": null, "addr:city:pnb": null, "addr:city:ps": null, "addr:city:sd": null, "addr:city:ur": null, "addr:street": null, "operator": null, "alt_name": null, "alt_name:ar": null, "alt_name:ur": null, "alt_name:zh-Hans": null, "name:ar": null, "name:etymology": null, "name:etymology:wikidata": null, "name:etymology:wikipedia": null, "name:hi": null, "name:pnb": null, "tourism": null, "wikidata": null, "wikimedia_commons": null, "wikipedia": null, "wikipedia:pnb": null, "name:ml": null, "area": null, "landuse": "recreation_ground", "operator:short": null, "operator:type": null, "operator:wikidata": null, "created_by": null, "shop": null, "natural": null, "brand": null, "brand:ar": null, "brand:pnb": null, "brand:ps": null, "brand:ur": null, "brand:wikidata": null, "brand:wikipedia": null, "brand:wikipedia:ar": null, "brand:wikipedia:pnb": null, "brand:wikipedia:ps": null, "brand:wikipedia:ur": null, "surface": null, "type": null, "access": null, "barrier": null, "boundary": null, "operator:ur": null, "max_age": null, "min_age": null, "playground:theme": null }, "geometry": { "type": "Polygon", "coordinates": [ [ [ 73.0375197, 33.7147162 ], [ 73.0375951, 33.714611 ], [ 73.0376589, 33.7146333 ], [ 73.0378314, 33.7144251 ], [ 73.037535, 33.7142296 ], [ 73.0374967, 33.7142806 ], [ 73.0372591, 33.714152 ], [ 73.0371889, 33.714288 ], [ 73.0374763, 33.7144251 ], [ 73.0373166, 33.7146631 ], [ 73.0375197, 33.7147162 ] ] ] } },
{ "type": "Feature", "properties": { "element": "way", "id": 1385380006, "is_in": null, "leisure": null, "name": null, "sport": null, "name:en": null, "name:ur": null, "addr:city": null, "addr:city:ar": null, "addr:city:en": null, "addr:city:ks": null, "addr:city:pnb": null, "addr:city:ps": null, "addr:city:sd": null, "addr:city:ur": null, "addr:street": null, "operator": null, "alt_name": null, "alt_name:ar": null, "alt_name:ur": null, "alt_name:zh-Hans": null, "name:ar": null, "name:etymology": null, "name:etymology:wikidata": null, "name:etymology:wikipedia": null, "name:hi": null, "name:pnb": null, "tourism": null, "wikidata": null, "wikimedia_commons": null, "wikipedia": null, "wikipedia:pnb": null, "name:ml": null, "area": null, "landuse": "recreation_ground", "operator:short": null, "operator:type": null, "operator:wikidata": null, "created_by": null, "shop": null, "natural": null, "brand": null, "brand:ar": null, "brand:pnb": null, "brand:ps": null, "brand:ur": null, "brand:wikidata": null, "brand:wikipedia": null, "brand:wikipedia:ar": null, "brand:wikipedia:pnb": null, "brand:wikipedia:ps": null, "brand:wikipedia:ur": null, "surface": "concrete", "type": null, "access": null, "barrier": null, "boundary": null, "operator:ur": null, "max_age": null, "min_age": null, "playground:theme": null }, "geometry": { "type": "Polygon", "coordinates": [ [ [ 73.0381688, 33.7157024 ], [ 73.0383423, 33.7157953 ], [ 73.0381319, 33.716079 ], [ 73.0379751, 33.715994 ], [ 73.0381688, 33.7157024 ] ] ] } },
{ "type": "Feature", "properties": { "element": "way", "id": 1385383849, "is_in": null, "leisure": null, "name": null, "sport": null, "name:en": null, "name:ur": null, "addr:city": null, "addr:city:ar": null, "addr:city:en": null, "addr:city:ks": null, "addr:city:pnb": null, "addr:city:ps": null, "addr:city:sd": null, "addr:city:ur": null, "addr:street": null, "operator": null, "alt_name": null, "alt_name:ar": null, "alt_name:ur": null, "alt_name:zh-Hans": null, "name:ar": null, "name:etymology": null, "name:etymology:wikidata": null, "name:etymology:wikipedia": null, "name:hi": null, "name:pnb": null, "tourism": null, "wikidata": null, "wikimedia_commons": null, "wikipedia": null, "wikipedia:pnb": null, "name:ml": null, "area": null, "landuse": "recreation_ground", "operator:short": null, "operator:type": null, "operator:wikidata": null, "created_by": null, "shop": null, "natural": null, "brand": null, "brand:ar": null, "brand:pnb": null, "brand:ps": null, "brand:ur": null, "brand:wikidata": null, "brand:wikipedia": null, "brand:wikipedia:ar": null, "brand:wikipedia:pnb": null, "brand:wikipedia:ps": null, "brand:wikipedia:ur": null, "surface": null, "type": null, "access": null, "barrier": null, "boundary": null, "operator:ur": null, "max_age": null, "min_age": null, "playground:theme": null }, "geometry": { "type": "Polygon", "coordinates": [ [ [ 73.0351574, 33.7084387 ], [ 73.0358265, 33.7075481 ], [ 73.0360577, 33.707651 ], [ 73.0361144, 33.7079242 ], [ 73.0360252, 33.7083139 ], [ 73.0358914, 33.7088064 ], [ 73.0351574, 33.7084387 ] ] ] } },
{ "type": "Feature", "properties": { "element": "way", "id": 1385383850, "is_in": null, "leisure": "pitch", "name": null, "sport": "field_hockey", "name:en": null, "name:ur": null, "addr:city": null, "addr:city:ar": null, "addr:city:en": null, "addr:city:ks": null, "addr:city:pnb": null, "addr:city:ps": null, "addr:city:sd": null, "addr:city:ur": null, "addr:street": null, "operator": null, "alt_name": null, "alt_name:ar": null, "alt_name:ur": null, "alt_name:zh-Hans": null, "name:ar": null, "name:etymology": null, "name:etymology:wikidata": null, "name:etymology:wikipedia": null, "name:hi": null, "name:pnb": null, "tourism": null, "wikidata": null, "wikimedia_commons": null, "wikipedia": null, "wikipedia:pnb": null, "name:ml": null, "area": null, "landuse": null, "operator:short": null, "operator:type": null, "operator:wikidata": null, "created_by": null, "shop": null, "natural": null, "brand": null, "brand:ar": null, "brand:pnb": null, "brand:ps": null, "brand:ur": null, "brand:wikidata": null, "brand:wikipedia": null, "brand:wikipedia:ar": null, "brand:wikipedia:pnb": null, "brand:wikipedia:ps": null, "brand:wikipedia:ur": null, "surface": null, "type": null, "access": null, "barrier": null, "boundary": null, "operator:ur": null, "max_age": null, "min_age": null, "playground:theme": null }, "geometry": { "type": "Polygon", "coordinates": [ [ [ 73.0355198, 33.7080701 ], [ 73.0358595, 33.7082474 ], [ 73.0357507, 33.70839 ], [ 73.0354065, 33.7082238 ], [ 73.0355198, 33.7080701 ] ] ] } },
{ "type": "Feature", "properties": { "element": "way", "id": 1385383851, "is_in": null, "leisure": "pitch", "name": null, "sport": "basketball", "name:en": null, "name:ur": null, "addr:city": null, "addr:city:ar": null, "addr:city:en": null, "addr:city:ks": null, "addr:city:pnb": null, "addr:city:ps": null, "addr:city:sd": null, "addr:city:ur": null, "addr:street": null, "operator": null, "alt_name": null, "alt_name:ar": null, "alt_name:ur": null, "alt_name:zh-Hans": null, "name:ar": null, "name:etymology": null, "name:etymology:wikidata": null, "name:etymology:wikipedia": null, "name:hi": null, "name:pnb": null, "tourism": null, "wikidata": null, "wikimedia_commons": null, "wikipedia": null, "wikipedia:pnb": null, "name:ml": null, "area": null, "landuse": null, "operator:short": null, "operator:type": null, "operator:wikidata": null, "created_by": null, "shop": null, "natural": null, "brand": null, "brand:ar": null, "brand:pnb": null, "brand:ps": null, "brand:ur": null, "brand:wikidata": null, "brand:wikipedia": null, "brand:wikipedia:ar": null, "brand:wikipedia:pnb": null, "brand:wikipedia:ps": null, "brand:wikipedia:ur": null, "surface": "artificial_turf", "type": null, "access": null, "barrier": null, "boundary": null, "operator:ur": null, "max_age": null, "min_age": null, "playground:theme": null }, "geometry": { "type": "Polygon", "coordinates": [ [ [ 73.0352649, 33.7084139 ], [ 73.0353898, 33.7082517 ], [ 73.0357216, 33.7084202 ], [ 73.0355967, 33.708586 ], [ 73.0352649, 33.7084139 ] ] ] } },
{ "type": "Feature", "properties": { "element": "way", "id": 1385383853, "is_in": null, "leisure": null, "name": null, "sport": null, "name:en": null, "name:ur": null, "addr:city": null, "addr:city:ar": null, "addr:city:en": null, "addr:city:ks": null, "addr:city:pnb": null, "addr:city:ps": null, "addr:city:sd": null, "addr:city:ur": null, "addr:street": null, "operator": null, "alt_name": null, "alt_name:ar": null, "alt_name:ur": null, "alt_name:zh-Hans": null, "name:ar": null, "name:etymology": null, "name:etymology:wikidata": null, "name:etymology:wikipedia": null, "name:hi": null, "name:pnb": null, "tourism": null, "wikidata": null, "wikimedia_commons": null, "wikipedia": null, "wikipedia:pnb": null, "name:ml": null, "area": null, "landuse": "forest", "operator:short": null, "operator:type": null, "operator:wikidata": null, "created_by": null, "shop": null, "natural": null, "brand": null, "brand:ar": null, "brand:pnb": null, "brand:ps": null, "brand:ur": null, "brand:wikidata": null, "brand:wikipedia": null, "brand:wikipedia:ar": null, "brand:wikipedia:pnb": null, "brand:wikipedia:ps": null, "brand:wikipedia:ur": null, "surface": null, "type": null, "access": null, "barrier": null, "boundary": null, "operator:ur": null, "max_age": null, "min_age": null, "playground:theme": null }, "geometry": { "type": "Polygon", "coordinates": [ [ [ 73.0355098, 33.7060731 ], [ 73.0359623, 33.7054464 ], [ 73.0362107, 33.7054074 ], [ 73.0363955, 33.7054533 ], [ 73.0366135, 33.7057999 ], [ 73.0366246, 33.7062751 ], [ 73.0366825, 33.7063347 ], [ 73.0368205, 33.706282 ], [ 73.0369805, 33.7065872 ], [ 73.0370716, 33.7067686 ], [ 73.0373172, 33.7068397 ], [ 73.0371469, 33.7070878 ], [ 73.0368271, 33.7070242 ], [ 73.0366098, 33.7073655 ], [ 73.0365333, 33.7075173 ], [ 73.0366707, 33.7075881 ], [ 73.0365611, 33.707753 ], [ 73.0369766, 33.7079858 ], [ 73.0368445, 33.7082056 ], [ 73.0367263, 33.7083603 ], [ 73.0365142, 33.7086987 ], [ 73.0366411, 33.7087927 ], [ 73.0364117, 33.7091498 ], [ 73.0362032, 33.7090337 ], [ 73.0358902, 33.7088592 ], [ 73.0360188, 33.7083994 ], [ 73.0361335, 33.7079294 ], [ 73.0360953, 33.7077602 ], [ 73.0360692, 33.7076113 ], [ 73.0358363, 33.707526 ], [ 73.0360953, 33.7071616 ], [ 73.0360883, 33.7069895 ], [ 73.03617, 33.7068666 ], [ 73.0363647, 33.7065875 ], [ 73.0362987, 33.7064487 ], [ 73.0357141, 33.7061571 ], [ 73.0355098, 33.7060731 ] ] ] } },
{ "type": "Feature", "properties": { "element": "way", "id": 1385383854, "is_in": null, "leisure": null, "name": null, "sport": null, "name:en": null, "name:ur": null, "addr:city": null, "addr:city:ar": null, "addr:city:en": null, "addr:city:ks": null, "addr:city:pnb": null, "addr:city:ps": null, "addr:city:sd": null, "addr:city:ur": null, "addr:street": null, "operator": null, "alt_name": null, "alt_name:ar": null, "alt_name:ur": null, "alt_name:zh-Hans": null, "name:ar": null, "name:etymology": null, "name:etymology:wikidata": null, "name:etymology:wikipedia": null, "name:hi": null, "name:pnb": null, "tourism": null, "wikidata": null, "wikimedia_commons": null, "wikipedia": null, "wikipedia:pnb": null, "name:ml": null, "area": null, "landuse": "forest", "operator:short": null, "operator:type": null, "operator:wikidata": null, "created_by": null, "shop": null, "natural": null, "brand": null, "brand:ar": null, "brand:pnb": null, "brand:ps": null, "brand:ur": null, "brand:wikidata": null, "brand:wikipedia": null, "brand:wikipedia:ar": null, "brand:wikipedia:pnb": null, "brand:wikipedia:ps": null, "brand:wikipedia:ur": null, "surface": null, "type": null, "access": null, "barrier": null, "boundary": null, "operator:ur": null, "max_age": null, "min_age": null, "playground:theme": null }, "geometry": { "type": "Polygon", "coordinates": [ [ [ 73.035512, 33.7088289 ], [ 73.0364133, 33.7092834 ], [ 73.0361318, 33.709614 ], [ 73.0361105, 33.7097576 ], [ 73.0362169, 33.7098363 ], [ 73.0363116, 33.7100469 ], [ 73.0362737, 33.7101453 ], [ 73.0364558, 33.710283 ], [ 73.0365623, 33.7103676 ], [ 73.036515, 33.7106588 ], [ 73.0365647, 33.7107139 ], [ 73.0363447, 33.7109914 ], [ 73.036023, 33.7109619 ], [ 73.0360443, 33.7110819 ], [ 73.0362382, 33.711316 ], [ 73.0363021, 33.711686 ], [ 73.0364156, 33.7117843 ], [ 73.0364913, 33.7116643 ], [ 73.0368178, 33.7118237 ], [ 73.0362974, 33.7125773 ], [ 73.036172, 33.7125163 ], [ 73.036269, 33.7122113 ], [ 73.0362264, 33.7119162 ], [ 73.0361791, 33.7116112 ], [ 73.0360939, 33.7114302 ], [ 73.0358503, 33.7112806 ], [ 73.0358385, 33.711078 ], [ 73.0356847, 33.7108832 ], [ 73.0356019, 33.7106569 ], [ 73.0355357, 33.7105132 ], [ 73.0357462, 33.7101827 ], [ 73.0356256, 33.7100489 ], [ 73.0356563, 33.709799 ], [ 73.035706, 33.7096868 ], [ 73.0356138, 33.7095825 ], [ 73.0354009, 33.7094861 ], [ 73.035505, 33.7092815 ], [ 73.035505, 33.7092362 ], [ 73.0352921, 33.7091122 ], [ 73.035512, 33.7088289 ] ] ] } },
{ "type": "Feature", "properties": { "element": "way", "id": 1385383856, "is_in": null, "leisure": null, "name": null, "sport": null, "name:en": null, "name:ur": null, "addr:city": null, "addr:city:ar": null, "addr:city:en": null, "addr:city:ks": null, "addr:city:pnb": null, "addr:city:ps": null, "addr:city:sd": null, "addr:city:ur": null, "addr:street": null, "operator": null, "alt_name": null, "alt_name:ar": null, "alt_name:ur": null, "alt_name:zh-Hans": null, "name:ar": null, "name:etymology": null, "name:etymology:wikidata": null, "name:etymology:wikipedia": null, "name:hi": null, "name:pnb": null, "tourism": null, "wikidata": null, "wikimedia_commons": null, "wikipedia": null, "wikipedia:pnb": null, "name:ml": null, "area": null, "landuse": "forest", "operator:short": null, "operator:type": null, "operator:wikidata": null, "created_by": null, "shop": null, "natural": null, "brand": null, "brand:ar": null, "brand:pnb": null, "brand:ps": null, "brand:ur": null, "brand:wikidata": null, "brand:wikipedia": null, "brand:wikipedia:ar": null, "brand:wikipedia:pnb": null, "brand:wikipedia:ps": null, "brand:wikipedia:ur": null, "surface": null, "type": null, "access": null, "barrier": null, "boundary": null, "operator:ur": null, "max_age": null, "min_age": null, "playground:theme": null }, "geometry": { "type": "Polygon", "coordinates": [ [ [ 73.0357574, 33.7050107 ], [ 73.0364756, 33.7054 ], [ 73.0365621, 33.7052413 ], [ 73.0364458, 33.705033 ], [ 73.0363713, 33.7047281 ], [ 73.0363981, 33.7045273 ], [ 73.0365084, 33.7044628 ], [ 73.0366157, 33.7043587 ], [ 73.0364905, 33.7042372 ], [ 73.0365054, 33.704138 ], [ 73.0366127, 33.7040537 ], [ 73.036726, 33.7039397 ], [ 73.0366485, 33.7036595 ], [ 73.0365233, 33.7035231 ], [ 73.0364458, 33.7034041 ], [ 73.0366187, 33.7031587 ], [ 73.0366723, 33.7028835 ], [ 73.0368064, 33.7026306 ], [ 73.0369614, 33.7025314 ], [ 73.0373071, 33.7024694 ], [ 73.0374888, 33.702251 ], [ 73.0370961, 33.7020449 ], [ 73.0369802, 33.7023475 ], [ 73.0366213, 33.7025202 ], [ 73.0365655, 33.7024414 ], [ 73.0364351, 33.7024828 ], [ 73.0359744, 33.7026247 ], [ 73.0358343, 33.7028067 ], [ 73.0357764, 33.7029526 ], [ 73.0357168, 33.7029714 ], [ 73.0356525, 33.7029526 ], [ 73.0355768, 33.7030892 ], [ 73.0358504, 33.7033141 ], [ 73.0357732, 33.7034936 ], [ 73.0357844, 33.7037761 ], [ 73.0360757, 33.7035538 ], [ 73.0362592, 33.7035565 ], [ 73.0364234, 33.7036957 ], [ 73.0363896, 33.7038564 ], [ 73.036264, 33.7040599 ], [ 73.0361594, 33.7041108 ], [ 73.0360629, 33.7039193 ], [ 73.0360049, 33.7039046 ], [ 73.0359969, 33.7040264 ], [ 73.0360194, 33.7041751 ], [ 73.0359357, 33.7043277 ], [ 73.0358231, 33.7045071 ], [ 73.0356557, 33.7046624 ], [ 73.0355704, 33.7049248 ], [ 73.0357574, 33.7050107 ] ] ] } },
{ "type": "Feature", "properties": { "element": "way", "id": 1385383857, "is_in": null, "leisure": null, "name": null, "sport": null, "name:en": null, "name:ur": null, "addr:city": null, "addr:city:ar": null, "addr:city:en": null, "addr:city:ks": null, "addr:city:pnb": null, "addr:city:ps": null, "addr:city:sd": null, "addr:city:ur": null, "addr:street": null, "operator": null, "alt_name": null, "alt_name:ar": null, "alt_name:ur": null, "alt_name:zh-Hans": null, "name:ar": null, "name:etymology": null, "name:etymology:wikidata": null, "name:etymology:wikipedia": null, "name:hi": null, "name:pnb": null, "tourism": null, "wikidata": null, "wikimedia_commons": null, "wikipedia": null, "wikipedia:pnb": null, "name:ml": null, "area": null, "landuse": "forest", "operator:short": null, "operator:type": null, "operator:wikidata": null, "created_by": null, "shop": null, "natural": null, "brand": null, "brand:ar": null, "brand:pnb": null, "brand:ps": null, "brand:ur": null, "brand:wikidata": null, "brand:wikipedia": null, "brand:wikipedia:ar": null, "brand:wikipedia:pnb": null, "brand:wikipedia:ps": null, "brand:wikipedia:ur": null, "surface": null, "type": null, "access": null, "barrier": null, "boundary": null, "operator:ur": null, "max_age": null, "min_age": null, "playground:theme": null }, "geometry": { "type": "Polygon", "coordinates": [ [ [ 73.0315, 33.7089621 ], [ 73.0313175, 33.708876 ], [ 73.0310174, 33.7092674 ], [ 73.0309667, 33.7094934 ], [ 73.0308998, 33.7095406 ], [ 73.031137, 33.7095541 ], [ 73.0314107, 33.7095643 ], [ 73.0316135, 33.7096199 ], [ 73.0318102, 33.7097178 ], [ 73.0318467, 33.7097026 ], [ 73.0320018, 33.7094858 ], [ 73.0322746, 33.7095558 ], [ 73.0321935, 33.7094833 ], [ 73.0322036, 33.7094141 ], [ 73.0322908, 33.7093247 ], [ 73.0323962, 33.709377 ], [ 73.0324647, 33.7092517 ], [ 73.0321914, 33.709232 ], [ 73.0318183, 33.7090936 ], [ 73.0315, 33.7089621 ] ] ] } },
{ "type": "Feature", "properties": { "element": "way", "id": 1385383858, "is_in": null, "leisure": null, "name": null, "sport": null, "name:en": null, "name:ur": null, "addr:city": null, "addr:city:ar": null, "addr:city:en": null, "addr:city:ks": null, "addr:city:pnb": null, "addr:city:ps": null, "addr:city:sd": null, "addr:city:ur": null, "addr:street": null, "operator": null, "alt_name": null, "alt_name:ar": null, "alt_name:ur": null, "alt_name:zh-Hans": null, "name:ar": null, "name:etymology": null, "name:etymology:wikidata": null, "name:etymology:wikipedia": null, "name:hi": null, "name:pnb": null, "tourism": null, "wikidata": null, "wikimedia_commons": null, "wikipedia": null, "wikipedia:pnb": null, "name:ml": null, "area": null, "landuse": null, "operator:short": null, "operator:type": null, "operator:wikidata": null, "created_by": null, "shop": null, "natural": "scrub", "brand": null, "brand:ar": null, "brand:pnb": null, "brand:ps": null, "brand:ur": null, "brand:wikidata": null, "brand:wikipedia": null, "brand:wikipedia:ar": null, "brand:wikipedia:pnb": null, "brand:wikipedia:ps": null, "brand:wikipedia:ur": null, "surface": null, "type": null, "access": null, "barrier": null, "boundary": null, "operator:ur": null, "max_age": null, "min_age": null, "playground:theme": null }, "geometry": { "type": "Polygon", "coordinates": [ [ [ 73.0305401, 33.7095382 ], [ 73.0306276, 33.7094064 ], [ 73.030954, 33.7095756 ], [ 73.0311906, 33.7095697 ], [ 73.0315903, 33.7096386 ], [ 73.0318623, 33.7097763 ], [ 73.0319215, 33.7100361 ], [ 73.0317748, 33.7101876 ], [ 73.0305401, 33.7095382 ] ] ] } },
{ "type": "Feature", "properties": { "element": "way", "id": 1385383859, "is_in": null, "leisure": null, "name": null, "sport": null, "name:en": null, "name:ur": null, "addr:city": null, "addr:city:ar": null, "addr:city:en": null, "addr:city:ks": null, "addr:city:pnb": null, "addr:city:ps": null, "addr:city:sd": null, "addr:city:ur": null, "addr:street": null, "operator": null, "alt_name": null, "alt_name:ar": null, "alt_name:ur": null, "alt_name:zh-Hans": null, "name:ar": null, "name:etymology": null, "name:etymology:wikidata": null, "name:etymology:wikipedia": null, "name:hi": null, "name:pnb": null, "tourism": null, "wikidata": null, "wikimedia_commons": null, "wikipedia": null, "wikipedia:pnb": null, "name:ml": null, "area": null, "landuse": "forest", "operator:short": null, "operator:type": null, "operator:wikidata": null, "created_by": null, "shop": null, "natural": null, "brand": null, "brand:ar": null, "brand:pnb": null, "brand:ps": null, "brand:ur": null, "brand:wikidata": null, "brand:wikipedia": null, "brand:wikipedia:ar": null, "brand:wikipedia:pnb": null, "brand:wikipedia:ps": null, "brand:wikipedia:ur": null, "surface": null, "type": null, "access": null, "barrier": null, "boundary": null, "operator:ur": null, "max_age": null, "min_age": null, "playground:theme": null }, "geometry": { "type": "Polygon", "coordinates": [ [ [ 73.0293379, 33.7104253 ], [ 73.0297917, 33.7107841 ], [ 73.0300911, 33.7110706 ], [ 73.0298593, 33.7117481 ], [ 73.0295986, 33.7121309 ], [ 73.0292735, 33.7123692 ], [ 73.0287263, 33.7123077 ], [ 73.0280214, 33.7123157 ], [ 73.0272682, 33.7131216 ], [ 73.0272456, 33.7132796 ], [ 73.0274645, 33.7134081 ], [ 73.0276802, 33.7131377 ], [ 73.0278379, 33.7129262 ], [ 73.0282725, 33.7131056 ], [ 73.0287488, 33.7133947 ], [ 73.0288937, 33.7134724 ], [ 73.0288776, 33.714048 ], [ 73.0291705, 33.7142488 ], [ 73.0292156, 33.7143238 ], [ 73.0294216, 33.7144363 ], [ 73.0294409, 33.7140855 ], [ 73.0293508, 33.7138312 ], [ 73.0292993, 33.7137053 ], [ 73.0293379, 33.7130493 ], [ 73.0296533, 33.712562 ], [ 73.0301169, 33.7120151 ], [ 73.0299946, 33.7118384 ], [ 73.0302006, 33.7113671 ], [ 73.0302328, 33.7109922 ], [ 73.0300268, 33.7107245 ], [ 73.0300268, 33.7105772 ], [ 73.0301845, 33.7104755 ], [ 73.030149, 33.7103692 ], [ 73.0301681, 33.7103417 ], [ 73.0297092, 33.7101132 ], [ 73.0296119, 33.7102593 ], [ 73.0294624, 33.7101841 ], [ 73.0293379, 33.7104253 ] ] ] } },
{ "type": "Feature", "properties": { "element": "way", "id": 1385383860, "is_in": null, "leisure": null, "name": null, "sport": null, "name:en": null, "name:ur": null, "addr:city": null, "addr:city:ar": null, "addr:city:en": null, "addr:city:ks": null, "addr:city:pnb": null, "addr:city:ps": null, "addr:city:sd": null, "addr:city:ur": null, "addr:street": null, "operator": null, "alt_name": null, "alt_name:ar": null, "alt_name:ur": null, "alt_name:zh-Hans": null, "name:ar": null, "name:etymology": null, "name:etymology:wikidata": null, "name:etymology:wikipedia": null, "name:hi": null, "name:pnb": null, "tourism": null, "wikidata": null, "wikimedia_commons": null, "wikipedia": null, "wikipedia:pnb": null, "name:ml": null, "area": null, "landuse": "forest", "operator:short": null, "operator:type": null, "operator:wikidata": null, "created_by": null, "shop": null, "natural": null, "brand": null, "brand:ar": null, "brand:pnb": null, "brand:ps": null, "brand:ur": null, "brand:wikidata": null, "brand:wikipedia": null, "brand:wikipedia:ar": null, "brand:wikipedia:pnb": null, "brand:wikipedia:ps": null, "brand:wikipedia:ur": null, "surface": null, "type": null, "access": null, "barrier": null, "boundary": null, "operator:ur": null, "max_age": null, "min_age": null, "playground:theme": null }, "geometry": { "type": "Polygon", "coordinates": [ [ [ 73.0363831, 33.7140888 ], [ 73.0366223, 33.7137464 ], [ 73.0365493, 33.7137059 ], [ 73.0364054, 33.713797 ], [ 73.0361925, 33.7136874 ], [ 73.0362959, 33.7135103 ], [ 73.0364946, 33.7132539 ], [ 73.0366122, 33.7130802 ], [ 73.0359065, 33.7127057 ], [ 73.0357585, 33.7129418 ], [ 73.0360018, 33.7130549 ], [ 73.0358883, 33.7132421 ], [ 73.035572, 33.7131122 ], [ 73.0354625, 33.713264 ], [ 73.0356977, 33.7133871 ], [ 73.0355781, 33.7135423 ], [ 73.0354422, 33.7134883 ], [ 73.0353672, 33.713571 ], [ 73.0363831, 33.7140888 ] ] ] } },
{ "type": "Feature", "properties": { "element": "way", "id": 1419430253, "is_in": null, "leisure": null, "name": null, "sport": null, "name:en": null, "name:ur": null, "addr:city": null, "addr:city:ar": null, "addr:city:en": null, "addr:city:ks": null, "addr:city:pnb": null, "addr:city:ps": null, "addr:city:sd": null, "addr:city:ur": null, "addr:street": null, "operator": null, "alt_name": null, "alt_name:ar": null, "alt_name:ur": null, "alt_name:zh-Hans": null, "name:ar": null, "name:etymology": null, "name:etymology:wikidata": null, "name:etymology:wikipedia": null, "name:hi": null, "name:pnb": null, "tourism": null, "wikidata": null, "wikimedia_commons": null, "wikipedia": null, "wikipedia:pnb": null, "name:ml": null, "area": null, "landuse": "recreation_ground", "operator:short": null, "operator:type": null, "operator:wikidata": null, "created_by": null, "shop": null, "natural": null, "brand": null, "brand:ar": null, "brand:pnb": null, "brand:ps": null, "brand:ur": null, "brand:wikidata": null, "brand:wikipedia": null, "brand:wikipedia:ar": null, "brand:wikipedia:pnb": null, "brand:wikipedia:ps": null, "brand:wikipedia:ur": null, "surface": null, "type": null, "access": null, "barrier": null, "boundary": null, "operator:ur": null, "max_age": null, "min_age": null, "playground:theme": null }, "geometry": { "type": "Polygon", "coordinates": [ [ [ 73.0514906, 33.7018771 ], [ 73.0522413, 33.7022638 ], [ 73.0528348, 33.7014959 ], [ 73.0519554, 33.7010928 ], [ 73.0515189, 33.7016611 ], [ 73.0514797, 33.7018063 ], [ 73.0514906, 33.7018771 ] ] ] } },
{ "type": "Feature", "properties": { "element": "way", "id": 1431501371, "is_in": null, "leisure": "pitch", "name": null, "sport": "soccer;cricket", "name:en": null, "name:ur": null, "addr:city": null, "addr:city:ar": null, "addr:city:en": null, "addr:city:ks": null, "addr:city:pnb": null, "addr:city:ps": null, "addr:city:sd": null, "addr:city:ur": null, "addr:street": null, "operator": null, "alt_name": null, "alt_name:ar": null, "alt_name:ur": null, "alt_name:zh-Hans": null, "name:ar": null, "name:etymology": null, "name:etymology:wikidata": null, "name:etymology:wikipedia": null, "name:hi": null, "name:pnb": null, "tourism": null, "wikidata": null, "wikimedia_commons": null, "wikipedia": null, "wikipedia:pnb": null, "name:ml": null, "area": null, "landuse": null, "operator:short": null, "operator:type": null, "operator:wikidata": null, "created_by": null, "shop": null, "natural": null, "brand": null, "brand:ar": null, "brand:pnb": null, "brand:ps": null, "brand:ur": null, "brand:wikidata": null, "brand:wikipedia": null, "brand:wikipedia:ar": null, "brand:wikipedia:pnb": null, "brand:wikipedia:ps": null, "brand:wikipedia:ur": null, "surface": null, "type": null, "access": null, "barrier": null, "boundary": null, "operator:ur": null, "max_age": null, "min_age": null, "playground:theme": null }, "geometry": { "type": "Polygon", "coordinates": [ [ [ 73.0693901, 33.7064854 ], [ 73.068803, 33.7072601 ], [ 73.0695646, 33.7076524 ], [ 73.0701407, 33.7068658 ], [ 73.0693901, 33.7064854 ] ] ] } },
{ "type": "Feature", "properties": { "element": "way", "id": 1453917080, "is_in": null, "leisure": "park", "name": null, "sport": null, "name:en": null, "name:ur": null, "addr:city": null, "addr:city:ar": null, "addr:city:en": null, "addr:city:ks": null, "addr:city:pnb": null, "addr:city:ps": null, "addr:city:sd": null, "addr:city:ur": null, "addr:street": null, "operator": null, "alt_name": null, "alt_name:ar": null, "alt_name:ur": null, "alt_name:zh-Hans": null, "name:ar": null, "name:etymology": null, "name:etymology:wikidata": null, "name:etymology:wikipedia": null, "name:hi": null, "name:pnb": null, "tourism": null, "wikidata": null, "wikimedia_commons": null, "wikipedia": null, "wikipedia:pnb": null, "name:ml": null, "area": null, "landuse": null, "operator:short": null, "operator:type": null, "operator:wikidata": null, "created_by": null, "shop": null, "natural": null, "brand": null, "brand:ar": null, "brand:pnb": null, "brand:ps": null, "brand:ur": null, "brand:wikidata": null, "brand:wikipedia": null, "brand:wikipedia:ar": null, "brand:wikipedia:pnb": null, "brand:wikipedia:ps": null, "brand:wikipedia:ur": null, "surface": null, "type": null, "access": null, "barrier": null, "boundary": null, "operator:ur": null, "max_age": null, "min_age": null, "playground:theme": null }, "geometry": { "type": "Polygon", "coordinates": [ [ [ 73.0697377, 33.7059285 ], [ 73.0694023, 33.7064603 ], [ 73.0702368, 33.7068591 ], [ 73.0703788, 33.7066703 ], [ 73.0699675, 33.7063618 ], [ 73.0698703, 33.7057627 ], [ 73.0697377, 33.7059285 ] ] ] } },
{ "type": "Feature", "properties": { "element": "way", "id": 1453917085, "is_in": null, "leisure": "park", "name": null, "sport": null, "name:en": null, "name:ur": null, "addr:city": null, "addr:city:ar": null, "addr:city:en": null, "addr:city:ks": null, "addr:city:pnb": null, "addr:city:ps": null, "addr:city:sd": null, "addr:city:ur": null, "addr:street": null, "operator": null, "alt_name": null, "alt_name:ar": null, "alt_name:ur": null, "alt_name:zh-Hans": null, "name:ar": null, "name:etymology": null, "name:etymology:wikidata": null, "name:etymology:wikipedia": null, "name:hi": null, "name:pnb": null, "tourism": null, "wikidata": null, "wikimedia_commons": null, "wikipedia": null, "wikipedia:pnb": null, "name:ml": null, "area": null, "landuse": null, "operator:short": null, "operator:type": null, "operator:wikidata": null, "created_by": null, "shop": null, "natural": null, "brand": null, "brand:ar": null, "brand:pnb": null, "brand:ps": null, "brand:ur": null, "brand:wikidata": null, "brand:wikipedia": null, "brand:wikipedia:ar": null, "brand:wikipedia:pnb": null, "brand:wikipedia:ps": null, "brand:wikipedia:ur": null, "surface": null, "type": null, "access": null, "barrier": null, "boundary": null, "operator:ur": null, "max_age": null, "min_age": null, "playground:theme": null }, "geometry": { "type": "Polygon", "coordinates": [ [ [ 73.0676064, 33.702813 ], [ 73.0684152, 33.7025854 ], [ 73.0683913, 33.7033927 ], [ 73.0683599, 33.7035332 ], [ 73.0683689, 33.7036775 ], [ 73.0683255, 33.7037459 ], [ 73.0676721, 33.7032745 ], [ 73.067578, 33.7031737 ], [ 73.0676064, 33.702813 ] ] ] } },
{ "type": "Feature", "properties": { "element": "way", "id": 1453917089, "is_in": null, "leisure": null, "name": null, "sport": null, "name:en": null, "name:ur": null, "addr:city": null, "addr:city:ar": null, "addr:city:en": null, "addr:city:ks": null, "addr:city:pnb": null, "addr:city:ps": null, "addr:city:sd": null, "addr:city:ur": null, "addr:street": null, "operator": null, "alt_name": null, "alt_name:ar": null, "alt_name:ur": null, "alt_name:zh-Hans": null, "name:ar": null, "name:etymology": null, "name:etymology:wikidata": null, "name:etymology:wikipedia": null, "name:hi": null, "name:pnb": null, "tourism": null, "wikidata": null, "wikimedia_commons": null, "wikipedia": null, "wikipedia:pnb": null, "name:ml": null, "area": null, "landuse": "grass", "operator:short": null, "operator:type": null, "operator:wikidata": null, "created_by": null, "shop": null, "natural": null, "brand": null, "brand:ar": null, "brand:pnb": null, "brand:ps": null, "brand:ur": null, "brand:wikidata": null, "brand:wikipedia": null, "brand:wikipedia:ar": null, "brand:wikipedia:pnb": null, "brand:wikipedia:ps": null, "brand:wikipedia:ur": null, "surface": null, "type": null, "access": null, "barrier": null, "boundary": null, "operator:ur": null, "max_age": null, "min_age": null, "playground:theme": null }, "geometry": { "type": "Polygon", "coordinates": [ [ [ 73.066342, 33.6805104 ], [ 73.0667483, 33.6809773 ], [ 73.0667234, 33.6816626 ], [ 73.0670716, 33.6820099 ], [ 73.0672982, 33.6826009 ], [ 73.0676022, 33.68287 ], [ 73.0680748, 33.6831874 ], [ 73.0679062, 33.6828493 ], [ 73.0677294, 33.6825733 ], [ 73.0678233, 33.6824653 ], [ 73.0684231, 33.6831069 ], [ 73.0686414, 33.6828493 ], [ 73.0689647, 33.6824078 ], [ 73.0690808, 33.6822859 ], [ 73.0691389, 33.681658 ], [ 73.0691637, 33.6812947 ], [ 73.0674585, 33.680453 ], [ 73.0673563, 33.680269 ], [ 73.0670495, 33.6801195 ], [ 73.067511, 33.6794732 ], [ 73.0681163, 33.6785349 ], [ 73.0681716, 33.6783187 ], [ 73.0674226, 33.6779231 ], [ 73.0673977, 33.6777414 ], [ 73.0670384, 33.6775942 ], [ 73.0673259, 33.6781761 ], [ 73.0672347, 33.6783187 ], [ 73.0667068, 33.6780841 ], [ 73.0666847, 33.6779277 ], [ 73.0661983, 33.6778748 ], [ 73.0661043, 33.6789673 ], [ 73.0653774, 33.6789351 ], [ 73.0652835, 33.6800735 ], [ 73.0664138, 33.6801632 ], [ 73.066342, 33.6805104 ] ] ] } },
{ "type": "Feature", "properties": { "element": "way", "id": 1535057985, "is_in": null, "leisure": null, "name": null, "sport": null, "name:en": null, "name:ur": null, "addr:city": null, "addr:city:ar": null, "addr:city:en": null, "addr:city:ks": null, "addr:city:pnb": null, "addr:city:ps": null, "addr:city:sd": null, "addr:city:ur": null, "addr:street": null, "operator": null, "alt_name": null, "alt_name:ar": null, "alt_name:ur": null, "alt_name:zh-Hans": null, "name:ar": null, "name:etymology": null, "name:etymology:wikidata": null, "name:etymology:wikipedia": null, "name:hi": null, "name:pnb": null, "tourism": null, "wikidata": null, "wikimedia_commons": null, "wikipedia": null, "wikipedia:pnb": null, "name:ml": null, "area": null, "landuse": null, "operator:short": null, "operator:type": null, "operator:wikidata": null, "created_by": null, "shop": null, "natural": "wood", "brand": null, "brand:ar": null, "brand:pnb": null, "brand:ps": null, "brand:ur": null, "brand:wikidata": null, "brand:wikipedia": null, "brand:wikipedia:ar": null, "brand:wikipedia:pnb": null, "brand:wikipedia:ps": null, "brand:wikipedia:ur": null, "surface": null, "type": null, "access": null, "barrier": null, "boundary": null, "operator:ur": null, "max_age": null, "min_age": null, "playground:theme": null }, "geometry": { "type": "Polygon", "coordinates": [ [ [ 73.0165059, 33.666058 ], [ 73.0163126, 33.6661063 ], [ 73.0160758, 33.6666895 ], [ 73.0160903, 33.667337 ], [ 73.0195552, 33.6692233 ], [ 73.0223304, 33.6705677 ], [ 73.0232111, 33.6694988 ], [ 73.0165059, 33.666058 ] ] ] } },
{ "type": "Feature", "properties": { "element": "way", "id": 1535057986, "is_in": null, "leisure": null, "name": null, "sport": null, "name:en": null, "name:ur": null, "addr:city": null, "addr:city:ar": null, "addr:city:en": null, "addr:city:ks": null, "addr:city:pnb": null, "addr:city:ps": null, "addr:city:sd": null, "addr:city:ur": null, "addr:street": null, "operator": null, "alt_name": null, "alt_name:ar": null, "alt_name:ur": null, "alt_name:zh-Hans": null, "name:ar": null, "name:etymology": null, "name:etymology:wikidata": null, "name:etymology:wikipedia": null, "name:hi": null, "name:pnb": null, "tourism": null, "wikidata": null, "wikimedia_commons": null, "wikipedia": null, "wikipedia:pnb": null, "name:ml": null, "area": null, "landuse": null, "operator:short": null, "operator:type": null, "operator:wikidata": null, "created_by": null, "shop": null, "natural": "wood", "brand": null, "brand:ar": null, "brand:pnb": null, "brand:ps": null, "brand:ur": null, "brand:wikidata": null, "brand:wikipedia": null, "brand:wikipedia:ar": null, "brand:wikipedia:pnb": null, "brand:wikipedia:ps": null, "brand:wikipedia:ur": null, "surface": null, "type": null, "access": null, "barrier": null, "boundary": null, "operator:ur": null, "max_age": null, "min_age": null, "playground:theme": null }, "geometry": { "type": "Polygon", "coordinates": [ [ [ 73.0227191, 33.6706841 ], [ 73.0228351, 33.6704221 ], [ 73.0233902, 33.6696912 ], [ 73.025271, 33.670629 ], [ 73.0260996, 33.6713185 ], [ 73.0273092, 33.6716978 ], [ 73.0295629, 33.67287 ], [ 73.0289166, 33.6737112 ], [ 73.0283283, 33.6738008 ], [ 73.0227191, 33.6706841 ] ] ] } },
{ "type": "Feature", "properties": { "element": "way", "id": 1535057988, "is_in": null, "leisure": null, "name": null, "sport": null, "name:en": null, "name:ur": null, "addr:city": null, "addr:city:ar": null, "addr:city:en": null, "addr:city:ks": null, "addr:city:pnb": null, "addr:city:ps": null, "addr:city:sd": null, "addr:city:ur": null, "addr:street": null, "operator": null, "alt_name": null, "alt_name:ar": null, "alt_name:ur": null, "alt_name:zh-Hans": null, "name:ar": null, "name:etymology": null, "name:etymology:wikidata": null, "name:etymology:wikipedia": null, "name:hi": null, "name:pnb": null, "tourism": null, "wikidata": null, "wikimedia_commons": null, "wikipedia": null, "wikipedia:pnb": null, "name:ml": null, "area": null, "landuse": null, "operator:short": null, "operator:type": null, "operator:wikidata": null, "created_by": null, "shop": null, "natural": "wood", "brand": null, "brand:ar": null, "brand:pnb": null, "brand:ps": null, "brand:ur": null, "brand:wikidata": null, "brand:wikipedia": null, "brand:wikipedia:ar": null, "brand:wikipedia:pnb": null, "brand:wikipedia:ps": null, "brand:wikipedia:ur": null, "surface": null, "type": null, "access": null, "barrier": null, "boundary": null, "operator:ur": null, "max_age": null, "min_age": null, "playground:theme": null }, "geometry": { "type": "Polygon", "coordinates": [ [ [ 73.0254218, 33.670155 ], [ 73.0257323, 33.6696026 ], [ 73.0258845, 33.6690604 ], [ 73.0263229, 33.6688476 ], [ 73.0266578, 33.6687463 ], [ 73.0272301, 33.6681635 ], [ 73.0269257, 33.6679152 ], [ 73.0263046, 33.6680166 ], [ 73.0261037, 33.6679152 ], [ 73.0262011, 33.6676669 ], [ 73.0264081, 33.6672514 ], [ 73.0265238, 33.6669828 ], [ 73.0262864, 33.6667446 ], [ 73.0258845, 33.6663088 ], [ 73.0259028, 33.6661213 ], [ 73.026055, 33.6656044 ], [ 73.026603, 33.6653865 ], [ 73.026944, 33.6654879 ], [ 73.0273641, 33.6662176 ], [ 73.0280582, 33.6667345 ], [ 73.0286366, 33.667297 ], [ 73.0285696, 33.6681736 ], [ 73.0293064, 33.6685993 ], [ 73.0302014, 33.669552 ], [ 73.029282, 33.6703425 ], [ 73.0290811, 33.6710468 ], [ 73.0300492, 33.6722427 ], [ 73.0303841, 33.6726278 ], [ 73.0279425, 33.6716245 ], [ 73.0260367, 33.6705452 ], [ 73.0254218, 33.670155 ] ] ] } },
{ "type": "Feature", "properties": { "element": "way", "id": 1536498612, "is_in": null, "leisure": null, "name": null, "sport": null, "name:en": null, "name:ur": null, "addr:city": null, "addr:city:ar": null, "addr:city:en": null, "addr:city:ks": null, "addr:city:pnb": null, "addr:city:ps": null, "addr:city:sd": null, "addr:city:ur": null, "addr:street": null, "operator": null, "alt_name": null, "alt_name:ar": null, "alt_name:ur": null, "alt_name:zh-Hans": null, "name:ar": null, "name:etymology": null, "name:etymology:wikidata": null, "name:etymology:wikipedia": null, "name:hi": null, "name:pnb": null, "tourism": null, "wikidata": null, "wikimedia_commons": null, "wikipedia": null, "wikipedia:pnb": null, "name:ml": null, "area": null, "landuse": null, "operator:short": null, "operator:type": null, "operator:wikidata": null, "created_by": null, "shop": null, "natural": "scrub", "brand": null, "brand:ar": null, "brand:pnb": null, "brand:ps": null, "brand:ur": null, "brand:wikidata": null, "brand:wikipedia": null, "brand:wikipedia:ar": null, "brand:wikipedia:pnb": null, "brand:wikipedia:ps": null, "brand:wikipedia:ur": null, "surface": null, "type": null, "access": null, "barrier": null, "boundary": null, "operator:ur": null, "max_age": null, "min_age": null, "playground:theme": null }, "geometry": { "type": "Polygon", "coordinates": [ [ [ 73.0295522, 33.6745232 ], [ 73.0305549, 33.6733473 ], [ 73.0324439, 33.6744515 ], [ 73.033401, 33.6748899 ], [ 73.0352293, 33.6758086 ], [ 73.0345067, 33.6770528 ], [ 73.0295522, 33.6745232 ] ] ] } },
{ "type": "Feature", "properties": { "element": "way", "id": 1536498613, "is_in": null, "leisure": null, "name": null, "sport": null, "name:en": null, "name:ur": null, "addr:city": null, "addr:city:ar": null, "addr:city:en": null, "addr:city:ks": null, "addr:city:pnb": null, "addr:city:ps": null, "addr:city:sd": null, "addr:city:ur": null, "addr:street": null, "operator": null, "alt_name": null, "alt_name:ar": null, "alt_name:ur": null, "alt_name:zh-Hans": null, "name:ar": null, "name:etymology": null, "name:etymology:wikidata": null, "name:etymology:wikipedia": null, "name:hi": null, "name:pnb": null, "tourism": null, "wikidata": null, "wikimedia_commons": null, "wikipedia": null, "wikipedia:pnb": null, "name:ml": null, "area": null, "landuse": null, "operator:short": null, "operator:type": null, "operator:wikidata": null, "created_by": null, "shop": null, "natural": "wood", "brand": null, "brand:ar": null, "brand:pnb": null, "brand:ps": null, "brand:ur": null, "brand:wikidata": null, "brand:wikipedia": null, "brand:wikipedia:ar": null, "brand:wikipedia:pnb": null, "brand:wikipedia:ps": null, "brand:wikipedia:ur": null, "surface": null, "type": null, "access": null, "barrier": null, "boundary": null, "operator:ur": null, "max_age": null, "min_age": null, "playground:theme": null }, "geometry": { "type": "Polygon", "coordinates": [ [ [ 73.0345942, 33.6769982 ], [ 73.0351029, 33.6772417 ], [ 73.0350591, 33.677351 ], [ 73.0367223, 33.6781477 ], [ 73.0370531, 33.6783394 ], [ 73.0389495, 33.6782558 ], [ 73.0396998, 33.6781919 ], [ 73.035292, 33.6758596 ], [ 73.0345942, 33.6769982 ] ] ] } },
{ "type": "Feature", "properties": { "element": "way", "id": 1536498614, "is_in": null, "leisure": null, "name": null, "sport": null, "name:en": null, "name:ur": null, "addr:city": null, "addr:city:ar": null, "addr:city:en": null, "addr:city:ks": null, "addr:city:pnb": null, "addr:city:ps": null, "addr:city:sd": null, "addr:city:ur": null, "addr:street": null, "operator": null, "alt_name": null, "alt_name:ar": null, "alt_name:ur": null, "alt_name:zh-Hans": null, "name:ar": null, "name:etymology": null, "name:etymology:wikidata": null, "name:etymology:wikipedia": null, "name:hi": null, "name:pnb": null, "tourism": null, "wikidata": null, "wikimedia_commons": null, "wikipedia": null, "wikipedia:pnb": null, "name:ml": null, "area": null, "landuse": null, "operator:short": null, "operator:type": null, "operator:wikidata": null, "created_by": null, "shop": null, "natural": "scrub", "brand": null, "brand:ar": null, "brand:pnb": null, "brand:ps": null, "brand:ur": null, "brand:wikidata": null, "brand:wikipedia": null, "brand:wikipedia:ar": null, "brand:wikipedia:pnb": null, "brand:wikipedia:ps": null, "brand:wikipedia:ur": null, "surface": null, "type": null, "access": null, "barrier": null, "boundary": null, "operator:ur": null, "max_age": null, "min_age": null, "playground:theme": null }, "geometry": { "type": "Polygon", "coordinates": [ [ [ 73.0392586, 33.6783765 ], [ 73.0384585, 33.6795193 ], [ 73.0348783, 33.6776673 ], [ 73.034923, 33.6775837 ], [ 73.0362218, 33.678138 ], [ 73.0368396, 33.678423 ], [ 73.0376286, 33.6784601 ], [ 73.0385627, 33.6783641 ], [ 73.0392438, 33.6783331 ], [ 73.0392586, 33.6783765 ] ] ] } },
{ "type": "Feature", "properties": { "element": "way", "id": 1544018533, "is_in": null, "leisure": null, "name": null, "sport": null, "name:en": null, "name:ur": null, "addr:city": null, "addr:city:ar": null, "addr:city:en": null, "addr:city:ks": null, "addr:city:pnb": null, "addr:city:ps": null, "addr:city:sd": null, "addr:city:ur": null, "addr:street": null, "operator": null, "alt_name": null, "alt_name:ar": null, "alt_name:ur": null, "alt_name:zh-Hans": null, "name:ar": null, "name:etymology": null, "name:etymology:wikidata": null, "name:etymology:wikipedia": null, "name:hi": null, "name:pnb": null, "tourism": null, "wikidata": null, "wikimedia_commons": null, "wikipedia": null, "wikipedia:pnb": null, "name:ml": null, "area": null, "landuse": "grass", "operator:short": null, "operator:type": null, "operator:wikidata": null, "created_by": null, "shop": null, "natural": null, "brand": null, "brand:ar": null, "brand:pnb": null, "brand:ps": null, "brand:ur": null, "brand:wikidata": null, "brand:wikipedia": null, "brand:wikipedia:ar": null, "brand:wikipedia:pnb": null, "brand:wikipedia:ps": null, "brand:wikipedia:ur": null, "surface": null, "type": null, "access": null, "barrier": null, "boundary": null, "operator:ur": null, "max_age": null, "min_age": null, "playground:theme": null }, "geometry": { "type": "Polygon", "coordinates": [ [ [ 73.0234153, 33.6768034 ], [ 73.0227104, 33.6775435 ], [ 73.0230273, 33.6777718 ], [ 73.0228286, 33.6780592 ], [ 73.023103, 33.6781773 ], [ 73.0233632, 33.6778939 ], [ 73.0240113, 33.6769097 ], [ 73.0236329, 33.6764294 ], [ 73.0229564, 33.6766144 ], [ 73.0234153, 33.6768034 ] ] ] } }
]
}
