{
"type": "FeatureCollection",
"name": "waterways",
"crs": { "type": "name", "properties": { "name": "urn:ogc:def:crs:OGC:1.3:CRS84" } },
"features": [
{ "type": "Feature", "properties": { "element": "way", "id": 7921230, "name": "Lai Nadi", "name:ur": "لئ ندی", "name:zh": "莱明渠", "waterway": "stream", "width": "3", "layer": null, "note": null, "created_by": null, "name:en": null, "source": null, "intermittent": null, "boat": null, "tunnel": null }, "geometry": { "type": "LineString", "coordinates": [ [ 73.0301246, 33.695646 ], [ 73.0301653, 33.6956297 ], [ 73.0304657, 33.6954512 ], [ 73.0305086, 33.6953798 ], [ 73.030706, 33.6952584 ], [ 73.0307833, 33.6952441 ], [ 73.031032, 33.695145 ], [ 73.0312382, 33.6950584 ], [ 73.031324, 33.6949085 ], [ 73.0314013, 33.6948228 ], [ 73.031427, 33.6947299 ], [ 73.0314785, 33.6945514 ], [ 73.0315472, 33.6944014 ], [ 73.0316587, 33.6942015 ], [ 73.0317532, 33.6941229 ], [ 73.0319086, 33.694077 ], [ 73.0321394, 33.6940087 ], [ 73.0322338, 33.6939444 ], [ 73.0323454, 33.6939373 ], [ 73.0324827, 33.6938801 ], [ 73.0326029, 33.6938801 ], [ 73.0327145, 33.6938444 ], [ 73.0328346, 33.6937659 ], [ 73.0330835, 33.6936873 ], [ 73.0332809, 33.6935873 ], [ 73.0335041, 33.6934659 ], [ 73.0336414, 33.693366 ], [ 73.0337616, 33.6931946 ], [ 73.0337616, 33.6930732 ], [ 73.0338474, 33.6928946 ], [ 73.0340277, 33.6927875 ], [ 73.0345169, 33.6926733 ], [ 73.0348001, 33.6926233 ], [ 73.0349718, 33.6925518 ], [ 73.0351435, 33.6924304 ], [ 73.0352631, 33.6923184 ], [ 73.0353495, 33.6922376 ], [ 73.0354439, 33.6920734 ], [ 73.0353924, 33.6919948 ], [ 73.0352808, 33.6920091 ], [ 73.0351864, 33.6919377 ], [ 73.0351177, 33.6918377 ], [ 73.0349718, 33.6917449 ], [ 73.0349203, 33.6916663 ], [ 73.0348946, 33.6914664 ], [ 73.0350319, 33.6913664 ], [ 73.0351177, 33.6912521 ], [ 73.0352808, 33.691095 ], [ 73.0353237, 33.6909236 ], [ 73.0353151, 33.6907522 ], [ 73.035195, 33.6906165 ], [ 73.0351864, 33.6904737 ], [ 73.0351864, 33.6903309 ], [ 73.0352894, 33.690188 ], [ 73.035401, 33.6900166 ], [ 73.035461, 33.6898024 ], [ 73.0355437, 33.689738 ], [ 73.0362314, 33.689804 ] ] } },
{ "type": "Feature", "properties": { "element": "way", "id": 21849028, "name": "Nallah Lai", "name:ur": null, "name:zh": null, "waterway": "stream", "width": null, "layer": "-1", "note": "name need verification", "created_by": null, "name:en": null, "source": null, "intermittent": null, "boat": null, "tunnel": null }, "geometry": { "type": "LineString", "coordinates": [ [ 73.0182465, 33.6787201 ], [ 73.0185953, 33.6783037 ], [ 73.0188871, 33.6780037 ], [ 73.0196026, 33.677863 ], [ 73.0199211, 33.6775822 ], [ 73.020109, 33.6772845 ], [ 73.0198601, 33.6769988 ], [ 73.0194395, 33.6769274 ], [ 73.0191391, 33.6767202 ], [ 73.0190628, 33.6762966 ], [ 73.0188816, 33.675806 ], [ 73.0192345, 33.6752966 ], [ 73.0197399, 33.6748845 ], [ 73.0202645, 33.6747252 ], [ 73.0208557, 33.6747917 ], [ 73.0214565, 33.6746703 ], [ 73.0222118, 33.6743631 ], [ 73.0232075, 33.6740131 ], [ 73.0237654, 33.6739774 ], [ 73.0241774, 33.6738917 ], [ 73.024555, 33.6737988 ], [ 73.0246923, 33.6734845 ], [ 73.0246237, 33.6733203 ], [ 73.0245378, 33.6728345 ], [ 73.0244863, 33.6726702 ], [ 73.0245378, 33.6722345 ], [ 73.0246626, 33.6719619 ], [ 73.0248257, 33.6718904 ], [ 73.0250403, 33.671769 ], [ 73.0252034, 33.6716333 ], [ 73.025315, 33.6715547 ], [ 73.0252806, 33.6713618 ], [ 73.0252463, 33.6712047 ], [ 73.0252806, 33.6710333 ], [ 73.0253922, 33.6708833 ], [ 73.0256325, 33.6706261 ], [ 73.0257527, 33.6704475 ], [ 73.025993, 33.6702832 ], [ 73.0262076, 33.6701547 ], [ 73.0263793, 33.6700189 ], [ 73.0264823, 33.6698689 ], [ 73.0266282, 33.6696761 ], [ 73.0267827, 33.6695546 ], [ 73.0269028, 33.6694189 ], [ 73.0270402, 33.669226 ], [ 73.0271517, 33.6689617 ], [ 73.027229, 33.6687689 ], [ 73.0273234, 33.6685974 ], [ 73.0274865, 33.6683188 ], [ 73.0276839, 33.6681188 ], [ 73.0277783, 33.6679045 ], [ 73.0278556, 33.6676402 ], [ 73.027907, 33.6674331 ], [ 73.027907, 33.6671545 ], [ 73.0278212, 33.6669259 ], [ 73.0277611, 33.6667259 ], [ 73.0274693, 33.6665973 ], [ 73.0270722, 33.6665433 ], [ 73.0267782, 33.6665454 ], [ 73.0265674, 33.6664794 ], [ 73.0264977, 33.6663035 ], [ 73.0264978, 33.6660441 ], [ 73.0266158, 33.6658078 ], [ 73.0266711, 33.6656972 ], [ 73.0267912, 33.6653686 ], [ 73.0270573, 33.6650543 ], [ 73.0273062, 33.6648471 ], [ 73.0275981, 33.6648114 ], [ 73.027907, 33.6647757 ], [ 73.0283105, 33.6648471 ], [ 73.0285679, 33.66494 ], [ 73.0289971, 33.6649257 ], [ 73.0293147, 33.6648114 ], [ 73.0295464, 33.6647185 ], [ 73.029658, 33.6644685 ], [ 73.0297953, 33.6642756 ], [ 73.0300013, 33.6641042 ], [ 73.0302846, 33.6638756 ], [ 73.0305249, 33.663647 ], [ 73.030748, 33.6634469 ], [ 73.031057, 33.6633326 ], [ 73.0313574, 33.6634541 ], [ 73.0316064, 33.6636255 ], [ 73.0318638, 33.6637827 ], [ 73.0320956, 33.6639184 ], [ 73.0324475, 33.6638756 ], [ 73.0327565, 33.6638113 ], [ 73.0330655, 33.6637112 ], [ 73.0332886, 33.6635041 ], [ 73.0334824, 33.6632959 ], [ 73.0334775, 33.6630183 ], [ 73.0334603, 33.6627683 ], [ 73.0334345, 33.6624539 ], [ 73.0336234, 33.6622396 ], [ 73.0338637, 33.6622039 ], [ 73.0340182, 33.6620682 ], [ 73.0341212, 33.661811 ], [ 73.0341384, 33.661611 ], [ 73.0340954, 33.6613109 ], [ 73.0340182, 33.6610394 ], [ 73.0339839, 33.6607323 ], [ 73.034001, 33.6604394 ], [ 73.0341899, 33.6602179 ], [ 73.0345503, 33.6600179 ], [ 73.0348711, 33.6597772 ], [ 73.0351435, 33.6596211 ], [ 73.0355116, 33.6593535 ], [ 73.0358121, 33.6591606 ], [ 73.0363013, 33.6589677 ], [ 73.0364987, 33.6587462 ], [ 73.0367562, 33.658539 ], [ 73.0369622, 33.6582961 ], [ 73.0370394, 33.657796 ], [ 73.0370823, 33.6576531 ], [ 73.0372111, 33.6574817 ], [ 73.0372883, 33.6573674 ], [ 73.037357, 33.6570816 ], [ 73.0373742, 33.6568673 ], [ 73.037357, 33.6566029 ], [ 73.0373999, 33.6563386 ], [ 73.0374686, 33.65611 ], [ 73.0376488, 33.6558671 ], [ 73.0378548, 33.6557099 ], [ 73.0381123, 33.6555813 ], [ 73.0382754, 33.6554598 ], [ 73.0383956, 33.655317 ], [ 73.0382521, 33.6551933 ], [ 73.0381044, 33.6549788 ], [ 73.0380952, 33.6546096 ], [ 73.0379922, 33.6543382 ], [ 73.0379321, 33.6540595 ], [ 73.0379836, 33.6537595 ], [ 73.0379492, 33.6534308 ], [ 73.0378634, 33.653145 ], [ 73.0379664, 33.6528235 ], [ 73.038078, 33.6525806 ], [ 73.0385415, 33.6523877 ], [ 73.0391337, 33.6523448 ], [ 73.0395886, 33.652352 ], [ 73.0399319, 33.652452 ], [ 73.0400178, 33.6526806 ], [ 73.0402066, 33.6528664 ], [ 73.040507, 33.6529235 ], [ 73.0408246, 33.652945 ], [ 73.0412072, 33.6527225 ], [ 73.0414168, 33.6524448 ], [ 73.0417172, 33.6521305 ], [ 73.0418803, 33.6517875 ], [ 73.0420434, 33.6513446 ], [ 73.0421721, 33.6509159 ], [ 73.0422837, 33.6505229 ], [ 73.0423438, 33.6501014 ], [ 73.042318, 33.6495583 ], [ 73.0423867, 33.6494297 ], [ 73.0425669, 33.6491011 ], [ 73.0426356, 33.6489367 ], [ 73.0428588, 33.6487581 ], [ 73.0430819, 33.6487295 ], [ 73.0433909, 33.6486509 ], [ 73.0437342, 33.6486581 ], [ 73.0440776, 33.6487295 ], [ 73.0443007, 33.648801 ], [ 73.0446269, 33.6488867 ], [ 73.0449359, 33.6489153 ], [ 73.0452019, 33.6488581 ], [ 73.0453736, 33.6486724 ], [ 73.0452792, 33.6484723 ], [ 73.0451247, 33.6482723 ], [ 73.0447642, 33.6481151 ], [ 73.0444552, 33.6479293 ], [ 73.0444466, 33.647765 ], [ 73.0442835, 33.6476578 ], [ 73.0440861, 33.6475435 ], [ 73.0438115, 33.6473434 ], [ 73.0436913, 33.6470862 ], [ 73.0435883, 33.6467789 ], [ 73.0436312, 33.646486 ], [ 73.04376, 33.6462073 ], [ 73.0439746, 33.6459644 ], [ 73.0443093, 33.6457858 ], [ 73.0446526, 33.64565 ], [ 73.0449101, 33.6456 ], [ 73.0452191, 33.6456 ], [ 73.0454251, 33.6456286 ], [ 73.0455882, 33.64555 ], [ 73.0457598, 33.6454857 ], [ 73.0459143, 33.6455857 ], [ 73.0460517, 33.6457715 ], [ 73.0460517, 33.6460144 ], [ 73.0461632, 33.6463288 ], [ 73.0463177, 33.6465146 ], [ 73.0465495, 33.646879 ], [ 73.0468413, 33.6472719 ], [ 73.0470816, 33.6476221 ], [ 73.0472018, 33.6478436 ], [ 73.0474164, 33.6480079 ], [ 73.0476567, 33.6481222 ], [ 73.0479142, 33.6481079 ], [ 73.0482833, 33.6479865 ], [ 73.0486008, 33.6477935 ], [ 73.0487897, 33.6477435 ], [ 73.0491072, 33.6477364 ], [ 73.0493647, 33.6477721 ], [ 73.0499741, 33.6478864 ], [ 73.0502316, 33.6479579 ], [ 73.0505234, 33.6480722 ], [ 73.0507208, 33.6481794 ], [ 73.0509526, 33.648258 ], [ 73.0511757, 33.6482794 ], [ 73.0514332, 33.648258 ], [ 73.0516564, 33.6481079 ], [ 73.0518109, 33.6479007 ], [ 73.0519225, 33.6476078 ], [ 73.0520341, 33.6473791 ], [ 73.0521971, 33.6472648 ], [ 73.052386, 33.6471719 ], [ 73.0525405, 33.6469218 ], [ 73.0527761, 33.6468587 ] ] } },
{ "type": "Feature", "properties": { "element": "way", "id": 22965211, "name": null, "name:ur": null, "name:zh": null, "waterway": "stream", "width": null, "layer": "-1", "note": null, "created_by": "Potlatch 0.7b", "name:en": null, "source": null, "intermittent": null, "boat": null, "tunnel": null }, "geometry": { "type": "LineString", "coordinates": [ [ 73.0070545, 33.6971649 ], [ 73.0069858, 33.6971649 ], [ 73.0069171, 33.697172 ], [ 73.0068656, 33.6971363 ], [ 73.0067712, 33.6971077 ], [ 73.0067111, 33.697122 ], [ 73.0066596, 33.6971006 ], [ 73.0065567, 33.6971363 ], [ 73.0064279, 33.697222 ], [ 73.0063421, 33.6972934 ], [ 73.0061962, 33.697322 ], [ 73.0060846, 33.6973791 ], [ 73.0060417, 33.6972648 ], [ 73.0059644, 33.6971006 ], [ 73.0059902, 33.6970435 ], [ 73.0059473, 33.697022 ], [ 73.0058099, 33.6970435 ], [ 73.0057928, 33.6969578 ], [ 73.0057069, 33.6969149 ], [ 73.005458, 33.6964008 ], [ 73.0053894, 33.6962722 ], [ 73.0053293, 33.6960651 ], [ 73.0053894, 33.6958581 ], [ 73.005458, 33.6956652 ], [ 73.0057069, 33.6955938 ], [ 73.0059644, 33.6954582 ], [ 73.006076, 33.6952653 ], [ 73.0060846, 33.695044 ], [ 73.0060245, 33.6948869 ], [ 73.0059387, 33.6947655 ], [ 73.0058357, 33.6946369 ], [ 73.0057584, 33.6946369 ], [ 73.0056383, 33.6944655 ], [ 73.0055009, 33.6943441 ], [ 73.0053722, 33.694337 ], [ 73.0053035, 33.6942799 ], [ 73.0052091, 33.6942442 ], [ 73.0051319, 33.6941656 ], [ 73.0050374, 33.6941013 ], [ 73.0049859, 33.6940228 ], [ 73.004943, 33.6939799 ], [ 73.0048057, 33.6939157 ], [ 73.0047687, 33.6937452 ], [ 73.0048057, 33.6936871 ], [ 73.0051233, 33.6935872 ], [ 73.005149, 33.6934729 ], [ 73.0052434, 33.6933729 ], [ 73.0052091, 33.6932587 ], [ 73.005355, 33.6931587 ], [ 73.0054923, 33.6930873 ], [ 73.0056468, 33.6931515 ], [ 73.0060159, 33.6932658 ], [ 73.0062305, 33.6932587 ], [ 73.0064022, 33.6932515 ], [ 73.0065567, 33.6931944 ], [ 73.0067026, 33.6930801 ], [ 73.0067626, 33.6929302 ], [ 73.0068141, 33.6927302 ], [ 73.00676, 33.692624 ], [ 73.0066742, 33.692474 ], [ 73.0067943, 33.6923883 ], [ 73.0069145, 33.6923669 ], [ 73.0071119, 33.6922955 ], [ 73.0073806, 33.6922589 ], [ 73.0074665, 33.6921803 ], [ 73.0075523, 33.6921089 ], [ 73.0076724, 33.6920518 ], [ 73.0077411, 33.6919732 ], [ 73.0077068, 33.691909 ], [ 73.0077377, 33.6918091 ], [ 73.0078922, 33.6917377 ], [ 73.0080296, 33.6916735 ], [ 73.008124, 33.6914806 ], [ 73.0081154, 33.6914092 ], [ 73.0081583, 33.6913092 ], [ 73.00833, 33.6911664 ], [ 73.008493, 33.6910379 ], [ 73.0086304, 33.6909379 ], [ 73.008699, 33.6908165 ], [ 73.008699, 33.6907094 ], [ 73.0086475, 33.6905594 ], [ 73.0086046, 33.6904666 ], [ 73.0084587, 33.690438 ], [ 73.00833, 33.6903451 ], [ 73.0083042, 33.6902523 ], [ 73.0082699, 33.6901738 ], [ 73.0082012, 33.6900809 ], [ 73.0081841, 33.6899666 ], [ 73.0082356, 33.6898095 ], [ 73.0082012, 33.6896953 ], [ 73.008124, 33.6894882 ], [ 73.0080381, 33.6892311 ], [ 73.0080381, 33.6889882 ], [ 73.0080639, 33.6887383 ], [ 73.0080982, 33.6884883 ], [ 73.0080553, 33.6883955 ], [ 73.0080038, 33.6883526 ], [ 73.0078579, 33.6883026 ], [ 73.007815, 33.6882241 ], [ 73.0077635, 33.6881027 ], [ 73.0076691, 33.6879527 ], [ 73.0076347, 33.6878456 ], [ 73.0075747, 33.6877956 ], [ 73.0075489, 33.6877027 ], [ 73.007506, 33.6876028 ], [ 73.0074631, 33.6875313 ], [ 73.0074631, 33.6872885 ], [ 73.0074545, 33.6870886 ], [ 73.0074459, 33.6869814 ], [ 73.0074631, 33.6868243 ], [ 73.0074287, 33.68671 ], [ 73.0074202, 33.6866101 ], [ 73.0073944, 33.6864815 ], [ 73.0073772, 33.6864244 ], [ 73.0073, 33.6863387 ], [ 73.007197, 33.6862958 ], [ 73.0070683, 33.6861815 ], [ 73.0069481, 33.6861173 ], [ 73.006785, 33.6860173 ], [ 73.0066992, 33.6859173 ], [ 73.0066734, 33.6858387 ], [ 73.0066992, 33.685753 ], [ 73.0068279, 33.6856316 ], [ 73.0069309, 33.6855531 ], [ 73.0071198, 33.6854102 ], [ 73.0071541, 33.6852959 ], [ 73.0072571, 33.6851674 ], [ 73.007403, 33.6850817 ], [ 73.0073687, 33.6849388 ], [ 73.0073687, 33.684796 ], [ 73.0073858, 33.6846817 ], [ 73.0074373, 33.6846246 ], [ 73.0074287, 33.6845175 ], [ 73.0073515, 33.6844389 ], [ 73.0073257, 33.6843532 ], [ 73.0073172, 33.6842246 ], [ 73.0073601, 33.6840604 ], [ 73.0074802, 33.6839961 ], [ 73.0077721, 33.6839818 ], [ 73.0080982, 33.6839532 ], [ 73.0084244, 33.683939 ], [ 73.0086132, 33.6839175 ], [ 73.0087505, 33.6838675 ], [ 73.0088106, 33.6837247 ], [ 73.0088449, 33.6836176 ], [ 73.0089222, 33.683539 ], [ 73.0089737, 33.6834176 ], [ 73.009008, 33.6831819 ], [ 73.009008, 33.6830391 ], [ 73.0090166, 33.6829034 ], [ 73.0090681, 33.6827677 ], [ 73.0091282, 33.6827248 ], [ 73.0092312, 33.6826891 ], [ 73.0093771, 33.6827319 ], [ 73.0093514, 33.6827962 ], [ 73.0092913, 33.6828676 ], [ 73.0093685, 33.6829034 ], [ 73.0094458, 33.6829676 ], [ 73.0094543, 33.6830462 ], [ 73.009523, 33.6830891 ], [ 73.0095573, 33.6831676 ], [ 73.0096689, 33.6831676 ], [ 73.0098148, 33.6830962 ], [ 73.0099607, 33.6830605 ], [ 73.0100723, 33.6830176 ], [ 73.010244, 33.6828748 ], [ 73.0103642, 33.6827962 ], [ 73.0105186, 33.682682 ], [ 73.0105787, 33.6826105 ], [ 73.010656, 33.6826105 ], [ 73.0108448, 33.6827034 ], [ 73.0110165, 33.6828105 ], [ 73.0111795, 33.6828534 ], [ 73.0112997, 33.6829391 ], [ 73.0115143, 33.6830248 ], [ 73.0117546, 33.6830462 ], [ 73.0119434, 33.6830962 ], [ 73.0122353, 33.6831105 ], [ 73.0123812, 33.6830819 ], [ 73.012467, 33.6830676 ], [ 73.0125443, 33.6830676 ], [ 73.0127245, 33.6830105 ], [ 73.0128103, 33.6829748 ], [ 73.012982, 33.6830176 ], [ 73.0131451, 33.6831176 ], [ 73.0134541, 33.6832105 ], [ 73.0135571, 33.6832033 ], [ 73.013703, 33.6831819 ], [ 73.0137974, 33.6831319 ], [ 73.0139605, 33.6831105 ], [ 73.0141235, 33.6830891 ], [ 73.0142265, 33.6829748 ], [ 73.014278, 33.6828819 ], [ 73.0142694, 33.6828105 ], [ 73.0142008, 33.6827819 ], [ 73.0141493, 33.6827319 ], [ 73.0141493, 33.6826391 ], [ 73.0142094, 33.6825391 ], [ 73.0143209, 33.6824677 ], [ 73.0144669, 33.6824177 ], [ 73.0145784, 33.682332 ], [ 73.0147158, 33.6822177 ], [ 73.014793, 33.6821463 ], [ 73.0149647, 33.6819463 ], [ 73.0150505, 33.6817106 ], [ 73.0150763, 33.6815749 ], [ 73.0150591, 33.6814606 ], [ 73.0150677, 33.6812749 ], [ 73.0151449, 33.6811107 ], [ 73.0152393, 33.6809892 ], [ 73.0153852, 33.6808893 ], [ 73.0155397, 33.6808107 ], [ 73.0156942, 33.6806607 ], [ 73.0158831, 33.6804536 ], [ 73.0160376, 33.6803036 ], [ 73.0161835, 33.680175 ], [ 73.0161835, 33.680075 ], [ 73.0161577, 33.6799679 ], [ 73.016132, 33.679875 ], [ 73.0162006, 33.6797036 ], [ 73.0162865, 33.6796036 ], [ 73.0164495, 33.6794751 ], [ 73.0166384, 33.6793965 ], [ 73.0168718, 33.6793283 ], [ 73.017325, 33.6793251 ], [ 73.0175568, 33.6792037 ], [ 73.0179602, 33.6789322 ], [ 73.0182465, 33.6787201 ] ] } },
{ "type": "Feature", "properties": { "element": "way", "id": 22967781, "name": null, "name:ur": null, "name:zh": null, "waterway": "drain", "width": null, "layer": "-1", "note": null, "created_by": null, "name:en": null, "source": null, "intermittent": null, "boat": null, "tunnel": null }, "geometry": { "type": "LineString", "coordinates": [ [ 73.0357309, 33.6967197 ], [ 73.0358418, 33.6965326 ], [ 73.0357483, 33.6963007 ], [ 73.0358788, 33.6959305 ], [ 73.0361069, 33.6952874 ], [ 73.0363656, 33.6944677 ], [ 73.0367296, 33.6939951 ], [ 73.0366745, 33.6929212 ], [ 73.0366032, 33.6925186 ] ] } },
{ "type": "Feature", "properties": { "element": "way", "id": 22967930, "name": null, "name:ur": null, "name:zh": null, "waterway": "drain", "width": null, "layer": null, "note": null, "created_by": null, "name:en": null, "source": null, "intermittent": null, "boat": null, "tunnel": null }, "geometry": { "type": "LineString", "coordinates": [ [ 73.018084, 33.708324 ], [ 73.0182262, 33.70804 ], [ 73.0182777, 33.7078972 ], [ 73.0184151, 33.7077616 ], [ 73.0186726, 33.7075759 ], [ 73.0187412, 33.7073974 ], [ 73.0188013, 33.7071546 ], [ 73.019031, 33.7066356 ] ] } },
{ "type": "Feature", "properties": { "element": "way", "id": 23046091, "name": null, "name:ur": null, "name:zh": null, "waterway": "stream", "width": "6", "layer": null, "note": null, "created_by": null, "name:en": null, "source": null, "intermittent": "yes", "boat": null, "tunnel": null }, "geometry": { "type": "LineString", "coordinates": [ [ 73.0029226, 33.6807036 ], [ 73.0029439, 33.6807351 ], [ 73.0029999, 33.6808178 ], [ 73.0029913, 33.6809678 ], [ 73.0030943, 33.6811607 ], [ 73.0031715, 33.6812821 ], [ 73.003266, 33.6814535 ], [ 73.0033089, 33.6815678 ], [ 73.003429, 33.6816749 ], [ 73.003635, 33.6817606 ], [ 73.0038153, 33.681832 ], [ 73.0039526, 33.6819177 ], [ 73.0040642, 33.6819463 ], [ 73.0041672, 33.6818963 ], [ 73.0042444, 33.6818177 ], [ 73.0042358, 33.681732 ], [ 73.0041586, 33.681632 ], [ 73.0041071, 33.6815321 ], [ 73.0040642, 33.6813821 ], [ 73.0040642, 33.6813106 ], [ 73.0041929, 33.6813606 ], [ 73.0044333, 33.6814178 ], [ 73.0046049, 33.6814535 ], [ 73.0047079, 33.6815321 ], [ 73.0048538, 33.6815749 ], [ 73.0049826, 33.6816606 ], [ 73.0051886, 33.681882 ], [ 73.0053173, 33.6820392 ], [ 73.0054375, 33.6822106 ], [ 73.0055491, 33.6824034 ], [ 73.0056263, 33.6824963 ], [ 73.0057379, 33.6825177 ], [ 73.0058838, 33.6823963 ], [ 73.005961, 33.6823034 ], [ 73.0060469, 33.6821749 ], [ 73.0061327, 33.6820677 ], [ 73.0063988, 33.6816749 ], [ 73.0064245, 33.6815249 ], [ 73.0063988, 33.6814178 ], [ 73.0063473, 33.6813035 ], [ 73.0062271, 33.6811749 ], [ 73.0060898, 33.6810607 ], [ 73.0059954, 33.6809321 ], [ 73.0059782, 33.6808321 ], [ 73.0059782, 33.6807321 ], [ 73.0060984, 33.6806107 ], [ 73.0062529, 33.6804679 ], [ 73.0063988, 33.680325 ], [ 73.006476, 33.6802536 ], [ 73.0065533, 33.6802179 ], [ 73.0066906, 33.6802464 ], [ 73.0068022, 33.6802607 ], [ 73.006888, 33.6803107 ], [ 73.0069223, 33.6804536 ], [ 73.0070768, 33.680525 ], [ 73.0072056, 33.6806107 ], [ 73.0072485, 33.6807321 ], [ 73.0073343, 33.6807821 ], [ 73.0074888, 33.6808107 ], [ 73.0076433, 33.6808964 ], [ 73.0077721, 33.6809892 ], [ 73.0076948, 33.6811035 ], [ 73.0076605, 33.6812392 ], [ 73.0077635, 33.6813464 ], [ 73.007815, 33.6814321 ], [ 73.0079351, 33.6814892 ], [ 73.0080896, 33.6814606 ], [ 73.0082098, 33.6813892 ], [ 73.0083643, 33.6812749 ], [ 73.0084587, 33.6811464 ], [ 73.0086304, 33.6809464 ], [ 73.0086733, 33.680825 ], [ 73.0087849, 33.680675 ], [ 73.0087849, 33.6806036 ], [ 73.008802, 33.6804964 ], [ 73.0088793, 33.6804536 ], [ 73.009008, 33.680425 ], [ 73.0091539, 33.680275 ], [ 73.0093256, 33.6800893 ], [ 73.0094887, 33.6800036 ], [ 73.0096003, 33.6799965 ], [ 73.0096689, 33.6799465 ], [ 73.0098406, 33.6797465 ], [ 73.0099779, 33.6795893 ], [ 73.0101152, 33.6795179 ], [ 73.0102354, 33.6795179 ], [ 73.0103556, 33.6795679 ], [ 73.0104414, 33.6796393 ], [ 73.0104328, 33.6797108 ], [ 73.0105186, 33.6797893 ], [ 73.0106903, 33.6798179 ], [ 73.0109564, 33.6799036 ], [ 73.0112654, 33.6799036 ], [ 73.0114542, 33.6799179 ], [ 73.0116087, 33.679875 ], [ 73.0117632, 33.6797893 ], [ 73.0120035, 33.679725 ], [ 73.0122267, 33.6796751 ], [ 73.0124069, 33.6796108 ], [ 73.012673, 33.6795108 ], [ 73.0128962, 33.6794394 ], [ 73.0130764, 33.6794036 ], [ 73.0133253, 33.6793894 ], [ 73.0134712, 33.6795036 ], [ 73.0136086, 33.6796608 ], [ 73.0138145, 33.6797536 ], [ 73.0139862, 33.6798536 ], [ 73.0141836, 33.6798965 ], [ 73.0143295, 33.679825 ], [ 73.0145355, 33.6797322 ], [ 73.0147673, 33.6796965 ], [ 73.0149733, 33.6797108 ], [ 73.0151535, 33.6797108 ], [ 73.0153681, 33.6797465 ], [ 73.0155483, 33.679825 ], [ 73.0156513, 33.6799465 ], [ 73.0158316, 33.680025 ], [ 73.0159689, 33.6799679 ], [ 73.0161577, 33.6799679 ] ] } },
{ "type": "Feature", "properties": { "element": "way", "id": 23198435, "name": "Nala Lai", "name:ur": null, "name:zh": null, "waterway": "stream", "width": null, "layer": "-1", "note": null, "created_by": null, "name:en": null, "source": null, "intermittent": "yes", "boat": null, "tunnel": null }, "geometry": { "type": "LineString", "coordinates": [ [ 73.062822, 33.7051392 ], [ 73.062925, 33.7049821 ], [ 73.0629851, 33.7048536 ], [ 73.0630452, 33.7047393 ], [ 73.063234, 33.7046751 ], [ 73.063337, 33.7045394 ], [ 73.0634743, 33.7043537 ], [ 73.0635516, 33.704111 ], [ 73.0635001, 33.703911 ], [ 73.0634657, 33.7038182 ], [ 73.0634915, 33.7037254 ], [ 73.0634572, 33.703654 ], [ 73.0633885, 33.7036397 ], [ 73.0633885, 33.703604 ], [ 73.0634657, 33.7035612 ], [ 73.0635945, 33.7034969 ], [ 73.0636202, 33.7033898 ], [ 73.0636631, 33.7031827 ], [ 73.0636717, 33.7031256 ], [ 73.0637146, 33.7030613 ], [ 73.0637576, 33.7030828 ], [ 73.0638176, 33.703147 ], [ 73.0638777, 33.703197 ], [ 73.0640151, 33.7032398 ], [ 73.064118, 33.7032256 ], [ 73.0642725, 33.7032041 ], [ 73.0642896, 33.7031838 ], [ 73.0643326, 33.7031327 ], [ 73.0643412, 33.7030613 ], [ 73.0643177, 33.7029891 ], [ 73.0642147, 33.7026607 ], [ 73.0642061, 33.7023322 ], [ 73.0643005, 33.7021037 ], [ 73.0644636, 33.7018324 ], [ 73.0647383, 33.7014111 ], [ 73.0649099, 33.7011397 ], [ 73.0651674, 33.7008184 ], [ 73.0653391, 33.7007684 ], [ 73.0657682, 33.700647 ], [ 73.0659227, 33.7004614 ], [ 73.0661459, 33.7002686 ], [ 73.066369, 33.7000186 ], [ 73.0665664, 33.699883 ], [ 73.0667967, 33.6997393 ], [ 73.0668754, 33.6996902 ], [ 73.066987, 33.6994974 ], [ 73.0668754, 33.6994617 ], [ 73.0666265, 33.6992189 ], [ 73.0662832, 33.6988404 ], [ 73.0659828, 33.6986476 ], [ 73.0656051, 33.6984548 ], [ 73.0653562, 33.6981906 ], [ 73.0650987, 33.6978407 ], [ 73.0648927, 33.6974122 ], [ 73.0649099, 33.6971409 ], [ 73.0650301, 33.6969624 ], [ 73.0650043, 33.6965374 ], [ 73.0649786, 33.6962554 ], [ 73.0648327, 33.6958698 ], [ 73.0646181, 33.6955413 ], [ 73.0645728, 33.6954753 ], [ 73.0644464, 33.6952914 ] ] } },
{ "type": "Feature", "properties": { "element": "way", "id": 51542753, "name": null, "name:ur": null, "name:zh": null, "waterway": "stream", "width": null, "layer": "-1", "note": null, "created_by": null, "name:en": null, "source": null, "intermittent": null, "boat": "no", "tunnel": null }, "geometry": { "type": "LineString", "coordinates": [ [ 73.0714242, 33.7327674 ], [ 73.071628, 33.732696 ], [ 73.0717782, 33.7324819 ], [ 73.0718426, 33.7322321 ], [ 73.0718748, 33.7317324 ], [ 73.0717889, 33.731429 ], [ 73.0716816, 33.7311167 ], [ 73.0714027, 33.7307242 ], [ 73.0712525, 33.7303583 ], [ 73.0712203, 33.7302245 ], [ 73.0712847, 33.7301174 ], [ 73.0714027, 33.7301174 ], [ 73.0715636, 33.7301977 ], [ 73.0717782, 33.7302602 ], [ 73.0718541, 33.7302304 ], [ 73.0719185, 33.7302126 ], [ 73.0719399, 33.7301234 ], [ 73.0719284, 33.7300282 ], [ 73.0719284, 33.72993 ], [ 73.0720142, 33.7296088 ], [ 73.0721537, 33.7294482 ], [ 73.0722181, 33.7292697 ], [ 73.0722181, 33.7290824 ], [ 73.0722181, 33.7289217 ], [ 73.0722932, 33.7285827 ], [ 73.0724227, 33.728428 ], [ 73.0725624, 33.7283228 ], [ 73.0727984, 33.7281443 ], [ 73.0729379, 33.7280194 ], [ 73.0730773, 33.7277606 ], [ 73.073249, 33.7275911 ], [ 73.0733778, 33.7273859 ], [ 73.0734207, 33.7272252 ], [ 73.0732919, 33.727136 ], [ 73.073013, 33.727136 ], [ 73.0728413, 33.7270111 ], [ 73.0727769, 33.7268415 ], [ 73.0726697, 33.7266899 ], [ 73.0723478, 33.7265114 ], [ 73.0719508, 33.7263151 ], [ 73.0718742, 33.7262195 ] ] } },
{ "type": "Feature", "properties": { "element": "way", "id": 51808053, "name": null, "name:ur": null, "name:zh": null, "waterway": "stream", "width": "1 meter", "layer": null, "note": null, "created_by": null, "name:en": null, "source": null, "intermittent": null, "boat": "no", "tunnel": null }, "geometry": { "type": "LineString", "coordinates": [ [ 73.0717782, 33.7302602 ], [ 73.0718541, 33.7302304 ], [ 73.0719185, 33.7302126 ], [ 73.0719399, 33.7301234 ], [ 73.0719284, 33.7300282 ], [ 73.0719284, 33.72993 ], [ 73.0720142, 33.7296088 ], [ 73.0721537, 33.7294482 ], [ 73.0722181, 33.7292697 ], [ 73.0722181, 33.7290824 ], [ 73.0722181, 33.7289217 ], [ 73.0722932, 33.7285827 ], [ 73.0724227, 33.728428 ], [ 73.0725624, 33.7283228 ], [ 73.0727984, 33.7281443 ], [ 73.0729379, 33.7280194 ], [ 73.0730773, 33.7277606 ], [ 73.073249, 33.7275911 ], [ 73.0733778, 33.7273859 ], [ 73.0734207, 33.7272252 ], [ 73.0732919, 33.727136 ], [ 73.073013, 33.727136 ], [ 73.0728413, 33.7270111 ], [ 73.0727769, 33.7268415 ], [ 73.0726697, 33.7266899 ], [ 73.0723478, 33.7265114 ], [ 73.0719508, 33.7263151 ], [ 73.0718742, 33.7262195 ], [ 73.0718043, 33.7261324 ], [ 73.0716933, 33.7259938 ], [ 73.0715539, 33.7256994 ], [ 73.0712213, 33.7253068 ] ] } },
{ "type": "Feature", "properties": { "element": "way", "id": 158581150, "name": null, "name:ur": null, "name:zh": null, "waterway": "drain", "width": null, "layer": null, "note": null, "created_by": null, "name:en": null, "source": null, "intermittent": null, "boat": null, "tunnel": null }, "geometry": { "type": "LineString", "coordinates": [ [ 73.0146748, 33.7159435 ], [ 73.0148159, 33.715352 ], [ 73.015163, 33.7147644 ], [ 73.0151415, 33.7142914 ], [ 73.015163, 33.7139255 ], [ 73.0152166, 33.7135596 ], [ 73.0152595, 33.7129259 ], [ 73.0153722, 33.7117586 ] ] } },
{ "type": "Feature", "properties": { "element": "way", "id": 158581152, "name": null, "name:ur": null, "name:zh": null, "waterway": "drain", "width": null, "layer": "0", "note": null, "created_by": null, "name:en": null, "source": null, "intermittent": null, "boat": null, "tunnel": null }, "geometry": { "type": "LineString", "coordinates": [ [ 73.0102188, 33.7242246 ], [ 73.0101988, 33.7230793 ], [ 73.0102628, 33.7229267 ], [ 73.0104058, 33.7227372 ], [ 73.0103906, 33.7225526 ], [ 73.0103287, 33.722469 ], [ 73.0101526, 33.7223319 ] ] } },
{ "type": "Feature", "properties": { "element": "way", "id": 158581153, "name": null, "name:ur": null, "name:zh": null, "waterway": "drain", "width": null, "layer": "-1", "note": null, "created_by": null, "name:en": null, "source": null, "intermittent": null, "boat": null, "tunnel": "yes" }, "geometry": { "type": "LineString", "coordinates": [ [ 73.0120087, 33.7183697 ], [ 73.0121147, 33.71816 ] ] } },
{ "type": "Feature", "properties": { "element": "way", "id": 158581156, "name": null, "name:ur": null, "name:zh": null, "waterway": "drain", "width": null, "layer": "0", "note": null, "created_by": null, "name:en": null, "source": null, "intermittent": null, "boat": null, "tunnel": "yes" }, "geometry": { "type": "LineString", "coordinates": [ [ 73.0101526, 33.7223319 ], [ 73.0099343, 33.7222422 ] ] } },
{ "type": "Feature", "properties": { "element": "way", "id": 158583504, "name": null, "name:ur": null, "name:zh": null, "waterway": "drain", "width": null, "layer": "-1", "note": null, "created_by": null, "name:en": null, "source": null, "intermittent": null, "boat": null, "tunnel": "yes" }, "geometry": { "type": "LineString", "coordinates": [ [ 73.0178658, 33.7086041 ], [ 73.018084, 33.708324 ] ] } },
{ "type": "Feature", "properties": { "element": "way", "id": 158583508, "name": null, "name:ur": null, "name:zh": null, "waterway": "drain", "width": null, "layer": "0", "note": null, "created_by": null, "name:en": null, "source": null, "intermittent": null, "boat": null, "tunnel": null }, "geometry": { "type": "LineString", "coordinates": [ [ 73.0099343, 33.7222422 ], [ 73.0098093, 33.7220464 ], [ 73.0098157, 33.721805 ], [ 73.0100238, 33.7213396 ] ] } },
{ "type": "Feature", "properties": { "element": "way", "id": 158583509, "name": null, "name:ur": null, "name:zh": null, "waterway": "drain", "width": null, "layer": "0", "note": null, "created_by": null, "name:en": null, "source": null, "intermittent": null, "boat": null, "tunnel": "yes" }, "geometry": { "type": "LineString", "coordinates": [ [ 73.0153722, 33.7117586 ], [ 73.0154537, 33.7114373 ] ] } },
{ "type": "Feature", "properties": { "element": "way", "id": 158583510, "name": null, "name:ur": null, "name:zh": null, "waterway": "drain", "width": null, "layer": "0", "note": null, "created_by": null, "name:en": null, "source": null, "intermittent": null, "boat": null, "tunnel": null }, "geometry": { "type": "LineString", "coordinates": [ [ 73.0154537, 33.7114373 ], [ 73.0156513, 33.7107389 ], [ 73.0157972, 33.7105461 ], [ 73.0158831, 33.7103819 ], [ 73.0160805, 33.7101249 ], [ 73.0163294, 33.7098107 ], [ 73.0164925, 33.709568 ], [ 73.0165955, 33.7094323 ], [ 73.0166641, 33.7093466 ], [ 73.0166298, 33.7091896 ], [ 73.0166298, 33.709061 ], [ 73.0166298, 33.7089468 ], [ 73.0167328, 33.7088468 ], [ 73.0169209, 33.7087862 ] ] } },
{ "type": "Feature", "properties": { "element": "way", "id": 158583511, "name": null, "name:ur": null, "name:zh": null, "waterway": "drain", "width": null, "layer": "0", "note": null, "created_by": null, "name:en": null, "source": null, "intermittent": null, "boat": null, "tunnel": null }, "geometry": { "type": "LineString", "coordinates": [ [ 73.0170589, 33.7086398 ], [ 73.0172134, 33.7085827 ], [ 73.0174452, 33.7085755 ], [ 73.0175396, 33.7086469 ], [ 73.017737, 33.7086041 ], [ 73.0178658, 33.7086041 ] ] } },
{ "type": "Feature", "properties": { "element": "way", "id": 158583512, "name": null, "name:ur": null, "name:zh": null, "waterway": "drain", "width": null, "layer": null, "note": null, "created_by": null, "name:en": null, "source": null, "intermittent": null, "boat": null, "tunnel": null }, "geometry": { "type": "LineString", "coordinates": [ [ 73.0121147, 33.71816 ], [ 73.0122782, 33.717812 ], [ 73.0123781, 33.7177339 ], [ 73.0128241, 33.7177272 ], [ 73.0133712, 33.7176201 ], [ 73.0143046, 33.7170936 ], [ 73.0146802, 33.7167991 ], [ 73.0147767, 33.7164154 ], [ 73.0145393, 33.7161699 ] ] } },
{ "type": "Feature", "properties": { "element": "way", "id": 158583515, "name": null, "name:ur": null, "name:zh": null, "waterway": "drain", "width": null, "layer": "0", "note": null, "created_by": null, "name:en": null, "source": null, "intermittent": null, "boat": null, "tunnel": null }, "geometry": { "type": "LineString", "coordinates": [ [ 73.0101913, 33.7211426 ], [ 73.0109224, 33.7197873 ], [ 73.0120087, 33.7183697 ] ] } },
{ "type": "Feature", "properties": { "element": "way", "id": 158583518, "name": null, "name:ur": null, "name:zh": null, "waterway": "drain", "width": null, "layer": "0", "note": null, "created_by": null, "name:en": null, "source": null, "intermittent": null, "boat": null, "tunnel": "yes" }, "geometry": { "type": "LineString", "coordinates": [ [ 73.0169209, 33.7087862 ], [ 73.0170589, 33.7086398 ] ] } },
{ "type": "Feature", "properties": { "element": "way", "id": 158583520, "name": null, "name:ur": null, "name:zh": null, "waterway": "stream", "width": null, "layer": null, "note": null, "created_by": null, "name:en": null, "source": null, "intermittent": null, "boat": null, "tunnel": null }, "geometry": { "type": "LineString", "coordinates": [ [ 73.019031, 33.7066356 ], [ 73.019382, 33.7059601 ], [ 73.0198514, 33.7052349 ], [ 73.0200909, 33.7048533 ], [ 73.0203036, 33.7046658 ], [ 73.0206381, 33.7044342 ], [ 73.0207668, 33.7043985 ], [ 73.0209213, 33.7043771 ], [ 73.0210533, 33.7043327 ], [ 73.0211415, 33.7042653 ], [ 73.0211373, 33.7041923 ], [ 73.0210623, 33.7040535 ], [ 73.02093, 33.7038731 ], [ 73.0208718, 33.7037614 ], [ 73.0208805, 33.7036918 ], [ 73.0209309, 33.703635 ], [ 73.021031, 33.7036007 ], [ 73.0211736, 33.703598 ], [ 73.0213743, 33.7036073 ], [ 73.0217013, 33.7036095 ], [ 73.0219784, 33.7035682 ], [ 73.0220606, 33.7035315 ], [ 73.0221584, 33.7034879 ], [ 73.0222303, 33.70342 ], [ 73.0222438, 33.7033286 ], [ 73.0221897, 33.7032088 ], [ 73.0221386, 33.7031051 ], [ 73.0221217, 33.7030198 ], [ 73.0221573, 33.7029557 ], [ 73.0222408, 33.7028667 ], [ 73.0223325, 33.7027944 ], [ 73.022412, 33.70277 ], [ 73.0225529, 33.7027494 ], [ 73.0227652, 33.7027802 ], [ 73.0229903, 33.7028485 ], [ 73.0231602, 33.7029233 ], [ 73.0232653, 33.7029502 ], [ 73.0234284, 33.7029516 ], [ 73.0235691, 33.7029095 ], [ 73.0236278, 33.7028444 ], [ 73.0236351, 33.7027809 ], [ 73.0235849, 33.7026382 ], [ 73.0235227, 33.7025563 ], [ 73.0234494, 33.7024424 ], [ 73.0234724, 33.7023334 ], [ 73.0235306, 33.7022564 ], [ 73.023568, 33.7021623 ], [ 73.0241429, 33.7015598 ], [ 73.0242344, 33.7014638 ], [ 73.0243717, 33.7013852 ], [ 73.024509, 33.7013781 ], [ 73.0246378, 33.7014209 ], [ 73.024818, 33.7015209 ], [ 73.0249811, 33.7015209 ], [ 73.0250927, 33.7014566 ], [ 73.0252749, 33.701434 ], [ 73.0254068, 33.7014763 ], [ 73.0255123, 33.7015301 ], [ 73.0256423, 33.7015503 ], [ 73.0257237, 33.7015464 ], [ 73.0258179, 33.7015186 ], [ 73.025859, 33.7014456 ], [ 73.0258679, 33.7013316 ], [ 73.0258902, 33.7011961 ], [ 73.0259228, 33.7010916 ], [ 73.0260086, 33.7010158 ], [ 73.0261157, 33.7010198 ], [ 73.02626, 33.701121 ], [ 73.0263502, 33.7011669 ], [ 73.0264488, 33.7012139 ], [ 73.0265479, 33.7012089 ], [ 73.0265908, 33.7011533 ], [ 73.0266033, 33.7010782 ], [ 73.0266548, 33.700914 ], [ 73.0267235, 33.7007997 ], [ 73.0268093, 33.7007354 ], [ 73.0269638, 33.700664 ], [ 73.027084, 33.7006283 ], [ 73.0271441, 33.7005069 ], [ 73.02729, 33.700407 ], [ 73.0274788, 33.700407 ], [ 73.0277534, 33.7002999 ], [ 73.0279335, 33.7002222 ], [ 73.0280014, 33.7001657 ], [ 73.0280365, 33.7001365 ], [ 73.0281224, 33.7000436 ] ] } },
{ "type": "Feature", "properties": { "element": "way", "id": 158583521, "name": null, "name:ur": null, "name:zh": null, "waterway": "drain", "width": null, "layer": "-1", "note": null, "created_by": null, "name:en": null, "source": null, "intermittent": null, "boat": null, "tunnel": "yes" }, "geometry": { "type": "LineString", "coordinates": [ [ 73.0145393, 33.7161699 ], [ 73.0146748, 33.7159435 ] ] } },
{ "type": "Feature", "properties": { "element": "way", "id": 158583524, "name": null, "name:ur": null, "name:zh": null, "waterway": "drain", "width": null, "layer": "0", "note": null, "created_by": null, "name:en": null, "source": null, "intermittent": null, "boat": null, "tunnel": "yes" }, "geometry": { "type": "LineString", "coordinates": [ [ 73.0100238, 33.7213396 ], [ 73.0101913, 33.7211426 ] ] } },
{ "type": "Feature", "properties": { "element": "way", "id": 453668272, "name": null, "name:ur": null, "name:zh": null, "waterway": "drain", "width": null, "layer": null, "note": null, "created_by": null, "name:en": null, "source": null, "intermittent": null, "boat": null, "tunnel": null }, "geometry": { "type": "LineString", "coordinates": [ [ 73.0598635, 33.6796691 ], [ 73.0599107, 33.6796175 ], [ 73.060026, 33.6795371 ], [ 73.0607636, 33.6795394 ], [ 73.0614181, 33.6792247 ], [ 73.0616327, 33.6790952 ], [ 73.0621074, 33.6788229 ], [ 73.0623005, 33.6786667 ], [ 73.0622737, 33.6783653 ], [ 73.0621664, 33.6778944 ], [ 73.0620833, 33.6775149 ], [ 73.0621182, 33.677064 ], [ 73.0621825, 33.6768207 ], [ 73.0622442, 33.6763542 ], [ 73.0623113, 33.6756735 ], [ 73.0622576, 33.6753029 ], [ 73.0622603, 33.6748453 ], [ 73.0623703, 33.6743677 ], [ 73.0626948, 33.6736422 ], [ 73.0630301, 33.6731556 ], [ 73.0631347, 33.6729904 ], [ 73.0631508, 33.672852 ], [ 73.0628987, 33.6725752 ], [ 73.062322, 33.6722203 ], [ 73.0616917, 33.6718855 ], [ 73.0613269, 33.6716377 ], [ 73.0610694, 33.6714056 ], [ 73.0609889, 33.6712158 ], [ 73.0609431, 33.6710692 ], [ 73.0609364, 33.6709763 ], [ 73.0609507, 33.6708924 ] ] } },
{ "type": "Feature", "properties": { "element": "way", "id": 545564968, "name": "Nala Lai", "name:ur": null, "name:zh": null, "waterway": "stream", "width": null, "layer": "-1", "note": null, "created_by": null, "name:en": null, "source": null, "intermittent": null, "boat": null, "tunnel": "yes" }, "geometry": { "type": "LineString", "coordinates": [ [ 73.0260005, 33.7141714 ], [ 73.0261578, 33.7141169 ], [ 73.026807, 33.713892 ] ] } },
{ "type": "Feature", "properties": { "element": "way", "id": 545564969, "name": "Nala Lai", "name:ur": null, "name:zh": null, "waterway": "river", "width": null, "layer": "-1", "note": null, "created_by": null, "name:en": null, "source": null, "intermittent": null, "boat": null, "tunnel": "yes" }, "geometry": { "type": "LineString", "coordinates": [ [ 73.0271993, 33.7136855 ], [ 73.027377, 33.7133353 ] ] } },
{ "type": "Feature", "properties": { "element": "way", "id": 545564970, "name": "Nala Lai", "name:ur": null, "name:zh": null, "waterway": "river", "width": null, "layer": null, "note": null, "created_by": null, "name:en": null, "source": null, "intermittent": null, "boat": null, "tunnel": null }, "geometry": { "type": "LineString", "coordinates": [ [ 73.026807, 33.713892 ], [ 73.0271645, 33.7137352 ], [ 73.0271993, 33.7136855 ] ] } },
{ "type": "Feature", "properties": { "element": "way", "id": 545564971, "name": "Nala Lai", "name:ur": null, "name:zh": null, "waterway": "stream", "width": null, "layer": null, "note": null, "created_by": null, "name:en": null, "source": null, "intermittent": null, "boat": null, "tunnel": null }, "geometry": { "type": "LineString", "coordinates": [ [ 73.0247444, 33.7156813 ], [ 73.0249804, 33.7154984 ], [ 73.0259017, 33.7142999 ], [ 73.0260005, 33.7141714 ] ] } },
{ "type": "Feature", "properties": { "element": "way", "id": 545564972, "name": "Nala Lai", "name:ur": null, "name:zh": null, "waterway": "stream", "width": null, "layer": "-1", "note": null, "created_by": null, "name:en": null, "source": null, "intermittent": null, "boat": null, "tunnel": "yes" }, "geometry": { "type": "LineString", "coordinates": [ [ 73.0244279, 33.7159669 ], [ 73.0247444, 33.7156813 ] ] } },
{ "type": "Feature", "properties": { "element": "way", "id": 545564973, "name": "Nala Lai", "name:ur": null, "name:zh": null, "waterway": "stream", "width": null, "layer": null, "note": null, "created_by": null, "name:en": null, "source": null, "intermittent": null, "boat": null, "tunnel": null }, "geometry": { "type": "LineString", "coordinates": [ [ 73.0232799, 33.7179525 ], [ 73.0235991, 33.716953 ], [ 73.0239022, 33.7166228 ], [ 73.0244279, 33.7159669 ] ] } },
{ "type": "Feature", "properties": { "element": "way", "id": 545564974, "name": "Nala Lai", "name:ur": null, "name:zh": null, "waterway": "river", "width": null, "layer": "-1", "note": null, "created_by": null, "name:en": null, "source": null, "intermittent": null, "boat": null, "tunnel": "yes" }, "geometry": { "type": "LineString", "coordinates": [ [ 73.0291902, 33.7096059 ], [ 73.029386, 33.7093884 ] ] } },
{ "type": "Feature", "properties": { "element": "way", "id": 545564975, "name": "Nala Lai", "name:ur": null, "name:zh": null, "waterway": "river", "width": null, "layer": null, "note": null, "created_by": null, "name:en": null, "source": null, "intermittent": null, "boat": null, "tunnel": null }, "geometry": { "type": "LineString", "coordinates": [ [ 73.0293283, 33.7101414 ], [ 73.0291325, 33.7099451 ], [ 73.0291902, 33.7096059 ] ] } },
{ "type": "Feature", "properties": { "element": "way", "id": 545564976, "name": "Nala Lai", "name:ur": null, "name:zh": null, "waterway": "river", "width": null, "layer": "-1", "note": null, "created_by": null, "name:en": null, "source": null, "intermittent": null, "boat": null, "tunnel": "yes" }, "geometry": { "type": "LineString", "coordinates": [ [ 73.0294114, 33.7102396 ], [ 73.0293283, 33.7101414 ] ] } },
{ "type": "Feature", "properties": { "element": "way", "id": 545564977, "name": "Nala Lai", "name:ur": null, "name:zh": null, "waterway": "river", "width": null, "layer": null, "note": null, "created_by": null, "name:en": null, "source": null, "intermittent": null, "boat": null, "tunnel": null }, "geometry": { "type": "LineString", "coordinates": [ [ 73.027377, 33.7133353 ], [ 73.0273998, 33.7131267 ], [ 73.0279443, 33.712531 ], [ 73.028309, 33.7123771 ], [ 73.0290467, 33.7125042 ], [ 73.0294505, 33.7124342 ], [ 73.0294973, 33.7124261 ], [ 73.0298111, 33.7121249 ], [ 73.0301732, 33.7111454 ], [ 73.0301169, 33.7109201 ], [ 73.0298057, 33.7106814 ], [ 73.0294114, 33.7102396 ] ] } },
{ "type": "Feature", "properties": { "element": "way", "id": 545564978, "name": "Lai Nadi", "name:ur": null, "name:zh": "莱明渠", "waterway": "river", "width": null, "layer": "-1", "note": null, "created_by": null, "name:en": null, "source": null, "intermittent": null, "boat": null, "tunnel": "yes" }, "geometry": { "type": "LineString", "coordinates": [ [ 73.0304602, 33.7078031 ], [ 73.0302812, 33.7071613 ] ] } },
{ "type": "Feature", "properties": { "element": "way", "id": 545564979, "name": "Lai Nadi", "name:ur": null, "name:zh": "莱明渠", "waterway": "river", "width": null, "layer": null, "note": null, "created_by": null, "name:en": null, "source": null, "intermittent": null, "boat": null, "tunnel": null }, "geometry": { "type": "LineString", "coordinates": [ [ 73.029386, 33.7093884 ], [ 73.0302376, 33.7083676 ], [ 73.0305862, 33.7080195 ], [ 73.0304602, 33.7078031 ] ] } },
{ "type": "Feature", "properties": { "element": "way", "id": 545564981, "name": "Lai Nadi", "name:ur": null, "name:zh": "莱明渠", "waterway": "river", "width": null, "layer": null, "note": null, "created_by": null, "name:en": null, "source": null, "intermittent": null, "boat": null, "tunnel": null }, "geometry": { "type": "LineString", "coordinates": [ [ 73.0302812, 33.7071613 ], [ 73.0301739, 33.7064549 ], [ 73.0301224, 33.7063478 ], [ 73.0301739, 33.7063121 ], [ 73.0301395, 33.7062693 ], [ 73.030088, 33.7062336 ], [ 73.0300365, 33.7060908 ], [ 73.0299765, 33.7059051 ], [ 73.029985, 33.7058194 ], [ 73.0299507, 33.7056338 ], [ 73.0298649, 33.7054196 ], [ 73.0298391, 33.7052768 ], [ 73.0297791, 33.7050983 ], [ 73.0297276, 33.7050054 ], [ 73.0297104, 33.7048841 ], [ 73.0296417, 33.7047484 ], [ 73.0293327, 33.7044199 ], [ 73.0292126, 33.7043128 ], [ 73.0290924, 33.7041129 ], [ 73.0289293, 33.7038987 ], [ 73.0288092, 33.7037202 ], [ 73.0287405, 33.7036274 ], [ 73.0286633, 33.7035702 ], [ 73.0286118, 33.7033203 ], [ 73.0286118, 33.7031989 ], [ 73.0285517, 33.7030918 ], [ 73.0285431, 33.7030276 ], [ 73.0285774, 33.7029633 ], [ 73.0285431, 33.7028062 ], [ 73.0285173, 33.7027348 ], [ 73.0284658, 33.702692 ], [ 73.0283714, 33.7026205 ], [ 73.0282513, 33.7026063 ], [ 73.0282084, 33.7025349 ], [ 73.0281826, 33.7024063 ], [ 73.0282341, 33.7021493 ], [ 73.0282255, 33.7019922 ], [ 73.0281826, 33.7018279 ], [ 73.0281826, 33.7016637 ], [ 73.0281826, 33.7012281 ], [ 73.0281483, 33.7010568 ], [ 73.0281569, 33.7008854 ], [ 73.028174, 33.7006569 ], [ 73.0281481, 33.7004578 ], [ 73.0281224, 33.7003078 ], [ 73.0281138, 33.7002436 ], [ 73.0281195, 33.7002234 ], [ 73.0281481, 33.7001222 ], [ 73.0281224, 33.7000436 ], [ 73.0281224, 33.6999937 ], [ 73.027985, 33.6999008 ], [ 73.0278477, 33.6998651 ], [ 73.0277619, 33.6997509 ], [ 73.0275816, 33.699708 ], [ 73.0275475, 33.6995858 ], [ 73.0274702, 33.6994572 ], [ 73.0273844, 33.6992287 ], [ 73.0273586, 33.6991073 ], [ 73.0273758, 33.6989788 ], [ 73.0273844, 33.6989074 ], [ 73.0274359, 33.6988217 ], [ 73.027556, 33.6988074 ], [ 73.0278221, 33.6988217 ], [ 73.0280024, 33.6988503 ], [ 73.028174, 33.6989074 ], [ 73.0283028, 33.6989074 ], [ 73.0285946, 33.6987789 ], [ 73.0288178, 33.6986503 ], [ 73.0290409, 33.6985147 ], [ 73.0292812, 33.6983147 ], [ 73.0293499, 33.6982362 ], [ 73.0292727, 33.6981505 ], [ 73.0291267, 33.6980576 ], [ 73.0290066, 33.6978934 ], [ 73.0289293, 33.6978149 ], [ 73.0288435, 33.697722 ], [ 73.0287577, 33.6976506 ], [ 73.0287319, 33.6975935 ], [ 73.0287319, 33.6975221 ], [ 73.0288006, 33.6974507 ], [ 73.0289465, 33.6973364 ], [ 73.0291611, 33.697265 ], [ 73.0293249, 33.6972215 ], [ 73.0293934, 33.6972103 ], [ 73.0294722, 33.6972006 ], [ 73.0295534, 33.6971929 ], [ 73.0296111, 33.6971732 ], [ 73.0296502, 33.6971302 ], [ 73.0296662, 33.6970678 ], [ 73.0296449, 33.6970132 ], [ 73.0295691, 33.696901 ], [ 73.0294613, 33.6968017 ], [ 73.0292898, 33.6966794 ], [ 73.0290581, 33.6965652 ], [ 73.0289379, 33.6964724 ], [ 73.028895, 33.6963938 ], [ 73.0288864, 33.6963081 ], [ 73.0289379, 33.696251 ], [ 73.0290237, 33.6962081 ], [ 73.0291439, 33.6961867 ], [ 73.0293156, 33.6961367 ] ] } },
{ "type": "Feature", "properties": { "element": "way", "id": 708273221, "name": null, "name:ur": null, "name:zh": null, "waterway": "stream", "width": null, "layer": "-1", "note": null, "created_by": null, "name:en": null, "source": null, "intermittent": "yes", "boat": null, "tunnel": null }, "geometry": { "type": "LineString", "coordinates": [ [ 72.9985217, 33.6755837 ], [ 72.9987755, 33.6756547 ], [ 72.9989879, 33.675572 ], [ 72.9991993, 33.6753998 ], [ 72.9992937, 33.6752141 ], [ 72.9995083, 33.6749498 ], [ 72.9997486, 33.6747641 ], [ 72.9998859, 33.6747141 ], [ 73.0001091, 33.6746641 ], [ 73.000255, 33.6746998 ], [ 73.0004696, 33.6749141 ], [ 73.000667, 33.6749784 ], [ 73.0008301, 33.6750213 ], [ 73.0010532, 33.6750998 ], [ 73.0011991, 33.6752713 ], [ 73.0013021, 33.6754498 ], [ 73.0015939, 33.6756213 ], [ 73.00186, 33.6756927 ], [ 73.0021261, 33.6757784 ], [ 73.0025982, 33.6758641 ], [ 73.0029157, 33.6759855 ], [ 73.0030359, 33.676057 ], [ 73.0031732, 33.6761212 ], [ 73.0032676, 33.6761355 ], [ 73.0035509, 33.676307 ], [ 73.0036539, 33.6763855 ], [ 73.0039629, 33.6767069 ], [ 73.0040487, 33.6767855 ], [ 73.0041345, 33.6768641 ], [ 73.0042461, 33.6769784 ], [ 73.0043491, 33.6770212 ], [ 73.0044779, 33.6770926 ], [ 73.0046066, 33.6770926 ], [ 73.0046667, 33.6770712 ], [ 73.0047268, 33.6769498 ], [ 73.0047611, 33.6768926 ], [ 73.0048469, 33.6768641 ], [ 73.0050787, 33.6767569 ], [ 73.0052932, 33.6767569 ], [ 73.0053791, 33.6767569 ], [ 73.0057224, 33.6767355 ], [ 73.0058082, 33.6766784 ], [ 73.0058769, 33.6766784 ], [ 73.0060228, 33.6767498 ], [ 73.0061344, 33.6768712 ], [ 73.006246, 33.6769998 ], [ 73.0063661, 33.6770212 ], [ 73.0064863, 33.6770069 ], [ 73.0065206, 33.6769069 ], [ 73.0067009, 33.6768212 ], [ 73.0067953, 33.6767498 ], [ 73.0070099, 33.6766498 ], [ 73.0071729, 33.6765141 ], [ 73.0072159, 33.6764069 ], [ 73.0073875, 33.6762212 ], [ 73.0074648, 33.6760641 ], [ 73.0075248, 33.6759784 ], [ 73.0076708, 33.675907 ], [ 73.0078253, 33.675907 ], [ 73.0079368, 33.6759284 ], [ 73.0081085, 33.6759284 ], [ 73.0081857, 33.6759498 ], [ 73.0083574, 33.6760498 ], [ 73.0084776, 33.6761498 ], [ 73.0085291, 33.6762284 ], [ 73.0086406, 33.6762927 ], [ 73.0087522, 33.6763641 ], [ 73.0088209, 33.6764212 ], [ 73.0090269, 33.6765284 ], [ 73.0092329, 33.6765927 ], [ 73.0094389, 33.6765712 ], [ 73.0096792, 33.6765355 ], [ 73.0099109, 33.6765712 ], [ 73.0101513, 33.6766355 ], [ 73.01028, 33.6767569 ], [ 73.0104259, 33.6769784 ], [ 73.0106319, 33.6772926 ], [ 73.0107712, 33.6775482 ], [ 73.0110579, 33.6777719 ], [ 73.0112545, 33.6777995 ], [ 73.0114213, 33.6777534 ], [ 73.0115675, 33.6776712 ], [ 73.012131, 33.6773881 ], [ 73.0121486, 33.6773033 ], [ 73.0122238, 33.6772261 ], [ 73.0123099, 33.6771039 ], [ 73.0124382, 33.6769919 ], [ 73.0124859, 33.6768926 ], [ 73.0126028, 33.6768381 ], [ 73.012707, 33.6768051 ], [ 73.0128114, 33.676856 ], [ 73.0131448, 33.6770385 ], [ 73.0134501, 33.6771815 ], [ 73.0136886, 33.6772451 ], [ 73.013969, 33.677299 ], [ 73.0144593, 33.6775582 ], [ 73.0147685, 33.6778345 ], [ 73.0150062, 33.6780997 ], [ 73.0150765, 33.6783063 ], [ 73.0151204, 33.6784449 ], [ 73.0151809, 33.6784997 ], [ 73.0153183, 33.6786854 ], [ 73.0154899, 33.678864 ], [ 73.0157131, 33.6790283 ], [ 73.0159534, 33.6791925 ], [ 73.0161852, 33.6792711 ], [ 73.0163654, 33.6793568 ], [ 73.0165714, 33.6792854 ], [ 73.0167602, 33.6792925 ], [ 73.0168718, 33.6793283 ] ] } },
{ "type": "Feature", "properties": { "element": "way", "id": 730464127, "name": null, "name:ur": null, "name:zh": null, "waterway": "stream", "width": null, "layer": null, "note": null, "created_by": null, "name:en": null, "source": null, "intermittent": "yes", "boat": null, "tunnel": null }, "geometry": { "type": "LineString", "coordinates": [ [ 73.0646809, 33.7137922 ], [ 73.0646624, 33.7136794 ], [ 73.0645053, 33.7135795 ], [ 73.064342, 33.7134257 ], [ 73.0642526, 33.7132745 ], [ 73.0642896, 33.7131463 ] ] } },
{ "type": "Feature", "properties": { "element": "way", "id": 730464128, "name": null, "name:ur": null, "name:zh": null, "waterway": "stream", "width": null, "layer": "-1", "note": null, "created_by": null, "name:en": null, "source": null, "intermittent": "yes", "boat": null, "tunnel": "culvert" }, "geometry": { "type": "LineString", "coordinates": [ [ 73.0644005, 33.7069131 ], [ 73.064724, 33.7065928 ] ] } },
{ "type": "Feature", "properties": { "element": "way", "id": 730464129, "name": null, "name:ur": null, "name:zh": null, "waterway": "stream", "width": null, "layer": null, "note": null, "created_by": null, "name:en": null, "source": null, "intermittent": "yes", "boat": null, "tunnel": null }, "geometry": { "type": "LineString", "coordinates": [ [ 73.064724, 33.7065928 ], [ 73.0648981, 33.7063294 ], [ 73.0648349, 33.7061391 ], [ 73.0650383, 33.7058905 ], [ 73.065217, 33.7054829 ], [ 73.0653402, 33.7052651 ], [ 73.0652724, 33.7051369 ], [ 73.0648041, 33.7050472 ], [ 73.0646716, 33.7049267 ], [ 73.0647425, 33.7047524 ], [ 73.0650321, 33.7046063 ], [ 73.0653063, 33.7045089 ], [ 73.0656021, 33.7044577 ], [ 73.0661814, 33.7043423 ], [ 73.0661043, 33.7041655 ], [ 73.066015, 33.7040835 ], [ 73.0656607, 33.7039399 ], [ 73.0652755, 33.7037067 ], [ 73.0650229, 33.7034324 ], [ 73.0649181, 33.7033453 ], [ 73.0645792, 33.7033427 ], [ 73.0642896, 33.7031838 ] ] } },
{ "type": "Feature", "properties": { "element": "way", "id": 730464130, "name": null, "name:ur": null, "name:zh": null, "waterway": "stream", "width": null, "layer": "-1", "note": null, "created_by": null, "name:en": null, "source": null, "intermittent": "yes", "boat": null, "tunnel": "culvert" }, "geometry": { "type": "LineString", "coordinates": [ [ 73.0644097, 33.7125236 ], [ 73.0646131, 33.7122596 ] ] } },
{ "type": "Feature", "properties": { "element": "way", "id": 730464131, "name": null, "name:ur": null, "name:zh": null, "waterway": "stream", "width": null, "layer": null, "note": null, "created_by": null, "name:en": null, "source": null, "intermittent": "yes", "boat": null, "tunnel": null }, "geometry": { "type": "LineString", "coordinates": [ [ 73.0646131, 33.7122596 ], [ 73.0647702, 33.7120853 ], [ 73.0647918, 33.7118495 ], [ 73.0645977, 33.7116265 ], [ 73.0646316, 33.711442 ], [ 73.0647826, 33.7112242 ], [ 73.0649243, 33.7109832 ], [ 73.0650044, 33.7108397 ], [ 73.0649859, 33.71075 ], [ 73.0650044, 33.7105424 ], [ 73.0649859, 33.710363 ], [ 73.0651769, 33.7102118 ], [ 73.065408, 33.7100734 ], [ 73.0656021, 33.710017 ], [ 73.0653464, 33.7096787 ], [ 73.0648164, 33.7098068 ], [ 73.0643389, 33.7096787 ], [ 73.0639353, 33.7094941 ], [ 73.0637874, 33.7093788 ], [ 73.0639106, 33.709243 ], [ 73.064342, 33.7092507 ], [ 73.0646069, 33.7091763 ], [ 73.0647579, 33.708961 ], [ 73.0647702, 33.7087432 ], [ 73.0646686, 33.7084817 ], [ 73.0638921, 33.7084459 ], [ 73.0636241, 33.7082229 ], [ 73.0634361, 33.708046 ], [ 73.0637196, 33.7078205 ], [ 73.0640554, 33.7073079 ], [ 73.064305, 33.7070208 ], [ 73.0644005, 33.7069131 ] ] } },
{ "type": "Feature", "properties": { "element": "way", "id": 730464140, "name": "Nala Lai", "name:ur": null, "name:zh": null, "waterway": "stream", "width": null, "layer": "-1", "note": null, "created_by": null, "name:en": null, "source": null, "intermittent": null, "boat": null, "tunnel": null }, "geometry": { "type": "LineString", "coordinates": [ [ 73.0644464, 33.6952914 ], [ 73.0642217, 33.695074 ], [ 73.0641144, 33.6949767 ], [ 73.0640101, 33.6949202 ], [ 73.06394, 33.6948557 ] ] } },
{ "type": "Feature", "properties": { "element": "way", "id": 730464141, "name": "Nala Lai", "name:ur": null, "name:zh": null, "waterway": "stream", "width": null, "layer": "-1", "note": null, "created_by": null, "name:en": null, "source": null, "intermittent": null, "boat": null, "tunnel": null }, "geometry": { "type": "LineString", "coordinates": [ [ 73.06394, 33.6948557 ], [ 73.0637769, 33.6946986 ], [ 73.06356, 33.6945362 ], [ 73.0633783, 33.6943317 ], [ 73.0632874, 33.6940357 ], [ 73.0631968, 33.6937965 ], [ 73.0631161, 33.6934418 ], [ 73.0630216, 33.6932775 ], [ 73.0629358, 33.6930847 ], [ 73.0628414, 33.6929133 ], [ 73.0627727, 33.6927491 ], [ 73.0627727, 33.692442 ], [ 73.0628414, 33.692292 ], [ 73.0629873, 33.6921492 ], [ 73.0630299, 33.6920983 ], [ 73.0631573, 33.6918301 ], [ 73.0632585, 33.69151 ], [ 73.0633349, 33.6912119 ], [ 73.0634079, 33.6911066 ], [ 73.0635881, 33.6910351 ], [ 73.0638113, 33.6908638 ], [ 73.0639572, 33.6908138 ], [ 73.0641203, 33.6908638 ], [ 73.0642919, 33.6908566 ], [ 73.0644979, 33.6907923 ], [ 73.0646953, 33.6906781 ], [ 73.0648584, 33.6905067 ], [ 73.0649013, 33.6903139 ], [ 73.0649013, 33.6901639 ], [ 73.0649357, 33.6899354 ], [ 73.0649957, 33.6896997 ], [ 73.0651159, 33.6895854 ], [ 73.0653219, 33.6895354 ], [ 73.0655788, 33.6895689 ], [ 73.0658699, 33.6895955 ], [ 73.0660168, 33.6895846 ], [ 73.0661735, 33.6895395 ], [ 73.0664291, 33.6894069 ], [ 73.0666866, 33.689264 ], [ 73.0667209, 33.6891641 ], [ 73.066575, 33.6890641 ], [ 73.0663519, 33.6889498 ], [ 73.0662489, 33.6888427 ], [ 73.0663776, 33.6886499 ], [ 73.0664806, 33.6884499 ], [ 73.0664892, 33.6882928 ], [ 73.0665579, 33.6880642 ], [ 73.0665836, 33.6878786 ], [ 73.0666523, 33.6877357 ], [ 73.0667553, 33.6876715 ], [ 73.0670042, 33.6875929 ], [ 73.0673046, 33.6874929 ], [ 73.0674677, 33.6873929 ], [ 73.0675278, 33.6872858 ], [ 73.0674763, 33.6871858 ], [ 73.0673647, 33.6871215 ], [ 73.0671844, 33.686993 ], [ 73.0670471, 33.686893 ], [ 73.0670986, 33.6868287 ], [ 73.0672188, 33.6868359 ], [ 73.0673132, 33.6867787 ], [ 73.0673132, 33.6867145 ], [ 73.0671329, 33.6866002 ], [ 73.0671329, 33.6865073 ], [ 73.0671329, 33.6864074 ], [ 73.0672188, 33.6863217 ], [ 73.0674076, 33.6862145 ], [ 73.0676908, 33.6860503 ], [ 73.0677595, 33.6858931 ], [ 73.067708, 33.6856432 ], [ 73.0676737, 33.6855575 ], [ 73.0674934, 33.6853789 ], [ 73.0674848, 33.6852432 ], [ 73.0676222, 33.6851218 ], [ 73.0678797, 33.6850218 ], [ 73.0680856, 33.6849575 ], [ 73.0683346, 33.6849218 ], [ 73.0686521, 33.684879 ], [ 73.0689096, 33.684779 ], [ 73.0690641, 33.6846933 ], [ 73.069107, 33.684579 ], [ 73.068944, 33.6844647 ], [ 73.0687208, 33.6843148 ], [ 73.0684976, 33.6842362 ], [ 73.0683775, 33.6841505 ], [ 73.0683775, 33.6840577 ], [ 73.0681543, 33.6840077 ], [ 73.0679483, 33.6838862 ], [ 73.0677852, 33.683722 ], [ 73.0677337, 33.6836077 ], [ 73.0677423, 33.6833792 ], [ 73.0678453, 33.6830006 ], [ 73.0678625, 33.6828864 ], [ 73.0677595, 33.6824792 ], [ 73.0675964, 33.6822793 ], [ 73.0673046, 33.6820579 ], [ 73.0672617, 33.6818436 ], [ 73.0673647, 33.6816222 ], [ 73.0674848, 33.6812436 ], [ 73.0674763, 33.6811222 ], [ 73.066987, 33.6803866 ], [ 73.0668754, 33.6803937 ], [ 73.0667553, 33.6802151 ], [ 73.0668754, 33.6800937 ], [ 73.0669184, 33.6799509 ], [ 73.0669613, 33.6794938 ], [ 73.0670385, 33.6793866 ], [ 73.0672273, 33.6793366 ], [ 73.067399, 33.6792795 ], [ 73.0674248, 33.6791224 ], [ 73.0673132, 33.6789938 ], [ 73.0671243, 33.6788224 ], [ 73.0669269, 33.6786938 ], [ 73.0668239, 33.6786938 ], [ 73.0666694, 33.6787152 ], [ 73.0665235, 33.6785938 ], [ 73.0664549, 33.6783867 ], [ 73.0665235, 33.6782224 ], [ 73.0666523, 33.6781724 ], [ 73.0667381, 33.6782153 ], [ 73.0668669, 33.6782581 ], [ 73.0670385, 33.6782581 ], [ 73.0672617, 33.6782367 ], [ 73.0672617, 33.6781438 ], [ 73.0671329, 33.6779653 ], [ 73.0670643, 33.6777796 ], [ 73.0669527, 33.677651 ], [ 73.0669355, 33.677451 ], [ 73.0669355, 33.677251 ], [ 73.0670986, 33.6771296 ], [ 73.0671587, 33.676951 ], [ 73.0670643, 33.6768225 ], [ 73.0670471, 33.676651 ], [ 73.0671673, 33.6764796 ], [ 73.0672703, 33.6763082 ], [ 73.0674419, 33.6761225 ], [ 73.0675535, 33.6759725 ], [ 73.0676994, 33.6759368 ], [ 73.0678367, 33.6759082 ], [ 73.0679912, 33.6757939 ], [ 73.0682401, 33.6755796 ], [ 73.0682745, 33.6753868 ], [ 73.0682058, 33.6752011 ], [ 73.0682581, 33.6750141 ], [ 73.0683527, 33.6748517 ], [ 73.0684779, 33.6747354 ], [ 73.0686084, 33.6746595 ], [ 73.0687626, 33.6745509 ], [ 73.0689526, 33.6743943 ], [ 73.0691044, 33.6743236 ], [ 73.0692077, 33.6742975 ], [ 73.0693201, 33.6742733 ], [ 73.0694192, 33.6742509 ], [ 73.0694919, 33.6742101 ], [ 73.0696049, 33.6740725 ], [ 73.0696478, 33.6739439 ], [ 73.069725, 33.6737582 ], [ 73.0695963, 33.6736154 ], [ 73.0695619, 33.6733153 ], [ 73.0695619, 33.6730082 ], [ 73.069416, 33.6727653 ], [ 73.0691242, 33.6725439 ], [ 73.0690212, 33.6723939 ], [ 73.0688753, 33.6722653 ], [ 73.0688324, 33.6721296 ], [ 73.0689096, 33.672051 ], [ 73.069107, 33.6718082 ], [ 73.0693044, 33.6714725 ], [ 73.0693559, 33.6711367 ], [ 73.0693474, 33.670951 ], [ 73.0694847, 33.6707581 ], [ 73.0694847, 33.6704796 ], [ 73.0694504, 33.6700581 ], [ 73.0694418, 33.6696224 ], [ 73.0693001, 33.6692575 ], [ 73.0693645, 33.6688438 ], [ 73.0695705, 33.6686437 ], [ 73.0698366, 33.6683866 ], [ 73.0700769, 33.6682151 ], [ 73.0702143, 33.6680008 ], [ 73.0703687, 33.6677651 ], [ 73.070549, 33.6675937 ], [ 73.0707121, 33.6674365 ], [ 73.0707722, 33.6673079 ], [ 73.0707121, 33.6671936 ], [ 73.0705232, 33.6670579 ], [ 73.0703773, 33.6669293 ], [ 73.0702314, 33.6666936 ], [ 73.0701456, 33.6665007 ], [ 73.0702486, 33.6663364 ], [ 73.0703019, 33.6662505 ] ] } },
{ "type": "Feature", "properties": { "element": "way", "id": 731112553, "name": "Nala Lai", "name:ur": null, "name:zh": null, "waterway": "stream", "width": null, "layer": null, "note": null, "created_by": null, "name:en": null, "source": null, "intermittent": "yes", "boat": null, "tunnel": null }, "geometry": { "type": "LineString", "coordinates": [ [ 73.0606343, 33.7099325 ], [ 73.0606635, 33.7095885 ], [ 73.0608785, 33.7093948 ], [ 73.0612036, 33.7090979 ], [ 73.0608071, 33.7086738 ], [ 73.0608071, 33.7084135 ], [ 73.0611433, 33.7081999 ], [ 73.0613067, 33.7081494 ], [ 73.0616196, 33.7076638 ], [ 73.0617411, 33.7073685 ], [ 73.0618578, 33.7071665 ], [ 73.0622127, 33.7069761 ], [ 73.0622946, 33.7068853 ] ] } },
{ "type": "Feature", "properties": { "element": "way", "id": 731112554, "name": "Nala Lai", "name:ur": null, "name:zh": null, "waterway": "stream", "width": null, "layer": "-1", "note": null, "created_by": null, "name:en": null, "source": null, "intermittent": "yes", "boat": null, "tunnel": "culvert" }, "geometry": { "type": "LineString", "coordinates": [ [ 73.0625023, 33.7055892 ], [ 73.062822, 33.7051392 ] ] } },
{ "type": "Feature", "properties": { "element": "way", "id": 731112558, "name": "Nala Lai", "name:ur": null, "name:zh": null, "waterway": "stream", "width": null, "layer": "-1", "note": null, "created_by": null, "name:en": null, "source": null, "intermittent": "yes", "boat": null, "tunnel": "culvert" }, "geometry": { "type": "LineString", "coordinates": [ [ 73.0622946, 33.7068853 ], [ 73.0624229, 33.706743 ] ] } },
{ "type": "Feature", "properties": { "element": "way", "id": 731112559, "name": "Nala Lai", "name:ur": null, "name:zh": null, "waterway": "stream", "width": null, "layer": null, "note": null, "created_by": null, "name:en": null, "source": null, "intermittent": "yes", "boat": null, "tunnel": null }, "geometry": { "type": "LineString", "coordinates": [ [ 73.0624229, 33.706743 ], [ 73.0625023, 33.7064478 ], [ 73.0625957, 33.7060282 ], [ 73.0625023, 33.7055892 ] ] } },
{ "type": "Feature", "properties": { "element": "way", "id": 738806079, "name": null, "name:ur": null, "name:zh": null, "waterway": "stream", "width": null, "layer": "-1", "note": null, "created_by": null, "name:en": null, "source": null, "intermittent": "yes", "boat": null, "tunnel": "culvert" }, "geometry": { "type": "LineString", "coordinates": [ [ 73.0642896, 33.7131463 ], [ 73.0643481, 33.7126184 ] ] } },
{ "type": "Feature", "properties": { "element": "way", "id": 738806080, "name": null, "name:ur": null, "name:zh": null, "waterway": "stream", "width": null, "layer": null, "note": null, "created_by": null, "name:en": null, "source": null, "intermittent": "yes", "boat": null, "tunnel": null }, "geometry": { "type": "LineString", "coordinates": [ [ 73.0643481, 33.7126184 ], [ 73.0644097, 33.7125236 ] ] } },
{ "type": "Feature", "properties": { "element": "way", "id": 863608937, "name": null, "name:ur": null, "name:zh": null, "waterway": "stream", "width": null, "layer": null, "note": null, "created_by": null, "name:en": null, "source": null, "intermittent": "yes", "boat": null, "tunnel": null }, "geometry": { "type": "LineString", "coordinates": [ [ 73.0603238, 33.7356051 ], [ 73.0603921, 33.7355686 ], [ 73.0604262, 33.735524 ], [ 73.0604433, 33.7354896 ], [ 73.0604677, 33.7354328 ], [ 73.060497, 33.7353719 ], [ 73.0605213, 33.7353172 ], [ 73.0605677, 33.7352584 ], [ 73.0606116, 33.7351834 ], [ 73.0606701, 33.7351306 ], [ 73.060714, 33.7350921 ], [ 73.0607774, 33.7350333 ], [ 73.0608042, 33.7350029 ], [ 73.0608798, 33.7349299 ], [ 73.0609334, 33.734863 ], [ 73.0609797, 33.7348042 ], [ 73.0610285, 33.7347454 ], [ 73.0611236, 33.7346521 ], [ 73.0612187, 33.734577 ], [ 73.0613041, 33.7345081 ], [ 73.0613674, 33.7344371 ], [ 73.0614333, 33.7343499 ], [ 73.0614845, 33.7342952 ], [ 73.0615235, 33.7342445 ], [ 73.0615771, 33.7341674 ], [ 73.0616235, 33.7340458 ], [ 73.0616893, 33.7337416 ], [ 73.0617625, 33.7335307 ], [ 73.0618234, 33.7334374 ], [ 73.0618868, 33.7333198 ], [ 73.0619356, 33.7331515 ], [ 73.061938, 33.7330825 ], [ 73.0619844, 33.732973 ], [ 73.0620526, 33.7328635 ], [ 73.062138, 33.7327135 ], [ 73.0622331, 33.7326324 ], [ 73.062333, 33.7325431 ], [ 73.0624696, 33.7324722 ], [ 73.0625915, 33.7323971 ], [ 73.0626647, 33.7323485 ], [ 73.0627305, 33.7322674 ], [ 73.0627402, 33.732252 ] ] } },
{ "type": "Feature", "properties": { "element": "way", "id": 895195601, "name": null, "name:ur": null, "name:zh": null, "waterway": "stream", "width": null, "layer": null, "note": null, "created_by": null, "name:en": null, "source": null, "intermittent": null, "boat": null, "tunnel": null }, "geometry": { "type": "LineString", "coordinates": [ [ 73.0293991, 33.7466309 ], [ 73.0294659, 33.7464068 ], [ 73.0299397, 33.7448184 ], [ 73.0317422, 33.7424631 ], [ 73.0330726, 33.7412319 ], [ 73.033373, 33.7408572 ], [ 73.0331798, 33.7398758 ], [ 73.0329653, 33.7391799 ], [ 73.0332535, 33.7388943 ], [ 73.0339738, 33.7381807 ], [ 73.0343386, 33.7371814 ], [ 73.0338665, 33.736539 ], [ 73.0336734, 33.7362535 ], [ 73.0353685, 33.7348795 ], [ 73.0360988, 33.7329435 ], [ 73.0354774, 33.7323451 ], [ 73.0354534, 33.732322 ], [ 73.033331, 33.7302779 ], [ 73.0331007, 33.7298952 ], [ 73.0327316, 33.7291252 ], [ 73.0326408, 33.7289719 ], [ 73.0325193, 33.7288567 ], [ 73.0322546, 33.7287321 ], [ 73.032099, 33.7287131 ], [ 73.0319193, 33.7286986 ], [ 73.0317637, 33.7286295 ], [ 73.0316681, 33.7285259 ], [ 73.0312917, 33.7275944 ] ] } },
{ "type": "Feature", "properties": { "element": "way", "id": 895195602, "name": null, "name:ur": null, "name:zh": null, "waterway": "stream", "width": null, "layer": null, "note": null, "created_by": null, "name:en": null, "source": null, "intermittent": null, "boat": null, "tunnel": null }, "geometry": { "type": "LineString", "coordinates": [ [ 73.0293862, 33.7143358 ], [ 73.02928, 33.7140081 ], [ 73.0290602, 33.7133799 ], [ 73.0292349, 33.7128689 ], [ 73.0294505, 33.7124342 ] ] } },
{ "type": "Feature", "properties": { "element": "way", "id": 895195604, "name": null, "name:ur": null, "name:zh": null, "waterway": "stream", "width": null, "layer": "-1", "note": null, "created_by": null, "name:en": null, "source": null, "intermittent": null, "boat": null, "tunnel": "culvert" }, "geometry": { "type": "LineString", "coordinates": [ [ 73.0279227, 33.7164228 ], [ 73.0286488, 33.7155597 ], [ 73.0290289, 33.7150034 ] ] } },
{ "type": "Feature", "properties": { "element": "way", "id": 895195608, "name": null, "name:ur": null, "name:zh": null, "waterway": "stream", "width": null, "layer": null, "note": null, "created_by": null, "name:en": null, "source": null, "intermittent": null, "boat": null, "tunnel": null }, "geometry": { "type": "LineString", "coordinates": [ [ 73.0281805, 33.7194866 ], [ 73.0280406, 33.7192093 ], [ 73.0276263, 33.7186823 ], [ 73.0278937, 33.7176263 ], [ 73.0277168, 33.7172188 ], [ 73.0278813, 33.7168778 ], [ 73.0278896, 33.716771 ], [ 73.0279095, 33.7166604 ], [ 73.027906, 33.7165671 ], [ 73.0279616, 33.7165267 ], [ 73.0279227, 33.7164228 ] ] } },
{ "type": "Feature", "properties": { "element": "way", "id": 895195609, "name": null, "name:ur": null, "name:zh": null, "waterway": "stream", "width": null, "layer": "-1", "note": null, "created_by": null, "name:en": null, "source": null, "intermittent": null, "boat": null, "tunnel": "culvert" }, "geometry": { "type": "LineString", "coordinates": [ [ 73.0280854, 33.7197237 ], [ 73.0281265, 33.7196214 ] ] } },
{ "type": "Feature", "properties": { "element": "way", "id": 895195610, "name": null, "name:ur": null, "name:zh": null, "waterway": "stream", "width": null, "layer": "-1", "note": null, "created_by": null, "name:en": null, "source": null, "intermittent": null, "boat": null, "tunnel": "culvert" }, "geometry": { "type": "LineString", "coordinates": [ [ 73.0281394, 33.7195891 ], [ 73.0281805, 33.7194866 ] ] } },
{ "type": "Feature", "properties": { "element": "way", "id": 895195611, "name": null, "name:ur": null, "name:zh": null, "waterway": "stream", "width": null, "layer": "-1", "note": null, "created_by": null, "name:en": null, "source": null, "intermittent": null, "boat": null, "tunnel": "culvert" }, "geometry": { "type": "LineString", "coordinates": [ [ 73.0281265, 33.7196214 ], [ 73.0281394, 33.7195891 ] ] } },
{ "type": "Feature", "properties": { "element": "way", "id": 895195612, "name": null, "name:ur": null, "name:zh": null, "waterway": "stream", "width": null, "layer": null, "note": null, "created_by": null, "name:en": null, "source": null, "intermittent": null, "boat": null, "tunnel": null }, "geometry": { "type": "LineString", "coordinates": [ [ 73.0291683, 33.7213979 ], [ 73.0286213, 33.7210101 ], [ 73.0284405, 33.7208074 ], [ 73.0281004, 33.7206189 ], [ 73.0279747, 33.7204501 ], [ 73.0280169, 33.7198948 ], [ 73.0280854, 33.7197237 ] ] } },
{ "type": "Feature", "properties": { "element": "way", "id": 895195613, "name": null, "name:ur": null, "name:zh": null, "waterway": "stream", "width": null, "layer": "-1", "note": null, "created_by": null, "name:en": null, "source": null, "intermittent": null, "boat": null, "tunnel": "culvert" }, "geometry": { "type": "LineString", "coordinates": [ [ 73.0294062, 33.721559 ], [ 73.0291683, 33.7213979 ] ] } },
{ "type": "Feature", "properties": { "element": "way", "id": 895195614, "name": null, "name:ur": null, "name:zh": null, "waterway": "stream", "width": null, "layer": null, "note": null, "created_by": null, "name:en": null, "source": null, "intermittent": null, "boat": null, "tunnel": null }, "geometry": { "type": "LineString", "coordinates": [ [ 73.0304013, 33.7253658 ], [ 73.0303401, 33.7249588 ], [ 73.0303184, 33.7240576 ], [ 73.0300778, 33.7235384 ], [ 73.0302432, 33.7230502 ], [ 73.0296704, 33.7218197 ], [ 73.0294062, 33.721559 ] ] } },
{ "type": "Feature", "properties": { "element": "way", "id": 895195615, "name": null, "name:ur": null, "name:zh": null, "waterway": "stream", "width": null, "layer": "-1", "note": null, "created_by": null, "name:en": null, "source": null, "intermittent": null, "boat": null, "tunnel": "culvert" }, "geometry": { "type": "LineString", "coordinates": [ [ 73.0304182, 33.7254779 ], [ 73.0304013, 33.7253658 ] ] } },
{ "type": "Feature", "properties": { "element": "way", "id": 942908342, "name": null, "name:ur": null, "name:zh": null, "waterway": "stream", "width": null, "layer": "-1", "note": null, "created_by": null, "name:en": null, "source": null, "intermittent": "yes", "boat": null, "tunnel": "culvert" }, "geometry": { "type": "LineString", "coordinates": [ [ 73.0520396, 33.7351075 ], [ 73.0520488, 33.7347141 ], [ 73.0529077, 33.7339922 ], [ 73.0531833, 33.7336446 ], [ 73.0535874, 33.7331557 ], [ 73.0537895, 33.7330679 ], [ 73.05401, 33.7331175 ], [ 73.054405, 33.7327967 ], [ 73.0549607, 33.732854 ], [ 73.0548459, 33.7325942 ], [ 73.0550848, 33.7321626 ], [ 73.0556221, 33.732048 ], [ 73.0559041, 33.731753 ], [ 73.0560493, 33.7316011 ], [ 73.0559804, 33.731116 ], [ 73.0566923, 33.7307799 ], [ 73.0570092, 33.7305851 ], [ 73.0573996, 33.7304437 ], [ 73.0573261, 33.7302184 ], [ 73.0575006, 33.7300579 ], [ 73.0580105, 33.7300579 ], [ 73.0582447, 33.7298937 ], [ 73.0582827, 33.7298544 ], [ 73.0582955, 33.7298412 ], [ 73.0583771, 33.7297567 ], [ 73.0585133, 33.7296158 ], [ 73.0589092, 33.7292061 ], [ 73.059698, 33.7287909 ], [ 73.059889, 33.728545 ], [ 73.0601108, 33.7280273 ], [ 73.0601047, 33.727561 ], [ 73.0595501, 33.7267307 ], [ 73.0593467, 33.726413 ], [ 73.059382, 33.7262539 ] ] } },
{ "type": "Feature", "properties": { "element": "way", "id": 945766875, "name": null, "name:ur": null, "name:zh": null, "waterway": "stream", "width": null, "layer": null, "note": null, "created_by": null, "name:en": null, "source": null, "intermittent": null, "boat": null, "tunnel": null }, "geometry": { "type": "LineString", "coordinates": [ [ 73.0700732, 33.735442 ], [ 73.0700013, 33.7353007 ], [ 73.0700109, 33.7350753 ], [ 73.0701808, 33.7346582 ], [ 73.0700432, 33.7342998 ], [ 73.0701765, 33.7337907 ], [ 73.0704129, 33.7334883 ], [ 73.0706614, 33.7334631 ], [ 73.0707098, 33.7330297 ], [ 73.0712113, 33.7328456 ] ] } },
{ "type": "Feature", "properties": { "element": "way", "id": 945766879, "name": null, "name:ur": null, "name:zh": null, "waterway": "stream", "width": null, "layer": null, "note": null, "created_by": null, "name:en": null, "source": null, "intermittent": null, "boat": null, "tunnel": null }, "geometry": { "type": "LineString", "coordinates": [ [ 73.0713346, 33.7328003 ], [ 73.0714242, 33.7327674 ] ] } },
{ "type": "Feature", "properties": { "element": "way", "id": 945766880, "name": null, "name:ur": null, "name:zh": null, "waterway": "stream", "width": null, "layer": "-1", "note": null, "created_by": null, "name:en": null, "source": null, "intermittent": "yes", "boat": null, "tunnel": "culvert" }, "geometry": { "type": "LineString", "coordinates": [ [ 73.0712113, 33.7328456 ], [ 73.0713346, 33.7328003 ] ] } },
{ "type": "Feature", "properties": { "element": "way", "id": 985066440, "name": "Lai Nadi", "name:ur": "لئ ندی", "name:zh": "莱明渠", "waterway": "stream", "width": null, "layer": null, "note": null, "created_by": null, "name:en": "Lai Nadi", "source": null, "intermittent": null, "boat": null, "tunnel": null }, "geometry": { "type": "LineString", "coordinates": [ [ 73.0408781, 33.6806432 ], [ 73.0414876, 33.6807081 ], [ 73.0425143, 33.6808042 ], [ 73.0427196, 33.6807473 ], [ 73.0428265, 33.6805444 ], [ 73.0430501, 33.6803578 ] ] } },
{ "type": "Feature", "properties": { "element": "way", "id": 985066442, "name": "Lai Nadi", "name:ur": "لئ ندی", "name:zh": "莱明渠", "waterway": "stream", "width": "10", "layer": null, "note": null, "created_by": null, "name:en": "Lai Nadi", "source": "Landsat;Yahoo aerial imagery", "intermittent": null, "boat": null, "tunnel": null }, "geometry": { "type": "LineString", "coordinates": [ [ 73.0362314, 33.689804 ], [ 73.0363966, 33.689731 ], [ 73.0365768, 33.6896953 ], [ 73.0366026, 33.689681 ], [ 73.0366283, 33.6896096 ], [ 73.0365511, 33.6895096 ], [ 73.0364395, 33.6893525 ], [ 73.0362936, 33.6892525 ], [ 73.036182, 33.6891097 ], [ 73.0361134, 33.688924 ], [ 73.0361391, 33.6887954 ], [ 73.0361751, 33.6887068 ], [ 73.0364154, 33.6884497 ], [ 73.0365613, 33.6882497 ], [ 73.0366729, 33.688114 ], [ 73.0368102, 33.6880069 ], [ 73.0369304, 33.6878784 ], [ 73.0370248, 33.6877927 ], [ 73.0369304, 33.687707 ], [ 73.0368446, 33.6875927 ], [ 73.036733, 33.6874999 ], [ 73.0366472, 33.6874713 ], [ 73.0365528, 33.6874713 ], [ 73.0364583, 33.6874356 ], [ 73.0364326, 33.6873356 ], [ 73.0364841, 33.6871142 ], [ 73.0365699, 33.6867785 ], [ 73.0366214, 33.6866143 ], [ 73.0366815, 33.6864929 ], [ 73.0366815, 33.6864143 ], [ 73.0366472, 33.6863429 ], [ 73.0365613, 33.6862143 ], [ 73.0365356, 33.6861143 ], [ 73.0365442, 33.6860429 ], [ 73.0365871, 33.6859429 ], [ 73.0367072, 33.6858287 ], [ 73.0368274, 33.6857715 ], [ 73.0369476, 33.685693 ], [ 73.0370763, 33.6856644 ], [ 73.0371536, 33.6855644 ], [ 73.0372823, 33.6854501 ], [ 73.037248, 33.6853644 ], [ 73.0372651, 33.6852502 ], [ 73.0371793, 33.685193 ], [ 73.0371707, 33.685093 ], [ 73.037145, 33.6850216 ], [ 73.0370849, 33.6848788 ], [ 73.0370677, 33.6847645 ], [ 73.0369905, 33.6846645 ], [ 73.0369819, 33.6845931 ], [ 73.0370077, 33.6845217 ], [ 73.0369733, 33.6844574 ], [ 73.0368875, 33.6844503 ], [ 73.0367416, 33.6844217 ], [ 73.0366815, 33.6843503 ], [ 73.0365957, 33.6843074 ], [ 73.0365613, 33.6842217 ], [ 73.036527, 33.6841432 ], [ 73.0365098, 33.6840575 ], [ 73.0364841, 33.683986 ], [ 73.0365184, 33.6839146 ], [ 73.0365613, 33.6838075 ], [ 73.0366643, 33.6837575 ], [ 73.036836, 33.6836861 ], [ 73.0369476, 33.6836289 ], [ 73.0370334, 33.6835932 ], [ 73.0371107, 33.6836146 ], [ 73.0371793, 33.6836218 ], [ 73.0372823, 33.6835861 ], [ 73.0373767, 33.6835147 ], [ 73.0375055, 33.6835289 ], [ 73.0376428, 33.6834861 ], [ 73.0377029, 33.6833575 ], [ 73.0377372, 33.6832004 ], [ 73.0377029, 33.6830933 ], [ 73.0377115, 33.6829504 ], [ 73.0375999, 33.6828504 ], [ 73.0374196, 33.6827433 ], [ 73.0372995, 33.6826433 ], [ 73.0372051, 33.6825362 ], [ 73.0371965, 33.6823862 ], [ 73.0371965, 33.6822434 ], [ 73.037248, 33.6820577 ], [ 73.0373252, 33.6819862 ], [ 73.0374454, 33.6818934 ], [ 73.0375484, 33.681822 ], [ 73.0376428, 33.6818077 ], [ 73.0380634, 33.6818291 ], [ 73.038235, 33.6818291 ], [ 73.0384496, 33.6817791 ], [ 73.0385955, 33.6817363 ], [ 73.03875, 33.6817148 ], [ 73.0389217, 33.6816863 ], [ 73.0390753, 33.6817246 ], [ 73.0390933, 33.6817291 ], [ 73.039265, 33.6817863 ], [ 73.0394452, 33.6818434 ], [ 73.0395912, 33.6818434 ], [ 73.0397027, 33.6818005 ], [ 73.0397886, 33.6817077 ], [ 73.0399001, 33.6815149 ], [ 73.0399431, 33.6814149 ], [ 73.040089, 33.6813006 ], [ 73.0402263, 33.6811863 ], [ 73.0403894, 33.6811363 ], [ 73.0405181, 33.681072 ], [ 73.0406898, 33.6807649 ], [ 73.0408781, 33.6806432 ] ] } },
{ "type": "Feature", "properties": { "element": "way", "id": 1000586500, "name": null, "name:ur": null, "name:zh": null, "waterway": "stream", "width": null, "layer": null, "note": null, "created_by": null, "name:en": null, "source": null, "intermittent": "yes", "boat": null, "tunnel": null }, "geometry": { "type": "LineString", "coordinates": [ [ 73.0607901, 33.7215268 ], [ 73.0608181, 33.7213971 ], [ 73.0608164, 33.7212369 ], [ 73.0607689, 33.7211401 ], [ 73.0607286, 33.721018 ], [ 73.0606757, 33.7208735 ], [ 73.0606127, 33.7207706 ], [ 73.0605834, 33.7207257 ], [ 73.0605839, 33.7206956 ], [ 73.0606106, 33.7206744 ], [ 73.060653, 33.7206523 ], [ 73.0607459, 33.7206094 ], [ 73.0608345, 33.720525 ], [ 73.0609119, 33.7204397 ], [ 73.0609368, 33.7203804 ], [ 73.0609236, 33.7203046 ], [ 73.060932, 33.7200916 ], [ 73.0609544, 33.7198891 ], [ 73.0610137, 33.7197698 ], [ 73.0610823, 33.7196934 ], [ 73.0611449, 33.7196885 ], [ 73.0612882, 33.7197324 ], [ 73.0613467, 33.7197349 ], [ 73.0614052, 33.7197169 ], [ 73.0615116, 33.7196306 ], [ 73.0616205, 33.7195048 ], [ 73.0616832, 33.7193793 ], [ 73.061739, 33.7192256 ], [ 73.0617666, 33.719083 ], [ 73.0618296, 33.7190039 ], [ 73.0618867, 33.7189563 ], [ 73.0617447, 33.7188718 ], [ 73.0616376, 33.7187046 ], [ 73.0619773, 33.7183749 ], [ 73.0620861, 33.7183083 ] ] } },
{ "type": "Feature", "properties": { "element": "way", "id": 1000586504, "name": null, "name:ur": null, "name:zh": null, "waterway": "stream", "width": null, "layer": "-1", "note": null, "created_by": null, "name:en": null, "source": null, "intermittent": "yes", "boat": null, "tunnel": "culvert" }, "geometry": { "type": "LineString", "coordinates": [ [ 73.059382, 33.7262539 ], [ 73.0594046, 33.7261518 ] ] } },
{ "type": "Feature", "properties": { "element": "way", "id": 1000586506, "name": null, "name:ur": null, "name:zh": null, "waterway": "stream", "width": null, "layer": null, "note": null, "created_by": null, "name:en": null, "source": null, "intermittent": "yes", "boat": null, "tunnel": null }, "geometry": { "type": "LineString", "coordinates": [ [ 73.0594046, 33.7261518 ], [ 73.0594761, 33.7258287 ], [ 73.0595193, 33.7251983 ], [ 73.060271, 33.7241631 ], [ 73.0604555, 33.7239176 ] ] } },
{ "type": "Feature", "properties": { "element": "way", "id": 1000586507, "name": null, "name:ur": null, "name:zh": null, "waterway": "stream", "width": null, "layer": "-1", "note": null, "created_by": null, "name:en": null, "source": null, "intermittent": "yes", "boat": null, "tunnel": "culvert" }, "geometry": { "type": "LineString", "coordinates": [ [ 73.0604555, 33.7239176 ], [ 73.0605243, 33.7238261 ] ] } },
{ "type": "Feature", "properties": { "element": "way", "id": 1000586508, "name": null, "name:ur": null, "name:zh": null, "waterway": "stream", "width": null, "layer": "-1", "note": null, "created_by": null, "name:en": null, "source": null, "intermittent": "yes", "boat": null, "tunnel": "culvert" }, "geometry": { "type": "LineString", "coordinates": [ [ 73.0605418, 33.7238027 ], [ 73.0606106, 33.7237112 ] ] } },
{ "type": "Feature", "properties": { "element": "way", "id": 1000586509, "name": null, "name:ur": null, "name:zh": null, "waterway": "stream", "width": null, "layer": null, "note": null, "created_by": null, "name:en": null, "source": null, "intermittent": "yes", "boat": null, "tunnel": null }, "geometry": { "type": "LineString", "coordinates": [ [ 73.0605243, 33.7238261 ], [ 73.0605418, 33.7238027 ] ] } },
{ "type": "Feature", "properties": { "element": "way", "id": 1000586510, "name": null, "name:ur": null, "name:zh": null, "waterway": "stream", "width": null, "layer": null, "note": null, "created_by": null, "name:en": null, "source": null, "intermittent": "yes", "boat": null, "tunnel": null }, "geometry": { "type": "LineString", "coordinates": [ [ 73.0606758, 33.7236244 ], [ 73.0607332, 33.723548 ], [ 73.0609651, 33.722555 ], [ 73.0608593, 33.7221109 ] ] } },
{ "type": "Feature", "properties": { "element": "way", "id": 1000586511, "name": null, "name:ur": null, "name:zh": null, "waterway": "stream", "width": null, "layer": "-1", "note": null, "created_by": null, "name:en": null, "source": null, "intermittent": "yes", "boat": null, "tunnel": "culvert" }, "geometry": { "type": "LineString", "coordinates": [ [ 73.0607676, 33.7216622 ], [ 73.0607901, 33.7215268 ] ] } },
{ "type": "Feature", "properties": { "element": "way", "id": 1000586512, "name": null, "name:ur": null, "name:zh": null, "waterway": "stream", "width": null, "layer": "-1", "note": null, "created_by": null, "name:en": null, "source": null, "intermittent": "yes", "boat": null, "tunnel": "culvert" }, "geometry": { "type": "LineString", "coordinates": [ [ 73.0606357, 33.7236778 ], [ 73.0606758, 33.7236244 ] ] } },
{ "type": "Feature", "properties": { "element": "way", "id": 1000586513, "name": null, "name:ur": null, "name:zh": null, "waterway": "stream", "width": null, "layer": null, "note": null, "created_by": null, "name:en": null, "source": null, "intermittent": "yes", "boat": null, "tunnel": null }, "geometry": { "type": "LineString", "coordinates": [ [ 73.0606106, 33.7237112 ], [ 73.0606357, 33.7236778 ] ] } },
{ "type": "Feature", "properties": { "element": "way", "id": 1000586514, "name": null, "name:ur": null, "name:zh": null, "waterway": "stream", "width": null, "layer": null, "note": null, "created_by": null, "name:en": null, "source": null, "intermittent": "yes", "boat": null, "tunnel": null }, "geometry": { "type": "LineString", "coordinates": [ [ 73.0607615, 33.7217006 ], [ 73.0607676, 33.7216622 ] ] } },
{ "type": "Feature", "properties": { "element": "way", "id": 1000586515, "name": null, "name:ur": null, "name:zh": null, "waterway": "stream", "width": null, "layer": "-1", "note": null, "created_by": null, "name:en": null, "source": null, "intermittent": "yes", "boat": null, "tunnel": "culvert" }, "geometry": { "type": "LineString", "coordinates": [ [ 73.0607929, 33.721832 ], [ 73.0607615, 33.7217006 ] ] } },
{ "type": "Feature", "properties": { "element": "way", "id": 1000586516, "name": null, "name:ur": null, "name:zh": null, "waterway": "stream", "width": null, "layer": null, "note": null, "created_by": null, "name:en": null, "source": null, "intermittent": "yes", "boat": null, "tunnel": null }, "geometry": { "type": "LineString", "coordinates": [ [ 73.0621862, 33.7182469 ], [ 73.0625153, 33.7180452 ], [ 73.0627343, 33.7178516 ], [ 73.0627021, 33.7176508 ], [ 73.0626378, 33.7173273 ], [ 73.0627263, 33.7171042 ], [ 73.0627263, 33.7168141 ], [ 73.0624661, 33.7165353 ], [ 73.0623695, 33.7162943 ], [ 73.062442, 33.7160801 ], [ 73.0626726, 33.715953 ], [ 73.0627477, 33.7158124 ], [ 73.0626941, 33.7154844 ] ] } },
{ "type": "Feature", "properties": { "element": "way", "id": 1000586517, "name": null, "name:ur": null, "name:zh": null, "waterway": "stream", "width": null, "layer": "-1", "note": null, "created_by": null, "name:en": null, "source": null, "intermittent": "yes", "boat": null, "tunnel": "culvert" }, "geometry": { "type": "LineString", "coordinates": [ [ 73.0620861, 33.7183083 ], [ 73.0621862, 33.7182469 ] ] } },
{ "type": "Feature", "properties": { "element": "way", "id": 1000586520, "name": null, "name:ur": null, "name:zh": null, "waterway": "stream", "width": null, "layer": null, "note": null, "created_by": null, "name:en": null, "source": null, "intermittent": "yes", "boat": null, "tunnel": null }, "geometry": { "type": "LineString", "coordinates": [ [ 73.0608412, 33.7220347 ], [ 73.0607929, 33.721832 ] ] } },
{ "type": "Feature", "properties": { "element": "way", "id": 1000586521, "name": null, "name:ur": null, "name:zh": null, "waterway": "stream", "width": null, "layer": "-1", "note": null, "created_by": null, "name:en": null, "source": null, "intermittent": "yes", "boat": null, "tunnel": "culvert" }, "geometry": { "type": "LineString", "coordinates": [ [ 73.0608593, 33.7221109 ], [ 73.0608412, 33.7220347 ] ] } },
{ "type": "Feature", "properties": { "element": "way", "id": 1030675607, "name": null, "name:ur": null, "name:zh": null, "waterway": "drain", "width": null, "layer": null, "note": null, "created_by": null, "name:en": null, "source": null, "intermittent": null, "boat": null, "tunnel": null }, "geometry": { "type": "LineString", "coordinates": [ [ 73.0491136, 33.6943101 ], [ 73.04943, 33.694115 ], [ 73.0494778, 33.6940806 ], [ 73.0497434, 33.69369 ], [ 73.0498276, 33.6933127 ], [ 73.049848, 33.6932214 ], [ 73.0497702, 33.6930005 ], [ 73.0496334, 33.6926613 ], [ 73.049451, 33.6922529 ], [ 73.0492445, 33.6916503 ], [ 73.0493088, 33.6914561 ], [ 73.0495234, 33.6915655 ], [ 73.049738, 33.6917418 ], [ 73.0501645, 33.6914985 ], [ 73.0502852, 33.6913156 ], [ 73.0500384, 33.6911326 ], [ 73.0499499, 33.6909875 ], [ 73.0500169, 33.6906884 ], [ 73.0502422, 33.6905389 ], [ 73.0505641, 33.6904519 ], [ 73.0506794, 33.6905099 ], [ 73.0509101, 33.6909518 ], [ 73.0511676, 33.6909362 ], [ 73.0514036, 33.6908469 ], [ 73.0513151, 33.6906795 ], [ 73.0509396, 33.6904072 ], [ 73.0508645, 33.6898359 ], [ 73.0515431, 33.6897042 ], [ 73.05217, 33.6899997 ], [ 73.0523965, 33.689906 ], [ 73.0525543, 33.6897801 ], [ 73.0525773, 33.6895728 ], [ 73.0527214, 33.6893475 ], [ 73.0527528, 33.6892088 ], [ 73.0526428, 33.6889611 ], [ 73.0524363, 33.6887401 ], [ 73.0521413, 33.6886285 ], [ 73.052042, 33.6887468 ], [ 73.0519133, 33.6887424 ], [ 73.0518033, 33.6886129 ], [ 73.051924, 33.6884455 ], [ 73.0520286, 33.688317 ], [ 73.052042, 33.6883005 ], [ 73.0521213, 33.6881447 ] ] } },
{ "type": "Feature", "properties": { "element": "way", "id": 1030675608, "name": null, "name:ur": null, "name:zh": null, "waterway": "drain", "width": null, "layer": "-1", "note": null, "created_by": null, "name:en": null, "source": null, "intermittent": null, "boat": null, "tunnel": "culvert" }, "geometry": { "type": "LineString", "coordinates": [ [ 73.0512744, 33.686955 ], [ 73.0513598, 33.6858522 ] ] } },
{ "type": "Feature", "properties": { "element": "way", "id": 1030675609, "name": null, "name:ur": null, "name:zh": null, "waterway": "drain", "width": null, "layer": null, "note": null, "created_by": null, "name:en": null, "source": null, "intermittent": null, "boat": null, "tunnel": null }, "geometry": { "type": "LineString", "coordinates": [ [ 73.0522161, 33.6879113 ], [ 73.052261, 33.6878086 ], [ 73.0519016, 33.6874068 ], [ 73.0515529, 33.6871703 ], [ 73.0514322, 33.6870966 ], [ 73.0513276, 33.6870297 ], [ 73.0512744, 33.686955 ] ] } },
{ "type": "Feature", "properties": { "element": "way", "id": 1030675610, "name": null, "name:ur": null, "name:zh": null, "waterway": "drain", "width": null, "layer": "-1", "note": null, "created_by": null, "name:en": null, "source": null, "intermittent": null, "boat": null, "tunnel": "culvert" }, "geometry": { "type": "LineString", "coordinates": [ [ 73.0521213, 33.6881447 ], [ 73.0522161, 33.6879113 ] ] } },
{ "type": "Feature", "properties": { "element": "way", "id": 1030675613, "name": null, "name:ur": null, "name:zh": null, "waterway": "drain", "width": null, "layer": null, "note": null, "created_by": null, "name:en": null, "source": null, "intermittent": null, "boat": null, "tunnel": null }, "geometry": { "type": "LineString", "coordinates": [ [ 73.0513598, 33.6858522 ], [ 73.0513652, 33.6858066 ], [ 73.0513652, 33.6857924 ], [ 73.0513652, 33.6857196 ], [ 73.051569, 33.6854964 ], [ 73.0519445, 33.685358 ], [ 73.0523039, 33.6850723 ], [ 73.0523764, 33.6851482 ], [ 73.0524461, 33.6851482 ], [ 73.0525802, 33.6850746 ], [ 73.052599, 33.6850232 ], [ 73.0525695, 33.6849474 ], [ 73.0524542, 33.6848469 ], [ 73.0525239, 33.6846862 ], [ 73.0526178, 33.6845054 ], [ 73.0529504, 33.6846059 ], [ 73.0531649, 33.6843805 ], [ 73.0533366, 33.6842198 ], [ 73.0535726, 33.683972 ], [ 73.0537148, 33.6838448 ], [ 73.0539642, 33.6834029 ], [ 73.0541198, 33.6832623 ], [ 73.0541466, 33.6830279 ], [ 73.0541681, 33.6827422 ], [ 73.0542915, 33.6826173 ], [ 73.0546402, 33.6824878 ], [ 73.0548735, 33.6823673 ], [ 73.0551417, 33.6822959 ] ] } },
{ "type": "Feature", "properties": { "element": "way", "id": 1030675614, "name": null, "name:ur": null, "name:zh": null, "waterway": "drain", "width": null, "layer": "-1", "note": null, "created_by": null, "name:en": null, "source": null, "intermittent": null, "boat": null, "tunnel": "culvert" }, "geometry": { "type": "LineString", "coordinates": [ [ 73.0551417, 33.6822959 ], [ 73.0554987, 33.6821236 ], [ 73.055614, 33.682068 ] ] } },
{ "type": "Feature", "properties": { "element": "way", "id": 1030675615, "name": null, "name:ur": null, "name:zh": null, "waterway": "drain", "width": null, "layer": null, "note": null, "created_by": null, "name:en": null, "source": null, "intermittent": null, "boat": null, "tunnel": null }, "geometry": { "type": "LineString", "coordinates": [ [ 73.055614, 33.682068 ], [ 73.0558096, 33.6820079 ], [ 73.056448, 33.6817513 ], [ 73.0566008, 33.6816776 ], [ 73.0569308, 33.6816731 ], [ 73.0570085, 33.681662 ], [ 73.0571024, 33.6816017 ], [ 73.0572821, 33.6816307 ], [ 73.0573545, 33.681691 ], [ 73.0576469, 33.6816397 ], [ 73.0578534, 33.6815593 ], [ 73.0579661, 33.6814388 ], [ 73.0582209, 33.6813495 ], [ 73.0583416, 33.6812759 ], [ 73.0585374, 33.6810415 ], [ 73.0587091, 33.680767 ], [ 73.0589156, 33.6805192 ], [ 73.0592026, 33.6803563 ], [ 73.0593287, 33.6801755 ], [ 73.0594059, 33.6800872 ], [ 73.0595263, 33.6799986 ] ] } },
{ "type": "Feature", "properties": { "element": "way", "id": 1030675616, "name": null, "name:ur": null, "name:zh": null, "waterway": "drain", "width": null, "layer": "-1", "note": null, "created_by": null, "name:en": null, "source": null, "intermittent": null, "boat": null, "tunnel": "culvert" }, "geometry": { "type": "LineString", "coordinates": [ [ 73.0595263, 33.6799986 ], [ 73.0598635, 33.6796691 ] ] } },
{ "type": "Feature", "properties": { "element": "way", "id": 1030675621, "name": null, "name:ur": null, "name:zh": null, "waterway": "drain", "width": null, "layer": null, "note": null, "created_by": null, "name:en": null, "source": null, "intermittent": null, "boat": null, "tunnel": null }, "geometry": { "type": "LineString", "coordinates": [ [ 73.0618174, 33.6700339 ], [ 73.0619975, 33.6698296 ], [ 73.0624615, 33.6694077 ], [ 73.062491, 33.6690327 ], [ 73.0626787, 33.6686532 ], [ 73.0628263, 33.6683697 ], [ 73.0627646, 33.6681978 ], [ 73.0627297, 33.6678964 ], [ 73.0623542, 33.6677089 ], [ 73.0620913, 33.6675281 ], [ 73.061807, 33.6673562 ], [ 73.0617624, 33.6673102 ] ] } },
{ "type": "Feature", "properties": { "element": "way", "id": 1030675622, "name": null, "name:ur": null, "name:zh": null, "waterway": "drain", "width": null, "layer": "-1", "note": null, "created_by": null, "name:en": null, "source": null, "intermittent": null, "boat": null, "tunnel": "culvert" }, "geometry": { "type": "LineString", "coordinates": [ [ 73.0609507, 33.6708924 ], [ 73.0611799, 33.6706772 ] ] } },
{ "type": "Feature", "properties": { "element": "way", "id": 1030675625, "name": null, "name:ur": null, "name:zh": null, "waterway": "drain", "width": null, "layer": null, "note": null, "created_by": null, "name:en": null, "source": null, "intermittent": null, "boat": null, "tunnel": null }, "geometry": { "type": "LineString", "coordinates": [ [ 73.0611799, 33.6706772 ], [ 73.0612205, 33.6706218 ], [ 73.0612384, 33.6705975 ], [ 73.0615415, 33.6703475 ], [ 73.0616434, 33.6702314 ], [ 73.0617406, 33.6701211 ] ] } },
{ "type": "Feature", "properties": { "element": "way", "id": 1030675626, "name": null, "name:ur": null, "name:zh": null, "waterway": "drain", "width": null, "layer": "-1", "note": null, "created_by": null, "name:en": null, "source": null, "intermittent": null, "boat": null, "tunnel": "culvert" }, "geometry": { "type": "LineString", "coordinates": [ [ 73.0617406, 33.6701211 ], [ 73.0618174, 33.6700339 ] ] } },
{ "type": "Feature", "properties": { "element": "way", "id": 1082535915, "name": null, "name:ur": null, "name:zh": null, "waterway": "stream", "width": null, "layer": "-1", "note": null, "created_by": null, "name:en": null, "source": null, "intermittent": "yes", "boat": null, "tunnel": "culvert" }, "geometry": { "type": "LineString", "coordinates": [ [ 73.0458069, 33.7228648 ], [ 73.0460279, 33.7225907 ], [ 73.046385, 33.7221796 ], [ 73.0472326, 33.721188 ], [ 73.0474375, 33.7206302 ], [ 73.0474096, 33.7202085 ], [ 73.0471022, 33.7197824 ], [ 73.0470098, 33.71936 ], [ 73.0464223, 33.7166757 ], [ 73.0457982, 33.7159784 ], [ 73.0448761, 33.7155291 ], [ 73.0448315, 33.7154596 ], [ 73.0448244, 33.7153633 ], [ 73.0448693, 33.7151484 ], [ 73.0450717, 33.7143437 ], [ 73.0448948, 33.7135922 ], [ 73.0445501, 33.7125617 ], [ 73.0441217, 33.7116707 ], [ 73.0439634, 33.7112762 ], [ 73.0440894, 33.7110591 ] ] } },
{ "type": "Feature", "properties": { "element": "way", "id": 1082535916, "name": null, "name:ur": null, "name:zh": null, "waterway": "stream", "width": null, "layer": null, "note": null, "created_by": null, "name:en": null, "source": null, "intermittent": "yes", "boat": null, "tunnel": null }, "geometry": { "type": "LineString", "coordinates": [ [ 73.0428155, 33.7293321 ], [ 73.0430555, 33.7288445 ] ] } },
{ "type": "Feature", "properties": { "element": "way", "id": 1082535917, "name": null, "name:ur": null, "name:zh": null, "waterway": "stream", "width": null, "layer": "-1", "note": null, "created_by": null, "name:en": null, "source": null, "intermittent": "yes", "boat": null, "tunnel": "culvert" }, "geometry": { "type": "LineString", "coordinates": [ [ 73.0430555, 33.7288445 ], [ 73.0431648, 33.7286527 ] ] } },
{ "type": "Feature", "properties": { "element": "way", "id": 1085905907, "name": "Lai Nadi", "name:ur": "لئ ندی", "name:zh": "莱明渠", "waterway": "stream", "width": "50", "layer": null, "note": null, "created_by": null, "name:en": "Lai Nadi", "source": "Landsat;Yahoo aerial imagery", "intermittent": null, "boat": null, "tunnel": null }, "geometry": { "type": "LineString", "coordinates": [ [ 73.0430501, 33.6803578 ], [ 73.0432561, 33.6803221 ], [ 73.0434707, 33.6802935 ], [ 73.0435222, 33.6801935 ], [ 73.043651, 33.6800507 ], [ 73.0436853, 33.6799578 ], [ 73.043711, 33.679815 ], [ 73.0438054, 33.6796793 ], [ 73.0439943, 33.6792864 ], [ 73.0441402, 33.6789365 ], [ 73.0442432, 33.6786222 ], [ 73.0443977, 33.6782436 ], [ 73.0444921, 33.6778794 ], [ 73.0445608, 33.6776794 ], [ 73.0445007, 33.6775222 ], [ 73.0445264, 33.677258 ], [ 73.0446037, 33.6771651 ], [ 73.0447496, 33.677108 ], [ 73.0450071, 33.677158 ], [ 73.0451272, 33.6771865 ], [ 73.0452388, 33.677358 ], [ 73.0454706, 33.6774937 ], [ 73.0456508, 33.6775651 ], [ 73.0458482, 33.6776151 ], [ 73.046037, 33.6776365 ], [ 73.0462173, 33.6776722 ], [ 73.0463203, 33.6778008 ], [ 73.0465434, 33.6779436 ], [ 73.0467237, 33.6779865 ], [ 73.0468095, 33.6779436 ], [ 73.0468782, 33.6778222 ], [ 73.0469297, 33.6777008 ], [ 73.0470069, 33.6775294 ], [ 73.0470756, 33.6774222 ], [ 73.0472215, 33.6773508 ], [ 73.0474103, 33.6773222 ], [ 73.0475648, 33.6774008 ], [ 73.0478137, 33.6775651 ], [ 73.047994, 33.6776794 ], [ 73.0481227, 33.6776794 ], [ 73.0482429, 33.6776651 ], [ 73.048303, 33.6776294 ], [ 73.0484317, 33.6774937 ], [ 73.0484467, 33.6774715 ], [ 73.048509, 33.6773794 ], [ 73.0484403, 33.6771294 ], [ 73.0484146, 33.6770365 ], [ 73.0483888, 33.6769437 ], [ 73.0483287, 33.6769008 ], [ 73.0482086, 33.6768651 ], [ 73.0480712, 33.6769437 ], [ 73.0479425, 33.6770151 ], [ 73.0478223, 33.677058 ], [ 73.0476764, 33.677058 ], [ 73.0475133, 33.6771008 ], [ 73.0473503, 33.6770365 ], [ 73.0472902, 33.6769294 ], [ 73.0472902, 33.6768008 ], [ 73.0472902, 33.6766366 ], [ 73.0472387, 33.6765437 ], [ 73.0472387, 33.676458 ], [ 73.0473073, 33.6763723 ], [ 73.0474704, 33.6762151 ], [ 73.0476335, 33.6760866 ], [ 73.0477365, 33.6760294 ], [ 73.0477537, 33.675858 ], [ 73.0476936, 33.6757794 ], [ 73.0476592, 33.6756723 ], [ 73.0476764, 33.6755223 ], [ 73.0477794, 33.6754294 ], [ 73.0477537, 33.6753152 ], [ 73.0477022, 33.675208 ], [ 73.0475219, 33.6751794 ], [ 73.0473245, 33.6752223 ], [ 73.0471528, 33.6752366 ], [ 73.0470413, 33.6751652 ], [ 73.0470069, 33.675058 ], [ 73.0469726, 33.6749652 ], [ 73.0469898, 33.6747794 ], [ 73.0470498, 33.6746509 ], [ 73.0470584, 33.674508 ], [ 73.0470584, 33.6743652 ], [ 73.0470584, 33.6741937 ], [ 73.0471099, 33.6741009 ], [ 73.0472215, 33.6740509 ], [ 73.0473159, 33.6739794 ], [ 73.0473674, 33.6740366 ], [ 73.0474704, 33.674058 ], [ 73.0475305, 33.6739866 ], [ 73.0476077, 33.6738866 ], [ 73.0477279, 33.6737652 ], [ 73.0478223, 33.6736366 ] ] } },
{ "type": "Feature", "properties": { "element": "way", "id": 1085905908, "name": "نالہ لئ", "name:ur": "نالہ لئ", "name:zh": null, "waterway": "river", "width": "50", "layer": "-1", "note": null, "created_by": null, "name:en": "Nala Lai", "source": null, "intermittent": null, "boat": null, "tunnel": "culvert" }, "geometry": { "type": "LineString", "coordinates": [ [ 73.0478223, 33.6736366 ], [ 73.0481227, 33.6732794 ] ] } },
{ "type": "Feature", "properties": { "element": "way", "id": 1085905915, "name": "نالہ لئ", "name:ur": "نالہ لئ", "name:zh": null, "waterway": "river", "width": "50", "layer": null, "note": null, "created_by": null, "name:en": "Nala Lai", "source": "Landsat;Yahoo aerial imagery", "intermittent": null, "boat": null, "tunnel": null }, "geometry": { "type": "LineString", "coordinates": [ [ 73.0481227, 33.6732794 ], [ 73.0481828, 33.6731151 ], [ 73.0481227, 33.6729366 ], [ 73.0481313, 33.6727794 ], [ 73.0480798, 33.6726794 ], [ 73.0480283, 33.672458 ], [ 73.0480111, 33.6722651 ], [ 73.0479597, 33.6719651 ], [ 73.0479253, 33.6716937 ], [ 73.0479682, 33.6715865 ], [ 73.0480884, 33.671508 ], [ 73.0481828, 33.6714437 ], [ 73.0483459, 33.6714151 ], [ 73.0484746, 33.671408 ], [ 73.048509, 33.6713437 ], [ 73.0485433, 33.6712294 ], [ 73.0485176, 33.6711008 ], [ 73.0484317, 33.6708865 ], [ 73.0484317, 33.6707437 ], [ 73.0484575, 33.6706579 ], [ 73.048569, 33.6706079 ], [ 73.0487321, 33.6706294 ], [ 73.0488695, 33.6705722 ], [ 73.0489725, 33.6704865 ], [ 73.0489896, 33.6703436 ], [ 73.0489896, 33.6702222 ], [ 73.049024, 33.6700865 ], [ 73.0491441, 33.669965 ], [ 73.0492814, 33.6698865 ], [ 73.0495218, 33.669665 ], [ 73.0496505, 33.669665 ], [ 73.0497964, 33.669715 ], [ 73.0498823, 33.6698008 ], [ 73.0500453, 33.6698508 ], [ 73.0501398, 33.6698508 ], [ 73.0502513, 33.6698508 ], [ 73.0504316, 33.6697293 ], [ 73.0504487, 33.6696507 ], [ 73.0504573, 33.669565 ], [ 73.0504659, 33.6694936 ], [ 73.0506032, 33.6694222 ], [ 73.0506719, 33.6693007 ], [ 73.0507062, 33.6691936 ], [ 73.0507577, 33.669065 ], [ 73.0508264, 33.6689721 ], [ 73.0509981, 33.6689436 ], [ 73.0511869, 33.6689364 ], [ 73.0514358, 33.6689436 ], [ 73.0516075, 33.6688364 ], [ 73.0516933, 33.6687221 ], [ 73.051822, 33.6685864 ], [ 73.0519937, 33.6685221 ], [ 73.0521825, 33.6683578 ], [ 73.0522684, 33.6681864 ], [ 73.0523542, 33.6679792 ], [ 73.0524829, 33.6677863 ], [ 73.052543, 33.6676292 ], [ 73.052543, 33.6675149 ], [ 73.0525602, 33.667422 ], [ 73.0526288, 33.6673149 ], [ 73.0527318, 33.6673006 ], [ 73.052852, 33.6672649 ], [ 73.0529893, 33.6672363 ], [ 73.0532211, 33.6671363 ], [ 73.0535386, 33.6669934 ], [ 73.0536588, 33.6669506 ], [ 73.0537961, 33.666872 ], [ 73.0539077, 33.6667148 ], [ 73.0540193, 33.6665934 ], [ 73.0540193, 33.6665148 ], [ 73.054148, 33.6663862 ], [ 73.0542425, 33.6663148 ], [ 73.0542592, 33.6662415 ] ] } },
{ "type": "Feature", "properties": { "element": "way", "id": 1097637991, "name": null, "name:ur": null, "name:zh": null, "waterway": "ditch", "width": null, "layer": null, "note": null, "created_by": null, "name:en": null, "source": null, "intermittent": null, "boat": null, "tunnel": null }, "geometry": { "type": "LineString", "coordinates": [ [ 73.0406715, 33.727629 ], [ 73.0405554, 33.7275611 ], [ 73.0404431, 33.727455 ], [ 73.0403806, 33.7273541 ], [ 73.0403627, 33.7272618 ], [ 73.0403602, 33.7272056 ], [ 73.0404456, 33.7271037 ] ] } },
{ "type": "Feature", "properties": { "element": "way", "id": 1103567421, "name": null, "name:ur": null, "name:zh": null, "waterway": "stream", "width": null, "layer": null, "note": null, "created_by": null, "name:en": null, "source": null, "intermittent": "yes", "boat": null, "tunnel": null }, "geometry": { "type": "LineString", "coordinates": [ [ 73.0485314, 33.7383395 ], [ 73.0478547, 33.737386 ], [ 73.0470652, 33.7365472 ], [ 73.0467144, 33.7359167 ], [ 73.0474474, 33.7351768 ], [ 73.0477419, 33.7325559 ], [ 73.047059, 33.7303466 ], [ 73.0472219, 33.7299089 ], [ 73.0480301, 33.7295546 ], [ 73.0483694, 33.729147 ] ] } },
{ "type": "Feature", "properties": { "element": "way", "id": 1103567422, "name": null, "name:ur": null, "name:zh": null, "waterway": "stream", "width": null, "layer": null, "note": null, "created_by": null, "name:en": null, "source": null, "intermittent": "yes", "boat": null, "tunnel": null }, "geometry": { "type": "LineString", "coordinates": [ [ 73.0605329, 33.7101405 ], [ 73.0606343, 33.7099325 ] ] } },
{ "type": "Feature", "properties": { "element": "way", "id": 1103567423, "name": null, "name:ur": null, "name:zh": null, "waterway": "stream", "width": null, "layer": "-1", "note": null, "created_by": null, "name:en": null, "source": null, "intermittent": null, "boat": null, "tunnel": "culvert" }, "geometry": { "type": "LineString", "coordinates": [ [ 73.0590202, 33.7120734 ], [ 73.0605329, 33.7101405 ] ] } },
{ "type": "Feature", "properties": { "element": "way", "id": 1103570036, "name": null, "name:ur": null, "name:zh": null, "waterway": "stream", "width": null, "layer": null, "note": null, "created_by": null, "name:en": null, "source": null, "intermittent": "yes", "boat": null, "tunnel": null }, "geometry": { "type": "LineString", "coordinates": [ [ 73.0584086, 33.7128092 ], [ 73.0590202, 33.7120734 ] ] } },
{ "type": "Feature", "properties": { "element": "way", "id": 1103570037, "name": null, "name:ur": null, "name:zh": null, "waterway": "stream", "width": null, "layer": "-1", "note": null, "created_by": null, "name:en": null, "source": null, "intermittent": "yes", "boat": null, "tunnel": "culvert" }, "geometry": { "type": "LineString", "coordinates": [ [ 73.0582181, 33.7131984 ], [ 73.0584086, 33.7128092 ] ] } },
{ "type": "Feature", "properties": { "element": "way", "id": 1103570038, "name": null, "name:ur": null, "name:zh": null, "waterway": "stream", "width": null, "layer": null, "note": null, "created_by": null, "name:en": null, "source": null, "intermittent": "yes", "boat": null, "tunnel": null }, "geometry": { "type": "LineString", "coordinates": [ [ 73.0574499, 33.7166165 ], [ 73.0575051, 33.7163546 ], [ 73.0573923, 33.7159742 ], [ 73.0580105, 33.7158439 ], [ 73.0582612, 33.7153175 ], [ 73.0587812, 33.7151716 ], [ 73.0587937, 33.7146869 ], [ 73.0587772, 33.7138269 ], [ 73.0588149, 33.7135964 ], [ 73.0582181, 33.7131984 ] ] } },
{ "type": "Feature", "properties": { "element": "way", "id": 1103570039, "name": null, "name:ur": null, "name:zh": null, "waterway": "stream", "width": null, "layer": "-1", "note": null, "created_by": null, "name:en": null, "source": null, "intermittent": "yes", "boat": null, "tunnel": "culvert" }, "geometry": { "type": "LineString", "coordinates": [ [ 73.0553763, 33.7212468 ], [ 73.0565168, 33.7193186 ] ] } },
{ "type": "Feature", "properties": { "element": "way", "id": 1103570040, "name": null, "name:ur": null, "name:zh": null, "waterway": "stream", "width": null, "layer": null, "note": null, "created_by": null, "name:en": null, "source": null, "intermittent": "yes", "boat": null, "tunnel": null }, "geometry": { "type": "LineString", "coordinates": [ [ 73.053176, 33.7232835 ], [ 73.0536349, 33.7227594 ], [ 73.0539858, 33.721837 ], [ 73.0540904, 33.7216671 ], [ 73.0542803, 33.7215511 ], [ 73.0545142, 33.7214507 ], [ 73.0548173, 33.7214164 ], [ 73.0551928, 33.7213815 ], [ 73.0553309, 33.7213092 ], [ 73.0553763, 33.7212468 ] ] } },
{ "type": "Feature", "properties": { "element": "way", "id": 1103570041, "name": null, "name:ur": null, "name:zh": null, "waterway": "stream", "width": null, "layer": "-1", "note": null, "created_by": null, "name:en": null, "source": null, "intermittent": "yes", "boat": null, "tunnel": "culvert" }, "geometry": { "type": "LineString", "coordinates": [ [ 73.0530995, 33.7233709 ], [ 73.053176, 33.7232835 ] ] } },
{ "type": "Feature", "properties": { "element": "way", "id": 1103570042, "name": null, "name:ur": null, "name:zh": null, "waterway": "stream", "width": null, "layer": null, "note": null, "created_by": null, "name:en": null, "source": null, "intermittent": "yes", "boat": null, "tunnel": null }, "geometry": { "type": "LineString", "coordinates": [ [ 73.0522247, 33.7263206 ], [ 73.0522659, 33.7262769 ], [ 73.0526418, 33.7255995 ], [ 73.0529645, 33.7251096 ], [ 73.052764, 33.7246615 ], [ 73.0525322, 33.7240987 ], [ 73.0527953, 33.7237183 ], [ 73.0530995, 33.7233709 ] ] } },
{ "type": "Feature", "properties": { "element": "way", "id": 1103570043, "name": null, "name:ur": null, "name:zh": null, "waterway": "stream", "width": null, "layer": "-1", "note": null, "created_by": null, "name:en": null, "source": null, "intermittent": "yes", "boat": null, "tunnel": "culvert" }, "geometry": { "type": "LineString", "coordinates": [ [ 73.0483694, 33.729147 ], [ 73.0485624, 33.7289078 ] ] } },
{ "type": "Feature", "properties": { "element": "way", "id": 1103570044, "name": null, "name:ur": null, "name:zh": null, "waterway": "stream", "width": null, "layer": null, "note": null, "created_by": null, "name:en": null, "source": null, "intermittent": "yes", "boat": null, "tunnel": null }, "geometry": { "type": "LineString", "coordinates": [ [ 73.0485624, 33.7289078 ], [ 73.0486382, 33.7288094 ], [ 73.0491833, 33.7286635 ], [ 73.0499351, 33.7283561 ], [ 73.0503299, 33.7281164 ], [ 73.0509125, 33.7270794 ], [ 73.0512951, 33.7269451 ] ] } },
{ "type": "Feature", "properties": { "element": "way", "id": 1103570045, "name": null, "name:ur": null, "name:zh": null, "waterway": "stream", "width": null, "layer": "-1", "note": null, "created_by": null, "name:en": null, "source": null, "intermittent": "yes", "boat": null, "tunnel": "culvert" }, "geometry": { "type": "LineString", "coordinates": [ [ 73.0512951, 33.7269451 ], [ 73.0515219, 33.7267035 ] ] } },
{ "type": "Feature", "properties": { "element": "way", "id": 1103570046, "name": null, "name:ur": null, "name:zh": null, "waterway": "stream", "width": null, "layer": null, "note": null, "created_by": null, "name:en": null, "source": null, "intermittent": "yes", "boat": null, "tunnel": null }, "geometry": { "type": "LineString", "coordinates": [ [ 73.0515219, 33.7267035 ], [ 73.0519777, 33.7266261 ], [ 73.052003, 33.7265917 ] ] } },
{ "type": "Feature", "properties": { "element": "way", "id": 1103570047, "name": null, "name:ur": null, "name:zh": null, "waterway": "stream", "width": null, "layer": "-1", "note": null, "created_by": null, "name:en": null, "source": null, "intermittent": "yes", "boat": null, "tunnel": "culvert" }, "geometry": { "type": "LineString", "coordinates": [ [ 73.052003, 33.7265917 ], [ 73.0522247, 33.7263206 ] ] } },
{ "type": "Feature", "properties": { "element": "way", "id": 1104477048, "name": null, "name:ur": null, "name:zh": null, "waterway": "stream", "width": null, "layer": null, "note": null, "created_by": null, "name:en": null, "source": null, "intermittent": "yes", "boat": null, "tunnel": null }, "geometry": { "type": "LineString", "coordinates": [ [ 73.0634334, 33.7309789 ], [ 73.0638664, 33.7298845 ], [ 73.0644497, 33.7296789 ], [ 73.0643609, 33.7291885 ], [ 73.0643038, 33.7290357 ] ] } },
{ "type": "Feature", "properties": { "element": "way", "id": 1104477049, "name": null, "name:ur": null, "name:zh": null, "waterway": "stream", "width": null, "layer": "-1", "note": null, "created_by": null, "name:en": null, "source": null, "intermittent": "yes", "boat": null, "tunnel": "culvert" }, "geometry": { "type": "LineString", "coordinates": [ [ 73.0627402, 33.732252 ], [ 73.0629152, 33.7319796 ] ] } },
{ "type": "Feature", "properties": { "element": "way", "id": 1104477050, "name": null, "name:ur": null, "name:zh": null, "waterway": "stream", "width": null, "layer": null, "note": null, "created_by": null, "name:en": null, "source": null, "intermittent": "yes", "boat": null, "tunnel": null }, "geometry": { "type": "LineString", "coordinates": [ [ 73.0621588, 33.7245265 ], [ 73.0621318, 33.7240811 ], [ 73.062374, 33.7236453 ], [ 73.0626396, 33.7231182 ], [ 73.0631013, 33.7230814 ], [ 73.063057, 33.7228394 ], [ 73.062842, 33.7226027 ], [ 73.0627977, 33.7217506 ], [ 73.0630317, 33.7207486 ], [ 73.0631392, 33.7203541 ], [ 73.0630275, 33.720279 ], [ 73.0626791, 33.7200632 ], [ 73.0624402, 33.7198695 ], [ 73.0622392, 33.7197636 ], [ 73.0621324, 33.7197071 ], [ 73.0620358, 33.7196366 ], [ 73.0620191, 33.7195986 ], [ 73.06203, 33.7195456 ], [ 73.0620664, 33.7194596 ], [ 73.0621276, 33.7193613 ], [ 73.0621996, 33.7192692 ], [ 73.0622, 33.7191915 ], [ 73.062157, 33.7190981 ], [ 73.0620054, 33.7190034 ], [ 73.0618867, 33.7189563 ], [ 73.0617447, 33.7188718 ], [ 73.0616376, 33.7187046 ] ] } },
{ "type": "Feature", "properties": { "element": "way", "id": 1104477051, "name": null, "name:ur": null, "name:zh": null, "waterway": "stream", "width": null, "layer": "-1", "note": null, "created_by": null, "name:en": null, "source": null, "intermittent": "yes", "boat": null, "tunnel": "culvert" }, "geometry": { "type": "LineString", "coordinates": [ [ 73.0621664, 33.7246504 ], [ 73.0621588, 33.7245265 ] ] } },
{ "type": "Feature", "properties": { "element": "way", "id": 1104477052, "name": null, "name:ur": null, "name:zh": null, "waterway": "stream", "width": null, "layer": null, "note": null, "created_by": null, "name:en": null, "source": null, "intermittent": "yes", "boat": null, "tunnel": null }, "geometry": { "type": "LineString", "coordinates": [ [ 73.0621694, 33.7247006 ], [ 73.0621664, 33.7246504 ] ] } },
{ "type": "Feature", "properties": { "element": "way", "id": 1104477053, "name": null, "name:ur": null, "name:zh": null, "waterway": "stream", "width": null, "layer": "-1", "note": null, "created_by": null, "name:en": null, "source": null, "intermittent": "yes", "boat": null, "tunnel": "culvert" }, "geometry": { "type": "LineString", "coordinates": [ [ 73.0621769, 33.7248244 ], [ 73.0621694, 33.7247006 ] ] } },
{ "type": "Feature", "properties": { "element": "way", "id": 1104477054, "name": null, "name:ur": null, "name:zh": null, "waterway": "stream", "width": null, "layer": null, "note": null, "created_by": null, "name:en": null, "source": null, "intermittent": "yes", "boat": null, "tunnel": null }, "geometry": { "type": "LineString", "coordinates": [ [ 73.0629152, 33.7319796 ], [ 73.0630421, 33.7317751 ], [ 73.0633525, 33.7311834 ], [ 73.0633955, 33.7310746 ] ] } },
{ "type": "Feature", "properties": { "element": "way", "id": 1104477055, "name": null, "name:ur": null, "name:zh": null, "waterway": "stream", "width": null, "layer": "-1", "note": null, "created_by": null, "name:en": null, "source": null, "intermittent": "yes", "boat": null, "tunnel": "culvert" }, "geometry": { "type": "LineString", "coordinates": [ [ 73.0633955, 33.7310746 ], [ 73.0634334, 33.7309789 ] ] } },
{ "type": "Feature", "properties": { "element": "way", "id": 1104477056, "name": null, "name:ur": null, "name:zh": null, "waterway": "stream", "width": null, "layer": null, "note": null, "created_by": null, "name:en": null, "source": null, "intermittent": "yes", "boat": null, "tunnel": null }, "geometry": { "type": "LineString", "coordinates": [ [ 73.0636616, 33.7270529 ], [ 73.0635691, 33.7266035 ], [ 73.0633031, 33.7261506 ], [ 73.0627966, 33.7256399 ], [ 73.0621951, 33.7251238 ], [ 73.0621769, 33.7248244 ] ] } },
{ "type": "Feature", "properties": { "element": "way", "id": 1104477057, "name": null, "name:ur": null, "name:zh": null, "waterway": "stream", "width": null, "layer": "-1", "note": null, "created_by": null, "name:en": null, "source": null, "intermittent": "yes", "boat": null, "tunnel": "culvert" }, "geometry": { "type": "LineString", "coordinates": [ [ 73.0636881, 33.7271816 ], [ 73.0636616, 33.7270529 ] ] } },
{ "type": "Feature", "properties": { "element": "way", "id": 1104477058, "name": null, "name:ur": null, "name:zh": null, "waterway": "stream", "width": null, "layer": null, "note": null, "created_by": null, "name:en": null, "source": null, "intermittent": "yes", "boat": null, "tunnel": null }, "geometry": { "type": "LineString", "coordinates": [ [ 73.0639069, 33.7279444 ], [ 73.0637653, 33.7275566 ], [ 73.0636881, 33.7271816 ] ] } },
{ "type": "Feature", "properties": { "element": "way", "id": 1104477059, "name": null, "name:ur": null, "name:zh": null, "waterway": "stream", "width": null, "layer": "-1", "note": null, "created_by": null, "name:en": null, "source": null, "intermittent": "yes", "boat": null, "tunnel": "culvert" }, "geometry": { "type": "LineString", "coordinates": [ [ 73.0640635, 33.7283928 ], [ 73.0639069, 33.7279444 ] ] } },
{ "type": "Feature", "properties": { "element": "way", "id": 1104477060, "name": null, "name:ur": null, "name:zh": null, "waterway": "stream", "width": null, "layer": null, "note": null, "created_by": null, "name:en": null, "source": null, "intermittent": "yes", "boat": null, "tunnel": null }, "geometry": { "type": "LineString", "coordinates": [ [ 73.0642567, 33.7289097 ], [ 73.0640635, 33.7283928 ] ] } },
{ "type": "Feature", "properties": { "element": "way", "id": 1104477061, "name": null, "name:ur": null, "name:zh": null, "waterway": "stream", "width": null, "layer": "-1", "note": null, "created_by": null, "name:en": null, "source": null, "intermittent": "yes", "boat": null, "tunnel": "culvert" }, "geometry": { "type": "LineString", "coordinates": [ [ 73.0643038, 33.7290357 ], [ 73.0642567, 33.7289097 ] ] } },
{ "type": "Feature", "properties": { "element": "way", "id": 1104477062, "name": null, "name:ur": null, "name:zh": null, "waterway": "stream", "width": null, "layer": "-1", "note": null, "created_by": null, "name:en": null, "source": null, "intermittent": null, "boat": "no", "tunnel": null }, "geometry": { "type": "LineString", "coordinates": [ [ 73.0707354, 33.7234215 ], [ 73.0708554, 33.7233507 ], [ 73.0710078, 33.723099 ], [ 73.0715013, 33.7226906 ], [ 73.0717288, 33.7226031 ], [ 73.072321, 33.7223549 ], [ 73.0724519, 33.7222496 ], [ 73.0724283, 33.7221693 ], [ 73.071982, 33.7221265 ], [ 73.0718232, 33.7219355 ], [ 73.0712631, 33.7217606 ], [ 73.071158, 33.7216232 ], [ 73.0713447, 33.7212091 ], [ 73.071615, 33.720961 ], [ 73.0716408, 33.7208236 ], [ 73.0718833, 33.7206808 ], [ 73.0717846, 33.7203721 ], [ 73.0715206, 33.7202204 ], [ 73.0714584, 33.7200473 ] ] } },
{ "type": "Feature", "properties": { "element": "way", "id": 1104477063, "name": null, "name:ur": null, "name:zh": null, "waterway": "stream", "width": null, "layer": "-1", "note": null, "created_by": null, "name:en": null, "source": null, "intermittent": null, "boat": "no", "tunnel": "culvert" }, "geometry": { "type": "LineString", "coordinates": [ [ 73.0718742, 33.7262195 ], [ 73.0718043, 33.7261324 ] ] } },
{ "type": "Feature", "properties": { "element": "way", "id": 1104719598, "name": null, "name:ur": null, "name:zh": null, "waterway": "stream", "width": null, "layer": null, "note": null, "created_by": null, "name:en": null, "source": null, "intermittent": "yes", "boat": null, "tunnel": null }, "geometry": { "type": "LineString", "coordinates": [ [ 73.0836577, 33.7395991 ], [ 73.0834163, 33.7391165 ], [ 73.0831571, 33.738745 ], [ 73.0831704, 33.7384092 ], [ 73.0830706, 33.738024 ], [ 73.0826175, 33.7371522 ], [ 73.0826685, 33.7366127 ], [ 73.0828102, 33.7361414 ], [ 73.0831697, 33.7357801 ], [ 73.0834137, 33.7354098 ], [ 73.0837276, 33.7349525 ], [ 73.0839609, 33.7346492 ], [ 73.0844674, 33.7343671 ], [ 73.0846215, 33.7340215 ], [ 73.0849578, 33.7336486 ], [ 73.0852847, 33.7331321 ], [ 73.085308, 33.7328136 ], [ 73.0854467, 33.7325422 ] ] } },
{ "type": "Feature", "properties": { "element": "way", "id": 1104719605, "name": null, "name:ur": null, "name:zh": null, "waterway": "stream", "width": null, "layer": null, "note": null, "created_by": null, "name:en": null, "source": null, "intermittent": "yes", "boat": null, "tunnel": null }, "geometry": { "type": "LineString", "coordinates": [ [ 73.0431648, 33.7286527 ], [ 73.0436823, 33.728069 ] ] } },
{ "type": "Feature", "properties": { "element": "way", "id": 1104719606, "name": null, "name:ur": null, "name:zh": null, "waterway": "stream", "width": null, "layer": "-1", "note": null, "created_by": null, "name:en": null, "source": null, "intermittent": "yes", "boat": null, "tunnel": "culvert" }, "geometry": { "type": "LineString", "coordinates": [ [ 73.0436823, 33.728069 ], [ 73.0437567, 33.7279852 ] ] } },
{ "type": "Feature", "properties": { "element": "way", "id": 1104719607, "name": null, "name:ur": null, "name:zh": null, "waterway": "stream", "width": null, "layer": null, "note": null, "created_by": null, "name:en": null, "source": null, "intermittent": "yes", "boat": null, "tunnel": null }, "geometry": { "type": "LineString", "coordinates": [ [ 73.0437567, 33.7279852 ], [ 73.0438402, 33.727891 ], [ 73.0439807, 33.7277325 ], [ 73.0442335, 33.7274474 ], [ 73.043479, 33.7267424 ], [ 73.0431344, 33.7262621 ], [ 73.0431717, 33.7258903 ], [ 73.0435722, 33.725472 ], [ 73.0439913, 33.7251079 ], [ 73.0441869, 33.7247593 ], [ 73.0442614, 33.7243022 ], [ 73.0448016, 33.7239769 ], [ 73.0450163, 33.7235789 ] ] } },
{ "type": "Feature", "properties": { "element": "way", "id": 1104719608, "name": null, "name:ur": null, "name:zh": null, "waterway": "stream", "width": null, "layer": "-1", "note": null, "created_by": null, "name:en": null, "source": null, "intermittent": "yes", "boat": null, "tunnel": "culvert" }, "geometry": { "type": "LineString", "coordinates": [ [ 73.0450163, 33.7235789 ], [ 73.0451276, 33.7233726 ] ] } },
{ "type": "Feature", "properties": { "element": "way", "id": 1104719609, "name": null, "name:ur": null, "name:zh": null, "waterway": "stream", "width": null, "layer": null, "note": null, "created_by": null, "name:en": null, "source": null, "intermittent": "yes", "boat": null, "tunnel": null }, "geometry": { "type": "LineString", "coordinates": [ [ 73.0451276, 33.7233726 ], [ 73.0454751, 33.7231248 ] ] } },
{ "type": "Feature", "properties": { "element": "way", "id": 1104719610, "name": null, "name:ur": null, "name:zh": null, "waterway": "stream", "width": null, "layer": "-1", "note": null, "created_by": null, "name:en": null, "source": null, "intermittent": "yes", "boat": null, "tunnel": "culvert" }, "geometry": { "type": "LineString", "coordinates": [ [ 73.0454751, 33.7231248 ], [ 73.0458069, 33.7228648 ] ] } },
{ "type": "Feature", "properties": { "element": "way", "id": 1116363529, "name": null, "name:ur": null, "name:zh": null, "waterway": "stream", "width": null, "layer": null, "note": null, "created_by": null, "name:en": null, "source": null, "intermittent": "yes", "boat": null, "tunnel": null }, "geometry": { "type": "LineString", "coordinates": [ [ 73.0565168, 33.7193186 ], [ 73.0566189, 33.7191375 ], [ 73.0569036, 33.7187623 ], [ 73.057173, 33.7181787 ], [ 73.0575865, 33.7179285 ], [ 73.0573547, 33.7170686 ], [ 73.0574367, 33.7166791 ] ] } },
{ "type": "Feature", "properties": { "element": "way", "id": 1116363530, "name": null, "name:ur": null, "name:zh": null, "waterway": "stream", "width": null, "layer": "-1", "note": null, "created_by": null, "name:en": null, "source": null, "intermittent": "yes", "boat": null, "tunnel": "culvert" }, "geometry": { "type": "LineString", "coordinates": [ [ 73.0574367, 33.7166791 ], [ 73.0574499, 33.7166165 ] ] } },
{ "type": "Feature", "properties": { "element": "way", "id": 1120771050, "name": null, "name:ur": null, "name:zh": null, "waterway": "stream", "width": null, "layer": null, "note": null, "created_by": null, "name:en": null, "source": null, "intermittent": "yes", "boat": null, "tunnel": null }, "geometry": { "type": "LineString", "coordinates": [ [ 73.064496, 33.7333134 ], [ 73.0647618, 33.7327024 ], [ 73.0649381, 33.7324774 ], [ 73.065016, 33.732162 ], [ 73.0649955, 33.7320631 ], [ 73.0646675, 33.7319301 ], [ 73.0645815, 33.7314324 ], [ 73.0645405, 33.7310894 ], [ 73.0644175, 33.7306735 ], [ 73.064479, 33.7300394 ], [ 73.0644497, 33.7296789 ] ] } },
{ "type": "Feature", "properties": { "element": "way", "id": 1120771051, "name": null, "name:ur": null, "name:zh": null, "waterway": "stream", "width": null, "layer": null, "note": null, "created_by": null, "name:en": null, "source": null, "intermittent": "yes", "boat": null, "tunnel": null }, "geometry": { "type": "LineString", "coordinates": [ [ 73.0641387, 33.7356958 ], [ 73.064192, 33.735331 ], [ 73.0640157, 33.7348674 ], [ 73.0640854, 33.7345708 ], [ 73.0640157, 33.7344174 ], [ 73.0644689, 33.7333757 ] ] } },
{ "type": "Feature", "properties": { "element": "way", "id": 1120771052, "name": null, "name:ur": null, "name:zh": null, "waterway": "stream", "width": null, "layer": "-1", "note": null, "created_by": null, "name:en": null, "source": null, "intermittent": "yes", "boat": null, "tunnel": "culvert" }, "geometry": { "type": "LineString", "coordinates": [ [ 73.0644689, 33.7333757 ], [ 73.064496, 33.7333134 ] ] } },
{ "type": "Feature", "properties": { "element": "way", "id": 1147022097, "name": "Lai Nadi", "name:ur": null, "name:zh": "莱明渠", "waterway": "river", "width": null, "layer": "-1", "note": null, "created_by": null, "name:en": null, "source": null, "intermittent": null, "boat": null, "tunnel": "culvert" }, "geometry": { "type": "LineString", "coordinates": [ [ 73.0293462, 33.696115 ], [ 73.0301246, 33.695646 ] ] } },
{ "type": "Feature", "properties": { "element": "way", "id": 1147022098, "name": "Nala Lai", "name:ur": null, "name:zh": null, "waterway": "river", "width": null, "layer": null, "note": null, "created_by": null, "name:en": null, "source": null, "intermittent": null, "boat": null, "tunnel": null }, "geometry": { "type": "LineString", "coordinates": [ [ 73.0293156, 33.6961367 ], [ 73.0293462, 33.696115 ] ] } },
{ "type": "Feature", "properties": { "element": "way", "id": 1158045111, "name": null, "name:ur": null, "name:zh": null, "waterway": "stream", "width": null, "layer": null, "note": null, "created_by": null, "name:en": null, "source": null, "intermittent": "yes", "boat": null, "tunnel": null }, "geometry": { "type": "LineString", "coordinates": [ [ 73.0452475, 33.7088986 ], [ 73.045584, 33.7085325 ], [ 73.0453977, 33.7078197 ], [ 73.0456399, 33.7070604 ], [ 73.045867, 33.7066388 ] ] } },
{ "type": "Feature", "properties": { "element": "way", "id": 1158045112, "name": null, "name:ur": null, "name:zh": null, "waterway": "stream", "width": null, "layer": "-1", "note": null, "created_by": null, "name:en": null, "source": null, "intermittent": "yes", "boat": null, "tunnel": "culvert" }, "geometry": { "type": "LineString", "coordinates": [ [ 73.0451879, 33.7089623 ], [ 73.0452475, 33.7088986 ] ] } },
{ "type": "Feature", "properties": { "element": "way", "id": 1158045113, "name": null, "name:ur": null, "name:zh": null, "waterway": "stream", "width": null, "layer": null, "note": null, "created_by": null, "name:en": null, "source": null, "intermittent": "yes", "boat": null, "tunnel": null }, "geometry": { "type": "LineString", "coordinates": [ [ 73.0442065, 33.7108608 ], [ 73.0445501, 33.7102534 ], [ 73.0444943, 33.7095251 ], [ 73.0447364, 33.7092307 ], [ 73.0449879, 33.709161 ], [ 73.0451879, 33.7089623 ] ] } },
{ "type": "Feature", "properties": { "element": "way", "id": 1158045114, "name": null, "name:ur": null, "name:zh": null, "waterway": "stream", "width": null, "layer": "-1", "note": null, "created_by": null, "name:en": null, "source": null, "intermittent": "yes", "boat": null, "tunnel": "culvert" }, "geometry": { "type": "LineString", "coordinates": [ [ 73.0440894, 33.7110591 ], [ 73.0442065, 33.7108608 ] ] } },
{ "type": "Feature", "properties": { "element": "way", "id": 1158045115, "name": null, "name:ur": null, "name:zh": null, "waterway": "stream", "width": null, "layer": null, "note": null, "created_by": null, "name:en": null, "source": null, "intermittent": "yes", "boat": null, "tunnel": null }, "geometry": { "type": "LineString", "coordinates": [ [ 73.0458399, 33.7024402 ], [ 73.0458937, 33.702172 ], [ 73.0458499, 33.7017086 ], [ 73.0463734, 33.7017276 ], [ 73.0459904, 33.7012836 ], [ 73.0456766, 33.7010706 ], [ 73.0455519, 33.7009426 ], [ 73.0456526, 33.7007992 ], [ 73.0460441, 33.7009337 ], [ 73.0465188, 33.7009152 ], [ 73.0470051, 33.7008971 ], [ 73.0470122, 33.7007845 ], [ 73.0469771, 33.7006103 ], [ 73.0472793, 33.7002716 ], [ 73.0472167, 33.7001113 ], [ 73.0468452, 33.7002098 ], [ 73.0465907, 33.7003947 ], [ 73.0463841, 33.7003943 ], [ 73.0462422, 33.7001799 ], [ 73.0460939, 33.6999656 ], [ 73.0459479, 33.6998191 ], [ 73.0459039, 33.6995847 ], [ 73.0459634, 33.6993407 ], [ 73.0460345, 33.6989628 ], [ 73.0463054, 33.6987074 ], [ 73.0463113, 33.6983897 ], [ 73.0461523, 33.6981234 ], [ 73.045795, 33.6979789 ], [ 73.0454007, 33.6976735 ], [ 73.0450771, 33.6975788 ], [ 73.0450146, 33.6974002 ], [ 73.0451524, 33.6971864 ], [ 73.0454165, 33.6971702 ], [ 73.0456298, 33.697361 ], [ 73.0457381, 33.6973576 ] ] } },
{ "type": "Feature", "properties": { "element": "way", "id": 1158045116, "name": null, "name:ur": null, "name:zh": null, "waterway": "stream", "width": null, "layer": "-1", "note": null, "created_by": null, "name:en": null, "source": null, "intermittent": "yes", "boat": null, "tunnel": "culvert" }, "geometry": { "type": "LineString", "coordinates": [ [ 73.045867, 33.7066388 ], [ 73.0460033, 33.7063998 ] ] } },
{ "type": "Feature", "properties": { "element": "way", "id": 1158831859, "name": null, "name:ur": null, "name:zh": null, "waterway": "stream", "width": null, "layer": "-1", "note": null, "created_by": null, "name:en": null, "source": null, "intermittent": null, "boat": null, "tunnel": "culvert" }, "geometry": { "type": "LineString", "coordinates": [ [ 73.0292252, 33.7146042 ], [ 73.0293862, 33.7143358 ] ] } },
{ "type": "Feature", "properties": { "element": "way", "id": 1158831860, "name": null, "name:ur": null, "name:zh": null, "waterway": "stream", "width": null, "layer": null, "note": null, "created_by": null, "name:en": null, "source": null, "intermittent": null, "boat": null, "tunnel": null }, "geometry": { "type": "LineString", "coordinates": [ [ 73.0290289, 33.7150034 ], [ 73.0291078, 33.7148102 ], [ 73.0292252, 33.7146042 ] ] } },
{ "type": "Feature", "properties": { "element": "way", "id": 1159992572, "name": null, "name:ur": null, "name:zh": null, "waterway": "stream", "width": null, "layer": null, "note": null, "created_by": null, "name:en": null, "source": null, "intermittent": "yes", "boat": null, "tunnel": null }, "geometry": { "type": "LineString", "coordinates": [ [ 73.0162335, 33.7351757 ], [ 73.0163004, 33.7348324 ], [ 73.0161259, 33.7345829 ], [ 73.0158796, 33.7342306 ], [ 73.0159268, 33.7339428 ], [ 73.0163043, 33.7334883 ], [ 73.016389, 33.7333755 ], [ 73.0164223, 33.7333313 ], [ 73.0167998, 33.7331318 ], [ 73.017193, 33.7328767 ], [ 73.0173031, 33.7326118 ], [ 73.0171104, 33.7321638 ], [ 73.0170082, 33.7316405 ], [ 73.0170475, 33.7311107 ], [ 73.0171891, 33.7307739 ], [ 73.0172115, 33.7306877 ] ] } },
{ "type": "Feature", "properties": { "element": "way", "id": 1159992573, "name": null, "name:ur": null, "name:zh": null, "waterway": "stream", "width": null, "layer": null, "note": null, "created_by": null, "name:en": null, "source": null, "intermittent": "yes", "boat": null, "tunnel": null }, "geometry": { "type": "LineString", "coordinates": [ [ 73.0172366, 33.730591 ], [ 73.0172638, 33.7304861 ], [ 73.0171537, 33.7300184 ], [ 73.0171891, 33.7298549 ], [ 73.0173739, 33.7297666 ] ] } },
{ "type": "Feature", "properties": { "element": "way", "id": 1159992574, "name": null, "name:ur": null, "name:zh": null, "waterway": "stream", "width": null, "layer": "-1", "note": null, "created_by": null, "name:en": null, "source": null, "intermittent": "yes", "boat": null, "tunnel": "culvert" }, "geometry": { "type": "LineString", "coordinates": [ [ 73.0172115, 33.7306877 ], [ 73.0172366, 33.730591 ] ] } },
{ "type": "Feature", "properties": { "element": "way", "id": 1173066527, "name": null, "name:ur": null, "name:zh": null, "waterway": "drain", "width": null, "layer": "-1", "note": null, "created_by": null, "name:en": null, "source": null, "intermittent": null, "boat": null, "tunnel": null }, "geometry": { "type": "LineString", "coordinates": [ [ 73.0365165, 33.6923013 ], [ 73.0364965, 33.6922195 ], [ 73.0366524, 33.6913976 ], [ 73.0366112, 33.690438 ], [ 73.0367485, 33.6902309 ], [ 73.0367313, 33.6901166 ], [ 73.0367828, 33.6900523 ], [ 73.0368086, 33.6899524 ], [ 73.0368, 33.6899167 ], [ 73.0367313, 33.6899167 ], [ 73.0367142, 33.6898095 ], [ 73.0366026, 33.6898095 ], [ 73.0365768, 33.6896953 ] ] } },
{ "type": "Feature", "properties": { "element": "way", "id": 1173066528, "name": null, "name:ur": null, "name:zh": null, "waterway": "drain", "width": null, "layer": "-1", "note": null, "created_by": null, "name:en": null, "source": null, "intermittent": null, "boat": null, "tunnel": "culvert" }, "geometry": { "type": "LineString", "coordinates": [ [ 73.0366032, 33.6925186 ], [ 73.0365165, 33.6923013 ] ] } },
{ "type": "Feature", "properties": { "element": "way", "id": 1173066535, "name": null, "name:ur": null, "name:zh": null, "waterway": "stream", "width": null, "layer": null, "note": null, "created_by": null, "name:en": null, "source": null, "intermittent": "yes", "boat": null, "tunnel": null }, "geometry": { "type": "LineString", "coordinates": [ [ 73.0460033, 33.7063998 ], [ 73.0461122, 33.7063441 ], [ 73.0462121, 33.7062381 ], [ 73.0462123, 33.7061267 ], [ 73.0461524, 33.7060069 ], [ 73.0460629, 33.7059107 ], [ 73.0460681, 33.7057949 ], [ 73.0461946, 33.7057516 ], [ 73.0463, 33.7056543 ], [ 73.0463991, 33.7054722 ], [ 73.0463977, 33.7053293 ], [ 73.0464113, 33.7052059 ] ] } },
{ "type": "Feature", "properties": { "element": "way", "id": 1173066536, "name": null, "name:ur": null, "name:zh": null, "waterway": "stream", "width": null, "layer": "-1", "note": null, "created_by": null, "name:en": null, "source": null, "intermittent": "yes", "boat": null, "tunnel": "culvert" }, "geometry": { "type": "LineString", "coordinates": [ [ 73.0457263, 33.7028804 ], [ 73.0458399, 33.7024402 ] ] } },
{ "type": "Feature", "properties": { "element": "way", "id": 1173066537, "name": null, "name:ur": null, "name:zh": null, "waterway": "stream", "width": null, "layer": null, "note": null, "created_by": null, "name:en": null, "source": null, "intermittent": "yes", "boat": null, "tunnel": null }, "geometry": { "type": "LineString", "coordinates": [ [ 73.0483014, 33.6954176 ], [ 73.0483929, 33.6949054 ], [ 73.0491136, 33.6943101 ] ] } },
{ "type": "Feature", "properties": { "element": "way", "id": 1173066538, "name": null, "name:ur": null, "name:zh": null, "waterway": "stream", "width": null, "layer": "-1", "note": null, "created_by": null, "name:en": null, "source": null, "intermittent": "yes", "boat": null, "tunnel": "culvert" }, "geometry": { "type": "LineString", "coordinates": [ [ 73.0480595, 33.6960416 ], [ 73.0483014, 33.6954176 ] ] } },
{ "type": "Feature", "properties": { "element": "way", "id": 1173066541, "name": null, "name:ur": null, "name:zh": null, "waterway": "stream", "width": null, "layer": null, "note": null, "created_by": null, "name:en": null, "source": null, "intermittent": "yes", "boat": null, "tunnel": null }, "geometry": { "type": "LineString", "coordinates": [ [ 73.0460183, 33.7033814 ], [ 73.0458868, 33.703277 ], [ 73.0456883, 33.7030093 ], [ 73.0457263, 33.7028804 ] ] } },
{ "type": "Feature", "properties": { "element": "way", "id": 1173066542, "name": null, "name:ur": null, "name:zh": null, "waterway": "stream", "width": null, "layer": "-1", "note": null, "created_by": null, "name:en": null, "source": null, "intermittent": "yes", "boat": null, "tunnel": "culvert" }, "geometry": { "type": "LineString", "coordinates": [ [ 73.0463616, 33.7035596 ], [ 73.0460183, 33.7033814 ] ] } },
{ "type": "Feature", "properties": { "element": "way", "id": 1173066543, "name": null, "name:ur": null, "name:zh": null, "waterway": "stream", "width": null, "layer": null, "note": null, "created_by": null, "name:en": null, "source": null, "intermittent": "yes", "boat": null, "tunnel": null }, "geometry": { "type": "LineString", "coordinates": [ [ 73.0465598, 33.70465 ], [ 73.0466033, 33.7045545 ], [ 73.0466885, 33.7044619 ], [ 73.0467165, 33.7042737 ], [ 73.0467586, 33.7040823 ], [ 73.0467986, 33.7038118 ], [ 73.0466581, 33.7036338 ], [ 73.0465233, 33.7036134 ], [ 73.0463616, 33.7035596 ] ] } },
{ "type": "Feature", "properties": { "element": "way", "id": 1173066544, "name": null, "name:ur": null, "name:zh": null, "waterway": "stream", "width": null, "layer": "-1", "note": null, "created_by": null, "name:en": null, "source": null, "intermittent": "yes", "boat": null, "tunnel": "culvert" }, "geometry": { "type": "LineString", "coordinates": [ [ 73.0464113, 33.7052059 ], [ 73.0465598, 33.70465 ] ] } },
{ "type": "Feature", "properties": { "element": "way", "id": 1317096766, "name": null, "name:ur": null, "name:zh": null, "waterway": "stream", "width": null, "layer": null, "note": null, "created_by": null, "name:en": null, "source": null, "intermittent": null, "boat": null, "tunnel": null }, "geometry": { "type": "LineString", "coordinates": [ [ 73.0312259, 33.7274148 ], [ 73.0309219, 33.7266323 ], [ 73.0305004, 33.7260249 ], [ 73.0304182, 33.7254779 ] ] } },
{ "type": "Feature", "properties": { "element": "way", "id": 1317096767, "name": null, "name:ur": null, "name:zh": null, "waterway": "stream", "width": null, "layer": "-1", "note": null, "created_by": null, "name:en": null, "source": null, "intermittent": null, "boat": null, "tunnel": "yes" }, "geometry": { "type": "LineString", "coordinates": [ [ 73.0312917, 33.7275944 ], [ 73.0312259, 33.7274148 ] ] } },
{ "type": "Feature", "properties": { "element": "way", "id": 1375306907, "name": null, "name:ur": null, "name:zh": null, "waterway": "stream", "width": null, "layer": null, "note": null, "created_by": null, "name:en": null, "source": null, "intermittent": "yes", "boat": null, "tunnel": null }, "geometry": { "type": "LineString", "coordinates": [ [ 73.0458041, 33.6971269 ], [ 73.0460753, 33.6969784 ], [ 73.0464597, 33.6971193 ], [ 73.0467299, 33.6970612 ], [ 73.0467219, 33.6969483 ], [ 73.0465374, 33.6968756 ], [ 73.0463915, 33.696754 ], [ 73.0464454, 33.6966052 ], [ 73.0467667, 33.6964267 ], [ 73.0471143, 33.6963158 ], [ 73.0477043, 33.696332 ], [ 73.0479449, 33.6961712 ], [ 73.0480595, 33.6960416 ] ] } },
{ "type": "Feature", "properties": { "element": "way", "id": 1375306908, "name": null, "name:ur": null, "name:zh": null, "waterway": "stream", "width": null, "layer": null, "note": null, "created_by": null, "name:en": null, "source": null, "intermittent": "yes", "boat": null, "tunnel": null }, "geometry": { "type": "LineString", "coordinates": [ [ 73.0457381, 33.6973576 ], [ 73.0458041, 33.6971269 ] ] } },
{ "type": "Feature", "properties": { "element": "way", "id": 1419430261, "name": null, "name:ur": null, "name:zh": null, "waterway": "stream", "width": null, "layer": null, "note": null, "created_by": null, "name:en": null, "source": null, "intermittent": "yes", "boat": null, "tunnel": null }, "geometry": { "type": "LineString", "coordinates": [ [ 73.040433, 33.6994771 ], [ 73.0405063, 33.6993416 ], [ 73.0405265, 33.6992367 ], [ 73.0404727, 33.6990954 ], [ 73.0404021, 33.69888 ], [ 73.0403903, 33.6986856 ], [ 73.0404693, 33.6985681 ], [ 73.0407602, 33.6984926 ], [ 73.0409972, 33.6982884 ], [ 73.0411166, 33.6981555 ], [ 73.0413721, 33.6980422 ], [ 73.0415083, 33.6980352 ], [ 73.0415318, 33.6979429 ], [ 73.0415453, 33.6978632 ], [ 73.0416377, 33.6977765 ], [ 73.0417554, 33.6977177 ], [ 73.0418613, 33.6977066 ], [ 73.0418899, 33.6977331 ], [ 73.0419067, 33.6977751 ], [ 73.0419756, 33.697866 ], [ 73.0421454, 33.6979765 ], [ 73.0422194, 33.6979555 ], [ 73.042285, 33.697866 ], [ 73.0423001, 33.6977429 ], [ 73.0422228, 33.6975933 ], [ 73.0420193, 33.6973317 ], [ 73.0418731, 33.6971974 ], [ 73.0418529, 33.6970156 ], [ 73.0419185, 33.6968338 ], [ 73.0421841, 33.6967764 ], [ 73.0425674, 33.696845 ], [ 73.0426834, 33.6968058 ], [ 73.0428196, 33.6966757 ], [ 73.0431272, 33.6966534 ], [ 73.043297, 33.6966044 ], [ 73.0434063, 33.6964827 ], [ 73.0434265, 33.696217 ], [ 73.0433996, 33.6959946 ], [ 73.0431306, 33.6958393 ], [ 73.042944, 33.6957624 ], [ 73.0429356, 33.6955316 ], [ 73.0430331, 33.6953316 ], [ 73.0429372, 33.6951218 ], [ 73.0428246, 33.6948294 ], [ 73.0428599, 33.6946266 ], [ 73.0430112, 33.6943721 ], [ 73.0433037, 33.6941007 ], [ 73.0434063, 33.6939063 ], [ 73.0433794, 33.6934741 ], [ 73.0432752, 33.6932573 ], [ 73.043312, 33.6930236 ], [ 73.0437999, 33.6929963 ], [ 73.0442821, 33.6928765 ], [ 73.0445261, 33.6925189 ] ] } },
{ "type": "Feature", "properties": { "element": "way", "id": 1419430262, "name": null, "name:ur": null, "name:zh": null, "waterway": "stream", "width": null, "layer": null, "note": null, "created_by": null, "name:en": null, "source": null, "intermittent": null, "boat": null, "tunnel": null }, "geometry": { "type": "LineString", "coordinates": [ [ 73.0446734, 33.6923029 ], [ 73.0449323, 33.6918672 ] ] } },
{ "type": "Feature", "properties": { "element": "way", "id": 1419430263, "name": null, "name:ur": null, "name:zh": null, "waterway": "stream", "width": null, "layer": "-1", "note": null, "created_by": null, "name:en": null, "source": null, "intermittent": null, "boat": null, "tunnel": "culvert" }, "geometry": { "type": "LineString", "coordinates": [ [ 73.0446055, 33.6924024 ], [ 73.0446734, 33.6923029 ] ] } },
{ "type": "Feature", "properties": { "element": "way", "id": 1419430264, "name": null, "name:ur": null, "name:zh": null, "waterway": "stream", "width": null, "layer": null, "note": null, "created_by": null, "name:en": null, "source": null, "intermittent": null, "boat": null, "tunnel": null }, "geometry": { "type": "LineString", "coordinates": [ [ 73.0445928, 33.6924211 ], [ 73.0446055, 33.6924024 ] ] } },
{ "type": "Feature", "properties": { "element": "way", "id": 1419430265, "name": null, "name:ur": null, "name:zh": null, "waterway": "stream", "width": null, "layer": "-1", "note": null, "created_by": null, "name:en": null, "source": null, "intermittent": null, "boat": null, "tunnel": "culvert" }, "geometry": { "type": "LineString", "coordinates": [ [ 73.0445261, 33.6925189 ], [ 73.0445928, 33.6924211 ] ] } },
{ "type": "Feature", "properties": { "element": "way", "id": 1453879125, "name": null, "name:ur": null, "name:zh": null, "waterway": "stream", "width": null, "layer": null, "note": null, "created_by": null, "name:en": null, "source": null, "intermittent": null, "boat": null, "tunnel": null }, "geometry": { "type": "LineString", "coordinates": [ [ 73.0761861, 33.718793 ], [ 73.0762864, 33.7182492 ], [ 73.0762473, 33.7178289 ], [ 73.0761693, 33.7174232 ], [ 73.0764159, 33.7170392 ], [ 73.0762728, 33.7165911 ], [ 73.0759504, 33.7161618 ], [ 73.076151, 33.7159085 ], [ 73.0760782, 33.7156856 ], [ 73.0760012, 33.7151177 ], [ 73.0760689, 33.7144568 ], [ 73.0760205, 33.7139052 ], [ 73.0759388, 33.7135009 ], [ 73.0759291, 33.7133095 ], [ 73.0760575, 33.7131777 ], [ 73.0761375, 33.7130763 ], [ 73.0761485, 33.7129165 ], [ 73.0764862, 33.712598 ], [ 73.076413, 33.7123771 ], [ 73.0763845, 33.7122912 ], [ 73.0763822, 33.7122842 ] ] } },
{ "type": "Feature", "properties": { "element": "way", "id": 1453917061, "name": null, "name:ur": null, "name:zh": null, "waterway": "stream", "width": null, "layer": "-1", "note": null, "created_by": null, "name:en": null, "source": null, "intermittent": null, "boat": "no", "tunnel": null }, "geometry": { "type": "LineString", "coordinates": [ [ 73.0718043, 33.7261324 ], [ 73.0716933, 33.7259938 ], [ 73.0715539, 33.7256994 ], [ 73.0712213, 33.7253068 ], [ 73.071103, 33.7251514 ], [ 73.0710464, 33.7248319 ], [ 73.0712138, 33.7246695 ], [ 73.0712331, 33.7243697 ], [ 73.0710443, 33.724152 ], [ 73.0707503, 33.724086 ], [ 73.0706666, 33.723936 ], [ 73.0704198, 33.7236237 ], [ 73.0704349, 33.7235131 ], [ 73.0705894, 33.7235077 ], [ 73.0706331, 33.7234819 ] ] } },
{ "type": "Feature", "properties": { "element": "way", "id": 1453917062, "name": null, "name:ur": null, "name:zh": null, "waterway": "stream", "width": null, "layer": "-1", "note": null, "created_by": null, "name:en": null, "source": null, "intermittent": null, "boat": "no", "tunnel": "culvert" }, "geometry": { "type": "LineString", "coordinates": [ [ 73.0706331, 33.7234819 ], [ 73.0707354, 33.7234215 ] ] } },
{ "type": "Feature", "properties": { "element": "way", "id": 1453917063, "name": null, "name:ur": null, "name:zh": null, "waterway": "stream", "width": null, "layer": null, "note": null, "created_by": null, "name:en": null, "source": null, "intermittent": null, "boat": null, "tunnel": null }, "geometry": { "type": "LineString", "coordinates": [ [ 73.0702945, 33.706591 ], [ 73.0700375, 33.7063799 ], [ 73.069922, 33.7059932 ], [ 73.0699721, 33.7057204 ], [ 73.0704251, 33.705063 ], [ 73.0704426, 33.7047893 ], [ 73.0704705, 33.7044488 ], [ 73.0700461, 33.7042518 ], [ 73.0696724, 33.7042142 ], [ 73.0692688, 33.7041644 ], [ 73.0688143, 33.7040143 ], [ 73.0687289, 33.7038846 ] ] } },
{ "type": "Feature", "properties": { "element": "way", "id": 1453917064, "name": null, "name:ur": null, "name:zh": null, "waterway": "stream", "width": null, "layer": "-1", "note": null, "created_by": null, "name:en": null, "source": null, "intermittent": null, "boat": null, "tunnel": "culvert" }, "geometry": { "type": "LineString", "coordinates": [ [ 73.0723642, 33.7085871 ], [ 73.0722619, 33.7085366 ] ] } },
{ "type": "Feature", "properties": { "element": "way", "id": 1453917067, "name": null, "name:ur": null, "name:zh": null, "waterway": "stream", "width": null, "layer": null, "note": null, "created_by": null, "name:en": null, "source": null, "intermittent": null, "boat": null, "tunnel": null }, "geometry": { "type": "LineString", "coordinates": [ [ 73.0759613, 33.7107111 ], [ 73.075691, 33.7105155 ], [ 73.0755101, 33.710407 ], [ 73.0754107, 33.710046 ], [ 73.0752777, 33.7098161 ], [ 73.0750279, 33.7098146 ], [ 73.0748058, 33.7099281 ], [ 73.0745888, 33.7098132 ], [ 73.0740215, 33.7095503 ], [ 73.0737088, 33.7090875 ], [ 73.0730661, 33.7089337 ], [ 73.0726001, 33.7087036 ], [ 73.0723642, 33.7085871 ] ] } },
{ "type": "Feature", "properties": { "element": "way", "id": 1453917068, "name": null, "name:ur": null, "name:zh": null, "waterway": "stream", "width": null, "layer": "-1", "note": null, "created_by": null, "name:en": null, "source": null, "intermittent": null, "boat": null, "tunnel": "culvert" }, "geometry": { "type": "LineString", "coordinates": [ [ 73.0760229, 33.7107556 ], [ 73.0759613, 33.7107111 ] ] } },
{ "type": "Feature", "properties": { "element": "way", "id": 1453917069, "name": null, "name:ur": null, "name:zh": null, "waterway": "stream", "width": null, "layer": "-1", "note": null, "created_by": null, "name:en": null, "source": null, "intermittent": null, "boat": null, "tunnel": "culvert" }, "geometry": { "type": "LineString", "coordinates": [ [ 73.0760558, 33.7107794 ], [ 73.0760229, 33.7107556 ] ] } },
{ "type": "Feature", "properties": { "element": "way", "id": 1453917070, "name": null, "name:ur": null, "name:zh": null, "waterway": "stream", "width": null, "layer": null, "note": null, "created_by": null, "name:en": null, "source": null, "intermittent": null, "boat": null, "tunnel": null }, "geometry": { "type": "LineString", "coordinates": [ [ 73.07623, 33.7113242 ], [ 73.0761995, 33.7108834 ], [ 73.0760558, 33.7107794 ] ] } },
{ "type": "Feature", "properties": { "element": "way", "id": 1453917071, "name": null, "name:ur": null, "name:zh": null, "waterway": "stream", "width": null, "layer": "-1", "note": null, "created_by": null, "name:en": null, "source": null, "intermittent": null, "boat": null, "tunnel": "culvert" }, "geometry": { "type": "LineString", "coordinates": [ [ 73.0762701, 33.7116761 ], [ 73.07623, 33.7113242 ] ] } },
{ "type": "Feature", "properties": { "element": "way", "id": 1453917072, "name": null, "name:ur": null, "name:zh": null, "waterway": "stream", "width": null, "layer": "-1", "note": null, "created_by": null, "name:en": null, "source": null, "intermittent": null, "boat": null, "tunnel": "culvert" }, "geometry": { "type": "LineString", "coordinates": [ [ 73.0762853, 33.7118474 ], [ 73.0762701, 33.7116761 ] ] } },
{ "type": "Feature", "properties": { "element": "way", "id": 1453917073, "name": null, "name:ur": null, "name:zh": null, "waterway": "stream", "width": null, "layer": null, "note": null, "created_by": null, "name:en": null, "source": null, "intermittent": null, "boat": null, "tunnel": null }, "geometry": { "type": "LineString", "coordinates": [ [ 73.0763485, 33.7121827 ], [ 73.0763029, 33.712045 ], [ 73.0762853, 33.7118474 ] ] } },
{ "type": "Feature", "properties": { "element": "way", "id": 1453917074, "name": null, "name:ur": null, "name:zh": null, "waterway": "stream", "width": null, "layer": "-1", "note": null, "created_by": null, "name:en": null, "source": null, "intermittent": null, "boat": null, "tunnel": "culvert" }, "geometry": { "type": "LineString", "coordinates": [ [ 73.0763822, 33.7122842 ], [ 73.0763485, 33.7121827 ] ] } },
{ "type": "Feature", "properties": { "element": "way", "id": 1453917078, "name": null, "name:ur": null, "name:zh": null, "waterway": "stream", "width": null, "layer": null, "note": null, "created_by": null, "name:en": null, "source": null, "intermittent": null, "boat": null, "tunnel": null }, "geometry": { "type": "LineString", "coordinates": [ [ 73.0722619, 33.7085366 ], [ 73.0721532, 33.7084829 ], [ 73.0718484, 33.7081341 ], [ 73.0716412, 33.7077958 ], [ 73.071451, 33.7075482 ], [ 73.0708123, 33.7069833 ], [ 73.0706103, 33.706826 ] ] } },
{ "type": "Feature", "properties": { "element": "way", "id": 1453917079, "name": null, "name:ur": null, "name:zh": null, "waterway": "stream", "width": null, "layer": "-1", "note": null, "created_by": null, "name:en": null, "source": null, "intermittent": null, "boat": null, "tunnel": "culvert" }, "geometry": { "type": "LineString", "coordinates": [ [ 73.0706103, 33.706826 ], [ 73.0702945, 33.706591 ] ] } },
{ "type": "Feature", "properties": { "element": "way", "id": 1453917081, "name": null, "name:ur": null, "name:zh": null, "waterway": "stream", "width": null, "layer": null, "note": null, "created_by": null, "name:en": null, "source": null, "intermittent": "yes", "boat": null, "tunnel": null }, "geometry": { "type": "LineString", "coordinates": [ [ 73.0672905, 33.7009478 ], [ 73.0671454, 33.7008133 ], [ 73.0670946, 33.7005855 ], [ 73.0671677, 33.700294 ], [ 73.0671567, 33.7001542 ], [ 73.0670365, 33.6999968 ], [ 73.0667967, 33.6997393 ] ] } },
{ "type": "Feature", "properties": { "element": "way", "id": 1453917082, "name": null, "name:ur": null, "name:zh": null, "waterway": "stream", "width": null, "layer": "-1", "note": null, "created_by": null, "name:en": null, "source": null, "intermittent": null, "boat": null, "tunnel": "culvert" }, "geometry": { "type": "LineString", "coordinates": [ [ 73.0673724, 33.7010237 ], [ 73.0672905, 33.7009478 ] ] } },
{ "type": "Feature", "properties": { "element": "way", "id": 1453917083, "name": null, "name:ur": null, "name:zh": null, "waterway": "stream", "width": null, "layer": null, "note": null, "created_by": null, "name:en": null, "source": null, "intermittent": null, "boat": null, "tunnel": null }, "geometry": { "type": "LineString", "coordinates": [ [ 73.0685515, 33.7036544 ], [ 73.0684987, 33.7035919 ], [ 73.0684603, 33.7035172 ], [ 73.0684969, 33.7033375 ], [ 73.0685679, 33.7030903 ], [ 73.0685941, 33.7022727 ], [ 73.0683877, 33.7020496 ], [ 73.068179, 33.7017555 ], [ 73.0675682, 33.7012052 ], [ 73.0673724, 33.7010237 ] ] } },
{ "type": "Feature", "properties": { "element": "way", "id": 1453917084, "name": null, "name:ur": null, "name:zh": null, "waterway": "stream", "width": null, "layer": "-1", "note": null, "created_by": null, "name:en": null, "source": null, "intermittent": null, "boat": null, "tunnel": "culvert" }, "geometry": { "type": "LineString", "coordinates": [ [ 73.0687289, 33.7038846 ], [ 73.0685515, 33.7036544 ] ] } },
{ "type": "Feature", "properties": { "element": "way", "id": 1454504841, "name": null, "name:ur": null, "name:zh": null, "waterway": "stream", "width": null, "layer": null, "note": null, "created_by": null, "name:en": null, "source": null, "intermittent": "yes", "boat": null, "tunnel": null }, "geometry": { "type": "LineString", "coordinates": [ [ 73.0389993, 33.7003725 ], [ 73.039029, 33.7001154 ], [ 73.039099, 33.6998458 ], [ 73.0392477, 33.6997457 ], [ 73.0396299, 33.6998458 ], [ 73.039926, 33.6998443 ], [ 73.0400955, 33.6998904 ], [ 73.0401308, 33.6998472 ] ] } },
{ "type": "Feature", "properties": { "element": "way", "id": 1454504842, "name": null, "name:ur": null, "name:zh": null, "waterway": "stream", "width": null, "layer": null, "note": null, "created_by": null, "name:en": null, "source": null, "intermittent": "yes", "boat": null, "tunnel": null }, "geometry": { "type": "LineString", "coordinates": [ [ 73.0362781, 33.7123056 ], [ 73.0363108, 33.7120939 ], [ 73.0362501, 33.7117307 ], [ 73.0361824, 33.7114704 ], [ 73.0361123, 33.7112859 ], [ 73.03604, 33.7111713 ], [ 73.0359022, 33.7109713 ], [ 73.0358788, 33.7107673 ], [ 73.0358718, 33.7105264 ], [ 73.0359115, 33.7103594 ], [ 73.0360937, 33.7101671 ], [ 73.0359862, 33.7098699 ], [ 73.0358345, 33.709767 ], [ 73.0358158, 33.7094076 ], [ 73.0358251, 33.7092717 ], [ 73.0358181, 33.7090755 ], [ 73.0358927, 33.7089901 ] ] } },
{ "type": "Feature", "properties": { "element": "way", "id": 1454504843, "name": null, "name:ur": null, "name:zh": null, "waterway": "stream", "width": null, "layer": "-1", "note": null, "created_by": null, "name:en": null, "source": null, "intermittent": "yes", "boat": null, "tunnel": "culvert" }, "geometry": { "type": "LineString", "coordinates": [ [ 73.0358927, 33.7089901 ], [ 73.0359628, 33.7089099 ] ] } },
{ "type": "Feature", "properties": { "element": "way", "id": 1454504844, "name": null, "name:ur": null, "name:zh": null, "waterway": "stream", "width": null, "layer": null, "note": null, "created_by": null, "name:en": null, "source": null, "intermittent": "yes", "boat": null, "tunnel": null }, "geometry": { "type": "LineString", "coordinates": [ [ 73.0359628, 33.7089099 ], [ 73.0362898, 33.7085355 ], [ 73.0364019, 33.7079197 ], [ 73.0362487, 33.7076329 ], [ 73.0361815, 33.707365 ], [ 73.0363337, 33.7070706 ], [ 73.0365567, 33.7068615 ], [ 73.03652, 33.706538 ], [ 73.0363783, 33.7062766 ], [ 73.0364183, 33.7057947 ], [ 73.0363382, 33.7055538 ], [ 73.0363186, 33.7054473 ] ] } },
{ "type": "Feature", "properties": { "element": "way", "id": 1454504845, "name": null, "name:ur": null, "name:zh": null, "waterway": "stream", "width": null, "layer": "-1", "note": null, "created_by": null, "name:en": null, "source": null, "intermittent": "yes", "boat": null, "tunnel": "culvert" }, "geometry": { "type": "LineString", "coordinates": [ [ 73.0363186, 33.7054473 ], [ 73.036297, 33.70533 ] ] } },
{ "type": "Feature", "properties": { "element": "way", "id": 1454504846, "name": null, "name:ur": null, "name:zh": null, "waterway": "stream", "width": null, "layer": null, "note": null, "created_by": null, "name:en": null, "source": null, "intermittent": "yes", "boat": null, "tunnel": null }, "geometry": { "type": "LineString", "coordinates": [ [ 73.036297, 33.70533 ], [ 73.0362802, 33.7052387 ], [ 73.0362735, 33.7052026 ], [ 73.0362396, 33.7050463 ], [ 73.0363228, 33.7048925 ], [ 73.0362674, 33.7047515 ], [ 73.0361965, 33.7046669 ], [ 73.0363321, 33.7045131 ], [ 73.0363197, 33.7043542 ], [ 73.0362427, 33.7042415 ], [ 73.0361996, 33.7041928 ], [ 73.0362797, 33.70408 ], [ 73.0363968, 33.7039672 ], [ 73.0364954, 33.7038442 ], [ 73.0365447, 33.7036417 ], [ 73.0364861, 33.7035545 ], [ 73.036369, 33.7034597 ], [ 73.0364091, 33.7032854 ], [ 73.0365262, 33.7030778 ], [ 73.0365385, 33.7029291 ], [ 73.0365477, 33.7027984 ], [ 73.0366186, 33.702642 ], [ 73.0369236, 33.702419 ], [ 73.0371978, 33.7022883 ], [ 73.0372687, 33.7022242 ], [ 73.0373504, 33.7021586 ] ] } },
{ "type": "Feature", "properties": { "element": "way", "id": 1454504847, "name": null, "name:ur": null, "name:zh": null, "waterway": "stream", "width": null, "layer": "-1", "note": null, "created_by": null, "name:en": null, "source": null, "intermittent": "yes", "boat": null, "tunnel": "culvert" }, "geometry": { "type": "LineString", "coordinates": [ [ 73.0373504, 33.7021586 ], [ 73.0375728, 33.7019607 ] ] } },
{ "type": "Feature", "properties": { "element": "way", "id": 1454504848, "name": null, "name:ur": null, "name:zh": null, "waterway": "stream", "width": null, "layer": null, "note": null, "created_by": null, "name:en": null, "source": null, "intermittent": "yes", "boat": null, "tunnel": null }, "geometry": { "type": "LineString", "coordinates": [ [ 73.0375728, 33.7019607 ], [ 73.037668, 33.7018826 ], [ 73.0377093, 33.7018705 ], [ 73.037925, 33.7016552 ], [ 73.0379835, 33.7015629 ], [ 73.0382023, 33.7014293 ], [ 73.038421, 33.7013758 ], [ 73.0385291, 33.7010942 ] ] } },
{ "type": "Feature", "properties": { "element": "way", "id": 1454504849, "name": null, "name:ur": null, "name:zh": null, "waterway": "stream", "width": null, "layer": "-1", "note": null, "created_by": null, "name:en": null, "source": null, "intermittent": "yes", "boat": null, "tunnel": "culvert" }, "geometry": { "type": "LineString", "coordinates": [ [ 73.0385291, 33.7010942 ], [ 73.0389993, 33.7003725 ] ] } },
{ "type": "Feature", "properties": { "element": "way", "id": 1454504850, "name": null, "name:ur": null, "name:zh": null, "waterway": "stream", "width": null, "layer": null, "note": null, "created_by": null, "name:en": null, "source": null, "intermittent": "yes", "boat": null, "tunnel": null }, "geometry": { "type": "LineString", "coordinates": [ [ 73.0403715, 33.6995502 ], [ 73.040433, 33.6994771 ] ] } },
{ "type": "Feature", "properties": { "element": "way", "id": 1454504851, "name": null, "name:ur": null, "name:zh": null, "waterway": "stream", "width": null, "layer": "-1", "note": null, "created_by": null, "name:en": null, "source": null, "intermittent": "yes", "boat": null, "tunnel": "culvert" }, "geometry": { "type": "LineString", "coordinates": [ [ 73.0401308, 33.6998472 ], [ 73.0403715, 33.6995502 ] ] } },
{ "type": "Feature", "properties": { "element": "way", "id": 1454505897, "name": null, "name:ur": null, "name:zh": null, "waterway": "stream", "width": null, "layer": "-1", "note": null, "created_by": null, "name:en": null, "source": null, "intermittent": "yes", "boat": null, "tunnel": "culvert" }, "geometry": { "type": "LineString", "coordinates": [ [ 73.0845131, 33.7263589 ], [ 73.0845157, 33.7261173 ] ] } },
{ "type": "Feature", "properties": { "element": "way", "id": 1454505898, "name": null, "name:ur": null, "name:zh": null, "waterway": "stream", "width": null, "layer": null, "note": null, "created_by": null, "name:en": null, "source": null, "intermittent": "yes", "boat": null, "tunnel": null }, "geometry": { "type": "LineString", "coordinates": [ [ 73.0845157, 33.7261173 ], [ 73.0845235, 33.7259197 ], [ 73.0846449, 33.7256828 ], [ 73.0848007, 33.7254624 ] ] } },
{ "type": "Feature", "properties": { "element": "way", "id": 1454505899, "name": null, "name:ur": null, "name:zh": null, "waterway": "stream", "width": null, "layer": "-1", "note": null, "created_by": null, "name:en": null, "source": null, "intermittent": "yes", "boat": null, "tunnel": "culvert" }, "geometry": { "type": "LineString", "coordinates": [ [ 73.0848007, 33.7254624 ], [ 73.085926, 33.723889 ] ] } },
{ "type": "Feature", "properties": { "element": "way", "id": 1454505907, "name": null, "name:ur": null, "name:zh": null, "waterway": "stream", "width": null, "layer": null, "note": null, "created_by": null, "name:en": null, "source": null, "intermittent": "yes", "boat": null, "tunnel": null }, "geometry": { "type": "LineString", "coordinates": [ [ 73.0853402, 33.7307806 ], [ 73.0850605, 33.730697 ], [ 73.0849344, 33.7302853 ], [ 73.0848971, 33.729959 ], [ 73.0850465, 33.7294852 ], [ 73.0853454, 33.7290658 ], [ 73.0857517, 33.7286385 ], [ 73.0859291, 33.7283589 ], [ 73.0855836, 33.7279744 ], [ 73.085322, 33.7277646 ], [ 73.0853034, 33.7274306 ], [ 73.0851773, 33.7271005 ], [ 73.0849998, 33.7268985 ], [ 73.0846869, 33.7267626 ], [ 73.0845095, 33.7265101 ], [ 73.0845131, 33.7263589 ] ] } },
{ "type": "Feature", "properties": { "element": "way", "id": 1536498085, "name": null, "name:ur": null, "name:zh": null, "waterway": "stream", "width": null, "layer": null, "note": null, "created_by": null, "name:en": null, "source": null, "intermittent": "yes", "boat": null, "tunnel": null }, "geometry": { "type": "LineString", "coordinates": [ [ 73.048506, 33.6817055 ], [ 73.0483558, 33.6814264 ], [ 73.0480811, 33.6808735 ], [ 73.0480556, 33.680722 ], [ 73.0482856, 33.6806661 ], [ 73.0485731, 33.6806847 ], [ 73.0487647, 33.6805439 ], [ 73.04872, 33.6802355 ], [ 73.0485411, 33.6798155 ], [ 73.0485986, 33.67964 ], [ 73.0486625, 33.6794673 ], [ 73.0486242, 33.6793078 ], [ 73.0485028, 33.6791217 ], [ 73.0483526, 33.67901 ], [ 73.0483654, 33.6787867 ], [ 73.0485795, 33.678582 ], [ 73.0487296, 33.6784146 ], [ 73.0488765, 33.6782923 ], [ 73.0487743, 33.6780876 ], [ 73.0484964, 33.6777925 ], [ 73.0484467, 33.6774715 ] ] } }
]
}
